LocalTime,Power(MW)
01/01/06 00:00,0.0
01/01/06 00:05,0.0
01/01/06 00:10,0.0
01/01/06 00:15,0.0
01/01/06 00:20,0.0
01/01/06 00:25,0.0
01/01/06 00:30,0.0
01/01/06 00:35,0.0
01/01/06 00:40,0.0
01/01/06 00:45,0.0
01/01/06 00:50,0.0
01/01/06 00:55,0.0
01/01/06 01:00,0.0
01/01/06 01:05,0.0
01/01/06 01:10,0.0
01/01/06 01:15,0.0
01/01/06 01:20,0.0
01/01/06 01:25,0.0
01/01/06 01:30,0.0
01/01/06 01:35,0.0
01/01/06 01:40,0.0
01/01/06 01:45,0.0
01/01/06 01:50,0.0
01/01/06 01:55,0.0
01/01/06 02:00,0.0
01/01/06 02:05,0.0
01/01/06 02:10,0.0
01/01/06 02:15,0.0
01/01/06 02:20,0.0
01/01/06 02:25,0.0
01/01/06 02:30,0.0
01/01/06 02:35,0.0
01/01/06 02:40,0.0
01/01/06 02:45,0.0
01/01/06 02:50,0.0
01/01/06 02:55,0.0
01/01/06 03:00,0.0
01/01/06 03:05,0.0
01/01/06 03:10,0.0
01/01/06 03:15,0.0
01/01/06 03:20,0.0
01/01/06 03:25,0.0
01/01/06 03:30,0.0
01/01/06 03:35,0.0
01/01/06 03:40,0.0
01/01/06 03:45,0.0
01/01/06 03:50,0.0
01/01/06 03:55,0.0
01/01/06 04:00,0.0
01/01/06 04:05,0.0
01/01/06 04:10,0.0
01/01/06 04:15,0.0
01/01/06 04:20,0.0
01/01/06 04:25,0.0
01/01/06 04:30,0.0
01/01/06 04:35,0.0
01/01/06 04:40,0.0
01/01/06 04:45,0.0
01/01/06 04:50,0.0
01/01/06 04:55,0.0
01/01/06 05:00,0.0
01/01/06 05:05,0.0
01/01/06 05:10,0.0
01/01/06 05:15,0.0
01/01/06 05:20,0.0
01/01/06 05:25,0.0
01/01/06 05:30,0.0
01/01/06 05:35,0.0
01/01/06 05:40,0.0
01/01/06 05:45,0.0
01/01/06 05:50,0.0
01/01/06 05:55,0.0
01/01/06 06:00,0.0
01/01/06 06:05,0.0
01/01/06 06:10,0.0
01/01/06 06:15,0.0
01/01/06 06:20,0.0
01/01/06 06:25,0.0
01/01/06 06:30,0.0
01/01/06 06:35,0.0
01/01/06 06:40,0.0
01/01/06 06:45,0.0
01/01/06 06:50,0.0
01/01/06 06:55,0.0
01/01/06 07:00,0.0
01/01/06 07:05,0.0
01/01/06 07:10,0.0
01/01/06 07:15,0.0
01/01/06 07:20,0.0
01/01/06 07:25,0.0
01/01/06 07:30,0.0
01/01/06 07:35,0.1
01/01/06 07:40,0.1
01/01/06 07:45,0.2
01/01/06 07:50,0.3
01/01/06 07:55,0.5
01/01/06 08:00,0.6
01/01/06 08:05,0.9
01/01/06 08:10,1.2
01/01/06 08:15,2.0
01/01/06 08:20,3.8
01/01/06 08:25,4.7
01/01/06 08:30,5.5
01/01/06 08:35,6.4
01/01/06 08:40,7.5
01/01/06 08:45,8.3
01/01/06 08:50,9.2
01/01/06 08:55,10.2
01/01/06 09:00,11.4
01/01/06 09:05,12.6
01/01/06 09:10,13.8
01/01/06 09:15,13.7
01/01/06 09:20,12.7
01/01/06 09:25,11.5
01/01/06 09:30,10.3
01/01/06 09:35,9.1
01/01/06 09:40,7.3
01/01/06 09:45,6.2
01/01/06 09:50,5.7
01/01/06 09:55,6.0
01/01/06 10:00,6.1
01/01/06 10:05,6.1
01/01/06 10:10,6.1
01/01/06 10:15,5.6
01/01/06 10:20,5.0
01/01/06 10:25,4.5
01/01/06 10:30,4.4
01/01/06 10:35,4.4
01/01/06 10:40,4.5
01/01/06 10:45,4.6
01/01/06 10:50,4.6
01/01/06 10:55,4.6
01/01/06 11:00,4.6
01/01/06 11:05,4.6
01/01/06 11:10,4.7
01/01/06 11:15,4.8
01/01/06 11:20,4.7
01/01/06 11:25,4.9
01/01/06 11:30,5.2
01/01/06 11:35,5.6
01/01/06 11:40,5.9
01/01/06 11:45,6.1
01/01/06 11:50,6.0
01/01/06 11:55,5.6
01/01/06 12:00,5.2
01/01/06 12:05,4.8
01/01/06 12:10,4.7
01/01/06 12:15,4.9
01/01/06 12:20,5.3
01/01/06 12:25,5.6
01/01/06 12:30,5.9
01/01/06 12:35,6.0
01/01/06 12:40,6.2
01/01/06 12:45,6.6
01/01/06 12:50,7.1
01/01/06 12:55,7.9
01/01/06 13:00,8.7
01/01/06 13:05,8.9
01/01/06 13:10,9.3
01/01/06 13:15,9.3
01/01/06 13:20,8.5
01/01/06 13:25,7.5
01/01/06 13:30,7.0
01/01/06 13:35,6.2
01/01/06 13:40,5.8
01/01/06 13:45,5.6
01/01/06 13:50,5.1
01/01/06 13:55,4.7
01/01/06 14:00,4.9
01/01/06 14:05,5.2
01/01/06 14:10,5.2
01/01/06 14:15,5.4
01/01/06 14:20,5.6
01/01/06 14:25,5.7
01/01/06 14:30,5.8
01/01/06 14:35,6.0
01/01/06 14:40,6.0
01/01/06 14:45,6.0
01/01/06 14:50,5.8
01/01/06 14:55,5.8
01/01/06 15:00,5.8
01/01/06 15:05,5.7
01/01/06 15:10,5.5
01/01/06 15:15,5.2
01/01/06 15:20,4.9
01/01/06 15:25,4.6
01/01/06 15:30,4.2
01/01/06 15:35,3.6
01/01/06 15:40,2.5
01/01/06 15:45,1.4
01/01/06 15:50,0.7
01/01/06 15:55,0.4
01/01/06 16:00,0.2
01/01/06 16:05,0.1
01/01/06 16:10,0.1
01/01/06 16:15,0.0
01/01/06 16:20,0.0
01/01/06 16:25,0.0
01/01/06 16:30,0.0
01/01/06 16:35,0.0
01/01/06 16:40,0.0
01/01/06 16:45,0.0
01/01/06 16:50,0.0
01/01/06 16:55,0.0
01/01/06 17:00,0.0
01/01/06 17:05,0.0
01/01/06 17:10,0.0
01/01/06 17:15,0.0
01/01/06 17:20,0.0
01/01/06 17:25,0.0
01/01/06 17:30,0.0
01/01/06 17:35,0.0
01/01/06 17:40,0.0
01/01/06 17:45,0.0
01/01/06 17:50,0.0
01/01/06 17:55,0.0
01/01/06 18:00,0.0
01/01/06 18:05,0.0
01/01/06 18:10,0.0
01/01/06 18:15,0.0
01/01/06 18:20,0.0
01/01/06 18:25,0.0
01/01/06 18:30,0.0
01/01/06 18:35,0.0
01/01/06 18:40,0.0
01/01/06 18:45,0.0
01/01/06 18:50,0.0
01/01/06 18:55,0.0
01/01/06 19:00,0.0
01/01/06 19:05,0.0
01/01/06 19:10,0.0
01/01/06 19:15,0.0
01/01/06 19:20,0.0
01/01/06 19:25,0.0
01/01/06 19:30,0.0
01/01/06 19:35,0.0
01/01/06 19:40,0.0
01/01/06 19:45,0.0
01/01/06 19:50,0.0
01/01/06 19:55,0.0
01/01/06 20:00,0.0
01/01/06 20:05,0.0
01/01/06 20:10,0.0
01/01/06 20:15,0.0
01/01/06 20:20,0.0
01/01/06 20:25,0.0
01/01/06 20:30,0.0
01/01/06 20:35,0.0
01/01/06 20:40,0.0
01/01/06 20:45,0.0
01/01/06 20:50,0.0
01/01/06 20:55,0.0
01/01/06 21:00,0.0
01/01/06 21:05,0.0
01/01/06 21:10,0.0
01/01/06 21:15,0.0
01/01/06 21:20,0.0
01/01/06 21:25,0.0
01/01/06 21:30,0.0
01/01/06 21:35,0.0
01/01/06 21:40,0.0
01/01/06 21:45,0.0
01/01/06 21:50,0.0
01/01/06 21:55,0.0
01/01/06 22:00,0.0
01/01/06 22:05,0.0
01/01/06 22:10,0.0
01/01/06 22:15,0.0
01/01/06 22:20,0.0
01/01/06 22:25,0.0
01/01/06 22:30,0.0
01/01/06 22:35,0.0
01/01/06 22:40,0.0
01/01/06 22:45,0.0
01/01/06 22:50,0.0
01/01/06 22:55,0.0
01/01/06 23:00,0.0
01/01/06 23:05,0.0
01/01/06 23:10,0.0
01/01/06 23:15,0.0
01/01/06 23:20,0.0
01/01/06 23:25,0.0
01/01/06 23:30,0.0
01/01/06 23:35,0.0
01/01/06 23:40,0.0
01/01/06 23:45,0.0
01/01/06 23:50,0.0
01/01/06 23:55,0.0
01/02/06 00:00,0.0
01/02/06 00:05,0.0
01/02/06 00:10,0.0
01/02/06 00:15,0.0
01/02/06 00:20,0.0
01/02/06 00:25,0.0
01/02/06 00:30,0.0
01/02/06 00:35,0.0
01/02/06 00:40,0.0
01/02/06 00:45,0.0
01/02/06 00:50,0.0
01/02/06 00:55,0.0
01/02/06 01:00,0.0
01/02/06 01:05,0.0
01/02/06 01:10,0.0
01/02/06 01:15,0.0
01/02/06 01:20,0.0
01/02/06 01:25,0.0
01/02/06 01:30,0.0
01/02/06 01:35,0.0
01/02/06 01:40,0.0
01/02/06 01:45,0.0
01/02/06 01:50,0.0
01/02/06 01:55,0.0
01/02/06 02:00,0.0
01/02/06 02:05,0.0
01/02/06 02:10,0.0
01/02/06 02:15,0.0
01/02/06 02:20,0.0
01/02/06 02:25,0.0
01/02/06 02:30,0.0
01/02/06 02:35,0.0
01/02/06 02:40,0.0
01/02/06 02:45,0.0
01/02/06 02:50,0.0
01/02/06 02:55,0.0
01/02/06 03:00,0.0
01/02/06 03:05,0.0
01/02/06 03:10,0.0
01/02/06 03:15,0.0
01/02/06 03:20,0.0
01/02/06 03:25,0.0
01/02/06 03:30,0.0
01/02/06 03:35,0.0
01/02/06 03:40,0.0
01/02/06 03:45,0.0
01/02/06 03:50,0.0
01/02/06 03:55,0.0
01/02/06 04:00,0.0
01/02/06 04:05,0.0
01/02/06 04:10,0.0
01/02/06 04:15,0.0
01/02/06 04:20,0.0
01/02/06 04:25,0.0
01/02/06 04:30,0.0
01/02/06 04:35,0.0
01/02/06 04:40,0.0
01/02/06 04:45,0.0
01/02/06 04:50,0.0
01/02/06 04:55,0.0
01/02/06 05:00,0.0
01/02/06 05:05,0.0
01/02/06 05:10,0.0
01/02/06 05:15,0.0
01/02/06 05:20,0.0
01/02/06 05:25,0.0
01/02/06 05:30,0.0
01/02/06 05:35,0.0
01/02/06 05:40,0.0
01/02/06 05:45,0.0
01/02/06 05:50,0.0
01/02/06 05:55,0.0
01/02/06 06:00,0.0
01/02/06 06:05,0.0
01/02/06 06:10,0.0
01/02/06 06:15,0.0
01/02/06 06:20,0.0
01/02/06 06:25,0.0
01/02/06 06:30,0.0
01/02/06 06:35,0.0
01/02/06 06:40,0.0
01/02/06 06:45,0.0
01/02/06 06:50,0.0
01/02/06 06:55,0.0
01/02/06 07:00,0.0
01/02/06 07:05,0.0
01/02/06 07:10,0.0
01/02/06 07:15,0.0
01/02/06 07:20,0.0
01/02/06 07:25,0.3
01/02/06 07:30,1.2
01/02/06 07:35,3.3
01/02/06 07:40,4.2
01/02/06 07:45,5.0
01/02/06 07:50,5.8
01/02/06 07:55,6.5
01/02/06 08:00,7.0
01/02/06 08:05,7.6
01/02/06 08:10,8.2
01/02/06 08:15,8.7
01/02/06 08:20,9.0
01/02/06 08:25,8.1
01/02/06 08:30,6.3
01/02/06 08:35,6.3
01/02/06 08:40,7.9
01/02/06 08:45,8.3
01/02/06 08:50,8.4
01/02/06 08:55,8.4
01/02/06 09:00,8.9
01/02/06 09:05,8.8
01/02/06 09:10,7.7
01/02/06 09:15,7.7
01/02/06 09:20,6.0
01/02/06 09:25,7.2
01/02/06 09:30,9.1
01/02/06 09:35,11.5
01/02/06 09:40,12.9
01/02/06 09:45,14.7
01/02/06 09:50,16.7
01/02/06 09:55,17.5
01/02/06 10:00,17.3
01/02/06 10:05,15.0
01/02/06 10:10,11.6
01/02/06 10:15,13.4
01/02/06 10:20,15.3
01/02/06 10:25,16.2
01/02/06 10:30,16.5
01/02/06 10:35,16.5
01/02/06 10:40,16.2
01/02/06 10:45,15.7
01/02/06 10:50,15.2
01/02/06 10:55,14.6
01/02/06 11:00,13.7
01/02/06 11:05,12.6
01/02/06 11:10,11.3
01/02/06 11:15,11.1
01/02/06 11:20,12.7
01/02/06 11:25,13.4
01/02/06 11:30,14.6
01/02/06 11:35,15.4
01/02/06 11:40,16.2
01/02/06 11:45,17.3
01/02/06 11:50,18.5
01/02/06 11:55,19.1
01/02/06 12:00,20.1
01/02/06 12:05,21.0
01/02/06 12:10,21.5
01/02/06 12:15,21.5
01/02/06 12:20,21.1
01/02/06 12:25,20.8
01/02/06 12:30,20.7
01/02/06 12:35,20.8
01/02/06 12:40,20.9
01/02/06 12:45,20.9
01/02/06 12:50,20.8
01/02/06 12:55,20.7
01/02/06 13:00,20.7
01/02/06 13:05,20.7
01/02/06 13:10,20.7
01/02/06 13:15,20.6
01/02/06 13:20,20.4
01/02/06 13:25,20.3
01/02/06 13:30,20.1
01/02/06 13:35,19.9
01/02/06 13:40,19.6
01/02/06 13:45,19.3
01/02/06 13:50,19.1
01/02/06 13:55,18.8
01/02/06 14:00,18.5
01/02/06 14:05,18.1
01/02/06 14:10,17.8
01/02/06 14:15,17.3
01/02/06 14:20,16.8
01/02/06 14:25,16.3
01/02/06 14:30,16.0
01/02/06 14:35,15.6
01/02/06 14:40,15.1
01/02/06 14:45,14.7
01/02/06 14:50,14.1
01/02/06 14:55,13.6
01/02/06 15:00,12.9
01/02/06 15:05,12.2
01/02/06 15:10,11.5
01/02/06 15:15,10.9
01/02/06 15:20,10.4
01/02/06 15:25,9.8
01/02/06 15:30,9.3
01/02/06 15:35,8.7
01/02/06 15:40,8.0
01/02/06 15:45,7.4
01/02/06 15:50,6.7
01/02/06 15:55,6.1
01/02/06 16:00,5.5
01/02/06 16:05,5.0
01/02/06 16:10,4.4
01/02/06 16:15,3.8
01/02/06 16:20,2.3
01/02/06 16:25,0.9
01/02/06 16:30,0.3
01/02/06 16:35,0.0
01/02/06 16:40,0.0
01/02/06 16:45,0.0
01/02/06 16:50,0.0
01/02/06 16:55,0.0
01/02/06 17:00,0.0
01/02/06 17:05,0.0
01/02/06 17:10,0.0
01/02/06 17:15,0.0
01/02/06 17:20,0.0
01/02/06 17:25,0.0
01/02/06 17:30,0.0
01/02/06 17:35,0.0
01/02/06 17:40,0.0
01/02/06 17:45,0.0
01/02/06 17:50,0.0
01/02/06 17:55,0.0
01/02/06 18:00,0.0
01/02/06 18:05,0.0
01/02/06 18:10,0.0
01/02/06 18:15,0.0
01/02/06 18:20,0.0
01/02/06 18:25,0.0
01/02/06 18:30,0.0
01/02/06 18:35,0.0
01/02/06 18:40,0.0
01/02/06 18:45,0.0
01/02/06 18:50,0.0
01/02/06 18:55,0.0
01/02/06 19:00,0.0
01/02/06 19:05,0.0
01/02/06 19:10,0.0
01/02/06 19:15,0.0
01/02/06 19:20,0.0
01/02/06 19:25,0.0
01/02/06 19:30,0.0
01/02/06 19:35,0.0
01/02/06 19:40,0.0
01/02/06 19:45,0.0
01/02/06 19:50,0.0
01/02/06 19:55,0.0
01/02/06 20:00,0.0
01/02/06 20:05,0.0
01/02/06 20:10,0.0
01/02/06 20:15,0.0
01/02/06 20:20,0.0
01/02/06 20:25,0.0
01/02/06 20:30,0.0
01/02/06 20:35,0.0
01/02/06 20:40,0.0
01/02/06 20:45,0.0
01/02/06 20:50,0.0
01/02/06 20:55,0.0
01/02/06 21:00,0.0
01/02/06 21:05,0.0
01/02/06 21:10,0.0
01/02/06 21:15,0.0
01/02/06 21:20,0.0
01/02/06 21:25,0.0
01/02/06 21:30,0.0
01/02/06 21:35,0.0
01/02/06 21:40,0.0
01/02/06 21:45,0.0
01/02/06 21:50,0.0
01/02/06 21:55,0.0
01/02/06 22:00,0.0
01/02/06 22:05,0.0
01/02/06 22:10,0.0
01/02/06 22:15,0.0
01/02/06 22:20,0.0
01/02/06 22:25,0.0
01/02/06 22:30,0.0
01/02/06 22:35,0.0
01/02/06 22:40,0.0
01/02/06 22:45,0.0
01/02/06 22:50,0.0
01/02/06 22:55,0.0
01/02/06 23:00,0.0
01/02/06 23:05,0.0
01/02/06 23:10,0.0
01/02/06 23:15,0.0
01/02/06 23:20,0.0
01/02/06 23:25,0.0
01/02/06 23:30,0.0
01/02/06 23:35,0.0
01/02/06 23:40,0.0
01/02/06 23:45,0.0
01/02/06 23:50,0.0
01/02/06 23:55,0.0
01/03/06 00:00,0.0
01/03/06 00:05,0.0
01/03/06 00:10,0.0
01/03/06 00:15,0.0
01/03/06 00:20,0.0
01/03/06 00:25,0.0
01/03/06 00:30,0.0
01/03/06 00:35,0.0
01/03/06 00:40,0.0
01/03/06 00:45,0.0
01/03/06 00:50,0.0
01/03/06 00:55,0.0
01/03/06 01:00,0.0
01/03/06 01:05,0.0
01/03/06 01:10,0.0
01/03/06 01:15,0.0
01/03/06 01:20,0.0
01/03/06 01:25,0.0
01/03/06 01:30,0.0
01/03/06 01:35,0.0
01/03/06 01:40,0.0
01/03/06 01:45,0.0
01/03/06 01:50,0.0
01/03/06 01:55,0.0
01/03/06 02:00,0.0
01/03/06 02:05,0.0
01/03/06 02:10,0.0
01/03/06 02:15,0.0
01/03/06 02:20,0.0
01/03/06 02:25,0.0
01/03/06 02:30,0.0
01/03/06 02:35,0.0
01/03/06 02:40,0.0
01/03/06 02:45,0.0
01/03/06 02:50,0.0
01/03/06 02:55,0.0
01/03/06 03:00,0.0
01/03/06 03:05,0.0
01/03/06 03:10,0.0
01/03/06 03:15,0.0
01/03/06 03:20,0.0
01/03/06 03:25,0.0
01/03/06 03:30,0.0
01/03/06 03:35,0.0
01/03/06 03:40,0.0
01/03/06 03:45,0.0
01/03/06 03:50,0.0
01/03/06 03:55,0.0
01/03/06 04:00,0.0
01/03/06 04:05,0.0
01/03/06 04:10,0.0
01/03/06 04:15,0.0
01/03/06 04:20,0.0
01/03/06 04:25,0.0
01/03/06 04:30,0.0
01/03/06 04:35,0.0
01/03/06 04:40,0.0
01/03/06 04:45,0.0
01/03/06 04:50,0.0
01/03/06 04:55,0.0
01/03/06 05:00,0.0
01/03/06 05:05,0.0
01/03/06 05:10,0.0
01/03/06 05:15,0.0
01/03/06 05:20,0.0
01/03/06 05:25,0.0
01/03/06 05:30,0.0
01/03/06 05:35,0.0
01/03/06 05:40,0.0
01/03/06 05:45,0.0
01/03/06 05:50,0.0
01/03/06 05:55,0.0
01/03/06 06:00,0.0
01/03/06 06:05,0.0
01/03/06 06:10,0.0
01/03/06 06:15,0.0
01/03/06 06:20,0.0
01/03/06 06:25,0.0
01/03/06 06:30,0.0
01/03/06 06:35,0.0
01/03/06 06:40,0.0
01/03/06 06:45,0.0
01/03/06 06:50,0.0
01/03/06 06:55,0.0
01/03/06 07:00,0.0
01/03/06 07:05,0.0
01/03/06 07:10,0.0
01/03/06 07:15,0.0
01/03/06 07:20,0.1
01/03/06 07:25,0.5
01/03/06 07:30,1.7
01/03/06 07:35,3.7
01/03/06 07:40,4.4
01/03/06 07:45,5.2
01/03/06 07:50,6.0
01/03/06 07:55,6.8
01/03/06 08:00,7.6
01/03/06 08:05,8.3
01/03/06 08:10,9.0
01/03/06 08:15,9.7
01/03/06 08:20,10.2
01/03/06 08:25,10.9
01/03/06 08:30,11.5
01/03/06 08:35,12.0
01/03/06 08:40,12.5
01/03/06 08:45,13.1
01/03/06 08:50,13.7
01/03/06 08:55,14.2
01/03/06 09:00,14.7
01/03/06 09:05,15.2
01/03/06 09:10,15.6
01/03/06 09:15,16.2
01/03/06 09:20,16.7
01/03/06 09:25,17.2
01/03/06 09:30,17.6
01/03/06 09:35,18.0
01/03/06 09:40,18.3
01/03/06 09:45,18.7
01/03/06 09:50,19.2
01/03/06 09:55,19.5
01/03/06 10:00,19.8
01/03/06 10:05,20.0
01/03/06 10:10,20.2
01/03/06 10:15,20.6
01/03/06 10:20,21.1
01/03/06 10:25,21.5
01/03/06 10:30,21.8
01/03/06 10:35,22.0
01/03/06 10:40,22.4
01/03/06 10:45,22.7
01/03/06 10:50,22.9
01/03/06 10:55,23.1
01/03/06 11:00,23.2
01/03/06 11:05,23.3
01/03/06 11:10,23.4
01/03/06 11:15,23.4
01/03/06 11:20,23.2
01/03/06 11:25,23.2
01/03/06 11:30,23.2
01/03/06 11:35,23.4
01/03/06 11:40,23.6
01/03/06 11:45,23.7
01/03/06 11:50,23.7
01/03/06 11:55,23.6
01/03/06 12:00,23.5
01/03/06 12:05,23.5
01/03/06 12:10,23.6
01/03/06 12:15,23.5
01/03/06 12:20,23.3
01/03/06 12:25,23.1
01/03/06 12:30,23.0
01/03/06 12:35,22.8
01/03/06 12:40,22.7
01/03/06 12:45,22.5
01/03/06 12:50,22.3
01/03/06 12:55,22.0
01/03/06 13:00,21.6
01/03/06 13:05,21.4
01/03/06 13:10,21.2
01/03/06 13:15,21.2
01/03/06 13:20,21.3
01/03/06 13:25,21.4
01/03/06 13:30,21.5
01/03/06 13:35,21.6
01/03/06 13:40,21.5
01/03/06 13:45,21.3
01/03/06 13:50,21.0
01/03/06 13:55,20.8
01/03/06 14:00,20.6
01/03/06 14:05,20.3
01/03/06 14:10,19.7
01/03/06 14:15,19.0
01/03/06 14:20,18.1
01/03/06 14:25,17.4
01/03/06 14:30,16.9
01/03/06 14:35,16.4
01/03/06 14:40,15.9
01/03/06 14:45,15.5
01/03/06 14:50,15.0
01/03/06 14:55,14.5
01/03/06 15:00,13.9
01/03/06 15:05,13.3
01/03/06 15:10,12.6
01/03/06 15:15,11.8
01/03/06 15:20,11.1
01/03/06 15:25,10.4
01/03/06 15:30,9.8
01/03/06 15:35,9.1
01/03/06 15:40,8.5
01/03/06 15:45,7.8
01/03/06 15:50,7.2
01/03/06 15:55,6.5
01/03/06 16:00,5.9
01/03/06 16:05,5.3
01/03/06 16:10,4.7
01/03/06 16:15,4.1
01/03/06 16:20,2.9
01/03/06 16:25,1.1
01/03/06 16:30,0.3
01/03/06 16:35,0.0
01/03/06 16:40,0.0
01/03/06 16:45,0.0
01/03/06 16:50,0.0
01/03/06 16:55,0.0
01/03/06 17:00,0.0
01/03/06 17:05,0.0
01/03/06 17:10,0.0
01/03/06 17:15,0.0
01/03/06 17:20,0.0
01/03/06 17:25,0.0
01/03/06 17:30,0.0
01/03/06 17:35,0.0
01/03/06 17:40,0.0
01/03/06 17:45,0.0
01/03/06 17:50,0.0
01/03/06 17:55,0.0
01/03/06 18:00,0.0
01/03/06 18:05,0.0
01/03/06 18:10,0.0
01/03/06 18:15,0.0
01/03/06 18:20,0.0
01/03/06 18:25,0.0
01/03/06 18:30,0.0
01/03/06 18:35,0.0
01/03/06 18:40,0.0
01/03/06 18:45,0.0
01/03/06 18:50,0.0
01/03/06 18:55,0.0
01/03/06 19:00,0.0
01/03/06 19:05,0.0
01/03/06 19:10,0.0
01/03/06 19:15,0.0
01/03/06 19:20,0.0
01/03/06 19:25,0.0
01/03/06 19:30,0.0
01/03/06 19:35,0.0
01/03/06 19:40,0.0
01/03/06 19:45,0.0
01/03/06 19:50,0.0
01/03/06 19:55,0.0
01/03/06 20:00,0.0
01/03/06 20:05,0.0
01/03/06 20:10,0.0
01/03/06 20:15,0.0
01/03/06 20:20,0.0
01/03/06 20:25,0.0
01/03/06 20:30,0.0
01/03/06 20:35,0.0
01/03/06 20:40,0.0
01/03/06 20:45,0.0
01/03/06 20:50,0.0
01/03/06 20:55,0.0
01/03/06 21:00,0.0
01/03/06 21:05,0.0
01/03/06 21:10,0.0
01/03/06 21:15,0.0
01/03/06 21:20,0.0
01/03/06 21:25,0.0
01/03/06 21:30,0.0
01/03/06 21:35,0.0
01/03/06 21:40,0.0
01/03/06 21:45,0.0
01/03/06 21:50,0.0
01/03/06 21:55,0.0
01/03/06 22:00,0.0
01/03/06 22:05,0.0
01/03/06 22:10,0.0
01/03/06 22:15,0.0
01/03/06 22:20,0.0
01/03/06 22:25,0.0
01/03/06 22:30,0.0
01/03/06 22:35,0.0
01/03/06 22:40,0.0
01/03/06 22:45,0.0
01/03/06 22:50,0.0
01/03/06 22:55,0.0
01/03/06 23:00,0.0
01/03/06 23:05,0.0
01/03/06 23:10,0.0
01/03/06 23:15,0.0
01/03/06 23:20,0.0
01/03/06 23:25,0.0
01/03/06 23:30,0.0
01/03/06 23:35,0.0
01/03/06 23:40,0.0
01/03/06 23:45,0.0
01/03/06 23:50,0.0
01/03/06 23:55,0.0
01/04/06 00:00,0.0
01/04/06 00:05,0.0
01/04/06 00:10,0.0
01/04/06 00:15,0.0
01/04/06 00:20,0.0
01/04/06 00:25,0.0
01/04/06 00:30,0.0
01/04/06 00:35,0.0
01/04/06 00:40,0.0
01/04/06 00:45,0.0
01/04/06 00:50,0.0
01/04/06 00:55,0.0
01/04/06 01:00,0.0
01/04/06 01:05,0.0
01/04/06 01:10,0.0
01/04/06 01:15,0.0
01/04/06 01:20,0.0
01/04/06 01:25,0.0
01/04/06 01:30,0.0
01/04/06 01:35,0.0
01/04/06 01:40,0.0
01/04/06 01:45,0.0
01/04/06 01:50,0.0
01/04/06 01:55,0.0
01/04/06 02:00,0.0
01/04/06 02:05,0.0
01/04/06 02:10,0.0
01/04/06 02:15,0.0
01/04/06 02:20,0.0
01/04/06 02:25,0.0
01/04/06 02:30,0.0
01/04/06 02:35,0.0
01/04/06 02:40,0.0
01/04/06 02:45,0.0
01/04/06 02:50,0.0
01/04/06 02:55,0.0
01/04/06 03:00,0.0
01/04/06 03:05,0.0
01/04/06 03:10,0.0
01/04/06 03:15,0.0
01/04/06 03:20,0.0
01/04/06 03:25,0.0
01/04/06 03:30,0.0
01/04/06 03:35,0.0
01/04/06 03:40,0.0
01/04/06 03:45,0.0
01/04/06 03:50,0.0
01/04/06 03:55,0.0
01/04/06 04:00,0.0
01/04/06 04:05,0.0
01/04/06 04:10,0.0
01/04/06 04:15,0.0
01/04/06 04:20,0.0
01/04/06 04:25,0.0
01/04/06 04:30,0.0
01/04/06 04:35,0.0
01/04/06 04:40,0.0
01/04/06 04:45,0.0
01/04/06 04:50,0.0
01/04/06 04:55,0.0
01/04/06 05:00,0.0
01/04/06 05:05,0.0
01/04/06 05:10,0.0
01/04/06 05:15,0.0
01/04/06 05:20,0.0
01/04/06 05:25,0.0
01/04/06 05:30,0.0
01/04/06 05:35,0.0
01/04/06 05:40,0.0
01/04/06 05:45,0.0
01/04/06 05:50,0.0
01/04/06 05:55,0.0
01/04/06 06:00,0.0
01/04/06 06:05,0.0
01/04/06 06:10,0.0
01/04/06 06:15,0.0
01/04/06 06:20,0.0
01/04/06 06:25,0.0
01/04/06 06:30,0.0
01/04/06 06:35,0.0
01/04/06 06:40,0.0
01/04/06 06:45,0.0
01/04/06 06:50,0.0
01/04/06 06:55,0.0
01/04/06 07:00,0.0
01/04/06 07:05,0.0
01/04/06 07:10,0.0
01/04/06 07:15,0.0
01/04/06 07:20,0.1
01/04/06 07:25,0.5
01/04/06 07:30,1.4
01/04/06 07:35,3.2
01/04/06 07:40,4.2
01/04/06 07:45,5.0
01/04/06 07:50,5.7
01/04/06 07:55,6.4
01/04/06 08:00,7.2
01/04/06 08:05,7.9
01/04/06 08:10,8.6
01/04/06 08:15,9.3
01/04/06 08:20,9.9
01/04/06 08:25,10.4
01/04/06 08:30,11.1
01/04/06 08:35,11.8
01/04/06 08:40,12.4
01/04/06 08:45,12.9
01/04/06 08:50,13.5
01/04/06 08:55,14.1
01/04/06 09:00,14.6
01/04/06 09:05,15.0
01/04/06 09:10,15.3
01/04/06 09:15,15.7
01/04/06 09:20,16.0
01/04/06 09:25,16.0
01/04/06 09:30,16.1
01/04/06 09:35,16.0
01/04/06 09:40,15.8
01/04/06 09:45,15.4
01/04/06 09:50,15.3
01/04/06 09:55,15.5
01/04/06 10:00,15.8
01/04/06 10:05,16.1
01/04/06 10:10,16.6
01/04/06 10:15,17.5
01/04/06 10:20,18.6
01/04/06 10:25,19.3
01/04/06 10:30,19.8
01/04/06 10:35,20.3
01/04/06 10:40,20.7
01/04/06 10:45,21.0
01/04/06 10:50,21.3
01/04/06 10:55,21.6
01/04/06 11:00,21.7
01/04/06 11:05,21.9
01/04/06 11:10,22.1
01/04/06 11:15,21.9
01/04/06 11:20,21.7
01/04/06 11:25,21.5
01/04/06 11:30,21.6
01/04/06 11:35,21.6
01/04/06 11:40,21.6
01/04/06 11:45,21.5
01/04/06 11:50,21.4
01/04/06 11:55,21.4
01/04/06 12:00,21.5
01/04/06 12:05,21.7
01/04/06 12:10,21.9
01/04/06 12:15,22.3
01/04/06 12:20,22.5
01/04/06 12:25,22.5
01/04/06 12:30,22.5
01/04/06 12:35,22.3
01/04/06 12:40,22.1
01/04/06 12:45,22.0
01/04/06 12:50,22.0
01/04/06 12:55,21.8
01/04/06 13:00,21.7
01/04/06 13:05,21.5
01/04/06 13:10,21.3
01/04/06 13:15,21.0
01/04/06 13:20,20.0
01/04/06 13:25,19.1
01/04/06 13:30,18.6
01/04/06 13:35,18.4
01/04/06 13:40,18.2
01/04/06 13:45,18.3
01/04/06 13:50,18.7
01/04/06 13:55,18.8
01/04/06 14:00,18.9
01/04/06 14:05,19.1
01/04/06 14:10,18.9
01/04/06 14:15,18.2
01/04/06 14:20,17.2
01/04/06 14:25,16.4
01/04/06 14:30,15.3
01/04/06 14:35,14.5
01/04/06 14:40,13.8
01/04/06 14:45,13.5
01/04/06 14:50,13.4
01/04/06 14:55,12.3
01/04/06 15:00,10.4
01/04/06 15:05,10.7
01/04/06 15:10,10.6
01/04/06 15:15,10.4
01/04/06 15:20,10.1
01/04/06 15:25,9.7
01/04/06 15:30,9.2
01/04/06 15:35,8.6
01/04/06 15:40,8.1
01/04/06 15:45,7.4
01/04/06 15:50,6.8
01/04/06 15:55,6.2
01/04/06 16:00,5.6
01/04/06 16:05,5.2
01/04/06 16:10,4.7
01/04/06 16:15,4.1
01/04/06 16:20,2.9
01/04/06 16:25,1.2
01/04/06 16:30,0.3
01/04/06 16:35,0.1
01/04/06 16:40,0.0
01/04/06 16:45,0.0
01/04/06 16:50,0.0
01/04/06 16:55,0.0
01/04/06 17:00,0.0
01/04/06 17:05,0.0
01/04/06 17:10,0.0
01/04/06 17:15,0.0
01/04/06 17:20,0.0
01/04/06 17:25,0.0
01/04/06 17:30,0.0
01/04/06 17:35,0.0
01/04/06 17:40,0.0
01/04/06 17:45,0.0
01/04/06 17:50,0.0
01/04/06 17:55,0.0
01/04/06 18:00,0.0
01/04/06 18:05,0.0
01/04/06 18:10,0.0
01/04/06 18:15,0.0
01/04/06 18:20,0.0
01/04/06 18:25,0.0
01/04/06 18:30,0.0
01/04/06 18:35,0.0
01/04/06 18:40,0.0
01/04/06 18:45,0.0
01/04/06 18:50,0.0
01/04/06 18:55,0.0
01/04/06 19:00,0.0
01/04/06 19:05,0.0
01/04/06 19:10,0.0
01/04/06 19:15,0.0
01/04/06 19:20,0.0
01/04/06 19:25,0.0
01/04/06 19:30,0.0
01/04/06 19:35,0.0
01/04/06 19:40,0.0
01/04/06 19:45,0.0
01/04/06 19:50,0.0
01/04/06 19:55,0.0
01/04/06 20:00,0.0
01/04/06 20:05,0.0
01/04/06 20:10,0.0
01/04/06 20:15,0.0
01/04/06 20:20,0.0
01/04/06 20:25,0.0
01/04/06 20:30,0.0
01/04/06 20:35,0.0
01/04/06 20:40,0.0
01/04/06 20:45,0.0
01/04/06 20:50,0.0
01/04/06 20:55,0.0
01/04/06 21:00,0.0
01/04/06 21:05,0.0
01/04/06 21:10,0.0
01/04/06 21:15,0.0
01/04/06 21:20,0.0
01/04/06 21:25,0.0
01/04/06 21:30,0.0
01/04/06 21:35,0.0
01/04/06 21:40,0.0
01/04/06 21:45,0.0
01/04/06 21:50,0.0
01/04/06 21:55,0.0
01/04/06 22:00,0.0
01/04/06 22:05,0.0
01/04/06 22:10,0.0
01/04/06 22:15,0.0
01/04/06 22:20,0.0
01/04/06 22:25,0.0
01/04/06 22:30,0.0
01/04/06 22:35,0.0
01/04/06 22:40,0.0
01/04/06 22:45,0.0
01/04/06 22:50,0.0
01/04/06 22:55,0.0
01/04/06 23:00,0.0
01/04/06 23:05,0.0
01/04/06 23:10,0.0
01/04/06 23:15,0.0
01/04/06 23:20,0.0
01/04/06 23:25,0.0
01/04/06 23:30,0.0
01/04/06 23:35,0.0
01/04/06 23:40,0.0
01/04/06 23:45,0.0
01/04/06 23:50,0.0
01/04/06 23:55,0.0
01/05/06 00:00,0.0
01/05/06 00:05,0.0
01/05/06 00:10,0.0
01/05/06 00:15,0.0
01/05/06 00:20,0.0
01/05/06 00:25,0.0
01/05/06 00:30,0.0
01/05/06 00:35,0.0
01/05/06 00:40,0.0
01/05/06 00:45,0.0
01/05/06 00:50,0.0
01/05/06 00:55,0.0
01/05/06 01:00,0.0
01/05/06 01:05,0.0
01/05/06 01:10,0.0
01/05/06 01:15,0.0
01/05/06 01:20,0.0
01/05/06 01:25,0.0
01/05/06 01:30,0.0
01/05/06 01:35,0.0
01/05/06 01:40,0.0
01/05/06 01:45,0.0
01/05/06 01:50,0.0
01/05/06 01:55,0.0
01/05/06 02:00,0.0
01/05/06 02:05,0.0
01/05/06 02:10,0.0
01/05/06 02:15,0.0
01/05/06 02:20,0.0
01/05/06 02:25,0.0
01/05/06 02:30,0.0
01/05/06 02:35,0.0
01/05/06 02:40,0.0
01/05/06 02:45,0.0
01/05/06 02:50,0.0
01/05/06 02:55,0.0
01/05/06 03:00,0.0
01/05/06 03:05,0.0
01/05/06 03:10,0.0
01/05/06 03:15,0.0
01/05/06 03:20,0.0
01/05/06 03:25,0.0
01/05/06 03:30,0.0
01/05/06 03:35,0.0
01/05/06 03:40,0.0
01/05/06 03:45,0.0
01/05/06 03:50,0.0
01/05/06 03:55,0.0
01/05/06 04:00,0.0
01/05/06 04:05,0.0
01/05/06 04:10,0.0
01/05/06 04:15,0.0
01/05/06 04:20,0.0
01/05/06 04:25,0.0
01/05/06 04:30,0.0
01/05/06 04:35,0.0
01/05/06 04:40,0.0
01/05/06 04:45,0.0
01/05/06 04:50,0.0
01/05/06 04:55,0.0
01/05/06 05:00,0.0
01/05/06 05:05,0.0
01/05/06 05:10,0.0
01/05/06 05:15,0.0
01/05/06 05:20,0.0
01/05/06 05:25,0.0
01/05/06 05:30,0.0
01/05/06 05:35,0.0
01/05/06 05:40,0.0
01/05/06 05:45,0.0
01/05/06 05:50,0.0
01/05/06 05:55,0.0
01/05/06 06:00,0.0
01/05/06 06:05,0.0
01/05/06 06:10,0.0
01/05/06 06:15,0.0
01/05/06 06:20,0.0
01/05/06 06:25,0.0
01/05/06 06:30,0.0
01/05/06 06:35,0.0
01/05/06 06:40,0.0
01/05/06 06:45,0.0
01/05/06 06:50,0.0
01/05/06 06:55,0.0
01/05/06 07:00,0.0
01/05/06 07:05,0.0
01/05/06 07:10,0.0
01/05/06 07:15,0.0
01/05/06 07:20,0.1
01/05/06 07:25,0.4
01/05/06 07:30,1.3
01/05/06 07:35,2.9
01/05/06 07:40,4.1
01/05/06 07:45,4.7
01/05/06 07:50,5.5
01/05/06 07:55,6.2
01/05/06 08:00,6.9
01/05/06 08:05,7.6
01/05/06 08:10,8.2
01/05/06 08:15,9.0
01/05/06 08:20,9.8
01/05/06 08:25,10.6
01/05/06 08:30,11.4
01/05/06 08:35,12.0
01/05/06 08:40,12.7
01/05/06 08:45,13.4
01/05/06 08:50,14.1
01/05/06 08:55,14.9
01/05/06 09:00,15.6
01/05/06 09:05,16.2
01/05/06 09:10,16.8
01/05/06 09:15,17.2
01/05/06 09:20,17.6
01/05/06 09:25,17.9
01/05/06 09:30,18.3
01/05/06 09:35,18.8
01/05/06 09:40,19.2
01/05/06 09:45,19.8
01/05/06 09:50,20.3
01/05/06 09:55,20.6
01/05/06 10:00,20.7
01/05/06 10:05,20.8
01/05/06 10:10,21.0
01/05/06 10:15,21.3
01/05/06 10:20,21.8
01/05/06 10:25,22.0
01/05/06 10:30,22.3
01/05/06 10:35,22.5
01/05/06 10:40,22.8
01/05/06 10:45,23.1
01/05/06 10:50,23.4
01/05/06 10:55,23.5
01/05/06 11:00,23.6
01/05/06 11:05,23.5
01/05/06 11:10,23.3
01/05/06 11:15,23.4
01/05/06 11:20,23.7
01/05/06 11:25,24.0
01/05/06 11:30,24.2
01/05/06 11:35,24.3
01/05/06 11:40,24.4
01/05/06 11:45,24.5
01/05/06 11:50,24.7
01/05/06 11:55,24.9
01/05/06 12:00,25.1
01/05/06 12:05,25.1
01/05/06 12:10,25.1
01/05/06 12:15,24.9
01/05/06 12:20,24.6
01/05/06 12:25,23.9
01/05/06 12:30,23.5
01/05/06 12:35,23.2
01/05/06 12:40,22.9
01/05/06 12:45,22.7
01/05/06 12:50,22.3
01/05/06 12:55,22.0
01/05/06 13:00,21.7
01/05/06 13:05,21.6
01/05/06 13:10,21.0
01/05/06 13:15,21.0
01/05/06 13:20,21.4
01/05/06 13:25,21.3
01/05/06 13:30,21.2
01/05/06 13:35,20.8
01/05/06 13:40,20.4
01/05/06 13:45,19.9
01/05/06 13:50,19.6
01/05/06 13:55,19.3
01/05/06 14:00,19.2
01/05/06 14:05,19.0
01/05/06 14:10,18.7
01/05/06 14:15,18.5
01/05/06 14:20,18.3
01/05/06 14:25,18.1
01/05/06 14:30,17.8
01/05/06 14:35,17.5
01/05/06 14:40,17.1
01/05/06 14:45,16.6
01/05/06 14:50,16.1
01/05/06 14:55,15.5
01/05/06 15:00,14.8
01/05/06 15:05,14.1
01/05/06 15:10,13.5
01/05/06 15:15,12.8
01/05/06 15:20,11.8
01/05/06 15:25,11.1
01/05/06 15:30,10.4
01/05/06 15:35,9.7
01/05/06 15:40,8.9
01/05/06 15:45,8.2
01/05/06 15:50,7.4
01/05/06 15:55,6.7
01/05/06 16:00,5.9
01/05/06 16:05,5.2
01/05/06 16:10,4.6
01/05/06 16:15,4.0
01/05/06 16:20,2.9
01/05/06 16:25,1.2
01/05/06 16:30,0.4
01/05/06 16:35,0.1
01/05/06 16:40,0.0
01/05/06 16:45,0.0
01/05/06 16:50,0.0
01/05/06 16:55,0.0
01/05/06 17:00,0.0
01/05/06 17:05,0.0
01/05/06 17:10,0.0
01/05/06 17:15,0.0
01/05/06 17:20,0.0
01/05/06 17:25,0.0
01/05/06 17:30,0.0
01/05/06 17:35,0.0
01/05/06 17:40,0.0
01/05/06 17:45,0.0
01/05/06 17:50,0.0
01/05/06 17:55,0.0
01/05/06 18:00,0.0
01/05/06 18:05,0.0
01/05/06 18:10,0.0
01/05/06 18:15,0.0
01/05/06 18:20,0.0
01/05/06 18:25,0.0
01/05/06 18:30,0.0
01/05/06 18:35,0.0
01/05/06 18:40,0.0
01/05/06 18:45,0.0
01/05/06 18:50,0.0
01/05/06 18:55,0.0
01/05/06 19:00,0.0
01/05/06 19:05,0.0
01/05/06 19:10,0.0
01/05/06 19:15,0.0
01/05/06 19:20,0.0
01/05/06 19:25,0.0
01/05/06 19:30,0.0
01/05/06 19:35,0.0
01/05/06 19:40,0.0
01/05/06 19:45,0.0
01/05/06 19:50,0.0
01/05/06 19:55,0.0
01/05/06 20:00,0.0
01/05/06 20:05,0.0
01/05/06 20:10,0.0
01/05/06 20:15,0.0
01/05/06 20:20,0.0
01/05/06 20:25,0.0
01/05/06 20:30,0.0
01/05/06 20:35,0.0
01/05/06 20:40,0.0
01/05/06 20:45,0.0
01/05/06 20:50,0.0
01/05/06 20:55,0.0
01/05/06 21:00,0.0
01/05/06 21:05,0.0
01/05/06 21:10,0.0
01/05/06 21:15,0.0
01/05/06 21:20,0.0
01/05/06 21:25,0.0
01/05/06 21:30,0.0
01/05/06 21:35,0.0
01/05/06 21:40,0.0
01/05/06 21:45,0.0
01/05/06 21:50,0.0
01/05/06 21:55,0.0
01/05/06 22:00,0.0
01/05/06 22:05,0.0
01/05/06 22:10,0.0
01/05/06 22:15,0.0
01/05/06 22:20,0.0
01/05/06 22:25,0.0
01/05/06 22:30,0.0
01/05/06 22:35,0.0
01/05/06 22:40,0.0
01/05/06 22:45,0.0
01/05/06 22:50,0.0
01/05/06 22:55,0.0
01/05/06 23:00,0.0
01/05/06 23:05,0.0
01/05/06 23:10,0.0
01/05/06 23:15,0.0
01/05/06 23:20,0.0
01/05/06 23:25,0.0
01/05/06 23:30,0.0
01/05/06 23:35,0.0
01/05/06 23:40,0.0
01/05/06 23:45,0.0
01/05/06 23:50,0.0
01/05/06 23:55,0.0
01/06/06 00:00,0.0
01/06/06 00:05,0.0
01/06/06 00:10,0.0
01/06/06 00:15,0.0
01/06/06 00:20,0.0
01/06/06 00:25,0.0
01/06/06 00:30,0.0
01/06/06 00:35,0.0
01/06/06 00:40,0.0
01/06/06 00:45,0.0
01/06/06 00:50,0.0
01/06/06 00:55,0.0
01/06/06 01:00,0.0
01/06/06 01:05,0.0
01/06/06 01:10,0.0
01/06/06 01:15,0.0
01/06/06 01:20,0.0
01/06/06 01:25,0.0
01/06/06 01:30,0.0
01/06/06 01:35,0.0
01/06/06 01:40,0.0
01/06/06 01:45,0.0
01/06/06 01:50,0.0
01/06/06 01:55,0.0
01/06/06 02:00,0.0
01/06/06 02:05,0.0
01/06/06 02:10,0.0
01/06/06 02:15,0.0
01/06/06 02:20,0.0
01/06/06 02:25,0.0
01/06/06 02:30,0.0
01/06/06 02:35,0.0
01/06/06 02:40,0.0
01/06/06 02:45,0.0
01/06/06 02:50,0.0
01/06/06 02:55,0.0
01/06/06 03:00,0.0
01/06/06 03:05,0.0
01/06/06 03:10,0.0
01/06/06 03:15,0.0
01/06/06 03:20,0.0
01/06/06 03:25,0.0
01/06/06 03:30,0.0
01/06/06 03:35,0.0
01/06/06 03:40,0.0
01/06/06 03:45,0.0
01/06/06 03:50,0.0
01/06/06 03:55,0.0
01/06/06 04:00,0.0
01/06/06 04:05,0.0
01/06/06 04:10,0.0
01/06/06 04:15,0.0
01/06/06 04:20,0.0
01/06/06 04:25,0.0
01/06/06 04:30,0.0
01/06/06 04:35,0.0
01/06/06 04:40,0.0
01/06/06 04:45,0.0
01/06/06 04:50,0.0
01/06/06 04:55,0.0
01/06/06 05:00,0.0
01/06/06 05:05,0.0
01/06/06 05:10,0.0
01/06/06 05:15,0.0
01/06/06 05:20,0.0
01/06/06 05:25,0.0
01/06/06 05:30,0.0
01/06/06 05:35,0.0
01/06/06 05:40,0.0
01/06/06 05:45,0.0
01/06/06 05:50,0.0
01/06/06 05:55,0.0
01/06/06 06:00,0.0
01/06/06 06:05,0.0
01/06/06 06:10,0.0
01/06/06 06:15,0.0
01/06/06 06:20,0.0
01/06/06 06:25,0.0
01/06/06 06:30,0.0
01/06/06 06:35,0.0
01/06/06 06:40,0.0
01/06/06 06:45,0.0
01/06/06 06:50,0.0
01/06/06 06:55,0.0
01/06/06 07:00,0.0
01/06/06 07:05,0.0
01/06/06 07:10,0.0
01/06/06 07:15,0.0
01/06/06 07:20,0.1
01/06/06 07:25,0.5
01/06/06 07:30,1.6
01/06/06 07:35,3.6
01/06/06 07:40,4.5
01/06/06 07:45,5.2
01/06/06 07:50,6.0
01/06/06 07:55,6.8
01/06/06 08:00,7.6
01/06/06 08:05,8.3
01/06/06 08:10,9.1
01/06/06 08:15,9.8
01/06/06 08:20,10.4
01/06/06 08:25,11.1
01/06/06 08:30,11.7
01/06/06 08:35,12.3
01/06/06 08:40,12.9
01/06/06 08:45,13.5
01/06/06 08:50,14.3
01/06/06 08:55,15.2
01/06/06 09:00,16.0
01/06/06 09:05,16.7
01/06/06 09:10,17.0
01/06/06 09:15,17.2
01/06/06 09:20,17.4
01/06/06 09:25,14.3
01/06/06 09:30,11.5
01/06/06 09:35,10.8
01/06/06 09:40,13.1
01/06/06 09:45,15.1
01/06/06 09:50,14.3
01/06/06 09:55,15.1
01/06/06 10:00,17.4
01/06/06 10:05,18.7
01/06/06 10:10,19.9
01/06/06 10:15,21.1
01/06/06 10:20,21.5
01/06/06 10:25,21.4
01/06/06 10:30,21.3
01/06/06 10:35,21.0
01/06/06 10:40,20.3
01/06/06 10:45,19.5
01/06/06 10:50,18.5
01/06/06 10:55,17.3
01/06/06 11:00,16.2
01/06/06 11:05,14.8
01/06/06 11:10,12.5
01/06/06 11:15,10.1
01/06/06 11:20,7.6
01/06/06 11:25,5.7
01/06/06 11:30,4.7
01/06/06 11:35,4.2
01/06/06 11:40,3.9
01/06/06 11:45,4.1
01/06/06 11:50,4.6
01/06/06 11:55,5.1
01/06/06 12:00,6.1
01/06/06 12:05,6.6
01/06/06 12:10,7.0
01/06/06 12:15,6.4
01/06/06 12:20,5.2
01/06/06 12:25,4.6
01/06/06 12:30,4.4
01/06/06 12:35,4.0
01/06/06 12:40,3.8
01/06/06 12:45,3.5
01/06/06 12:50,3.1
01/06/06 12:55,2.3
01/06/06 13:00,1.5
01/06/06 13:05,1.1
01/06/06 13:10,0.9
01/06/06 13:15,0.9
01/06/06 13:20,1.0
01/06/06 13:25,1.3
01/06/06 13:30,1.5
01/06/06 13:35,1.7
01/06/06 13:40,1.7
01/06/06 13:45,1.7
01/06/06 13:50,1.5
01/06/06 13:55,1.0
01/06/06 14:00,0.7
01/06/06 14:05,0.5
01/06/06 14:10,0.4
01/06/06 14:15,0.4
01/06/06 14:20,0.4
01/06/06 14:25,0.4
01/06/06 14:30,0.6
01/06/06 14:35,0.7
01/06/06 14:40,0.8
01/06/06 14:45,0.9
01/06/06 14:50,1.1
01/06/06 14:55,1.0
01/06/06 15:00,1.0
01/06/06 15:05,1.0
01/06/06 15:10,1.0
01/06/06 15:15,0.9
01/06/06 15:20,0.8
01/06/06 15:25,0.7
01/06/06 15:30,0.6
01/06/06 15:35,0.5
01/06/06 15:40,0.4
01/06/06 15:45,0.3
01/06/06 15:50,0.3
01/06/06 15:55,0.2
01/06/06 16:00,0.2
01/06/06 16:05,0.1
01/06/06 16:10,0.1
01/06/06 16:15,0.1
01/06/06 16:20,0.1
01/06/06 16:25,0.1
01/06/06 16:30,0.0
01/06/06 16:35,0.0
01/06/06 16:40,0.0
01/06/06 16:45,0.0
01/06/06 16:50,0.0
01/06/06 16:55,0.0
01/06/06 17:00,0.0
01/06/06 17:05,0.0
01/06/06 17:10,0.0
01/06/06 17:15,0.0
01/06/06 17:20,0.0
01/06/06 17:25,0.0
01/06/06 17:30,0.0
01/06/06 17:35,0.0
01/06/06 17:40,0.0
01/06/06 17:45,0.0
01/06/06 17:50,0.0
01/06/06 17:55,0.0
01/06/06 18:00,0.0
01/06/06 18:05,0.0
01/06/06 18:10,0.0
01/06/06 18:15,0.0
01/06/06 18:20,0.0
01/06/06 18:25,0.0
01/06/06 18:30,0.0
01/06/06 18:35,0.0
01/06/06 18:40,0.0
01/06/06 18:45,0.0
01/06/06 18:50,0.0
01/06/06 18:55,0.0
01/06/06 19:00,0.0
01/06/06 19:05,0.0
01/06/06 19:10,0.0
01/06/06 19:15,0.0
01/06/06 19:20,0.0
01/06/06 19:25,0.0
01/06/06 19:30,0.0
01/06/06 19:35,0.0
01/06/06 19:40,0.0
01/06/06 19:45,0.0
01/06/06 19:50,0.0
01/06/06 19:55,0.0
01/06/06 20:00,0.0
01/06/06 20:05,0.0
01/06/06 20:10,0.0
01/06/06 20:15,0.0
01/06/06 20:20,0.0
01/06/06 20:25,0.0
01/06/06 20:30,0.0
01/06/06 20:35,0.0
01/06/06 20:40,0.0
01/06/06 20:45,0.0
01/06/06 20:50,0.0
01/06/06 20:55,0.0
01/06/06 21:00,0.0
01/06/06 21:05,0.0
01/06/06 21:10,0.0
01/06/06 21:15,0.0
01/06/06 21:20,0.0
01/06/06 21:25,0.0
01/06/06 21:30,0.0
01/06/06 21:35,0.0
01/06/06 21:40,0.0
01/06/06 21:45,0.0
01/06/06 21:50,0.0
01/06/06 21:55,0.0
01/06/06 22:00,0.0
01/06/06 22:05,0.0
01/06/06 22:10,0.0
01/06/06 22:15,0.0
01/06/06 22:20,0.0
01/06/06 22:25,0.0
01/06/06 22:30,0.0
01/06/06 22:35,0.0
01/06/06 22:40,0.0
01/06/06 22:45,0.0
01/06/06 22:50,0.0
01/06/06 22:55,0.0
01/06/06 23:00,0.0
01/06/06 23:05,0.0
01/06/06 23:10,0.0
01/06/06 23:15,0.0
01/06/06 23:20,0.0
01/06/06 23:25,0.0
01/06/06 23:30,0.0
01/06/06 23:35,0.0
01/06/06 23:40,0.0
01/06/06 23:45,0.0
01/06/06 23:50,0.0
01/06/06 23:55,0.0
01/07/06 00:00,0.0
01/07/06 00:05,0.0
01/07/06 00:10,0.0
01/07/06 00:15,0.0
01/07/06 00:20,0.0
01/07/06 00:25,0.0
01/07/06 00:30,0.0
01/07/06 00:35,0.0
01/07/06 00:40,0.0
01/07/06 00:45,0.0
01/07/06 00:50,0.0
01/07/06 00:55,0.0
01/07/06 01:00,0.0
01/07/06 01:05,0.0
01/07/06 01:10,0.0
01/07/06 01:15,0.0
01/07/06 01:20,0.0
01/07/06 01:25,0.0
01/07/06 01:30,0.0
01/07/06 01:35,0.0
01/07/06 01:40,0.0
01/07/06 01:45,0.0
01/07/06 01:50,0.0
01/07/06 01:55,0.0
01/07/06 02:00,0.0
01/07/06 02:05,0.0
01/07/06 02:10,0.0
01/07/06 02:15,0.0
01/07/06 02:20,0.0
01/07/06 02:25,0.0
01/07/06 02:30,0.0
01/07/06 02:35,0.0
01/07/06 02:40,0.0
01/07/06 02:45,0.0
01/07/06 02:50,0.0
01/07/06 02:55,0.0
01/07/06 03:00,0.0
01/07/06 03:05,0.0
01/07/06 03:10,0.0
01/07/06 03:15,0.0
01/07/06 03:20,0.0
01/07/06 03:25,0.0
01/07/06 03:30,0.0
01/07/06 03:35,0.0
01/07/06 03:40,0.0
01/07/06 03:45,0.0
01/07/06 03:50,0.0
01/07/06 03:55,0.0
01/07/06 04:00,0.0
01/07/06 04:05,0.0
01/07/06 04:10,0.0
01/07/06 04:15,0.0
01/07/06 04:20,0.0
01/07/06 04:25,0.0
01/07/06 04:30,0.0
01/07/06 04:35,0.0
01/07/06 04:40,0.0
01/07/06 04:45,0.0
01/07/06 04:50,0.0
01/07/06 04:55,0.0
01/07/06 05:00,0.0
01/07/06 05:05,0.0
01/07/06 05:10,0.0
01/07/06 05:15,0.0
01/07/06 05:20,0.0
01/07/06 05:25,0.0
01/07/06 05:30,0.0
01/07/06 05:35,0.0
01/07/06 05:40,0.0
01/07/06 05:45,0.0
01/07/06 05:50,0.0
01/07/06 05:55,0.0
01/07/06 06:00,0.0
01/07/06 06:05,0.0
01/07/06 06:10,0.0
01/07/06 06:15,0.0
01/07/06 06:20,0.0
01/07/06 06:25,0.0
01/07/06 06:30,0.0
01/07/06 06:35,0.0
01/07/06 06:40,0.0
01/07/06 06:45,0.0
01/07/06 06:50,0.0
01/07/06 06:55,0.0
01/07/06 07:00,0.0
01/07/06 07:05,0.0
01/07/06 07:10,0.0
01/07/06 07:15,0.0
01/07/06 07:20,0.1
01/07/06 07:25,0.6
01/07/06 07:30,1.7
01/07/06 07:35,3.7
01/07/06 07:40,4.5
01/07/06 07:45,5.2
01/07/06 07:50,6.0
01/07/06 07:55,6.8
01/07/06 08:00,7.5
01/07/06 08:05,8.3
01/07/06 08:10,9.1
01/07/06 08:15,9.8
01/07/06 08:20,10.5
01/07/06 08:25,11.2
01/07/06 08:30,11.9
01/07/06 08:35,12.6
01/07/06 08:40,13.4
01/07/06 08:45,14.2
01/07/06 08:50,15.0
01/07/06 08:55,15.8
01/07/06 09:00,16.5
01/07/06 09:05,17.0
01/07/06 09:10,17.5
01/07/06 09:15,17.9
01/07/06 09:20,18.3
01/07/06 09:25,18.7
01/07/06 09:30,18.9
01/07/06 09:35,19.1
01/07/06 09:40,19.4
01/07/06 09:45,19.8
01/07/06 09:50,20.1
01/07/06 09:55,20.3
01/07/06 10:00,20.7
01/07/06 10:05,21.0
01/07/06 10:10,21.2
01/07/06 10:15,21.5
01/07/06 10:20,22.1
01/07/06 10:25,22.5
01/07/06 10:30,22.9
01/07/06 10:35,23.1
01/07/06 10:40,23.4
01/07/06 10:45,23.6
01/07/06 10:50,23.8
01/07/06 10:55,24.1
01/07/06 11:00,24.7
01/07/06 11:05,25.0
01/07/06 11:10,25.4
01/07/06 11:15,25.4
01/07/06 11:20,25.2
01/07/06 11:25,24.8
01/07/06 11:30,24.7
01/07/06 11:35,24.8
01/07/06 11:40,24.7
01/07/06 11:45,24.6
01/07/06 11:50,24.5
01/07/06 11:55,24.4
01/07/06 12:00,24.4
01/07/06 12:05,24.4
01/07/06 12:10,24.4
01/07/06 12:15,24.4
01/07/06 12:20,24.2
01/07/06 12:25,24.1
01/07/06 12:30,24.1
01/07/06 12:35,24.1
01/07/06 12:40,23.9
01/07/06 12:45,23.6
01/07/06 12:50,23.2
01/07/06 12:55,23.0
01/07/06 13:00,22.8
01/07/06 13:05,22.7
01/07/06 13:10,22.6
01/07/06 13:15,22.5
01/07/06 13:20,22.2
01/07/06 13:25,22.0
01/07/06 13:30,21.8
01/07/06 13:35,21.6
01/07/06 13:40,21.4
01/07/06 13:45,21.1
01/07/06 13:50,20.8
01/07/06 13:55,20.4
01/07/06 14:00,20.0
01/07/06 14:05,19.7
01/07/06 14:10,19.2
01/07/06 14:15,18.7
01/07/06 14:20,18.2
01/07/06 14:25,17.7
01/07/06 14:30,17.2
01/07/06 14:35,16.6
01/07/06 14:40,16.1
01/07/06 14:45,15.4
01/07/06 14:50,14.8
01/07/06 14:55,14.2
01/07/06 15:00,13.6
01/07/06 15:05,12.9
01/07/06 15:10,12.2
01/07/06 15:15,11.4
01/07/06 15:20,10.7
01/07/06 15:25,10.0
01/07/06 15:30,9.3
01/07/06 15:35,8.7
01/07/06 15:40,8.1
01/07/06 15:45,7.6
01/07/06 15:50,6.9
01/07/06 15:55,6.3
01/07/06 16:00,5.7
01/07/06 16:05,5.3
01/07/06 16:10,4.8
01/07/06 16:15,4.2
01/07/06 16:20,3.5
01/07/06 16:25,1.6
01/07/06 16:30,0.6
01/07/06 16:35,0.2
01/07/06 16:40,0.0
01/07/06 16:45,0.0
01/07/06 16:50,0.0
01/07/06 16:55,0.0
01/07/06 17:00,0.0
01/07/06 17:05,0.0
01/07/06 17:10,0.0
01/07/06 17:15,0.0
01/07/06 17:20,0.0
01/07/06 17:25,0.0
01/07/06 17:30,0.0
01/07/06 17:35,0.0
01/07/06 17:40,0.0
01/07/06 17:45,0.0
01/07/06 17:50,0.0
01/07/06 17:55,0.0
01/07/06 18:00,0.0
01/07/06 18:05,0.0
01/07/06 18:10,0.0
01/07/06 18:15,0.0
01/07/06 18:20,0.0
01/07/06 18:25,0.0
01/07/06 18:30,0.0
01/07/06 18:35,0.0
01/07/06 18:40,0.0
01/07/06 18:45,0.0
01/07/06 18:50,0.0
01/07/06 18:55,0.0
01/07/06 19:00,0.0
01/07/06 19:05,0.0
01/07/06 19:10,0.0
01/07/06 19:15,0.0
01/07/06 19:20,0.0
01/07/06 19:25,0.0
01/07/06 19:30,0.0
01/07/06 19:35,0.0
01/07/06 19:40,0.0
01/07/06 19:45,0.0
01/07/06 19:50,0.0
01/07/06 19:55,0.0
01/07/06 20:00,0.0
01/07/06 20:05,0.0
01/07/06 20:10,0.0
01/07/06 20:15,0.0
01/07/06 20:20,0.0
01/07/06 20:25,0.0
01/07/06 20:30,0.0
01/07/06 20:35,0.0
01/07/06 20:40,0.0
01/07/06 20:45,0.0
01/07/06 20:50,0.0
01/07/06 20:55,0.0
01/07/06 21:00,0.0
01/07/06 21:05,0.0
01/07/06 21:10,0.0
01/07/06 21:15,0.0
01/07/06 21:20,0.0
01/07/06 21:25,0.0
01/07/06 21:30,0.0
01/07/06 21:35,0.0
01/07/06 21:40,0.0
01/07/06 21:45,0.0
01/07/06 21:50,0.0
01/07/06 21:55,0.0
01/07/06 22:00,0.0
01/07/06 22:05,0.0
01/07/06 22:10,0.0
01/07/06 22:15,0.0
01/07/06 22:20,0.0
01/07/06 22:25,0.0
01/07/06 22:30,0.0
01/07/06 22:35,0.0
01/07/06 22:40,0.0
01/07/06 22:45,0.0
01/07/06 22:50,0.0
01/07/06 22:55,0.0
01/07/06 23:00,0.0
01/07/06 23:05,0.0
01/07/06 23:10,0.0
01/07/06 23:15,0.0
01/07/06 23:20,0.0
01/07/06 23:25,0.0
01/07/06 23:30,0.0
01/07/06 23:35,0.0
01/07/06 23:40,0.0
01/07/06 23:45,0.0
01/07/06 23:50,0.0
01/07/06 23:55,0.0
01/08/06 00:00,0.0
01/08/06 00:05,0.0
01/08/06 00:10,0.0
01/08/06 00:15,0.0
01/08/06 00:20,0.0
01/08/06 00:25,0.0
01/08/06 00:30,0.0
01/08/06 00:35,0.0
01/08/06 00:40,0.0
01/08/06 00:45,0.0
01/08/06 00:50,0.0
01/08/06 00:55,0.0
01/08/06 01:00,0.0
01/08/06 01:05,0.0
01/08/06 01:10,0.0
01/08/06 01:15,0.0
01/08/06 01:20,0.0
01/08/06 01:25,0.0
01/08/06 01:30,0.0
01/08/06 01:35,0.0
01/08/06 01:40,0.0
01/08/06 01:45,0.0
01/08/06 01:50,0.0
01/08/06 01:55,0.0
01/08/06 02:00,0.0
01/08/06 02:05,0.0
01/08/06 02:10,0.0
01/08/06 02:15,0.0
01/08/06 02:20,0.0
01/08/06 02:25,0.0
01/08/06 02:30,0.0
01/08/06 02:35,0.0
01/08/06 02:40,0.0
01/08/06 02:45,0.0
01/08/06 02:50,0.0
01/08/06 02:55,0.0
01/08/06 03:00,0.0
01/08/06 03:05,0.0
01/08/06 03:10,0.0
01/08/06 03:15,0.0
01/08/06 03:20,0.0
01/08/06 03:25,0.0
01/08/06 03:30,0.0
01/08/06 03:35,0.0
01/08/06 03:40,0.0
01/08/06 03:45,0.0
01/08/06 03:50,0.0
01/08/06 03:55,0.0
01/08/06 04:00,0.0
01/08/06 04:05,0.0
01/08/06 04:10,0.0
01/08/06 04:15,0.0
01/08/06 04:20,0.0
01/08/06 04:25,0.0
01/08/06 04:30,0.0
01/08/06 04:35,0.0
01/08/06 04:40,0.0
01/08/06 04:45,0.0
01/08/06 04:50,0.0
01/08/06 04:55,0.0
01/08/06 05:00,0.0
01/08/06 05:05,0.0
01/08/06 05:10,0.0
01/08/06 05:15,0.0
01/08/06 05:20,0.0
01/08/06 05:25,0.0
01/08/06 05:30,0.0
01/08/06 05:35,0.0
01/08/06 05:40,0.0
01/08/06 05:45,0.0
01/08/06 05:50,0.0
01/08/06 05:55,0.0
01/08/06 06:00,0.0
01/08/06 06:05,0.0
01/08/06 06:10,0.0
01/08/06 06:15,0.0
01/08/06 06:20,0.0
01/08/06 06:25,0.0
01/08/06 06:30,0.0
01/08/06 06:35,0.0
01/08/06 06:40,0.0
01/08/06 06:45,0.0
01/08/06 06:50,0.0
01/08/06 06:55,0.0
01/08/06 07:00,0.0
01/08/06 07:05,0.0
01/08/06 07:10,0.0
01/08/06 07:15,0.0
01/08/06 07:20,0.1
01/08/06 07:25,0.4
01/08/06 07:30,1.4
01/08/06 07:35,3.3
01/08/06 07:40,4.2
01/08/06 07:45,5.0
01/08/06 07:50,5.7
01/08/06 07:55,6.4
01/08/06 08:00,7.2
01/08/06 08:05,7.8
01/08/06 08:10,8.5
01/08/06 08:15,9.1
01/08/06 08:20,9.7
01/08/06 08:25,10.3
01/08/06 08:30,10.9
01/08/06 08:35,11.7
01/08/06 08:40,12.4
01/08/06 08:45,13.2
01/08/06 08:50,13.9
01/08/06 08:55,14.7
01/08/06 09:00,15.4
01/08/06 09:05,16.0
01/08/06 09:10,16.6
01/08/06 09:15,17.0
01/08/06 09:20,17.2
01/08/06 09:25,17.6
01/08/06 09:30,18.1
01/08/06 09:35,18.6
01/08/06 09:40,19.2
01/08/06 09:45,19.8
01/08/06 09:50,20.2
01/08/06 09:55,20.3
01/08/06 10:00,20.4
01/08/06 10:05,20.4
01/08/06 10:10,20.4
01/08/06 10:15,20.4
01/08/06 10:20,20.7
01/08/06 10:25,21.4
01/08/06 10:30,21.8
01/08/06 10:35,22.1
01/08/06 10:40,22.4
01/08/06 10:45,22.6
01/08/06 10:50,22.6
01/08/06 10:55,22.5
01/08/06 11:00,22.6
01/08/06 11:05,22.7
01/08/06 11:10,22.8
01/08/06 11:15,21.7
01/08/06 11:20,21.1
01/08/06 11:25,21.0
01/08/06 11:30,18.8
01/08/06 11:35,12.7
01/08/06 11:40,10.0
01/08/06 11:45,8.5
01/08/06 11:50,9.3
01/08/06 11:55,14.0
01/08/06 12:00,16.4
01/08/06 12:05,17.0
01/08/06 12:10,19.0
01/08/06 12:15,17.6
01/08/06 12:20,15.0
01/08/06 12:25,15.5
01/08/06 12:30,16.1
01/08/06 12:35,15.7
01/08/06 12:40,15.3
01/08/06 12:45,15.4
01/08/06 12:50,16.2
01/08/06 12:55,14.6
01/08/06 13:00,14.4
01/08/06 13:05,15.5
01/08/06 13:10,15.9
01/08/06 13:15,16.0
01/08/06 13:20,17.4
01/08/06 13:25,18.6
01/08/06 13:30,19.5
01/08/06 13:35,20.0
01/08/06 13:40,19.6
01/08/06 13:45,15.4
01/08/06 13:50,10.6
01/08/06 13:55,11.6
01/08/06 14:00,14.0
01/08/06 14:05,15.3
01/08/06 14:10,16.1
01/08/06 14:15,16.5
01/08/06 14:20,16.8
01/08/06 14:25,16.5
01/08/06 14:30,16.1
01/08/06 14:35,15.8
01/08/06 14:40,15.3
01/08/06 14:45,14.9
01/08/06 14:50,14.4
01/08/06 14:55,13.9
01/08/06 15:00,13.1
01/08/06 15:05,13.0
01/08/06 15:10,12.7
01/08/06 15:15,12.0
01/08/06 15:20,11.3
01/08/06 15:25,10.7
01/08/06 15:30,10.0
01/08/06 15:35,9.3
01/08/06 15:40,8.7
01/08/06 15:45,8.1
01/08/06 15:50,7.4
01/08/06 15:55,6.5
01/08/06 16:00,4.7
01/08/06 16:05,3.2
01/08/06 16:10,3.4
01/08/06 16:15,3.2
01/08/06 16:20,2.1
01/08/06 16:25,1.1
01/08/06 16:30,0.5
01/08/06 16:35,0.1
01/08/06 16:40,0.0
01/08/06 16:45,0.0
01/08/06 16:50,0.0
01/08/06 16:55,0.0
01/08/06 17:00,0.0
01/08/06 17:05,0.0
01/08/06 17:10,0.0
01/08/06 17:15,0.0
01/08/06 17:20,0.0
01/08/06 17:25,0.0
01/08/06 17:30,0.0
01/08/06 17:35,0.0
01/08/06 17:40,0.0
01/08/06 17:45,0.0
01/08/06 17:50,0.0
01/08/06 17:55,0.0
01/08/06 18:00,0.0
01/08/06 18:05,0.0
01/08/06 18:10,0.0
01/08/06 18:15,0.0
01/08/06 18:20,0.0
01/08/06 18:25,0.0
01/08/06 18:30,0.0
01/08/06 18:35,0.0
01/08/06 18:40,0.0
01/08/06 18:45,0.0
01/08/06 18:50,0.0
01/08/06 18:55,0.0
01/08/06 19:00,0.0
01/08/06 19:05,0.0
01/08/06 19:10,0.0
01/08/06 19:15,0.0
01/08/06 19:20,0.0
01/08/06 19:25,0.0
01/08/06 19:30,0.0
01/08/06 19:35,0.0
01/08/06 19:40,0.0
01/08/06 19:45,0.0
01/08/06 19:50,0.0
01/08/06 19:55,0.0
01/08/06 20:00,0.0
01/08/06 20:05,0.0
01/08/06 20:10,0.0
01/08/06 20:15,0.0
01/08/06 20:20,0.0
01/08/06 20:25,0.0
01/08/06 20:30,0.0
01/08/06 20:35,0.0
01/08/06 20:40,0.0
01/08/06 20:45,0.0
01/08/06 20:50,0.0
01/08/06 20:55,0.0
01/08/06 21:00,0.0
01/08/06 21:05,0.0
01/08/06 21:10,0.0
01/08/06 21:15,0.0
01/08/06 21:20,0.0
01/08/06 21:25,0.0
01/08/06 21:30,0.0
01/08/06 21:35,0.0
01/08/06 21:40,0.0
01/08/06 21:45,0.0
01/08/06 21:50,0.0
01/08/06 21:55,0.0
01/08/06 22:00,0.0
01/08/06 22:05,0.0
01/08/06 22:10,0.0
01/08/06 22:15,0.0
01/08/06 22:20,0.0
01/08/06 22:25,0.0
01/08/06 22:30,0.0
01/08/06 22:35,0.0
01/08/06 22:40,0.0
01/08/06 22:45,0.0
01/08/06 22:50,0.0
01/08/06 22:55,0.0
01/08/06 23:00,0.0
01/08/06 23:05,0.0
01/08/06 23:10,0.0
01/08/06 23:15,0.0
01/08/06 23:20,0.0
01/08/06 23:25,0.0
01/08/06 23:30,0.0
01/08/06 23:35,0.0
01/08/06 23:40,0.0
01/08/06 23:45,0.0
01/08/06 23:50,0.0
01/08/06 23:55,0.0
01/09/06 00:00,0.0
01/09/06 00:05,0.0
01/09/06 00:10,0.0
01/09/06 00:15,0.0
01/09/06 00:20,0.0
01/09/06 00:25,0.0
01/09/06 00:30,0.0
01/09/06 00:35,0.0
01/09/06 00:40,0.0
01/09/06 00:45,0.0
01/09/06 00:50,0.0
01/09/06 00:55,0.0
01/09/06 01:00,0.0
01/09/06 01:05,0.0
01/09/06 01:10,0.0
01/09/06 01:15,0.0
01/09/06 01:20,0.0
01/09/06 01:25,0.0
01/09/06 01:30,0.0
01/09/06 01:35,0.0
01/09/06 01:40,0.0
01/09/06 01:45,0.0
01/09/06 01:50,0.0
01/09/06 01:55,0.0
01/09/06 02:00,0.0
01/09/06 02:05,0.0
01/09/06 02:10,0.0
01/09/06 02:15,0.0
01/09/06 02:20,0.0
01/09/06 02:25,0.0
01/09/06 02:30,0.0
01/09/06 02:35,0.0
01/09/06 02:40,0.0
01/09/06 02:45,0.0
01/09/06 02:50,0.0
01/09/06 02:55,0.0
01/09/06 03:00,0.0
01/09/06 03:05,0.0
01/09/06 03:10,0.0
01/09/06 03:15,0.0
01/09/06 03:20,0.0
01/09/06 03:25,0.0
01/09/06 03:30,0.0
01/09/06 03:35,0.0
01/09/06 03:40,0.0
01/09/06 03:45,0.0
01/09/06 03:50,0.0
01/09/06 03:55,0.0
01/09/06 04:00,0.0
01/09/06 04:05,0.0
01/09/06 04:10,0.0
01/09/06 04:15,0.0
01/09/06 04:20,0.0
01/09/06 04:25,0.0
01/09/06 04:30,0.0
01/09/06 04:35,0.0
01/09/06 04:40,0.0
01/09/06 04:45,0.0
01/09/06 04:50,0.0
01/09/06 04:55,0.0
01/09/06 05:00,0.0
01/09/06 05:05,0.0
01/09/06 05:10,0.0
01/09/06 05:15,0.0
01/09/06 05:20,0.0
01/09/06 05:25,0.0
01/09/06 05:30,0.0
01/09/06 05:35,0.0
01/09/06 05:40,0.0
01/09/06 05:45,0.0
01/09/06 05:50,0.0
01/09/06 05:55,0.0
01/09/06 06:00,0.0
01/09/06 06:05,0.0
01/09/06 06:10,0.0
01/09/06 06:15,0.0
01/09/06 06:20,0.0
01/09/06 06:25,0.0
01/09/06 06:30,0.0
01/09/06 06:35,0.0
01/09/06 06:40,0.0
01/09/06 06:45,0.0
01/09/06 06:50,0.0
01/09/06 06:55,0.0
01/09/06 07:00,0.0
01/09/06 07:05,0.0
01/09/06 07:10,0.0
01/09/06 07:15,0.0
01/09/06 07:20,0.0
01/09/06 07:25,0.1
01/09/06 07:30,0.4
01/09/06 07:35,0.6
01/09/06 07:40,1.4
01/09/06 07:45,2.7
01/09/06 07:50,4.3
01/09/06 07:55,5.0
01/09/06 08:00,5.6
01/09/06 08:05,5.8
01/09/06 08:10,4.9
01/09/06 08:15,4.5
01/09/06 08:20,4.6
01/09/06 08:25,4.5
01/09/06 08:30,4.5
01/09/06 08:35,4.5
01/09/06 08:40,4.5
01/09/06 08:45,4.4
01/09/06 08:50,4.5
01/09/06 08:55,4.6
01/09/06 09:00,4.8
01/09/06 09:05,5.1
01/09/06 09:10,5.3
01/09/06 09:15,6.1
01/09/06 09:20,8.3
01/09/06 09:25,12.0
01/09/06 09:30,14.6
01/09/06 09:35,13.1
01/09/06 09:40,10.6
01/09/06 09:45,9.0
01/09/06 09:50,7.8
01/09/06 09:55,7.3
01/09/06 10:00,6.8
01/09/06 10:05,6.8
01/09/06 10:10,9.4
01/09/06 10:15,10.1
01/09/06 10:20,9.9
01/09/06 10:25,9.8
01/09/06 10:30,9.7
01/09/06 10:35,10.2
01/09/06 10:40,11.5
01/09/06 10:45,10.2
01/09/06 10:50,8.7
01/09/06 10:55,9.2
01/09/06 11:00,9.6
01/09/06 11:05,10.0
01/09/06 11:10,10.1
01/09/06 11:15,9.5
01/09/06 11:20,10.0
01/09/06 11:25,13.3
01/09/06 11:30,13.9
01/09/06 11:35,12.1
01/09/06 11:40,10.3
01/09/06 11:45,8.8
01/09/06 11:50,9.8
01/09/06 11:55,10.3
01/09/06 12:00,9.2
01/09/06 12:05,10.2
01/09/06 12:10,11.6
01/09/06 12:15,10.8
01/09/06 12:20,9.1
01/09/06 12:25,7.8
01/09/06 12:30,7.5
01/09/06 12:35,7.7
01/09/06 12:40,7.9
01/09/06 12:45,7.7
01/09/06 12:50,6.8
01/09/06 12:55,6.0
01/09/06 13:00,5.7
01/09/06 13:05,5.3
01/09/06 13:10,5.1
01/09/06 13:15,5.7
01/09/06 13:20,8.6
01/09/06 13:25,8.4
01/09/06 13:30,6.0
01/09/06 13:35,4.7
01/09/06 13:40,3.7
01/09/06 13:45,1.8
01/09/06 13:50,1.1
01/09/06 13:55,0.9
01/09/06 14:00,0.8
01/09/06 14:05,3.9
01/09/06 14:10,5.4
01/09/06 14:15,5.6
01/09/06 14:20,7.0
01/09/06 14:25,10.1
01/09/06 14:30,11.6
01/09/06 14:35,9.6
01/09/06 14:40,7.2
01/09/06 14:45,5.4
01/09/06 14:50,4.4
01/09/06 14:55,3.7
01/09/06 15:00,2.6
01/09/06 15:05,1.9
01/09/06 15:10,1.7
01/09/06 15:15,2.9
01/09/06 15:20,3.8
01/09/06 15:25,3.9
01/09/06 15:30,3.7
01/09/06 15:35,3.0
01/09/06 15:40,2.1
01/09/06 15:45,1.5
01/09/06 15:50,1.1
01/09/06 15:55,0.8
01/09/06 16:00,0.5
01/09/06 16:05,0.3
01/09/06 16:10,0.2
01/09/06 16:15,0.1
01/09/06 16:20,0.1
01/09/06 16:25,0.0
01/09/06 16:30,0.0
01/09/06 16:35,0.0
01/09/06 16:40,0.0
01/09/06 16:45,0.0
01/09/06 16:50,0.0
01/09/06 16:55,0.0
01/09/06 17:00,0.0
01/09/06 17:05,0.0
01/09/06 17:10,0.0
01/09/06 17:15,0.0
01/09/06 17:20,0.0
01/09/06 17:25,0.0
01/09/06 17:30,0.0
01/09/06 17:35,0.0
01/09/06 17:40,0.0
01/09/06 17:45,0.0
01/09/06 17:50,0.0
01/09/06 17:55,0.0
01/09/06 18:00,0.0
01/09/06 18:05,0.0
01/09/06 18:10,0.0
01/09/06 18:15,0.0
01/09/06 18:20,0.0
01/09/06 18:25,0.0
01/09/06 18:30,0.0
01/09/06 18:35,0.0
01/09/06 18:40,0.0
01/09/06 18:45,0.0
01/09/06 18:50,0.0
01/09/06 18:55,0.0
01/09/06 19:00,0.0
01/09/06 19:05,0.0
01/09/06 19:10,0.0
01/09/06 19:15,0.0
01/09/06 19:20,0.0
01/09/06 19:25,0.0
01/09/06 19:30,0.0
01/09/06 19:35,0.0
01/09/06 19:40,0.0
01/09/06 19:45,0.0
01/09/06 19:50,0.0
01/09/06 19:55,0.0
01/09/06 20:00,0.0
01/09/06 20:05,0.0
01/09/06 20:10,0.0
01/09/06 20:15,0.0
01/09/06 20:20,0.0
01/09/06 20:25,0.0
01/09/06 20:30,0.0
01/09/06 20:35,0.0
01/09/06 20:40,0.0
01/09/06 20:45,0.0
01/09/06 20:50,0.0
01/09/06 20:55,0.0
01/09/06 21:00,0.0
01/09/06 21:05,0.0
01/09/06 21:10,0.0
01/09/06 21:15,0.0
01/09/06 21:20,0.0
01/09/06 21:25,0.0
01/09/06 21:30,0.0
01/09/06 21:35,0.0
01/09/06 21:40,0.0
01/09/06 21:45,0.0
01/09/06 21:50,0.0
01/09/06 21:55,0.0
01/09/06 22:00,0.0
01/09/06 22:05,0.0
01/09/06 22:10,0.0
01/09/06 22:15,0.0
01/09/06 22:20,0.0
01/09/06 22:25,0.0
01/09/06 22:30,0.0
01/09/06 22:35,0.0
01/09/06 22:40,0.0
01/09/06 22:45,0.0
01/09/06 22:50,0.0
01/09/06 22:55,0.0
01/09/06 23:00,0.0
01/09/06 23:05,0.0
01/09/06 23:10,0.0
01/09/06 23:15,0.0
01/09/06 23:20,0.0
01/09/06 23:25,0.0
01/09/06 23:30,0.0
01/09/06 23:35,0.0
01/09/06 23:40,0.0
01/09/06 23:45,0.0
01/09/06 23:50,0.0
01/09/06 23:55,0.0
01/10/06 00:00,0.0
01/10/06 00:05,0.0
01/10/06 00:10,0.0
01/10/06 00:15,0.0
01/10/06 00:20,0.0
01/10/06 00:25,0.0
01/10/06 00:30,0.0
01/10/06 00:35,0.0
01/10/06 00:40,0.0
01/10/06 00:45,0.0
01/10/06 00:50,0.0
01/10/06 00:55,0.0
01/10/06 01:00,0.0
01/10/06 01:05,0.0
01/10/06 01:10,0.0
01/10/06 01:15,0.0
01/10/06 01:20,0.0
01/10/06 01:25,0.0
01/10/06 01:30,0.0
01/10/06 01:35,0.0
01/10/06 01:40,0.0
01/10/06 01:45,0.0
01/10/06 01:50,0.0
01/10/06 01:55,0.0
01/10/06 02:00,0.0
01/10/06 02:05,0.0
01/10/06 02:10,0.0
01/10/06 02:15,0.0
01/10/06 02:20,0.0
01/10/06 02:25,0.0
01/10/06 02:30,0.0
01/10/06 02:35,0.0
01/10/06 02:40,0.0
01/10/06 02:45,0.0
01/10/06 02:50,0.0
01/10/06 02:55,0.0
01/10/06 03:00,0.0
01/10/06 03:05,0.0
01/10/06 03:10,0.0
01/10/06 03:15,0.0
01/10/06 03:20,0.0
01/10/06 03:25,0.0
01/10/06 03:30,0.0
01/10/06 03:35,0.0
01/10/06 03:40,0.0
01/10/06 03:45,0.0
01/10/06 03:50,0.0
01/10/06 03:55,0.0
01/10/06 04:00,0.0
01/10/06 04:05,0.0
01/10/06 04:10,0.0
01/10/06 04:15,0.0
01/10/06 04:20,0.0
01/10/06 04:25,0.0
01/10/06 04:30,0.0
01/10/06 04:35,0.0
01/10/06 04:40,0.0
01/10/06 04:45,0.0
01/10/06 04:50,0.0
01/10/06 04:55,0.0
01/10/06 05:00,0.0
01/10/06 05:05,0.0
01/10/06 05:10,0.0
01/10/06 05:15,0.0
01/10/06 05:20,0.0
01/10/06 05:25,0.0
01/10/06 05:30,0.0
01/10/06 05:35,0.0
01/10/06 05:40,0.0
01/10/06 05:45,0.0
01/10/06 05:50,0.0
01/10/06 05:55,0.0
01/10/06 06:00,0.0
01/10/06 06:05,0.0
01/10/06 06:10,0.0
01/10/06 06:15,0.0
01/10/06 06:20,0.0
01/10/06 06:25,0.0
01/10/06 06:30,0.0
01/10/06 06:35,0.0
01/10/06 06:40,0.0
01/10/06 06:45,0.0
01/10/06 06:50,0.0
01/10/06 06:55,0.0
01/10/06 07:00,0.0
01/10/06 07:05,0.0
01/10/06 07:10,0.0
01/10/06 07:15,0.0
01/10/06 07:20,0.0
01/10/06 07:25,0.0
01/10/06 07:30,0.0
01/10/06 07:35,0.4
01/10/06 07:40,1.9
01/10/06 07:45,3.2
01/10/06 07:50,3.8
01/10/06 07:55,3.9
01/10/06 08:00,4.4
01/10/06 08:05,6.2
01/10/06 08:10,6.8
01/10/06 08:15,6.6
01/10/06 08:20,7.5
01/10/06 08:25,8.9
01/10/06 08:30,9.6
01/10/06 08:35,9.6
01/10/06 08:40,9.9
01/10/06 08:45,10.2
01/10/06 08:50,11.1
01/10/06 08:55,12.6
01/10/06 09:00,14.1
01/10/06 09:05,15.0
01/10/06 09:10,15.0
01/10/06 09:15,14.2
01/10/06 09:20,13.5
01/10/06 09:25,14.0
01/10/06 09:30,13.2
01/10/06 09:35,11.2
01/10/06 09:40,12.4
01/10/06 09:45,12.1
01/10/06 09:50,13.2
01/10/06 09:55,13.9
01/10/06 10:00,15.0
01/10/06 10:05,14.4
01/10/06 10:10,14.0
01/10/06 10:15,15.3
01/10/06 10:20,17.0
01/10/06 10:25,19.6
01/10/06 10:30,21.3
01/10/06 10:35,22.0
01/10/06 10:40,21.2
01/10/06 10:45,19.7
01/10/06 10:50,18.3
01/10/06 10:55,18.7
01/10/06 11:00,19.6
01/10/06 11:05,17.2
01/10/06 11:10,13.6
01/10/06 11:15,14.5
01/10/06 11:20,16.3
01/10/06 11:25,17.0
01/10/06 11:30,16.9
01/10/06 11:35,16.5
01/10/06 11:40,15.8
01/10/06 11:45,14.8
01/10/06 11:50,14.0
01/10/06 11:55,12.9
01/10/06 12:00,11.1
01/10/06 12:05,8.9
01/10/06 12:10,6.7
01/10/06 12:15,4.7
01/10/06 12:20,3.7
01/10/06 12:25,1.7
01/10/06 12:30,1.2
01/10/06 12:35,1.1
01/10/06 12:40,1.9
01/10/06 12:45,2.7
01/10/06 12:50,2.9
01/10/06 12:55,3.0
01/10/06 13:00,2.6
01/10/06 13:05,1.7
01/10/06 13:10,1.3
01/10/06 13:15,3.1
01/10/06 13:20,5.1
01/10/06 13:25,5.8
01/10/06 13:30,6.8
01/10/06 13:35,6.2
01/10/06 13:40,5.0
01/10/06 13:45,4.5
01/10/06 13:50,4.8
01/10/06 13:55,6.0
01/10/06 14:00,6.0
01/10/06 14:05,4.9
01/10/06 14:10,4.4
01/10/06 14:15,4.4
01/10/06 14:20,4.4
01/10/06 14:25,4.3
01/10/06 14:30,4.2
01/10/06 14:35,4.1
01/10/06 14:40,4.1
01/10/06 14:45,4.0
01/10/06 14:50,3.8
01/10/06 14:55,2.5
01/10/06 15:00,1.1
01/10/06 15:05,0.6
01/10/06 15:10,0.4
01/10/06 15:15,0.7
01/10/06 15:20,1.9
01/10/06 15:25,2.2
01/10/06 15:30,0.8
01/10/06 15:35,0.3
01/10/06 15:40,0.3
01/10/06 15:45,0.5
01/10/06 15:50,0.3
01/10/06 15:55,0.1
01/10/06 16:00,0.0
01/10/06 16:05,0.0
01/10/06 16:10,0.0
01/10/06 16:15,0.0
01/10/06 16:20,0.0
01/10/06 16:25,0.0
01/10/06 16:30,0.0
01/10/06 16:35,0.0
01/10/06 16:40,0.0
01/10/06 16:45,0.0
01/10/06 16:50,0.0
01/10/06 16:55,0.0
01/10/06 17:00,0.0
01/10/06 17:05,0.0
01/10/06 17:10,0.0
01/10/06 17:15,0.0
01/10/06 17:20,0.0
01/10/06 17:25,0.0
01/10/06 17:30,0.0
01/10/06 17:35,0.0
01/10/06 17:40,0.0
01/10/06 17:45,0.0
01/10/06 17:50,0.0
01/10/06 17:55,0.0
01/10/06 18:00,0.0
01/10/06 18:05,0.0
01/10/06 18:10,0.0
01/10/06 18:15,0.0
01/10/06 18:20,0.0
01/10/06 18:25,0.0
01/10/06 18:30,0.0
01/10/06 18:35,0.0
01/10/06 18:40,0.0
01/10/06 18:45,0.0
01/10/06 18:50,0.0
01/10/06 18:55,0.0
01/10/06 19:00,0.0
01/10/06 19:05,0.0
01/10/06 19:10,0.0
01/10/06 19:15,0.0
01/10/06 19:20,0.0
01/10/06 19:25,0.0
01/10/06 19:30,0.0
01/10/06 19:35,0.0
01/10/06 19:40,0.0
01/10/06 19:45,0.0
01/10/06 19:50,0.0
01/10/06 19:55,0.0
01/10/06 20:00,0.0
01/10/06 20:05,0.0
01/10/06 20:10,0.0
01/10/06 20:15,0.0
01/10/06 20:20,0.0
01/10/06 20:25,0.0
01/10/06 20:30,0.0
01/10/06 20:35,0.0
01/10/06 20:40,0.0
01/10/06 20:45,0.0
01/10/06 20:50,0.0
01/10/06 20:55,0.0
01/10/06 21:00,0.0
01/10/06 21:05,0.0
01/10/06 21:10,0.0
01/10/06 21:15,0.0
01/10/06 21:20,0.0
01/10/06 21:25,0.0
01/10/06 21:30,0.0
01/10/06 21:35,0.0
01/10/06 21:40,0.0
01/10/06 21:45,0.0
01/10/06 21:50,0.0
01/10/06 21:55,0.0
01/10/06 22:00,0.0
01/10/06 22:05,0.0
01/10/06 22:10,0.0
01/10/06 22:15,0.0
01/10/06 22:20,0.0
01/10/06 22:25,0.0
01/10/06 22:30,0.0
01/10/06 22:35,0.0
01/10/06 22:40,0.0
01/10/06 22:45,0.0
01/10/06 22:50,0.0
01/10/06 22:55,0.0
01/10/06 23:00,0.0
01/10/06 23:05,0.0
01/10/06 23:10,0.0
01/10/06 23:15,0.0
01/10/06 23:20,0.0
01/10/06 23:25,0.0
01/10/06 23:30,0.0
01/10/06 23:35,0.0
01/10/06 23:40,0.0
01/10/06 23:45,0.0
01/10/06 23:50,0.0
01/10/06 23:55,0.0
01/11/06 00:00,0.0
01/11/06 00:05,0.0
01/11/06 00:10,0.0
01/11/06 00:15,0.0
01/11/06 00:20,0.0
01/11/06 00:25,0.0
01/11/06 00:30,0.0
01/11/06 00:35,0.0
01/11/06 00:40,0.0
01/11/06 00:45,0.0
01/11/06 00:50,0.0
01/11/06 00:55,0.0
01/11/06 01:00,0.0
01/11/06 01:05,0.0
01/11/06 01:10,0.0
01/11/06 01:15,0.0
01/11/06 01:20,0.0
01/11/06 01:25,0.0
01/11/06 01:30,0.0
01/11/06 01:35,0.0
01/11/06 01:40,0.0
01/11/06 01:45,0.0
01/11/06 01:50,0.0
01/11/06 01:55,0.0
01/11/06 02:00,0.0
01/11/06 02:05,0.0
01/11/06 02:10,0.0
01/11/06 02:15,0.0
01/11/06 02:20,0.0
01/11/06 02:25,0.0
01/11/06 02:30,0.0
01/11/06 02:35,0.0
01/11/06 02:40,0.0
01/11/06 02:45,0.0
01/11/06 02:50,0.0
01/11/06 02:55,0.0
01/11/06 03:00,0.0
01/11/06 03:05,0.0
01/11/06 03:10,0.0
01/11/06 03:15,0.0
01/11/06 03:20,0.0
01/11/06 03:25,0.0
01/11/06 03:30,0.0
01/11/06 03:35,0.0
01/11/06 03:40,0.0
01/11/06 03:45,0.0
01/11/06 03:50,0.0
01/11/06 03:55,0.0
01/11/06 04:00,0.0
01/11/06 04:05,0.0
01/11/06 04:10,0.0
01/11/06 04:15,0.0
01/11/06 04:20,0.0
01/11/06 04:25,0.0
01/11/06 04:30,0.0
01/11/06 04:35,0.0
01/11/06 04:40,0.0
01/11/06 04:45,0.0
01/11/06 04:50,0.0
01/11/06 04:55,0.0
01/11/06 05:00,0.0
01/11/06 05:05,0.0
01/11/06 05:10,0.0
01/11/06 05:15,0.0
01/11/06 05:20,0.0
01/11/06 05:25,0.0
01/11/06 05:30,0.0
01/11/06 05:35,0.0
01/11/06 05:40,0.0
01/11/06 05:45,0.0
01/11/06 05:50,0.0
01/11/06 05:55,0.0
01/11/06 06:00,0.0
01/11/06 06:05,0.0
01/11/06 06:10,0.0
01/11/06 06:15,0.0
01/11/06 06:20,0.0
01/11/06 06:25,0.0
01/11/06 06:30,0.0
01/11/06 06:35,0.0
01/11/06 06:40,0.0
01/11/06 06:45,0.0
01/11/06 06:50,0.0
01/11/06 06:55,0.0
01/11/06 07:00,0.0
01/11/06 07:05,0.0
01/11/06 07:10,0.0
01/11/06 07:15,0.0
01/11/06 07:20,0.0
01/11/06 07:25,0.1
01/11/06 07:30,0.3
01/11/06 07:35,0.4
01/11/06 07:40,0.5
01/11/06 07:45,2.2
01/11/06 07:50,4.2
01/11/06 07:55,5.4
01/11/06 08:00,5.9
01/11/06 08:05,6.5
01/11/06 08:10,7.2
01/11/06 08:15,7.1
01/11/06 08:20,7.4
01/11/06 08:25,7.3
01/11/06 08:30,7.5
01/11/06 08:35,7.5
01/11/06 08:40,8.0
01/11/06 08:45,8.8
01/11/06 08:50,10.3
01/11/06 08:55,11.3
01/11/06 09:00,11.0
01/11/06 09:05,11.3
01/11/06 09:10,11.9
01/11/06 09:15,13.0
01/11/06 09:20,14.4
01/11/06 09:25,15.4
01/11/06 09:30,16.1
01/11/06 09:35,16.6
01/11/06 09:40,17.2
01/11/06 09:45,17.9
01/11/06 09:50,18.6
01/11/06 09:55,19.2
01/11/06 10:00,17.7
01/11/06 10:05,15.9
01/11/06 10:10,15.0
01/11/06 10:15,14.8
01/11/06 10:20,15.0
01/11/06 10:25,15.6
01/11/06 10:30,16.2
01/11/06 10:35,17.1
01/11/06 10:40,17.9
01/11/06 10:45,18.8
01/11/06 10:50,19.6
01/11/06 10:55,20.5
01/11/06 11:00,21.5
01/11/06 11:05,22.3
01/11/06 11:10,22.8
01/11/06 11:15,23.0
01/11/06 11:20,22.6
01/11/06 11:25,22.1
01/11/06 11:30,21.4
01/11/06 11:35,20.3
01/11/06 11:40,19.6
01/11/06 11:45,19.0
01/11/06 11:50,19.4
01/11/06 11:55,20.0
01/11/06 12:00,20.2
01/11/06 12:05,20.3
01/11/06 12:10,20.3
01/11/06 12:15,20.7
01/11/06 12:20,21.3
01/11/06 12:25,21.8
01/11/06 12:30,22.0
01/11/06 12:35,22.0
01/11/06 12:40,21.8
01/11/06 12:45,21.8
01/11/06 12:50,21.7
01/11/06 12:55,21.5
01/11/06 13:00,21.2
01/11/06 13:05,20.9
01/11/06 13:10,20.7
01/11/06 13:15,20.6
01/11/06 13:20,20.5
01/11/06 13:25,20.4
01/11/06 13:30,20.2
01/11/06 13:35,20.0
01/11/06 13:40,19.7
01/11/06 13:45,19.4
01/11/06 13:50,19.1
01/11/06 13:55,18.9
01/11/06 14:00,18.6
01/11/06 14:05,18.3
01/11/06 14:10,18.0
01/11/06 14:15,17.5
01/11/06 14:20,17.2
01/11/06 14:25,16.8
01/11/06 14:30,16.5
01/11/06 14:35,16.1
01/11/06 14:40,15.8
01/11/06 14:45,15.5
01/11/06 14:50,15.1
01/11/06 14:55,14.7
01/11/06 15:00,14.2
01/11/06 15:05,13.6
01/11/06 15:10,12.9
01/11/06 15:15,12.2
01/11/06 15:20,11.6
01/11/06 15:25,10.9
01/11/06 15:30,10.2
01/11/06 15:35,9.5
01/11/06 15:40,8.9
01/11/06 15:45,8.1
01/11/06 15:50,7.4
01/11/06 15:55,6.7
01/11/06 16:00,6.1
01/11/06 16:05,5.5
01/11/06 16:10,5.0
01/11/06 16:15,4.5
01/11/06 16:20,3.9
01/11/06 16:25,2.3
01/11/06 16:30,0.9
01/11/06 16:35,0.3
01/11/06 16:40,0.1
01/11/06 16:45,0.0
01/11/06 16:50,0.0
01/11/06 16:55,0.0
01/11/06 17:00,0.0
01/11/06 17:05,0.0
01/11/06 17:10,0.0
01/11/06 17:15,0.0
01/11/06 17:20,0.0
01/11/06 17:25,0.0
01/11/06 17:30,0.0
01/11/06 17:35,0.0
01/11/06 17:40,0.0
01/11/06 17:45,0.0
01/11/06 17:50,0.0
01/11/06 17:55,0.0
01/11/06 18:00,0.0
01/11/06 18:05,0.0
01/11/06 18:10,0.0
01/11/06 18:15,0.0
01/11/06 18:20,0.0
01/11/06 18:25,0.0
01/11/06 18:30,0.0
01/11/06 18:35,0.0
01/11/06 18:40,0.0
01/11/06 18:45,0.0
01/11/06 18:50,0.0
01/11/06 18:55,0.0
01/11/06 19:00,0.0
01/11/06 19:05,0.0
01/11/06 19:10,0.0
01/11/06 19:15,0.0
01/11/06 19:20,0.0
01/11/06 19:25,0.0
01/11/06 19:30,0.0
01/11/06 19:35,0.0
01/11/06 19:40,0.0
01/11/06 19:45,0.0
01/11/06 19:50,0.0
01/11/06 19:55,0.0
01/11/06 20:00,0.0
01/11/06 20:05,0.0
01/11/06 20:10,0.0
01/11/06 20:15,0.0
01/11/06 20:20,0.0
01/11/06 20:25,0.0
01/11/06 20:30,0.0
01/11/06 20:35,0.0
01/11/06 20:40,0.0
01/11/06 20:45,0.0
01/11/06 20:50,0.0
01/11/06 20:55,0.0
01/11/06 21:00,0.0
01/11/06 21:05,0.0
01/11/06 21:10,0.0
01/11/06 21:15,0.0
01/11/06 21:20,0.0
01/11/06 21:25,0.0
01/11/06 21:30,0.0
01/11/06 21:35,0.0
01/11/06 21:40,0.0
01/11/06 21:45,0.0
01/11/06 21:50,0.0
01/11/06 21:55,0.0
01/11/06 22:00,0.0
01/11/06 22:05,0.0
01/11/06 22:10,0.0
01/11/06 22:15,0.0
01/11/06 22:20,0.0
01/11/06 22:25,0.0
01/11/06 22:30,0.0
01/11/06 22:35,0.0
01/11/06 22:40,0.0
01/11/06 22:45,0.0
01/11/06 22:50,0.0
01/11/06 22:55,0.0
01/11/06 23:00,0.0
01/11/06 23:05,0.0
01/11/06 23:10,0.0
01/11/06 23:15,0.0
01/11/06 23:20,0.0
01/11/06 23:25,0.0
01/11/06 23:30,0.0
01/11/06 23:35,0.0
01/11/06 23:40,0.0
01/11/06 23:45,0.0
01/11/06 23:50,0.0
01/11/06 23:55,0.0
01/12/06 00:00,0.0
01/12/06 00:05,0.0
01/12/06 00:10,0.0
01/12/06 00:15,0.0
01/12/06 00:20,0.0
01/12/06 00:25,0.0
01/12/06 00:30,0.0
01/12/06 00:35,0.0
01/12/06 00:40,0.0
01/12/06 00:45,0.0
01/12/06 00:50,0.0
01/12/06 00:55,0.0
01/12/06 01:00,0.0
01/12/06 01:05,0.0
01/12/06 01:10,0.0
01/12/06 01:15,0.0
01/12/06 01:20,0.0
01/12/06 01:25,0.0
01/12/06 01:30,0.0
01/12/06 01:35,0.0
01/12/06 01:40,0.0
01/12/06 01:45,0.0
01/12/06 01:50,0.0
01/12/06 01:55,0.0
01/12/06 02:00,0.0
01/12/06 02:05,0.0
01/12/06 02:10,0.0
01/12/06 02:15,0.0
01/12/06 02:20,0.0
01/12/06 02:25,0.0
01/12/06 02:30,0.0
01/12/06 02:35,0.0
01/12/06 02:40,0.0
01/12/06 02:45,0.0
01/12/06 02:50,0.0
01/12/06 02:55,0.0
01/12/06 03:00,0.0
01/12/06 03:05,0.0
01/12/06 03:10,0.0
01/12/06 03:15,0.0
01/12/06 03:20,0.0
01/12/06 03:25,0.0
01/12/06 03:30,0.0
01/12/06 03:35,0.0
01/12/06 03:40,0.0
01/12/06 03:45,0.0
01/12/06 03:50,0.0
01/12/06 03:55,0.0
01/12/06 04:00,0.0
01/12/06 04:05,0.0
01/12/06 04:10,0.0
01/12/06 04:15,0.0
01/12/06 04:20,0.0
01/12/06 04:25,0.0
01/12/06 04:30,0.0
01/12/06 04:35,0.0
01/12/06 04:40,0.0
01/12/06 04:45,0.0
01/12/06 04:50,0.0
01/12/06 04:55,0.0
01/12/06 05:00,0.0
01/12/06 05:05,0.0
01/12/06 05:10,0.0
01/12/06 05:15,0.0
01/12/06 05:20,0.0
01/12/06 05:25,0.0
01/12/06 05:30,0.0
01/12/06 05:35,0.0
01/12/06 05:40,0.0
01/12/06 05:45,0.0
01/12/06 05:50,0.0
01/12/06 05:55,0.0
01/12/06 06:00,0.0
01/12/06 06:05,0.0
01/12/06 06:10,0.0
01/12/06 06:15,0.0
01/12/06 06:20,0.0
01/12/06 06:25,0.0
01/12/06 06:30,0.0
01/12/06 06:35,0.0
01/12/06 06:40,0.0
01/12/06 06:45,0.0
01/12/06 06:50,0.0
01/12/06 06:55,0.0
01/12/06 07:00,0.0
01/12/06 07:05,0.0
01/12/06 07:10,0.0
01/12/06 07:15,0.0
01/12/06 07:20,0.0
01/12/06 07:25,0.0
01/12/06 07:30,0.1
01/12/06 07:35,0.4
01/12/06 07:40,0.8
01/12/06 07:45,1.6
01/12/06 07:50,3.1
01/12/06 07:55,4.1
01/12/06 08:00,4.6
01/12/06 08:05,5.1
01/12/06 08:10,5.6
01/12/06 08:15,5.6
01/12/06 08:20,4.7
01/12/06 08:25,5.1
01/12/06 08:30,5.5
01/12/06 08:35,6.1
01/12/06 08:40,6.1
01/12/06 08:45,5.9
01/12/06 08:50,6.1
01/12/06 08:55,5.9
01/12/06 09:00,5.0
01/12/06 09:05,4.7
01/12/06 09:10,4.6
01/12/06 09:15,5.2
01/12/06 09:20,5.3
01/12/06 09:25,5.0
01/12/06 09:30,5.0
01/12/06 09:35,5.1
01/12/06 09:40,5.2
01/12/06 09:45,5.4
01/12/06 09:50,5.4
01/12/06 09:55,5.4
01/12/06 10:00,5.5
01/12/06 10:05,6.2
01/12/06 10:10,6.4
01/12/06 10:15,6.4
01/12/06 10:20,9.9
01/12/06 10:25,10.9
01/12/06 10:30,8.9
01/12/06 10:35,8.4
01/12/06 10:40,10.5
01/12/06 10:45,9.5
01/12/06 10:50,11.8
01/12/06 10:55,15.3
01/12/06 11:00,15.9
01/12/06 11:05,13.4
01/12/06 11:10,12.6
01/12/06 11:15,13.3
01/12/06 11:20,13.2
01/12/06 11:25,14.5
01/12/06 11:30,17.6
01/12/06 11:35,19.9
01/12/06 11:40,21.0
01/12/06 11:45,21.6
01/12/06 11:50,20.9
01/12/06 11:55,21.1
01/12/06 12:00,21.8
01/12/06 12:05,21.2
01/12/06 12:10,21.0
01/12/06 12:15,21.0
01/12/06 12:20,21.3
01/12/06 12:25,21.4
01/12/06 12:30,21.4
01/12/06 12:35,21.5
01/12/06 12:40,21.7
01/12/06 12:45,21.5
01/12/06 12:50,21.3
01/12/06 12:55,21.2
01/12/06 13:00,21.2
01/12/06 13:05,21.3
01/12/06 13:10,21.5
01/12/06 13:15,21.2
01/12/06 13:20,20.1
01/12/06 13:25,19.0
01/12/06 13:30,18.4
01/12/06 13:35,18.4
01/12/06 13:40,17.3
01/12/06 13:45,17.4
01/12/06 13:50,19.3
01/12/06 13:55,19.7
01/12/06 14:00,18.5
01/12/06 14:05,17.1
01/12/06 14:10,15.7
01/12/06 14:15,15.0
01/12/06 14:20,14.7
01/12/06 14:25,14.7
01/12/06 14:30,14.9
01/12/06 14:35,14.9
01/12/06 14:40,14.3
01/12/06 14:45,12.9
01/12/06 14:50,11.4
01/12/06 14:55,10.3
01/12/06 15:00,9.7
01/12/06 15:05,9.3
01/12/06 15:10,10.4
01/12/06 15:15,10.0
01/12/06 15:20,9.2
01/12/06 15:25,8.6
01/12/06 15:30,8.2
01/12/06 15:35,7.8
01/12/06 15:40,7.4
01/12/06 15:45,6.9
01/12/06 15:50,6.3
01/12/06 15:55,5.9
01/12/06 16:00,5.4
01/12/06 16:05,4.9
01/12/06 16:10,4.4
01/12/06 16:15,4.0
01/12/06 16:20,3.5
01/12/06 16:25,2.0
01/12/06 16:30,0.9
01/12/06 16:35,0.3
01/12/06 16:40,0.1
01/12/06 16:45,0.0
01/12/06 16:50,0.0
01/12/06 16:55,0.0
01/12/06 17:00,0.0
01/12/06 17:05,0.0
01/12/06 17:10,0.0
01/12/06 17:15,0.0
01/12/06 17:20,0.0
01/12/06 17:25,0.0
01/12/06 17:30,0.0
01/12/06 17:35,0.0
01/12/06 17:40,0.0
01/12/06 17:45,0.0
01/12/06 17:50,0.0
01/12/06 17:55,0.0
01/12/06 18:00,0.0
01/12/06 18:05,0.0
01/12/06 18:10,0.0
01/12/06 18:15,0.0
01/12/06 18:20,0.0
01/12/06 18:25,0.0
01/12/06 18:30,0.0
01/12/06 18:35,0.0
01/12/06 18:40,0.0
01/12/06 18:45,0.0
01/12/06 18:50,0.0
01/12/06 18:55,0.0
01/12/06 19:00,0.0
01/12/06 19:05,0.0
01/12/06 19:10,0.0
01/12/06 19:15,0.0
01/12/06 19:20,0.0
01/12/06 19:25,0.0
01/12/06 19:30,0.0
01/12/06 19:35,0.0
01/12/06 19:40,0.0
01/12/06 19:45,0.0
01/12/06 19:50,0.0
01/12/06 19:55,0.0
01/12/06 20:00,0.0
01/12/06 20:05,0.0
01/12/06 20:10,0.0
01/12/06 20:15,0.0
01/12/06 20:20,0.0
01/12/06 20:25,0.0
01/12/06 20:30,0.0
01/12/06 20:35,0.0
01/12/06 20:40,0.0
01/12/06 20:45,0.0
01/12/06 20:50,0.0
01/12/06 20:55,0.0
01/12/06 21:00,0.0
01/12/06 21:05,0.0
01/12/06 21:10,0.0
01/12/06 21:15,0.0
01/12/06 21:20,0.0
01/12/06 21:25,0.0
01/12/06 21:30,0.0
01/12/06 21:35,0.0
01/12/06 21:40,0.0
01/12/06 21:45,0.0
01/12/06 21:50,0.0
01/12/06 21:55,0.0
01/12/06 22:00,0.0
01/12/06 22:05,0.0
01/12/06 22:10,0.0
01/12/06 22:15,0.0
01/12/06 22:20,0.0
01/12/06 22:25,0.0
01/12/06 22:30,0.0
01/12/06 22:35,0.0
01/12/06 22:40,0.0
01/12/06 22:45,0.0
01/12/06 22:50,0.0
01/12/06 22:55,0.0
01/12/06 23:00,0.0
01/12/06 23:05,0.0
01/12/06 23:10,0.0
01/12/06 23:15,0.0
01/12/06 23:20,0.0
01/12/06 23:25,0.0
01/12/06 23:30,0.0
01/12/06 23:35,0.0
01/12/06 23:40,0.0
01/12/06 23:45,0.0
01/12/06 23:50,0.0
01/12/06 23:55,0.0
01/13/06 00:00,0.0
01/13/06 00:05,0.0
01/13/06 00:10,0.0
01/13/06 00:15,0.0
01/13/06 00:20,0.0
01/13/06 00:25,0.0
01/13/06 00:30,0.0
01/13/06 00:35,0.0
01/13/06 00:40,0.0
01/13/06 00:45,0.0
01/13/06 00:50,0.0
01/13/06 00:55,0.0
01/13/06 01:00,0.0
01/13/06 01:05,0.0
01/13/06 01:10,0.0
01/13/06 01:15,0.0
01/13/06 01:20,0.0
01/13/06 01:25,0.0
01/13/06 01:30,0.0
01/13/06 01:35,0.0
01/13/06 01:40,0.0
01/13/06 01:45,0.0
01/13/06 01:50,0.0
01/13/06 01:55,0.0
01/13/06 02:00,0.0
01/13/06 02:05,0.0
01/13/06 02:10,0.0
01/13/06 02:15,0.0
01/13/06 02:20,0.0
01/13/06 02:25,0.0
01/13/06 02:30,0.0
01/13/06 02:35,0.0
01/13/06 02:40,0.0
01/13/06 02:45,0.0
01/13/06 02:50,0.0
01/13/06 02:55,0.0
01/13/06 03:00,0.0
01/13/06 03:05,0.0
01/13/06 03:10,0.0
01/13/06 03:15,0.0
01/13/06 03:20,0.0
01/13/06 03:25,0.0
01/13/06 03:30,0.0
01/13/06 03:35,0.0
01/13/06 03:40,0.0
01/13/06 03:45,0.0
01/13/06 03:50,0.0
01/13/06 03:55,0.0
01/13/06 04:00,0.0
01/13/06 04:05,0.0
01/13/06 04:10,0.0
01/13/06 04:15,0.0
01/13/06 04:20,0.0
01/13/06 04:25,0.0
01/13/06 04:30,0.0
01/13/06 04:35,0.0
01/13/06 04:40,0.0
01/13/06 04:45,0.0
01/13/06 04:50,0.0
01/13/06 04:55,0.0
01/13/06 05:00,0.0
01/13/06 05:05,0.0
01/13/06 05:10,0.0
01/13/06 05:15,0.0
01/13/06 05:20,0.0
01/13/06 05:25,0.0
01/13/06 05:30,0.0
01/13/06 05:35,0.0
01/13/06 05:40,0.0
01/13/06 05:45,0.0
01/13/06 05:50,0.0
01/13/06 05:55,0.0
01/13/06 06:00,0.0
01/13/06 06:05,0.0
01/13/06 06:10,0.0
01/13/06 06:15,0.0
01/13/06 06:20,0.0
01/13/06 06:25,0.0
01/13/06 06:30,0.0
01/13/06 06:35,0.0
01/13/06 06:40,0.0
01/13/06 06:45,0.0
01/13/06 06:50,0.0
01/13/06 06:55,0.0
01/13/06 07:00,0.0
01/13/06 07:05,0.0
01/13/06 07:10,0.0
01/13/06 07:15,0.0
01/13/06 07:20,0.0
01/13/06 07:25,0.0
01/13/06 07:30,0.0
01/13/06 07:35,0.0
01/13/06 07:40,0.0
01/13/06 07:45,0.0
01/13/06 07:50,0.0
01/13/06 07:55,0.0
01/13/06 08:00,0.0
01/13/06 08:05,0.0
01/13/06 08:10,0.0
01/13/06 08:15,0.0
01/13/06 08:20,0.1
01/13/06 08:25,0.1
01/13/06 08:30,0.1
01/13/06 08:35,0.2
01/13/06 08:40,0.2
01/13/06 08:45,0.2
01/13/06 08:50,0.3
01/13/06 08:55,0.3
01/13/06 09:00,0.4
01/13/06 09:05,0.4
01/13/06 09:10,0.5
01/13/06 09:15,0.5
01/13/06 09:20,0.4
01/13/06 09:25,0.3
01/13/06 09:30,0.2
01/13/06 09:35,0.1
01/13/06 09:40,0.1
01/13/06 09:45,0.1
01/13/06 09:50,0.2
01/13/06 09:55,0.5
01/13/06 10:00,0.9
01/13/06 10:05,1.8
01/13/06 10:10,3.6
01/13/06 10:15,4.2
01/13/06 10:20,4.8
01/13/06 10:25,5.3
01/13/06 10:30,5.7
01/13/06 10:35,6.2
01/13/06 10:40,6.8
01/13/06 10:45,8.0
01/13/06 10:50,9.1
01/13/06 10:55,9.8
01/13/06 11:00,10.9
01/13/06 11:05,11.8
01/13/06 11:10,12.7
01/13/06 11:15,14.0
01/13/06 11:20,15.1
01/13/06 11:25,14.8
01/13/06 11:30,11.6
01/13/06 11:35,10.4
01/13/06 11:40,11.5
01/13/06 11:45,14.1
01/13/06 11:50,14.7
01/13/06 11:55,14.4
01/13/06 12:00,16.6
01/13/06 12:05,18.9
01/13/06 12:10,20.3
01/13/06 12:15,21.8
01/13/06 12:20,22.6
01/13/06 12:25,23.2
01/13/06 12:30,23.5
01/13/06 12:35,23.6
01/13/06 12:40,23.7
01/13/06 12:45,23.8
01/13/06 12:50,23.9
01/13/06 12:55,24.0
01/13/06 13:00,24.0
01/13/06 13:05,24.0
01/13/06 13:10,24.0
01/13/06 13:15,23.6
01/13/06 13:20,23.2
01/13/06 13:25,22.8
01/13/06 13:30,22.5
01/13/06 13:35,22.1
01/13/06 13:40,21.7
01/13/06 13:45,21.1
01/13/06 13:50,20.5
01/13/06 13:55,20.1
01/13/06 14:00,19.7
01/13/06 14:05,19.3
01/13/06 14:10,18.9
01/13/06 14:15,18.7
01/13/06 14:20,18.5
01/13/06 14:25,18.3
01/13/06 14:30,17.9
01/13/06 14:35,17.6
01/13/06 14:40,17.2
01/13/06 14:45,16.8
01/13/06 14:50,16.4
01/13/06 14:55,15.8
01/13/06 15:00,15.2
01/13/06 15:05,14.7
01/13/06 15:10,14.2
01/13/06 15:15,13.5
01/13/06 15:20,12.9
01/13/06 15:25,12.2
01/13/06 15:30,11.5
01/13/06 15:35,10.7
01/13/06 15:40,10.0
01/13/06 15:45,9.2
01/13/06 15:50,8.5
01/13/06 15:55,7.7
01/13/06 16:00,7.1
01/13/06 16:05,6.5
01/13/06 16:10,5.8
01/13/06 16:15,5.2
01/13/06 16:20,4.4
01/13/06 16:25,3.6
01/13/06 16:30,1.5
01/13/06 16:35,0.5
01/13/06 16:40,0.1
01/13/06 16:45,0.0
01/13/06 16:50,0.0
01/13/06 16:55,0.0
01/13/06 17:00,0.0
01/13/06 17:05,0.0
01/13/06 17:10,0.0
01/13/06 17:15,0.0
01/13/06 17:20,0.0
01/13/06 17:25,0.0
01/13/06 17:30,0.0
01/13/06 17:35,0.0
01/13/06 17:40,0.0
01/13/06 17:45,0.0
01/13/06 17:50,0.0
01/13/06 17:55,0.0
01/13/06 18:00,0.0
01/13/06 18:05,0.0
01/13/06 18:10,0.0
01/13/06 18:15,0.0
01/13/06 18:20,0.0
01/13/06 18:25,0.0
01/13/06 18:30,0.0
01/13/06 18:35,0.0
01/13/06 18:40,0.0
01/13/06 18:45,0.0
01/13/06 18:50,0.0
01/13/06 18:55,0.0
01/13/06 19:00,0.0
01/13/06 19:05,0.0
01/13/06 19:10,0.0
01/13/06 19:15,0.0
01/13/06 19:20,0.0
01/13/06 19:25,0.0
01/13/06 19:30,0.0
01/13/06 19:35,0.0
01/13/06 19:40,0.0
01/13/06 19:45,0.0
01/13/06 19:50,0.0
01/13/06 19:55,0.0
01/13/06 20:00,0.0
01/13/06 20:05,0.0
01/13/06 20:10,0.0
01/13/06 20:15,0.0
01/13/06 20:20,0.0
01/13/06 20:25,0.0
01/13/06 20:30,0.0
01/13/06 20:35,0.0
01/13/06 20:40,0.0
01/13/06 20:45,0.0
01/13/06 20:50,0.0
01/13/06 20:55,0.0
01/13/06 21:00,0.0
01/13/06 21:05,0.0
01/13/06 21:10,0.0
01/13/06 21:15,0.0
01/13/06 21:20,0.0
01/13/06 21:25,0.0
01/13/06 21:30,0.0
01/13/06 21:35,0.0
01/13/06 21:40,0.0
01/13/06 21:45,0.0
01/13/06 21:50,0.0
01/13/06 21:55,0.0
01/13/06 22:00,0.0
01/13/06 22:05,0.0
01/13/06 22:10,0.0
01/13/06 22:15,0.0
01/13/06 22:20,0.0
01/13/06 22:25,0.0
01/13/06 22:30,0.0
01/13/06 22:35,0.0
01/13/06 22:40,0.0
01/13/06 22:45,0.0
01/13/06 22:50,0.0
01/13/06 22:55,0.0
01/13/06 23:00,0.0
01/13/06 23:05,0.0
01/13/06 23:10,0.0
01/13/06 23:15,0.0
01/13/06 23:20,0.0
01/13/06 23:25,0.0
01/13/06 23:30,0.0
01/13/06 23:35,0.0
01/13/06 23:40,0.0
01/13/06 23:45,0.0
01/13/06 23:50,0.0
01/13/06 23:55,0.0
01/14/06 00:00,0.0
01/14/06 00:05,0.0
01/14/06 00:10,0.0
01/14/06 00:15,0.0
01/14/06 00:20,0.0
01/14/06 00:25,0.0
01/14/06 00:30,0.0
01/14/06 00:35,0.0
01/14/06 00:40,0.0
01/14/06 00:45,0.0
01/14/06 00:50,0.0
01/14/06 00:55,0.0
01/14/06 01:00,0.0
01/14/06 01:05,0.0
01/14/06 01:10,0.0
01/14/06 01:15,0.0
01/14/06 01:20,0.0
01/14/06 01:25,0.0
01/14/06 01:30,0.0
01/14/06 01:35,0.0
01/14/06 01:40,0.0
01/14/06 01:45,0.0
01/14/06 01:50,0.0
01/14/06 01:55,0.0
01/14/06 02:00,0.0
01/14/06 02:05,0.0
01/14/06 02:10,0.0
01/14/06 02:15,0.0
01/14/06 02:20,0.0
01/14/06 02:25,0.0
01/14/06 02:30,0.0
01/14/06 02:35,0.0
01/14/06 02:40,0.0
01/14/06 02:45,0.0
01/14/06 02:50,0.0
01/14/06 02:55,0.0
01/14/06 03:00,0.0
01/14/06 03:05,0.0
01/14/06 03:10,0.0
01/14/06 03:15,0.0
01/14/06 03:20,0.0
01/14/06 03:25,0.0
01/14/06 03:30,0.0
01/14/06 03:35,0.0
01/14/06 03:40,0.0
01/14/06 03:45,0.0
01/14/06 03:50,0.0
01/14/06 03:55,0.0
01/14/06 04:00,0.0
01/14/06 04:05,0.0
01/14/06 04:10,0.0
01/14/06 04:15,0.0
01/14/06 04:20,0.0
01/14/06 04:25,0.0
01/14/06 04:30,0.0
01/14/06 04:35,0.0
01/14/06 04:40,0.0
01/14/06 04:45,0.0
01/14/06 04:50,0.0
01/14/06 04:55,0.0
01/14/06 05:00,0.0
01/14/06 05:05,0.0
01/14/06 05:10,0.0
01/14/06 05:15,0.0
01/14/06 05:20,0.0
01/14/06 05:25,0.0
01/14/06 05:30,0.0
01/14/06 05:35,0.0
01/14/06 05:40,0.0
01/14/06 05:45,0.0
01/14/06 05:50,0.0
01/14/06 05:55,0.0
01/14/06 06:00,0.0
01/14/06 06:05,0.0
01/14/06 06:10,0.0
01/14/06 06:15,0.0
01/14/06 06:20,0.0
01/14/06 06:25,0.0
01/14/06 06:30,0.0
01/14/06 06:35,0.0
01/14/06 06:40,0.0
01/14/06 06:45,0.0
01/14/06 06:50,0.0
01/14/06 06:55,0.0
01/14/06 07:00,0.0
01/14/06 07:05,0.0
01/14/06 07:10,0.0
01/14/06 07:15,0.0
01/14/06 07:20,0.1
01/14/06 07:25,0.5
01/14/06 07:30,1.5
01/14/06 07:35,3.3
01/14/06 07:40,4.3
01/14/06 07:45,5.0
01/14/06 07:50,5.7
01/14/06 07:55,6.4
01/14/06 08:00,7.1
01/14/06 08:05,7.8
01/14/06 08:10,8.5
01/14/06 08:15,9.2
01/14/06 08:20,10.1
01/14/06 08:25,10.9
01/14/06 08:30,11.9
01/14/06 08:35,12.7
01/14/06 08:40,13.5
01/14/06 08:45,14.2
01/14/06 08:50,14.9
01/14/06 08:55,15.5
01/14/06 09:00,16.0
01/14/06 09:05,16.5
01/14/06 09:10,16.9
01/14/06 09:15,17.4
01/14/06 09:20,17.9
01/14/06 09:25,18.5
01/14/06 09:30,19.0
01/14/06 09:35,19.5
01/14/06 09:40,19.9
01/14/06 09:45,20.3
01/14/06 09:50,20.6
01/14/06 09:55,21.0
01/14/06 10:00,21.4
01/14/06 10:05,21.8
01/14/06 10:10,22.1
01/14/06 10:15,22.5
01/14/06 10:20,22.9
01/14/06 10:25,23.4
01/14/06 10:30,23.8
01/14/06 10:35,24.3
01/14/06 10:40,24.7
01/14/06 10:45,24.9
01/14/06 10:50,25.2
01/14/06 10:55,25.6
01/14/06 11:00,25.9
01/14/06 11:05,26.3
01/14/06 11:10,26.4
01/14/06 11:15,26.2
01/14/06 11:20,25.9
01/14/06 11:25,25.9
01/14/06 11:30,26.1
01/14/06 11:35,26.2
01/14/06 11:40,26.5
01/14/06 11:45,26.8
01/14/06 11:50,27.1
01/14/06 11:55,27.4
01/14/06 12:00,27.7
01/14/06 12:05,27.8
01/14/06 12:10,27.9
01/14/06 12:15,27.5
01/14/06 12:20,26.8
01/14/06 12:25,26.1
01/14/06 12:30,25.5
01/14/06 12:35,25.2
01/14/06 12:40,24.9
01/14/06 12:45,24.7
01/14/06 12:50,24.6
01/14/06 12:55,24.5
01/14/06 13:00,24.3
01/14/06 13:05,23.9
01/14/06 13:10,23.5
01/14/06 13:15,23.4
01/14/06 13:20,23.4
01/14/06 13:25,23.3
01/14/06 13:30,23.1
01/14/06 13:35,23.0
01/14/06 13:40,23.0
01/14/06 13:45,22.8
01/14/06 13:50,22.5
01/14/06 13:55,22.1
01/14/06 14:00,21.9
01/14/06 14:05,21.6
01/14/06 14:10,21.3
01/14/06 14:15,20.7
01/14/06 14:20,20.0
01/14/06 14:25,19.4
01/14/06 14:30,18.8
01/14/06 14:35,18.1
01/14/06 14:40,17.6
01/14/06 14:45,17.1
01/14/06 14:50,16.5
01/14/06 14:55,15.9
01/14/06 15:00,15.3
01/14/06 15:05,14.6
01/14/06 15:10,13.9
01/14/06 15:15,13.3
01/14/06 15:20,12.8
01/14/06 15:25,12.3
01/14/06 15:30,11.6
01/14/06 15:35,10.8
01/14/06 15:40,10.0
01/14/06 15:45,9.2
01/14/06 15:50,8.4
01/14/06 15:55,7.7
01/14/06 16:00,7.1
01/14/06 16:05,6.4
01/14/06 16:10,5.7
01/14/06 16:15,5.1
01/14/06 16:20,4.5
01/14/06 16:25,3.8
01/14/06 16:30,1.8
01/14/06 16:35,0.7
01/14/06 16:40,0.2
01/14/06 16:45,0.0
01/14/06 16:50,0.0
01/14/06 16:55,0.0
01/14/06 17:00,0.0
01/14/06 17:05,0.0
01/14/06 17:10,0.0
01/14/06 17:15,0.0
01/14/06 17:20,0.0
01/14/06 17:25,0.0
01/14/06 17:30,0.0
01/14/06 17:35,0.0
01/14/06 17:40,0.0
01/14/06 17:45,0.0
01/14/06 17:50,0.0
01/14/06 17:55,0.0
01/14/06 18:00,0.0
01/14/06 18:05,0.0
01/14/06 18:10,0.0
01/14/06 18:15,0.0
01/14/06 18:20,0.0
01/14/06 18:25,0.0
01/14/06 18:30,0.0
01/14/06 18:35,0.0
01/14/06 18:40,0.0
01/14/06 18:45,0.0
01/14/06 18:50,0.0
01/14/06 18:55,0.0
01/14/06 19:00,0.0
01/14/06 19:05,0.0
01/14/06 19:10,0.0
01/14/06 19:15,0.0
01/14/06 19:20,0.0
01/14/06 19:25,0.0
01/14/06 19:30,0.0
01/14/06 19:35,0.0
01/14/06 19:40,0.0
01/14/06 19:45,0.0
01/14/06 19:50,0.0
01/14/06 19:55,0.0
01/14/06 20:00,0.0
01/14/06 20:05,0.0
01/14/06 20:10,0.0
01/14/06 20:15,0.0
01/14/06 20:20,0.0
01/14/06 20:25,0.0
01/14/06 20:30,0.0
01/14/06 20:35,0.0
01/14/06 20:40,0.0
01/14/06 20:45,0.0
01/14/06 20:50,0.0
01/14/06 20:55,0.0
01/14/06 21:00,0.0
01/14/06 21:05,0.0
01/14/06 21:10,0.0
01/14/06 21:15,0.0
01/14/06 21:20,0.0
01/14/06 21:25,0.0
01/14/06 21:30,0.0
01/14/06 21:35,0.0
01/14/06 21:40,0.0
01/14/06 21:45,0.0
01/14/06 21:50,0.0
01/14/06 21:55,0.0
01/14/06 22:00,0.0
01/14/06 22:05,0.0
01/14/06 22:10,0.0
01/14/06 22:15,0.0
01/14/06 22:20,0.0
01/14/06 22:25,0.0
01/14/06 22:30,0.0
01/14/06 22:35,0.0
01/14/06 22:40,0.0
01/14/06 22:45,0.0
01/14/06 22:50,0.0
01/14/06 22:55,0.0
01/14/06 23:00,0.0
01/14/06 23:05,0.0
01/14/06 23:10,0.0
01/14/06 23:15,0.0
01/14/06 23:20,0.0
01/14/06 23:25,0.0
01/14/06 23:30,0.0
01/14/06 23:35,0.0
01/14/06 23:40,0.0
01/14/06 23:45,0.0
01/14/06 23:50,0.0
01/14/06 23:55,0.0
01/15/06 00:00,0.0
01/15/06 00:05,0.0
01/15/06 00:10,0.0
01/15/06 00:15,0.0
01/15/06 00:20,0.0
01/15/06 00:25,0.0
01/15/06 00:30,0.0
01/15/06 00:35,0.0
01/15/06 00:40,0.0
01/15/06 00:45,0.0
01/15/06 00:50,0.0
01/15/06 00:55,0.0
01/15/06 01:00,0.0
01/15/06 01:05,0.0
01/15/06 01:10,0.0
01/15/06 01:15,0.0
01/15/06 01:20,0.0
01/15/06 01:25,0.0
01/15/06 01:30,0.0
01/15/06 01:35,0.0
01/15/06 01:40,0.0
01/15/06 01:45,0.0
01/15/06 01:50,0.0
01/15/06 01:55,0.0
01/15/06 02:00,0.0
01/15/06 02:05,0.0
01/15/06 02:10,0.0
01/15/06 02:15,0.0
01/15/06 02:20,0.0
01/15/06 02:25,0.0
01/15/06 02:30,0.0
01/15/06 02:35,0.0
01/15/06 02:40,0.0
01/15/06 02:45,0.0
01/15/06 02:50,0.0
01/15/06 02:55,0.0
01/15/06 03:00,0.0
01/15/06 03:05,0.0
01/15/06 03:10,0.0
01/15/06 03:15,0.0
01/15/06 03:20,0.0
01/15/06 03:25,0.0
01/15/06 03:30,0.0
01/15/06 03:35,0.0
01/15/06 03:40,0.0
01/15/06 03:45,0.0
01/15/06 03:50,0.0
01/15/06 03:55,0.0
01/15/06 04:00,0.0
01/15/06 04:05,0.0
01/15/06 04:10,0.0
01/15/06 04:15,0.0
01/15/06 04:20,0.0
01/15/06 04:25,0.0
01/15/06 04:30,0.0
01/15/06 04:35,0.0
01/15/06 04:40,0.0
01/15/06 04:45,0.0
01/15/06 04:50,0.0
01/15/06 04:55,0.0
01/15/06 05:00,0.0
01/15/06 05:05,0.0
01/15/06 05:10,0.0
01/15/06 05:15,0.0
01/15/06 05:20,0.0
01/15/06 05:25,0.0
01/15/06 05:30,0.0
01/15/06 05:35,0.0
01/15/06 05:40,0.0
01/15/06 05:45,0.0
01/15/06 05:50,0.0
01/15/06 05:55,0.0
01/15/06 06:00,0.0
01/15/06 06:05,0.0
01/15/06 06:10,0.0
01/15/06 06:15,0.0
01/15/06 06:20,0.0
01/15/06 06:25,0.0
01/15/06 06:30,0.0
01/15/06 06:35,0.0
01/15/06 06:40,0.0
01/15/06 06:45,0.0
01/15/06 06:50,0.0
01/15/06 06:55,0.0
01/15/06 07:00,0.0
01/15/06 07:05,0.0
01/15/06 07:10,0.0
01/15/06 07:15,0.0
01/15/06 07:20,0.0
01/15/06 07:25,0.1
01/15/06 07:30,0.2
01/15/06 07:35,0.1
01/15/06 07:40,0.0
01/15/06 07:45,0.0
01/15/06 07:50,0.0
01/15/06 07:55,0.5
01/15/06 08:00,2.7
01/15/06 08:05,2.3
01/15/06 08:10,3.9
01/15/06 08:15,4.7
01/15/06 08:20,4.9
01/15/06 08:25,5.4
01/15/06 08:30,5.9
01/15/06 08:35,6.5
01/15/06 08:40,7.1
01/15/06 08:45,8.0
01/15/06 08:50,8.9
01/15/06 08:55,9.8
01/15/06 09:00,10.6
01/15/06 09:05,11.5
01/15/06 09:10,12.4
01/15/06 09:15,13.2
01/15/06 09:20,12.9
01/15/06 09:25,13.3
01/15/06 09:30,13.6
01/15/06 09:35,12.6
01/15/06 09:40,11.7
01/15/06 09:45,13.5
01/15/06 09:50,15.3
01/15/06 09:55,15.4
01/15/06 10:00,16.4
01/15/06 10:05,16.8
01/15/06 10:10,16.3
01/15/06 10:15,16.1
01/15/06 10:20,15.8
01/15/06 10:25,15.4
01/15/06 10:30,14.7
01/15/06 10:35,14.1
01/15/06 10:40,13.5
01/15/06 10:45,12.9
01/15/06 10:50,12.3
01/15/06 10:55,11.9
01/15/06 11:00,11.3
01/15/06 11:05,10.3
01/15/06 11:10,9.3
01/15/06 11:15,8.3
01/15/06 11:20,7.5
01/15/06 11:25,7.4
01/15/06 11:30,7.5
01/15/06 11:35,7.8
01/15/06 11:40,8.2
01/15/06 11:45,8.8
01/15/06 11:50,10.0
01/15/06 11:55,10.9
01/15/06 12:00,11.8
01/15/06 12:05,12.5
01/15/06 12:10,13.2
01/15/06 12:15,13.7
01/15/06 12:20,13.7
01/15/06 12:25,13.4
01/15/06 12:30,13.0
01/15/06 12:35,12.3
01/15/06 12:40,12.1
01/15/06 12:45,12.3
01/15/06 12:50,12.3
01/15/06 12:55,12.3
01/15/06 13:00,12.4
01/15/06 13:05,12.1
01/15/06 13:10,11.8
01/15/06 13:15,11.0
01/15/06 13:20,9.6
01/15/06 13:25,8.8
01/15/06 13:30,8.7
01/15/06 13:35,8.6
01/15/06 13:40,8.3
01/15/06 13:45,8.1
01/15/06 13:50,7.5
01/15/06 13:55,6.4
01/15/06 14:00,5.8
01/15/06 14:05,5.3
01/15/06 14:10,5.0
01/15/06 14:15,5.1
01/15/06 14:20,6.8
01/15/06 14:25,6.0
01/15/06 14:30,5.4
01/15/06 14:35,6.6
01/15/06 14:40,8.3
01/15/06 14:45,7.0
01/15/06 14:50,4.9
01/15/06 14:55,4.2
01/15/06 15:00,3.7
01/15/06 15:05,3.1
01/15/06 15:10,3.7
01/15/06 15:15,4.0
01/15/06 15:20,4.3
01/15/06 15:25,3.9
01/15/06 15:30,2.4
01/15/06 15:35,1.3
01/15/06 15:40,0.8
01/15/06 15:45,0.5
01/15/06 15:50,0.4
01/15/06 15:55,0.3
01/15/06 16:00,0.3
01/15/06 16:05,0.4
01/15/06 16:10,0.6
01/15/06 16:15,0.7
01/15/06 16:20,0.5
01/15/06 16:25,0.3
01/15/06 16:30,0.2
01/15/06 16:35,0.1
01/15/06 16:40,0.0
01/15/06 16:45,0.0
01/15/06 16:50,0.0
01/15/06 16:55,0.0
01/15/06 17:00,0.0
01/15/06 17:05,0.0
01/15/06 17:10,0.0
01/15/06 17:15,0.0
01/15/06 17:20,0.0
01/15/06 17:25,0.0
01/15/06 17:30,0.0
01/15/06 17:35,0.0
01/15/06 17:40,0.0
01/15/06 17:45,0.0
01/15/06 17:50,0.0
01/15/06 17:55,0.0
01/15/06 18:00,0.0
01/15/06 18:05,0.0
01/15/06 18:10,0.0
01/15/06 18:15,0.0
01/15/06 18:20,0.0
01/15/06 18:25,0.0
01/15/06 18:30,0.0
01/15/06 18:35,0.0
01/15/06 18:40,0.0
01/15/06 18:45,0.0
01/15/06 18:50,0.0
01/15/06 18:55,0.0
01/15/06 19:00,0.0
01/15/06 19:05,0.0
01/15/06 19:10,0.0
01/15/06 19:15,0.0
01/15/06 19:20,0.0
01/15/06 19:25,0.0
01/15/06 19:30,0.0
01/15/06 19:35,0.0
01/15/06 19:40,0.0
01/15/06 19:45,0.0
01/15/06 19:50,0.0
01/15/06 19:55,0.0
01/15/06 20:00,0.0
01/15/06 20:05,0.0
01/15/06 20:10,0.0
01/15/06 20:15,0.0
01/15/06 20:20,0.0
01/15/06 20:25,0.0
01/15/06 20:30,0.0
01/15/06 20:35,0.0
01/15/06 20:40,0.0
01/15/06 20:45,0.0
01/15/06 20:50,0.0
01/15/06 20:55,0.0
01/15/06 21:00,0.0
01/15/06 21:05,0.0
01/15/06 21:10,0.0
01/15/06 21:15,0.0
01/15/06 21:20,0.0
01/15/06 21:25,0.0
01/15/06 21:30,0.0
01/15/06 21:35,0.0
01/15/06 21:40,0.0
01/15/06 21:45,0.0
01/15/06 21:50,0.0
01/15/06 21:55,0.0
01/15/06 22:00,0.0
01/15/06 22:05,0.0
01/15/06 22:10,0.0
01/15/06 22:15,0.0
01/15/06 22:20,0.0
01/15/06 22:25,0.0
01/15/06 22:30,0.0
01/15/06 22:35,0.0
01/15/06 22:40,0.0
01/15/06 22:45,0.0
01/15/06 22:50,0.0
01/15/06 22:55,0.0
01/15/06 23:00,0.0
01/15/06 23:05,0.0
01/15/06 23:10,0.0
01/15/06 23:15,0.0
01/15/06 23:20,0.0
01/15/06 23:25,0.0
01/15/06 23:30,0.0
01/15/06 23:35,0.0
01/15/06 23:40,0.0
01/15/06 23:45,0.0
01/15/06 23:50,0.0
01/15/06 23:55,0.0
01/16/06 00:00,0.0
01/16/06 00:05,0.0
01/16/06 00:10,0.0
01/16/06 00:15,0.0
01/16/06 00:20,0.0
01/16/06 00:25,0.0
01/16/06 00:30,0.0
01/16/06 00:35,0.0
01/16/06 00:40,0.0
01/16/06 00:45,0.0
01/16/06 00:50,0.0
01/16/06 00:55,0.0
01/16/06 01:00,0.0
01/16/06 01:05,0.0
01/16/06 01:10,0.0
01/16/06 01:15,0.0
01/16/06 01:20,0.0
01/16/06 01:25,0.0
01/16/06 01:30,0.0
01/16/06 01:35,0.0
01/16/06 01:40,0.0
01/16/06 01:45,0.0
01/16/06 01:50,0.0
01/16/06 01:55,0.0
01/16/06 02:00,0.0
01/16/06 02:05,0.0
01/16/06 02:10,0.0
01/16/06 02:15,0.0
01/16/06 02:20,0.0
01/16/06 02:25,0.0
01/16/06 02:30,0.0
01/16/06 02:35,0.0
01/16/06 02:40,0.0
01/16/06 02:45,0.0
01/16/06 02:50,0.0
01/16/06 02:55,0.0
01/16/06 03:00,0.0
01/16/06 03:05,0.0
01/16/06 03:10,0.0
01/16/06 03:15,0.0
01/16/06 03:20,0.0
01/16/06 03:25,0.0
01/16/06 03:30,0.0
01/16/06 03:35,0.0
01/16/06 03:40,0.0
01/16/06 03:45,0.0
01/16/06 03:50,0.0
01/16/06 03:55,0.0
01/16/06 04:00,0.0
01/16/06 04:05,0.0
01/16/06 04:10,0.0
01/16/06 04:15,0.0
01/16/06 04:20,0.0
01/16/06 04:25,0.0
01/16/06 04:30,0.0
01/16/06 04:35,0.0
01/16/06 04:40,0.0
01/16/06 04:45,0.0
01/16/06 04:50,0.0
01/16/06 04:55,0.0
01/16/06 05:00,0.0
01/16/06 05:05,0.0
01/16/06 05:10,0.0
01/16/06 05:15,0.0
01/16/06 05:20,0.0
01/16/06 05:25,0.0
01/16/06 05:30,0.0
01/16/06 05:35,0.0
01/16/06 05:40,0.0
01/16/06 05:45,0.0
01/16/06 05:50,0.0
01/16/06 05:55,0.0
01/16/06 06:00,0.0
01/16/06 06:05,0.0
01/16/06 06:10,0.0
01/16/06 06:15,0.0
01/16/06 06:20,0.0
01/16/06 06:25,0.0
01/16/06 06:30,0.0
01/16/06 06:35,0.0
01/16/06 06:40,0.0
01/16/06 06:45,0.0
01/16/06 06:50,0.0
01/16/06 06:55,0.0
01/16/06 07:00,0.0
01/16/06 07:05,0.0
01/16/06 07:10,0.0
01/16/06 07:15,0.0
01/16/06 07:20,0.0
01/16/06 07:25,0.1
01/16/06 07:30,0.1
01/16/06 07:35,0.1
01/16/06 07:40,0.0
01/16/06 07:45,0.1
01/16/06 07:50,0.1
01/16/06 07:55,0.1
01/16/06 08:00,0.1
01/16/06 08:05,0.2
01/16/06 08:10,0.3
01/16/06 08:15,1.0
01/16/06 08:20,4.3
01/16/06 08:25,3.6
01/16/06 08:30,1.2
01/16/06 08:35,0.5
01/16/06 08:40,0.3
01/16/06 08:45,0.3
01/16/06 08:50,0.3
01/16/06 08:55,0.6
01/16/06 09:00,0.9
01/16/06 09:05,1.2
01/16/06 09:10,1.2
01/16/06 09:15,4.1
01/16/06 09:20,6.4
01/16/06 09:25,8.3
01/16/06 09:30,9.6
01/16/06 09:35,10.3
01/16/06 09:40,10.7
01/16/06 09:45,11.4
01/16/06 09:50,12.7
01/16/06 09:55,14.1
01/16/06 10:00,15.3
01/16/06 10:05,16.2
01/16/06 10:10,17.0
01/16/06 10:15,17.2
01/16/06 10:20,16.9
01/16/06 10:25,16.5
01/16/06 10:30,15.9
01/16/06 10:35,15.3
01/16/06 10:40,14.7
01/16/06 10:45,13.8
01/16/06 10:50,13.1
01/16/06 10:55,12.4
01/16/06 11:00,11.3
01/16/06 11:05,10.4
01/16/06 11:10,9.6
01/16/06 11:15,8.1
01/16/06 11:20,6.8
01/16/06 11:25,6.2
01/16/06 11:30,6.1
01/16/06 11:35,6.3
01/16/06 11:40,7.2
01/16/06 11:45,8.0
01/16/06 11:50,8.6
01/16/06 11:55,9.1
01/16/06 12:00,9.9
01/16/06 12:05,10.1
01/16/06 12:10,10.5
01/16/06 12:15,10.3
01/16/06 12:20,9.8
01/16/06 12:25,9.4
01/16/06 12:30,9.2
01/16/06 12:35,8.8
01/16/06 12:40,8.3
01/16/06 12:45,7.3
01/16/06 12:50,6.4
01/16/06 12:55,5.5
01/16/06 13:00,5.1
01/16/06 13:05,5.0
01/16/06 13:10,5.0
01/16/06 13:15,4.8
01/16/06 13:20,4.5
01/16/06 13:25,4.3
01/16/06 13:30,4.3
01/16/06 13:35,4.2
01/16/06 13:40,3.6
01/16/06 13:45,2.3
01/16/06 13:50,1.9
01/16/06 13:55,1.6
01/16/06 14:00,1.6
01/16/06 14:05,1.7
01/16/06 14:10,1.7
01/16/06 14:15,1.7
01/16/06 14:20,1.7
01/16/06 14:25,1.9
01/16/06 14:30,2.3
01/16/06 14:35,2.0
01/16/06 14:40,1.8
01/16/06 14:45,1.4
01/16/06 14:50,1.2
01/16/06 14:55,1.1
01/16/06 15:00,1.2
01/16/06 15:05,1.3
01/16/06 15:10,1.5
01/16/06 15:15,1.5
01/16/06 15:20,2.5
01/16/06 15:25,2.9
01/16/06 15:30,3.2
01/16/06 15:35,3.6
01/16/06 15:40,2.7
01/16/06 15:45,1.6
01/16/06 15:50,1.0
01/16/06 15:55,0.8
01/16/06 16:00,0.5
01/16/06 16:05,0.3
01/16/06 16:10,0.1
01/16/06 16:15,0.1
01/16/06 16:20,0.5
01/16/06 16:25,1.1
01/16/06 16:30,1.2
01/16/06 16:35,0.9
01/16/06 16:40,0.6
01/16/06 16:45,0.3
01/16/06 16:50,0.1
01/16/06 16:55,0.0
01/16/06 17:00,0.0
01/16/06 17:05,0.0
01/16/06 17:10,0.0
01/16/06 17:15,0.0
01/16/06 17:20,0.0
01/16/06 17:25,0.0
01/16/06 17:30,0.0
01/16/06 17:35,0.0
01/16/06 17:40,0.0
01/16/06 17:45,0.0
01/16/06 17:50,0.0
01/16/06 17:55,0.0
01/16/06 18:00,0.0
01/16/06 18:05,0.0
01/16/06 18:10,0.0
01/16/06 18:15,0.0
01/16/06 18:20,0.0
01/16/06 18:25,0.0
01/16/06 18:30,0.0
01/16/06 18:35,0.0
01/16/06 18:40,0.0
01/16/06 18:45,0.0
01/16/06 18:50,0.0
01/16/06 18:55,0.0
01/16/06 19:00,0.0
01/16/06 19:05,0.0
01/16/06 19:10,0.0
01/16/06 19:15,0.0
01/16/06 19:20,0.0
01/16/06 19:25,0.0
01/16/06 19:30,0.0
01/16/06 19:35,0.0
01/16/06 19:40,0.0
01/16/06 19:45,0.0
01/16/06 19:50,0.0
01/16/06 19:55,0.0
01/16/06 20:00,0.0
01/16/06 20:05,0.0
01/16/06 20:10,0.0
01/16/06 20:15,0.0
01/16/06 20:20,0.0
01/16/06 20:25,0.0
01/16/06 20:30,0.0
01/16/06 20:35,0.0
01/16/06 20:40,0.0
01/16/06 20:45,0.0
01/16/06 20:50,0.0
01/16/06 20:55,0.0
01/16/06 21:00,0.0
01/16/06 21:05,0.0
01/16/06 21:10,0.0
01/16/06 21:15,0.0
01/16/06 21:20,0.0
01/16/06 21:25,0.0
01/16/06 21:30,0.0
01/16/06 21:35,0.0
01/16/06 21:40,0.0
01/16/06 21:45,0.0
01/16/06 21:50,0.0
01/16/06 21:55,0.0
01/16/06 22:00,0.0
01/16/06 22:05,0.0
01/16/06 22:10,0.0
01/16/06 22:15,0.0
01/16/06 22:20,0.0
01/16/06 22:25,0.0
01/16/06 22:30,0.0
01/16/06 22:35,0.0
01/16/06 22:40,0.0
01/16/06 22:45,0.0
01/16/06 22:50,0.0
01/16/06 22:55,0.0
01/16/06 23:00,0.0
01/16/06 23:05,0.0
01/16/06 23:10,0.0
01/16/06 23:15,0.0
01/16/06 23:20,0.0
01/16/06 23:25,0.0
01/16/06 23:30,0.0
01/16/06 23:35,0.0
01/16/06 23:40,0.0
01/16/06 23:45,0.0
01/16/06 23:50,0.0
01/16/06 23:55,0.0
01/17/06 00:00,0.0
01/17/06 00:05,0.0
01/17/06 00:10,0.0
01/17/06 00:15,0.0
01/17/06 00:20,0.0
01/17/06 00:25,0.0
01/17/06 00:30,0.0
01/17/06 00:35,0.0
01/17/06 00:40,0.0
01/17/06 00:45,0.0
01/17/06 00:50,0.0
01/17/06 00:55,0.0
01/17/06 01:00,0.0
01/17/06 01:05,0.0
01/17/06 01:10,0.0
01/17/06 01:15,0.0
01/17/06 01:20,0.0
01/17/06 01:25,0.0
01/17/06 01:30,0.0
01/17/06 01:35,0.0
01/17/06 01:40,0.0
01/17/06 01:45,0.0
01/17/06 01:50,0.0
01/17/06 01:55,0.0
01/17/06 02:00,0.0
01/17/06 02:05,0.0
01/17/06 02:10,0.0
01/17/06 02:15,0.0
01/17/06 02:20,0.0
01/17/06 02:25,0.0
01/17/06 02:30,0.0
01/17/06 02:35,0.0
01/17/06 02:40,0.0
01/17/06 02:45,0.0
01/17/06 02:50,0.0
01/17/06 02:55,0.0
01/17/06 03:00,0.0
01/17/06 03:05,0.0
01/17/06 03:10,0.0
01/17/06 03:15,0.0
01/17/06 03:20,0.0
01/17/06 03:25,0.0
01/17/06 03:30,0.0
01/17/06 03:35,0.0
01/17/06 03:40,0.0
01/17/06 03:45,0.0
01/17/06 03:50,0.0
01/17/06 03:55,0.0
01/17/06 04:00,0.0
01/17/06 04:05,0.0
01/17/06 04:10,0.0
01/17/06 04:15,0.0
01/17/06 04:20,0.0
01/17/06 04:25,0.0
01/17/06 04:30,0.0
01/17/06 04:35,0.0
01/17/06 04:40,0.0
01/17/06 04:45,0.0
01/17/06 04:50,0.0
01/17/06 04:55,0.0
01/17/06 05:00,0.0
01/17/06 05:05,0.0
01/17/06 05:10,0.0
01/17/06 05:15,0.0
01/17/06 05:20,0.0
01/17/06 05:25,0.0
01/17/06 05:30,0.0
01/17/06 05:35,0.0
01/17/06 05:40,0.0
01/17/06 05:45,0.0
01/17/06 05:50,0.0
01/17/06 05:55,0.0
01/17/06 06:00,0.0
01/17/06 06:05,0.0
01/17/06 06:10,0.0
01/17/06 06:15,0.0
01/17/06 06:20,0.0
01/17/06 06:25,0.0
01/17/06 06:30,0.0
01/17/06 06:35,0.0
01/17/06 06:40,0.0
01/17/06 06:45,0.0
01/17/06 06:50,0.0
01/17/06 06:55,0.0
01/17/06 07:00,0.0
01/17/06 07:05,0.0
01/17/06 07:10,0.0
01/17/06 07:15,0.0
01/17/06 07:20,0.0
01/17/06 07:25,0.0
01/17/06 07:30,0.0
01/17/06 07:35,0.0
01/17/06 07:40,0.0
01/17/06 07:45,0.0
01/17/06 07:50,0.0
01/17/06 07:55,0.0
01/17/06 08:00,0.0
01/17/06 08:05,0.0
01/17/06 08:10,0.0
01/17/06 08:15,0.1
01/17/06 08:20,0.1
01/17/06 08:25,0.2
01/17/06 08:30,0.3
01/17/06 08:35,0.6
01/17/06 08:40,1.1
01/17/06 08:45,2.0
01/17/06 08:50,3.6
01/17/06 08:55,4.3
01/17/06 09:00,4.8
01/17/06 09:05,5.4
01/17/06 09:10,6.2
01/17/06 09:15,6.6
01/17/06 09:20,6.9
01/17/06 09:25,7.1
01/17/06 09:30,7.1
01/17/06 09:35,7.1
01/17/06 09:40,7.0
01/17/06 09:45,7.1
01/17/06 09:50,7.1
01/17/06 09:55,7.0
01/17/06 10:00,7.1
01/17/06 10:05,7.2
01/17/06 10:10,6.7
01/17/06 10:15,5.9
01/17/06 10:20,4.8
01/17/06 10:25,4.5
01/17/06 10:30,4.3
01/17/06 10:35,3.8
01/17/06 10:40,3.8
01/17/06 10:45,3.9
01/17/06 10:50,4.3
01/17/06 10:55,4.5
01/17/06 11:00,4.4
01/17/06 11:05,4.5
01/17/06 11:10,4.6
01/17/06 11:15,4.1
01/17/06 11:20,3.7
01/17/06 11:25,2.6
01/17/06 11:30,2.1
01/17/06 11:35,1.9
01/17/06 11:40,1.9
01/17/06 11:45,1.8
01/17/06 11:50,1.7
01/17/06 11:55,1.4
01/17/06 12:00,1.1
01/17/06 12:05,0.9
01/17/06 12:10,0.7
01/17/06 12:15,0.7
01/17/06 12:20,1.1
01/17/06 12:25,1.6
01/17/06 12:30,1.7
01/17/06 12:35,1.5
01/17/06 12:40,1.6
01/17/06 12:45,1.2
01/17/06 12:50,0.9
01/17/06 12:55,0.5
01/17/06 13:00,0.2
01/17/06 13:05,0.1
01/17/06 13:10,0.1
01/17/06 13:15,0.2
01/17/06 13:20,0.5
01/17/06 13:25,0.8
01/17/06 13:30,1.2
01/17/06 13:35,1.5
01/17/06 13:40,1.6
01/17/06 13:45,1.5
01/17/06 13:50,1.3
01/17/06 13:55,1.3
01/17/06 14:00,1.3
01/17/06 14:05,1.4
01/17/06 14:10,1.3
01/17/06 14:15,1.2
01/17/06 14:20,0.9
01/17/06 14:25,0.7
01/17/06 14:30,0.6
01/17/06 14:35,0.5
01/17/06 14:40,0.4
01/17/06 14:45,0.2
01/17/06 14:50,0.1
01/17/06 14:55,0.1
01/17/06 15:00,0.1
01/17/06 15:05,0.0
01/17/06 15:10,0.0
01/17/06 15:15,0.0
01/17/06 15:20,0.0
01/17/06 15:25,0.0
01/17/06 15:30,0.0
01/17/06 15:35,0.0
01/17/06 15:40,0.0
01/17/06 15:45,0.0
01/17/06 15:50,0.0
01/17/06 15:55,0.0
01/17/06 16:00,0.0
01/17/06 16:05,0.0
01/17/06 16:10,0.0
01/17/06 16:15,0.0
01/17/06 16:20,0.1
01/17/06 16:25,0.4
01/17/06 16:30,0.9
01/17/06 16:35,0.8
01/17/06 16:40,0.4
01/17/06 16:45,0.0
01/17/06 16:50,0.0
01/17/06 16:55,0.0
01/17/06 17:00,0.0
01/17/06 17:05,0.0
01/17/06 17:10,0.0
01/17/06 17:15,0.0
01/17/06 17:20,0.0
01/17/06 17:25,0.0
01/17/06 17:30,0.0
01/17/06 17:35,0.0
01/17/06 17:40,0.0
01/17/06 17:45,0.0
01/17/06 17:50,0.0
01/17/06 17:55,0.0
01/17/06 18:00,0.0
01/17/06 18:05,0.0
01/17/06 18:10,0.0
01/17/06 18:15,0.0
01/17/06 18:20,0.0
01/17/06 18:25,0.0
01/17/06 18:30,0.0
01/17/06 18:35,0.0
01/17/06 18:40,0.0
01/17/06 18:45,0.0
01/17/06 18:50,0.0
01/17/06 18:55,0.0
01/17/06 19:00,0.0
01/17/06 19:05,0.0
01/17/06 19:10,0.0
01/17/06 19:15,0.0
01/17/06 19:20,0.0
01/17/06 19:25,0.0
01/17/06 19:30,0.0
01/17/06 19:35,0.0
01/17/06 19:40,0.0
01/17/06 19:45,0.0
01/17/06 19:50,0.0
01/17/06 19:55,0.0
01/17/06 20:00,0.0
01/17/06 20:05,0.0
01/17/06 20:10,0.0
01/17/06 20:15,0.0
01/17/06 20:20,0.0
01/17/06 20:25,0.0
01/17/06 20:30,0.0
01/17/06 20:35,0.0
01/17/06 20:40,0.0
01/17/06 20:45,0.0
01/17/06 20:50,0.0
01/17/06 20:55,0.0
01/17/06 21:00,0.0
01/17/06 21:05,0.0
01/17/06 21:10,0.0
01/17/06 21:15,0.0
01/17/06 21:20,0.0
01/17/06 21:25,0.0
01/17/06 21:30,0.0
01/17/06 21:35,0.0
01/17/06 21:40,0.0
01/17/06 21:45,0.0
01/17/06 21:50,0.0
01/17/06 21:55,0.0
01/17/06 22:00,0.0
01/17/06 22:05,0.0
01/17/06 22:10,0.0
01/17/06 22:15,0.0
01/17/06 22:20,0.0
01/17/06 22:25,0.0
01/17/06 22:30,0.0
01/17/06 22:35,0.0
01/17/06 22:40,0.0
01/17/06 22:45,0.0
01/17/06 22:50,0.0
01/17/06 22:55,0.0
01/17/06 23:00,0.0
01/17/06 23:05,0.0
01/17/06 23:10,0.0
01/17/06 23:15,0.0
01/17/06 23:20,0.0
01/17/06 23:25,0.0
01/17/06 23:30,0.0
01/17/06 23:35,0.0
01/17/06 23:40,0.0
01/17/06 23:45,0.0
01/17/06 23:50,0.0
01/17/06 23:55,0.0
01/18/06 00:00,0.0
01/18/06 00:05,0.0
01/18/06 00:10,0.0
01/18/06 00:15,0.0
01/18/06 00:20,0.0
01/18/06 00:25,0.0
01/18/06 00:30,0.0
01/18/06 00:35,0.0
01/18/06 00:40,0.0
01/18/06 00:45,0.0
01/18/06 00:50,0.0
01/18/06 00:55,0.0
01/18/06 01:00,0.0
01/18/06 01:05,0.0
01/18/06 01:10,0.0
01/18/06 01:15,0.0
01/18/06 01:20,0.0
01/18/06 01:25,0.0
01/18/06 01:30,0.0
01/18/06 01:35,0.0
01/18/06 01:40,0.0
01/18/06 01:45,0.0
01/18/06 01:50,0.0
01/18/06 01:55,0.0
01/18/06 02:00,0.0
01/18/06 02:05,0.0
01/18/06 02:10,0.0
01/18/06 02:15,0.0
01/18/06 02:20,0.0
01/18/06 02:25,0.0
01/18/06 02:30,0.0
01/18/06 02:35,0.0
01/18/06 02:40,0.0
01/18/06 02:45,0.0
01/18/06 02:50,0.0
01/18/06 02:55,0.0
01/18/06 03:00,0.0
01/18/06 03:05,0.0
01/18/06 03:10,0.0
01/18/06 03:15,0.0
01/18/06 03:20,0.0
01/18/06 03:25,0.0
01/18/06 03:30,0.0
01/18/06 03:35,0.0
01/18/06 03:40,0.0
01/18/06 03:45,0.0
01/18/06 03:50,0.0
01/18/06 03:55,0.0
01/18/06 04:00,0.0
01/18/06 04:05,0.0
01/18/06 04:10,0.0
01/18/06 04:15,0.0
01/18/06 04:20,0.0
01/18/06 04:25,0.0
01/18/06 04:30,0.0
01/18/06 04:35,0.0
01/18/06 04:40,0.0
01/18/06 04:45,0.0
01/18/06 04:50,0.0
01/18/06 04:55,0.0
01/18/06 05:00,0.0
01/18/06 05:05,0.0
01/18/06 05:10,0.0
01/18/06 05:15,0.0
01/18/06 05:20,0.0
01/18/06 05:25,0.0
01/18/06 05:30,0.0
01/18/06 05:35,0.0
01/18/06 05:40,0.0
01/18/06 05:45,0.0
01/18/06 05:50,0.0
01/18/06 05:55,0.0
01/18/06 06:00,0.0
01/18/06 06:05,0.0
01/18/06 06:10,0.0
01/18/06 06:15,0.0
01/18/06 06:20,0.0
01/18/06 06:25,0.0
01/18/06 06:30,0.0
01/18/06 06:35,0.0
01/18/06 06:40,0.0
01/18/06 06:45,0.0
01/18/06 06:50,0.0
01/18/06 06:55,0.0
01/18/06 07:00,0.0
01/18/06 07:05,0.0
01/18/06 07:10,0.0
01/18/06 07:15,0.0
01/18/06 07:20,0.2
01/18/06 07:25,0.6
01/18/06 07:30,1.6
01/18/06 07:35,3.6
01/18/06 07:40,4.4
01/18/06 07:45,5.2
01/18/06 07:50,5.9
01/18/06 07:55,6.7
01/18/06 08:00,7.5
01/18/06 08:05,8.2
01/18/06 08:10,8.9
01/18/06 08:15,9.6
01/18/06 08:20,10.3
01/18/06 08:25,11.1
01/18/06 08:30,11.8
01/18/06 08:35,12.5
01/18/06 08:40,13.2
01/18/06 08:45,14.0
01/18/06 08:50,14.8
01/18/06 08:55,15.5
01/18/06 09:00,16.3
01/18/06 09:05,16.9
01/18/06 09:10,17.3
01/18/06 09:15,17.7
01/18/06 09:20,18.0
01/18/06 09:25,18.3
01/18/06 09:30,18.6
01/18/06 09:35,18.8
01/18/06 09:40,19.1
01/18/06 09:45,19.5
01/18/06 09:50,19.9
01/18/06 09:55,20.3
01/18/06 10:00,20.7
01/18/06 10:05,21.0
01/18/06 10:10,21.2
01/18/06 10:15,21.7
01/18/06 10:20,22.2
01/18/06 10:25,22.6
01/18/06 10:30,22.8
01/18/06 10:35,23.0
01/18/06 10:40,23.4
01/18/06 10:45,23.4
01/18/06 10:50,23.5
01/18/06 10:55,23.6
01/18/06 11:00,23.7
01/18/06 11:05,24.0
01/18/06 11:10,24.2
01/18/06 11:15,24.4
01/18/06 11:20,24.6
01/18/06 11:25,24.8
01/18/06 11:30,25.2
01/18/06 11:35,25.4
01/18/06 11:40,25.4
01/18/06 11:45,25.5
01/18/06 11:50,25.5
01/18/06 11:55,25.3
01/18/06 12:00,25.1
01/18/06 12:05,24.9
01/18/06 12:10,24.8
01/18/06 12:15,24.9
01/18/06 12:20,24.8
01/18/06 12:25,24.6
01/18/06 12:30,24.4
01/18/06 12:35,24.1
01/18/06 12:40,23.6
01/18/06 12:45,23.3
01/18/06 12:50,22.8
01/18/06 12:55,22.4
01/18/06 13:00,22.0
01/18/06 13:05,21.7
01/18/06 13:10,21.2
01/18/06 13:15,21.4
01/18/06 13:20,21.9
01/18/06 13:25,22.3
01/18/06 13:30,22.4
01/18/06 13:35,22.5
01/18/06 13:40,22.5
01/18/06 13:45,22.7
01/18/06 13:50,22.6
01/18/06 13:55,22.6
01/18/06 14:00,22.4
01/18/06 14:05,22.3
01/18/06 14:10,22.1
01/18/06 14:15,21.4
01/18/06 14:20,20.5
01/18/06 14:25,19.6
01/18/06 14:30,18.8
01/18/06 14:35,18.3
01/18/06 14:40,17.7
01/18/06 14:45,17.2
01/18/06 14:50,16.7
01/18/06 14:55,16.2
01/18/06 15:00,15.7
01/18/06 15:05,15.1
01/18/06 15:10,14.5
01/18/06 15:15,13.8
01/18/06 15:20,13.2
01/18/06 15:25,12.5
01/18/06 15:30,11.9
01/18/06 15:35,11.2
01/18/06 15:40,10.5
01/18/06 15:45,9.7
01/18/06 15:50,9.0
01/18/06 15:55,8.3
01/18/06 16:00,7.7
01/18/06 16:05,7.0
01/18/06 16:10,6.4
01/18/06 16:15,5.7
01/18/06 16:20,5.0
01/18/06 16:25,4.2
01/18/06 16:30,2.8
01/18/06 16:35,1.1
01/18/06 16:40,0.3
01/18/06 16:45,0.1
01/18/06 16:50,0.0
01/18/06 16:55,0.0
01/18/06 17:00,0.0
01/18/06 17:05,0.0
01/18/06 17:10,0.0
01/18/06 17:15,0.0
01/18/06 17:20,0.0
01/18/06 17:25,0.0
01/18/06 17:30,0.0
01/18/06 17:35,0.0
01/18/06 17:40,0.0
01/18/06 17:45,0.0
01/18/06 17:50,0.0
01/18/06 17:55,0.0
01/18/06 18:00,0.0
01/18/06 18:05,0.0
01/18/06 18:10,0.0
01/18/06 18:15,0.0
01/18/06 18:20,0.0
01/18/06 18:25,0.0
01/18/06 18:30,0.0
01/18/06 18:35,0.0
01/18/06 18:40,0.0
01/18/06 18:45,0.0
01/18/06 18:50,0.0
01/18/06 18:55,0.0
01/18/06 19:00,0.0
01/18/06 19:05,0.0
01/18/06 19:10,0.0
01/18/06 19:15,0.0
01/18/06 19:20,0.0
01/18/06 19:25,0.0
01/18/06 19:30,0.0
01/18/06 19:35,0.0
01/18/06 19:40,0.0
01/18/06 19:45,0.0
01/18/06 19:50,0.0
01/18/06 19:55,0.0
01/18/06 20:00,0.0
01/18/06 20:05,0.0
01/18/06 20:10,0.0
01/18/06 20:15,0.0
01/18/06 20:20,0.0
01/18/06 20:25,0.0
01/18/06 20:30,0.0
01/18/06 20:35,0.0
01/18/06 20:40,0.0
01/18/06 20:45,0.0
01/18/06 20:50,0.0
01/18/06 20:55,0.0
01/18/06 21:00,0.0
01/18/06 21:05,0.0
01/18/06 21:10,0.0
01/18/06 21:15,0.0
01/18/06 21:20,0.0
01/18/06 21:25,0.0
01/18/06 21:30,0.0
01/18/06 21:35,0.0
01/18/06 21:40,0.0
01/18/06 21:45,0.0
01/18/06 21:50,0.0
01/18/06 21:55,0.0
01/18/06 22:00,0.0
01/18/06 22:05,0.0
01/18/06 22:10,0.0
01/18/06 22:15,0.0
01/18/06 22:20,0.0
01/18/06 22:25,0.0
01/18/06 22:30,0.0
01/18/06 22:35,0.0
01/18/06 22:40,0.0
01/18/06 22:45,0.0
01/18/06 22:50,0.0
01/18/06 22:55,0.0
01/18/06 23:00,0.0
01/18/06 23:05,0.0
01/18/06 23:10,0.0
01/18/06 23:15,0.0
01/18/06 23:20,0.0
01/18/06 23:25,0.0
01/18/06 23:30,0.0
01/18/06 23:35,0.0
01/18/06 23:40,0.0
01/18/06 23:45,0.0
01/18/06 23:50,0.0
01/18/06 23:55,0.0
01/19/06 00:00,0.0
01/19/06 00:05,0.0
01/19/06 00:10,0.0
01/19/06 00:15,0.0
01/19/06 00:20,0.0
01/19/06 00:25,0.0
01/19/06 00:30,0.0
01/19/06 00:35,0.0
01/19/06 00:40,0.0
01/19/06 00:45,0.0
01/19/06 00:50,0.0
01/19/06 00:55,0.0
01/19/06 01:00,0.0
01/19/06 01:05,0.0
01/19/06 01:10,0.0
01/19/06 01:15,0.0
01/19/06 01:20,0.0
01/19/06 01:25,0.0
01/19/06 01:30,0.0
01/19/06 01:35,0.0
01/19/06 01:40,0.0
01/19/06 01:45,0.0
01/19/06 01:50,0.0
01/19/06 01:55,0.0
01/19/06 02:00,0.0
01/19/06 02:05,0.0
01/19/06 02:10,0.0
01/19/06 02:15,0.0
01/19/06 02:20,0.0
01/19/06 02:25,0.0
01/19/06 02:30,0.0
01/19/06 02:35,0.0
01/19/06 02:40,0.0
01/19/06 02:45,0.0
01/19/06 02:50,0.0
01/19/06 02:55,0.0
01/19/06 03:00,0.0
01/19/06 03:05,0.0
01/19/06 03:10,0.0
01/19/06 03:15,0.0
01/19/06 03:20,0.0
01/19/06 03:25,0.0
01/19/06 03:30,0.0
01/19/06 03:35,0.0
01/19/06 03:40,0.0
01/19/06 03:45,0.0
01/19/06 03:50,0.0
01/19/06 03:55,0.0
01/19/06 04:00,0.0
01/19/06 04:05,0.0
01/19/06 04:10,0.0
01/19/06 04:15,0.0
01/19/06 04:20,0.0
01/19/06 04:25,0.0
01/19/06 04:30,0.0
01/19/06 04:35,0.0
01/19/06 04:40,0.0
01/19/06 04:45,0.0
01/19/06 04:50,0.0
01/19/06 04:55,0.0
01/19/06 05:00,0.0
01/19/06 05:05,0.0
01/19/06 05:10,0.0
01/19/06 05:15,0.0
01/19/06 05:20,0.0
01/19/06 05:25,0.0
01/19/06 05:30,0.0
01/19/06 05:35,0.0
01/19/06 05:40,0.0
01/19/06 05:45,0.0
01/19/06 05:50,0.0
01/19/06 05:55,0.0
01/19/06 06:00,0.0
01/19/06 06:05,0.0
01/19/06 06:10,0.0
01/19/06 06:15,0.0
01/19/06 06:20,0.0
01/19/06 06:25,0.0
01/19/06 06:30,0.0
01/19/06 06:35,0.0
01/19/06 06:40,0.0
01/19/06 06:45,0.0
01/19/06 06:50,0.0
01/19/06 06:55,0.0
01/19/06 07:00,0.0
01/19/06 07:05,0.0
01/19/06 07:10,0.0
01/19/06 07:15,0.0
01/19/06 07:20,0.3
01/19/06 07:25,0.9
01/19/06 07:30,2.5
01/19/06 07:35,4.0
01/19/06 07:40,4.7
01/19/06 07:45,5.5
01/19/06 07:50,6.3
01/19/06 07:55,7.3
01/19/06 08:00,8.3
01/19/06 08:05,9.1
01/19/06 08:10,9.9
01/19/06 08:15,10.4
01/19/06 08:20,10.8
01/19/06 08:25,11.3
01/19/06 08:30,11.9
01/19/06 08:35,12.5
01/19/06 08:40,13.2
01/19/06 08:45,13.8
01/19/06 08:50,14.5
01/19/06 08:55,15.2
01/19/06 09:00,15.8
01/19/06 09:05,16.5
01/19/06 09:10,17.2
01/19/06 09:15,17.7
01/19/06 09:20,18.1
01/19/06 09:25,18.5
01/19/06 09:30,19.0
01/19/06 09:35,19.5
01/19/06 09:40,20.1
01/19/06 09:45,20.8
01/19/06 09:50,21.4
01/19/06 09:55,21.9
01/19/06 10:00,22.5
01/19/06 10:05,22.9
01/19/06 10:10,23.2
01/19/06 10:15,23.2
01/19/06 10:20,23.2
01/19/06 10:25,23.1
01/19/06 10:30,23.2
01/19/06 10:35,23.4
01/19/06 10:40,23.5
01/19/06 10:45,23.7
01/19/06 10:50,24.0
01/19/06 10:55,24.5
01/19/06 11:00,24.8
01/19/06 11:05,25.0
01/19/06 11:10,25.2
01/19/06 11:15,25.2
01/19/06 11:20,25.1
01/19/06 11:25,25.0
01/19/06 11:30,25.1
01/19/06 11:35,25.2
01/19/06 11:40,25.2
01/19/06 11:45,25.0
01/19/06 11:50,24.8
01/19/06 11:55,24.5
01/19/06 12:00,24.3
01/19/06 12:05,24.2
01/19/06 12:10,24.1
01/19/06 12:15,24.4
01/19/06 12:20,24.9
01/19/06 12:25,25.1
01/19/06 12:30,25.2
01/19/06 12:35,25.2
01/19/06 12:40,25.1
01/19/06 12:45,25.3
01/19/06 12:50,25.4
01/19/06 12:55,25.6
01/19/06 13:00,25.5
01/19/06 13:05,25.3
01/19/06 13:10,25.1
01/19/06 13:15,24.7
01/19/06 13:20,24.1
01/19/06 13:25,23.6
01/19/06 13:30,23.3
01/19/06 13:35,23.1
01/19/06 13:40,22.8
01/19/06 13:45,22.4
01/19/06 13:50,22.1
01/19/06 13:55,21.7
01/19/06 14:00,21.2
01/19/06 14:05,20.8
01/19/06 14:10,20.3
01/19/06 14:15,20.0
01/19/06 14:20,19.7
01/19/06 14:25,19.2
01/19/06 14:30,19.0
01/19/06 14:35,18.7
01/19/06 14:40,18.2
01/19/06 14:45,17.8
01/19/06 14:50,17.2
01/19/06 14:55,16.7
01/19/06 15:00,16.1
01/19/06 15:05,15.4
01/19/06 15:10,14.7
01/19/06 15:15,14.0
01/19/06 15:20,13.3
01/19/06 15:25,12.3
01/19/06 15:30,11.7
01/19/06 15:35,11.2
01/19/06 15:40,10.5
01/19/06 15:45,9.8
01/19/06 15:50,9.0
01/19/06 15:55,8.2
01/19/06 16:00,7.5
01/19/06 16:05,7.0
01/19/06 16:10,6.4
01/19/06 16:15,5.6
01/19/06 16:20,5.0
01/19/06 16:25,4.5
01/19/06 16:30,4.1
01/19/06 16:35,3.1
01/19/06 16:40,1.3
01/19/06 16:45,0.6
01/19/06 16:50,0.3
01/19/06 16:55,0.1
01/19/06 17:00,0.0
01/19/06 17:05,0.0
01/19/06 17:10,0.0
01/19/06 17:15,0.0
01/19/06 17:20,0.0
01/19/06 17:25,0.0
01/19/06 17:30,0.0
01/19/06 17:35,0.0
01/19/06 17:40,0.0
01/19/06 17:45,0.0
01/19/06 17:50,0.0
01/19/06 17:55,0.0
01/19/06 18:00,0.0
01/19/06 18:05,0.0
01/19/06 18:10,0.0
01/19/06 18:15,0.0
01/19/06 18:20,0.0
01/19/06 18:25,0.0
01/19/06 18:30,0.0
01/19/06 18:35,0.0
01/19/06 18:40,0.0
01/19/06 18:45,0.0
01/19/06 18:50,0.0
01/19/06 18:55,0.0
01/19/06 19:00,0.0
01/19/06 19:05,0.0
01/19/06 19:10,0.0
01/19/06 19:15,0.0
01/19/06 19:20,0.0
01/19/06 19:25,0.0
01/19/06 19:30,0.0
01/19/06 19:35,0.0
01/19/06 19:40,0.0
01/19/06 19:45,0.0
01/19/06 19:50,0.0
01/19/06 19:55,0.0
01/19/06 20:00,0.0
01/19/06 20:05,0.0
01/19/06 20:10,0.0
01/19/06 20:15,0.0
01/19/06 20:20,0.0
01/19/06 20:25,0.0
01/19/06 20:30,0.0
01/19/06 20:35,0.0
01/19/06 20:40,0.0
01/19/06 20:45,0.0
01/19/06 20:50,0.0
01/19/06 20:55,0.0
01/19/06 21:00,0.0
01/19/06 21:05,0.0
01/19/06 21:10,0.0
01/19/06 21:15,0.0
01/19/06 21:20,0.0
01/19/06 21:25,0.0
01/19/06 21:30,0.0
01/19/06 21:35,0.0
01/19/06 21:40,0.0
01/19/06 21:45,0.0
01/19/06 21:50,0.0
01/19/06 21:55,0.0
01/19/06 22:00,0.0
01/19/06 22:05,0.0
01/19/06 22:10,0.0
01/19/06 22:15,0.0
01/19/06 22:20,0.0
01/19/06 22:25,0.0
01/19/06 22:30,0.0
01/19/06 22:35,0.0
01/19/06 22:40,0.0
01/19/06 22:45,0.0
01/19/06 22:50,0.0
01/19/06 22:55,0.0
01/19/06 23:00,0.0
01/19/06 23:05,0.0
01/19/06 23:10,0.0
01/19/06 23:15,0.0
01/19/06 23:20,0.0
01/19/06 23:25,0.0
01/19/06 23:30,0.0
01/19/06 23:35,0.0
01/19/06 23:40,0.0
01/19/06 23:45,0.0
01/19/06 23:50,0.0
01/19/06 23:55,0.0
01/20/06 00:00,0.0
01/20/06 00:05,0.0
01/20/06 00:10,0.0
01/20/06 00:15,0.0
01/20/06 00:20,0.0
01/20/06 00:25,0.0
01/20/06 00:30,0.0
01/20/06 00:35,0.0
01/20/06 00:40,0.0
01/20/06 00:45,0.0
01/20/06 00:50,0.0
01/20/06 00:55,0.0
01/20/06 01:00,0.0
01/20/06 01:05,0.0
01/20/06 01:10,0.0
01/20/06 01:15,0.0
01/20/06 01:20,0.0
01/20/06 01:25,0.0
01/20/06 01:30,0.0
01/20/06 01:35,0.0
01/20/06 01:40,0.0
01/20/06 01:45,0.0
01/20/06 01:50,0.0
01/20/06 01:55,0.0
01/20/06 02:00,0.0
01/20/06 02:05,0.0
01/20/06 02:10,0.0
01/20/06 02:15,0.0
01/20/06 02:20,0.0
01/20/06 02:25,0.0
01/20/06 02:30,0.0
01/20/06 02:35,0.0
01/20/06 02:40,0.0
01/20/06 02:45,0.0
01/20/06 02:50,0.0
01/20/06 02:55,0.0
01/20/06 03:00,0.0
01/20/06 03:05,0.0
01/20/06 03:10,0.0
01/20/06 03:15,0.0
01/20/06 03:20,0.0
01/20/06 03:25,0.0
01/20/06 03:30,0.0
01/20/06 03:35,0.0
01/20/06 03:40,0.0
01/20/06 03:45,0.0
01/20/06 03:50,0.0
01/20/06 03:55,0.0
01/20/06 04:00,0.0
01/20/06 04:05,0.0
01/20/06 04:10,0.0
01/20/06 04:15,0.0
01/20/06 04:20,0.0
01/20/06 04:25,0.0
01/20/06 04:30,0.0
01/20/06 04:35,0.0
01/20/06 04:40,0.0
01/20/06 04:45,0.0
01/20/06 04:50,0.0
01/20/06 04:55,0.0
01/20/06 05:00,0.0
01/20/06 05:05,0.0
01/20/06 05:10,0.0
01/20/06 05:15,0.0
01/20/06 05:20,0.0
01/20/06 05:25,0.0
01/20/06 05:30,0.0
01/20/06 05:35,0.0
01/20/06 05:40,0.0
01/20/06 05:45,0.0
01/20/06 05:50,0.0
01/20/06 05:55,0.0
01/20/06 06:00,0.0
01/20/06 06:05,0.0
01/20/06 06:10,0.0
01/20/06 06:15,0.0
01/20/06 06:20,0.0
01/20/06 06:25,0.0
01/20/06 06:30,0.0
01/20/06 06:35,0.0
01/20/06 06:40,0.0
01/20/06 06:45,0.0
01/20/06 06:50,0.0
01/20/06 06:55,0.0
01/20/06 07:00,0.0
01/20/06 07:05,0.0
01/20/06 07:10,0.0
01/20/06 07:15,0.0
01/20/06 07:20,0.0
01/20/06 07:25,0.1
01/20/06 07:30,0.5
01/20/06 07:35,1.7
01/20/06 07:40,2.8
01/20/06 07:45,3.0
01/20/06 07:50,4.2
01/20/06 07:55,4.8
01/20/06 08:00,5.0
01/20/06 08:05,6.0
01/20/06 08:10,7.3
01/20/06 08:15,8.4
01/20/06 08:20,9.0
01/20/06 08:25,9.4
01/20/06 08:30,9.6
01/20/06 08:35,9.7
01/20/06 08:40,9.8
01/20/06 08:45,9.7
01/20/06 08:50,9.2
01/20/06 08:55,8.6
01/20/06 09:00,7.6
01/20/06 09:05,6.6
01/20/06 09:10,5.5
01/20/06 09:15,5.0
01/20/06 09:20,4.9
01/20/06 09:25,5.0
01/20/06 09:30,5.4
01/20/06 09:35,5.7
01/20/06 09:40,6.3
01/20/06 09:45,6.8
01/20/06 09:50,7.5
01/20/06 09:55,8.1
01/20/06 10:00,8.6
01/20/06 10:05,9.3
01/20/06 10:10,9.7
01/20/06 10:15,10.3
01/20/06 10:20,10.7
01/20/06 10:25,10.6
01/20/06 10:30,10.2
01/20/06 10:35,9.7
01/20/06 10:40,8.9
01/20/06 10:45,8.3
01/20/06 10:50,7.3
01/20/06 10:55,6.3
01/20/06 11:00,5.8
01/20/06 11:05,5.2
01/20/06 11:10,4.6
01/20/06 11:15,4.1
01/20/06 11:20,4.0
01/20/06 11:25,4.4
01/20/06 11:30,5.0
01/20/06 11:35,5.8
01/20/06 11:40,6.6
01/20/06 11:45,7.8
01/20/06 11:50,9.1
01/20/06 11:55,10.2
01/20/06 12:00,11.2
01/20/06 12:05,12.3
01/20/06 12:10,13.2
01/20/06 12:15,13.8
01/20/06 12:20,13.8
01/20/06 12:25,13.7
01/20/06 12:30,13.6
01/20/06 12:35,12.7
01/20/06 12:40,11.8
01/20/06 12:45,10.6
01/20/06 12:50,9.2
01/20/06 12:55,8.1
01/20/06 13:00,7.1
01/20/06 13:05,6.3
01/20/06 13:10,5.6
01/20/06 13:15,4.9
01/20/06 13:20,4.8
01/20/06 13:25,4.7
01/20/06 13:30,4.4
01/20/06 13:35,3.9
01/20/06 13:40,3.5
01/20/06 13:45,3.9
01/20/06 13:50,4.7
01/20/06 13:55,5.8
01/20/06 14:00,6.0
01/20/06 14:05,6.8
01/20/06 14:10,7.3
01/20/06 14:15,7.8
01/20/06 14:20,8.2
01/20/06 14:25,9.0
01/20/06 14:30,9.2
01/20/06 14:35,9.6
01/20/06 14:40,9.9
01/20/06 14:45,9.7
01/20/06 14:50,9.4
01/20/06 14:55,9.1
01/20/06 15:00,8.7
01/20/06 15:05,8.2
01/20/06 15:10,7.7
01/20/06 15:15,6.2
01/20/06 15:20,4.1
01/20/06 15:25,2.2
01/20/06 15:30,0.7
01/20/06 15:35,0.2
01/20/06 15:40,0.2
01/20/06 15:45,0.1
01/20/06 15:50,0.0
01/20/06 15:55,0.0
01/20/06 16:00,0.0
01/20/06 16:05,0.0
01/20/06 16:10,0.0
01/20/06 16:15,0.0
01/20/06 16:20,0.0
01/20/06 16:25,0.0
01/20/06 16:30,0.0
01/20/06 16:35,0.0
01/20/06 16:40,0.0
01/20/06 16:45,0.0
01/20/06 16:50,0.0
01/20/06 16:55,0.0
01/20/06 17:00,0.0
01/20/06 17:05,0.0
01/20/06 17:10,0.0
01/20/06 17:15,0.0
01/20/06 17:20,0.0
01/20/06 17:25,0.0
01/20/06 17:30,0.0
01/20/06 17:35,0.0
01/20/06 17:40,0.0
01/20/06 17:45,0.0
01/20/06 17:50,0.0
01/20/06 17:55,0.0
01/20/06 18:00,0.0
01/20/06 18:05,0.0
01/20/06 18:10,0.0
01/20/06 18:15,0.0
01/20/06 18:20,0.0
01/20/06 18:25,0.0
01/20/06 18:30,0.0
01/20/06 18:35,0.0
01/20/06 18:40,0.0
01/20/06 18:45,0.0
01/20/06 18:50,0.0
01/20/06 18:55,0.0
01/20/06 19:00,0.0
01/20/06 19:05,0.0
01/20/06 19:10,0.0
01/20/06 19:15,0.0
01/20/06 19:20,0.0
01/20/06 19:25,0.0
01/20/06 19:30,0.0
01/20/06 19:35,0.0
01/20/06 19:40,0.0
01/20/06 19:45,0.0
01/20/06 19:50,0.0
01/20/06 19:55,0.0
01/20/06 20:00,0.0
01/20/06 20:05,0.0
01/20/06 20:10,0.0
01/20/06 20:15,0.0
01/20/06 20:20,0.0
01/20/06 20:25,0.0
01/20/06 20:30,0.0
01/20/06 20:35,0.0
01/20/06 20:40,0.0
01/20/06 20:45,0.0
01/20/06 20:50,0.0
01/20/06 20:55,0.0
01/20/06 21:00,0.0
01/20/06 21:05,0.0
01/20/06 21:10,0.0
01/20/06 21:15,0.0
01/20/06 21:20,0.0
01/20/06 21:25,0.0
01/20/06 21:30,0.0
01/20/06 21:35,0.0
01/20/06 21:40,0.0
01/20/06 21:45,0.0
01/20/06 21:50,0.0
01/20/06 21:55,0.0
01/20/06 22:00,0.0
01/20/06 22:05,0.0
01/20/06 22:10,0.0
01/20/06 22:15,0.0
01/20/06 22:20,0.0
01/20/06 22:25,0.0
01/20/06 22:30,0.0
01/20/06 22:35,0.0
01/20/06 22:40,0.0
01/20/06 22:45,0.0
01/20/06 22:50,0.0
01/20/06 22:55,0.0
01/20/06 23:00,0.0
01/20/06 23:05,0.0
01/20/06 23:10,0.0
01/20/06 23:15,0.0
01/20/06 23:20,0.0
01/20/06 23:25,0.0
01/20/06 23:30,0.0
01/20/06 23:35,0.0
01/20/06 23:40,0.0
01/20/06 23:45,0.0
01/20/06 23:50,0.0
01/20/06 23:55,0.0
01/21/06 00:00,0.0
01/21/06 00:05,0.0
01/21/06 00:10,0.0
01/21/06 00:15,0.0
01/21/06 00:20,0.0
01/21/06 00:25,0.0
01/21/06 00:30,0.0
01/21/06 00:35,0.0
01/21/06 00:40,0.0
01/21/06 00:45,0.0
01/21/06 00:50,0.0
01/21/06 00:55,0.0
01/21/06 01:00,0.0
01/21/06 01:05,0.0
01/21/06 01:10,0.0
01/21/06 01:15,0.0
01/21/06 01:20,0.0
01/21/06 01:25,0.0
01/21/06 01:30,0.0
01/21/06 01:35,0.0
01/21/06 01:40,0.0
01/21/06 01:45,0.0
01/21/06 01:50,0.0
01/21/06 01:55,0.0
01/21/06 02:00,0.0
01/21/06 02:05,0.0
01/21/06 02:10,0.0
01/21/06 02:15,0.0
01/21/06 02:20,0.0
01/21/06 02:25,0.0
01/21/06 02:30,0.0
01/21/06 02:35,0.0
01/21/06 02:40,0.0
01/21/06 02:45,0.0
01/21/06 02:50,0.0
01/21/06 02:55,0.0
01/21/06 03:00,0.0
01/21/06 03:05,0.0
01/21/06 03:10,0.0
01/21/06 03:15,0.0
01/21/06 03:20,0.0
01/21/06 03:25,0.0
01/21/06 03:30,0.0
01/21/06 03:35,0.0
01/21/06 03:40,0.0
01/21/06 03:45,0.0
01/21/06 03:50,0.0
01/21/06 03:55,0.0
01/21/06 04:00,0.0
01/21/06 04:05,0.0
01/21/06 04:10,0.0
01/21/06 04:15,0.0
01/21/06 04:20,0.0
01/21/06 04:25,0.0
01/21/06 04:30,0.0
01/21/06 04:35,0.0
01/21/06 04:40,0.0
01/21/06 04:45,0.0
01/21/06 04:50,0.0
01/21/06 04:55,0.0
01/21/06 05:00,0.0
01/21/06 05:05,0.0
01/21/06 05:10,0.0
01/21/06 05:15,0.0
01/21/06 05:20,0.0
01/21/06 05:25,0.0
01/21/06 05:30,0.0
01/21/06 05:35,0.0
01/21/06 05:40,0.0
01/21/06 05:45,0.0
01/21/06 05:50,0.0
01/21/06 05:55,0.0
01/21/06 06:00,0.0
01/21/06 06:05,0.0
01/21/06 06:10,0.0
01/21/06 06:15,0.0
01/21/06 06:20,0.0
01/21/06 06:25,0.0
01/21/06 06:30,0.0
01/21/06 06:35,0.0
01/21/06 06:40,0.0
01/21/06 06:45,0.0
01/21/06 06:50,0.0
01/21/06 06:55,0.0
01/21/06 07:00,0.0
01/21/06 07:05,0.0
01/21/06 07:10,0.0
01/21/06 07:15,0.0
01/21/06 07:20,0.0
01/21/06 07:25,0.0
01/21/06 07:30,0.0
01/21/06 07:35,0.1
01/21/06 07:40,0.2
01/21/06 07:45,0.1
01/21/06 07:50,0.2
01/21/06 07:55,0.6
01/21/06 08:00,1.5
01/21/06 08:05,2.5
01/21/06 08:10,3.6
01/21/06 08:15,4.4
01/21/06 08:20,5.2
01/21/06 08:25,5.8
01/21/06 08:30,6.2
01/21/06 08:35,6.7
01/21/06 08:40,7.1
01/21/06 08:45,5.7
01/21/06 08:50,4.3
01/21/06 08:55,3.7
01/21/06 09:00,3.7
01/21/06 09:05,3.7
01/21/06 09:10,2.6
01/21/06 09:15,2.7
01/21/06 09:20,3.8
01/21/06 09:25,4.3
01/21/06 09:30,4.9
01/21/06 09:35,5.6
01/21/06 09:40,6.1
01/21/06 09:45,6.5
01/21/06 09:50,7.2
01/21/06 09:55,7.4
01/21/06 10:00,7.5
01/21/06 10:05,7.9
01/21/06 10:10,8.5
01/21/06 10:15,8.6
01/21/06 10:20,8.4
01/21/06 10:25,7.7
01/21/06 10:30,7.3
01/21/06 10:35,7.6
01/21/06 10:40,8.0
01/21/06 10:45,8.1
01/21/06 10:50,9.0
01/21/06 10:55,9.9
01/21/06 11:00,10.4
01/21/06 11:05,10.9
01/21/06 11:10,11.6
01/21/06 11:15,11.0
01/21/06 11:20,9.3
01/21/06 11:25,8.7
01/21/06 11:30,8.6
01/21/06 11:35,8.8
01/21/06 11:40,8.9
01/21/06 11:45,8.9
01/21/06 11:50,8.9
01/21/06 11:55,9.2
01/21/06 12:00,9.3
01/21/06 12:05,9.0
01/21/06 12:10,8.6
01/21/06 12:15,7.8
01/21/06 12:20,6.4
01/21/06 12:25,5.4
01/21/06 12:30,4.7
01/21/06 12:35,4.2
01/21/06 12:40,4.0
01/21/06 12:45,3.8
01/21/06 12:50,3.7
01/21/06 12:55,2.7
01/21/06 13:00,1.2
01/21/06 13:05,0.4
01/21/06 13:10,0.1
01/21/06 13:15,0.1
01/21/06 13:20,0.7
01/21/06 13:25,1.6
01/21/06 13:30,2.5
01/21/06 13:35,3.5
01/21/06 13:40,3.8
01/21/06 13:45,3.9
01/21/06 13:50,4.1
01/21/06 13:55,4.2
01/21/06 14:00,4.4
01/21/06 14:05,4.9
01/21/06 14:10,5.5
01/21/06 14:15,5.8
01/21/06 14:20,5.9
01/21/06 14:25,5.7
01/21/06 14:30,5.4
01/21/06 14:35,4.7
01/21/06 14:40,4.3
01/21/06 14:45,3.8
01/21/06 14:50,3.2
01/21/06 14:55,2.3
01/21/06 15:00,1.6
01/21/06 15:05,1.2
01/21/06 15:10,1.0
01/21/06 15:15,0.8
01/21/06 15:20,0.7
01/21/06 15:25,0.6
01/21/06 15:30,0.6
01/21/06 15:35,0.5
01/21/06 15:40,0.4
01/21/06 15:45,0.3
01/21/06 15:50,0.2
01/21/06 15:55,0.2
01/21/06 16:00,0.1
01/21/06 16:05,0.1
01/21/06 16:10,0.1
01/21/06 16:15,0.1
01/21/06 16:20,0.0
01/21/06 16:25,0.0
01/21/06 16:30,0.0
01/21/06 16:35,0.0
01/21/06 16:40,0.0
01/21/06 16:45,0.0
01/21/06 16:50,0.0
01/21/06 16:55,0.0
01/21/06 17:00,0.0
01/21/06 17:05,0.0
01/21/06 17:10,0.0
01/21/06 17:15,0.0
01/21/06 17:20,0.0
01/21/06 17:25,0.0
01/21/06 17:30,0.0
01/21/06 17:35,0.0
01/21/06 17:40,0.0
01/21/06 17:45,0.0
01/21/06 17:50,0.0
01/21/06 17:55,0.0
01/21/06 18:00,0.0
01/21/06 18:05,0.0
01/21/06 18:10,0.0
01/21/06 18:15,0.0
01/21/06 18:20,0.0
01/21/06 18:25,0.0
01/21/06 18:30,0.0
01/21/06 18:35,0.0
01/21/06 18:40,0.0
01/21/06 18:45,0.0
01/21/06 18:50,0.0
01/21/06 18:55,0.0
01/21/06 19:00,0.0
01/21/06 19:05,0.0
01/21/06 19:10,0.0
01/21/06 19:15,0.0
01/21/06 19:20,0.0
01/21/06 19:25,0.0
01/21/06 19:30,0.0
01/21/06 19:35,0.0
01/21/06 19:40,0.0
01/21/06 19:45,0.0
01/21/06 19:50,0.0
01/21/06 19:55,0.0
01/21/06 20:00,0.0
01/21/06 20:05,0.0
01/21/06 20:10,0.0
01/21/06 20:15,0.0
01/21/06 20:20,0.0
01/21/06 20:25,0.0
01/21/06 20:30,0.0
01/21/06 20:35,0.0
01/21/06 20:40,0.0
01/21/06 20:45,0.0
01/21/06 20:50,0.0
01/21/06 20:55,0.0
01/21/06 21:00,0.0
01/21/06 21:05,0.0
01/21/06 21:10,0.0
01/21/06 21:15,0.0
01/21/06 21:20,0.0
01/21/06 21:25,0.0
01/21/06 21:30,0.0
01/21/06 21:35,0.0
01/21/06 21:40,0.0
01/21/06 21:45,0.0
01/21/06 21:50,0.0
01/21/06 21:55,0.0
01/21/06 22:00,0.0
01/21/06 22:05,0.0
01/21/06 22:10,0.0
01/21/06 22:15,0.0
01/21/06 22:20,0.0
01/21/06 22:25,0.0
01/21/06 22:30,0.0
01/21/06 22:35,0.0
01/21/06 22:40,0.0
01/21/06 22:45,0.0
01/21/06 22:50,0.0
01/21/06 22:55,0.0
01/21/06 23:00,0.0
01/21/06 23:05,0.0
01/21/06 23:10,0.0
01/21/06 23:15,0.0
01/21/06 23:20,0.0
01/21/06 23:25,0.0
01/21/06 23:30,0.0
01/21/06 23:35,0.0
01/21/06 23:40,0.0
01/21/06 23:45,0.0
01/21/06 23:50,0.0
01/21/06 23:55,0.0
01/22/06 00:00,0.0
01/22/06 00:05,0.0
01/22/06 00:10,0.0
01/22/06 00:15,0.0
01/22/06 00:20,0.0
01/22/06 00:25,0.0
01/22/06 00:30,0.0
01/22/06 00:35,0.0
01/22/06 00:40,0.0
01/22/06 00:45,0.0
01/22/06 00:50,0.0
01/22/06 00:55,0.0
01/22/06 01:00,0.0
01/22/06 01:05,0.0
01/22/06 01:10,0.0
01/22/06 01:15,0.0
01/22/06 01:20,0.0
01/22/06 01:25,0.0
01/22/06 01:30,0.0
01/22/06 01:35,0.0
01/22/06 01:40,0.0
01/22/06 01:45,0.0
01/22/06 01:50,0.0
01/22/06 01:55,0.0
01/22/06 02:00,0.0
01/22/06 02:05,0.0
01/22/06 02:10,0.0
01/22/06 02:15,0.0
01/22/06 02:20,0.0
01/22/06 02:25,0.0
01/22/06 02:30,0.0
01/22/06 02:35,0.0
01/22/06 02:40,0.0
01/22/06 02:45,0.0
01/22/06 02:50,0.0
01/22/06 02:55,0.0
01/22/06 03:00,0.0
01/22/06 03:05,0.0
01/22/06 03:10,0.0
01/22/06 03:15,0.0
01/22/06 03:20,0.0
01/22/06 03:25,0.0
01/22/06 03:30,0.0
01/22/06 03:35,0.0
01/22/06 03:40,0.0
01/22/06 03:45,0.0
01/22/06 03:50,0.0
01/22/06 03:55,0.0
01/22/06 04:00,0.0
01/22/06 04:05,0.0
01/22/06 04:10,0.0
01/22/06 04:15,0.0
01/22/06 04:20,0.0
01/22/06 04:25,0.0
01/22/06 04:30,0.0
01/22/06 04:35,0.0
01/22/06 04:40,0.0
01/22/06 04:45,0.0
01/22/06 04:50,0.0
01/22/06 04:55,0.0
01/22/06 05:00,0.0
01/22/06 05:05,0.0
01/22/06 05:10,0.0
01/22/06 05:15,0.0
01/22/06 05:20,0.0
01/22/06 05:25,0.0
01/22/06 05:30,0.0
01/22/06 05:35,0.0
01/22/06 05:40,0.0
01/22/06 05:45,0.0
01/22/06 05:50,0.0
01/22/06 05:55,0.0
01/22/06 06:00,0.0
01/22/06 06:05,0.0
01/22/06 06:10,0.0
01/22/06 06:15,0.0
01/22/06 06:20,0.0
01/22/06 06:25,0.0
01/22/06 06:30,0.0
01/22/06 06:35,0.0
01/22/06 06:40,0.0
01/22/06 06:45,0.0
01/22/06 06:50,0.0
01/22/06 06:55,0.0
01/22/06 07:00,0.0
01/22/06 07:05,0.0
01/22/06 07:10,0.0
01/22/06 07:15,0.0
01/22/06 07:20,0.0
01/22/06 07:25,0.0
01/22/06 07:30,0.0
01/22/06 07:35,0.0
01/22/06 07:40,0.0
01/22/06 07:45,0.0
01/22/06 07:50,0.1
01/22/06 07:55,0.2
01/22/06 08:00,0.3
01/22/06 08:05,0.5
01/22/06 08:10,0.5
01/22/06 08:15,0.4
01/22/06 08:20,0.6
01/22/06 08:25,0.8
01/22/06 08:30,1.1
01/22/06 08:35,1.6
01/22/06 08:40,2.5
01/22/06 08:45,3.7
01/22/06 08:50,4.4
01/22/06 08:55,5.0
01/22/06 09:00,5.5
01/22/06 09:05,6.2
01/22/06 09:10,6.6
01/22/06 09:15,6.9
01/22/06 09:20,6.7
01/22/06 09:25,6.7
01/22/06 09:30,5.8
01/22/06 09:35,4.9
01/22/06 09:40,4.4
01/22/06 09:45,4.0
01/22/06 09:50,3.7
01/22/06 09:55,3.0
01/22/06 10:00,2.4
01/22/06 10:05,2.5
01/22/06 10:10,3.1
01/22/06 10:15,4.8
01/22/06 10:20,5.3
01/22/06 10:25,5.0
01/22/06 10:30,5.4
01/22/06 10:35,6.7
01/22/06 10:40,6.6
01/22/06 10:45,6.7
01/22/06 10:50,7.1
01/22/06 10:55,9.8
01/22/06 11:00,10.2
01/22/06 11:05,9.1
01/22/06 11:10,8.2
01/22/06 11:15,8.3
01/22/06 11:20,8.5
01/22/06 11:25,8.5
01/22/06 11:30,8.7
01/22/06 11:35,8.7
01/22/06 11:40,8.0
01/22/06 11:45,7.6
01/22/06 11:50,6.7
01/22/06 11:55,6.3
01/22/06 12:00,5.7
01/22/06 12:05,5.0
01/22/06 12:10,4.5
01/22/06 12:15,5.8
01/22/06 12:20,8.1
01/22/06 12:25,10.1
01/22/06 12:30,11.4
01/22/06 12:35,12.1
01/22/06 12:40,12.4
01/22/06 12:45,12.6
01/22/06 12:50,12.7
01/22/06 12:55,12.7
01/22/06 13:00,12.8
01/22/06 13:05,12.7
01/22/06 13:10,12.3
01/22/06 13:15,11.0
01/22/06 13:20,9.9
01/22/06 13:25,10.3
01/22/06 13:30,11.6
01/22/06 13:35,12.4
01/22/06 13:40,13.0
01/22/06 13:45,12.6
01/22/06 13:50,11.8
01/22/06 13:55,11.1
01/22/06 14:00,9.8
01/22/06 14:05,9.1
01/22/06 14:10,9.0
01/22/06 14:15,9.5
01/22/06 14:20,9.1
01/22/06 14:25,8.5
01/22/06 14:30,8.3
01/22/06 14:35,7.7
01/22/06 14:40,7.0
01/22/06 14:45,6.4
01/22/06 14:50,5.9
01/22/06 14:55,5.7
01/22/06 15:00,5.2
01/22/06 15:05,4.6
01/22/06 15:10,4.2
01/22/06 15:15,4.8
01/22/06 15:20,5.2
01/22/06 15:25,5.1
01/22/06 15:30,4.9
01/22/06 15:35,4.6
01/22/06 15:40,4.5
01/22/06 15:45,4.2
01/22/06 15:50,3.9
01/22/06 15:55,3.5
01/22/06 16:00,3.0
01/22/06 16:05,1.9
01/22/06 16:10,1.3
01/22/06 16:15,0.9
01/22/06 16:20,0.5
01/22/06 16:25,0.3
01/22/06 16:30,0.2
01/22/06 16:35,0.1
01/22/06 16:40,0.0
01/22/06 16:45,0.0
01/22/06 16:50,0.0
01/22/06 16:55,0.0
01/22/06 17:00,0.0
01/22/06 17:05,0.0
01/22/06 17:10,0.0
01/22/06 17:15,0.0
01/22/06 17:20,0.0
01/22/06 17:25,0.0
01/22/06 17:30,0.0
01/22/06 17:35,0.0
01/22/06 17:40,0.0
01/22/06 17:45,0.0
01/22/06 17:50,0.0
01/22/06 17:55,0.0
01/22/06 18:00,0.0
01/22/06 18:05,0.0
01/22/06 18:10,0.0
01/22/06 18:15,0.0
01/22/06 18:20,0.0
01/22/06 18:25,0.0
01/22/06 18:30,0.0
01/22/06 18:35,0.0
01/22/06 18:40,0.0
01/22/06 18:45,0.0
01/22/06 18:50,0.0
01/22/06 18:55,0.0
01/22/06 19:00,0.0
01/22/06 19:05,0.0
01/22/06 19:10,0.0
01/22/06 19:15,0.0
01/22/06 19:20,0.0
01/22/06 19:25,0.0
01/22/06 19:30,0.0
01/22/06 19:35,0.0
01/22/06 19:40,0.0
01/22/06 19:45,0.0
01/22/06 19:50,0.0
01/22/06 19:55,0.0
01/22/06 20:00,0.0
01/22/06 20:05,0.0
01/22/06 20:10,0.0
01/22/06 20:15,0.0
01/22/06 20:20,0.0
01/22/06 20:25,0.0
01/22/06 20:30,0.0
01/22/06 20:35,0.0
01/22/06 20:40,0.0
01/22/06 20:45,0.0
01/22/06 20:50,0.0
01/22/06 20:55,0.0
01/22/06 21:00,0.0
01/22/06 21:05,0.0
01/22/06 21:10,0.0
01/22/06 21:15,0.0
01/22/06 21:20,0.0
01/22/06 21:25,0.0
01/22/06 21:30,0.0
01/22/06 21:35,0.0
01/22/06 21:40,0.0
01/22/06 21:45,0.0
01/22/06 21:50,0.0
01/22/06 21:55,0.0
01/22/06 22:00,0.0
01/22/06 22:05,0.0
01/22/06 22:10,0.0
01/22/06 22:15,0.0
01/22/06 22:20,0.0
01/22/06 22:25,0.0
01/22/06 22:30,0.0
01/22/06 22:35,0.0
01/22/06 22:40,0.0
01/22/06 22:45,0.0
01/22/06 22:50,0.0
01/22/06 22:55,0.0
01/22/06 23:00,0.0
01/22/06 23:05,0.0
01/22/06 23:10,0.0
01/22/06 23:15,0.0
01/22/06 23:20,0.0
01/22/06 23:25,0.0
01/22/06 23:30,0.0
01/22/06 23:35,0.0
01/22/06 23:40,0.0
01/22/06 23:45,0.0
01/22/06 23:50,0.0
01/22/06 23:55,0.0
01/23/06 00:00,0.0
01/23/06 00:05,0.0
01/23/06 00:10,0.0
01/23/06 00:15,0.0
01/23/06 00:20,0.0
01/23/06 00:25,0.0
01/23/06 00:30,0.0
01/23/06 00:35,0.0
01/23/06 00:40,0.0
01/23/06 00:45,0.0
01/23/06 00:50,0.0
01/23/06 00:55,0.0
01/23/06 01:00,0.0
01/23/06 01:05,0.0
01/23/06 01:10,0.0
01/23/06 01:15,0.0
01/23/06 01:20,0.0
01/23/06 01:25,0.0
01/23/06 01:30,0.0
01/23/06 01:35,0.0
01/23/06 01:40,0.0
01/23/06 01:45,0.0
01/23/06 01:50,0.0
01/23/06 01:55,0.0
01/23/06 02:00,0.0
01/23/06 02:05,0.0
01/23/06 02:10,0.0
01/23/06 02:15,0.0
01/23/06 02:20,0.0
01/23/06 02:25,0.0
01/23/06 02:30,0.0
01/23/06 02:35,0.0
01/23/06 02:40,0.0
01/23/06 02:45,0.0
01/23/06 02:50,0.0
01/23/06 02:55,0.0
01/23/06 03:00,0.0
01/23/06 03:05,0.0
01/23/06 03:10,0.0
01/23/06 03:15,0.0
01/23/06 03:20,0.0
01/23/06 03:25,0.0
01/23/06 03:30,0.0
01/23/06 03:35,0.0
01/23/06 03:40,0.0
01/23/06 03:45,0.0
01/23/06 03:50,0.0
01/23/06 03:55,0.0
01/23/06 04:00,0.0
01/23/06 04:05,0.0
01/23/06 04:10,0.0
01/23/06 04:15,0.0
01/23/06 04:20,0.0
01/23/06 04:25,0.0
01/23/06 04:30,0.0
01/23/06 04:35,0.0
01/23/06 04:40,0.0
01/23/06 04:45,0.0
01/23/06 04:50,0.0
01/23/06 04:55,0.0
01/23/06 05:00,0.0
01/23/06 05:05,0.0
01/23/06 05:10,0.0
01/23/06 05:15,0.0
01/23/06 05:20,0.0
01/23/06 05:25,0.0
01/23/06 05:30,0.0
01/23/06 05:35,0.0
01/23/06 05:40,0.0
01/23/06 05:45,0.0
01/23/06 05:50,0.0
01/23/06 05:55,0.0
01/23/06 06:00,0.0
01/23/06 06:05,0.0
01/23/06 06:10,0.0
01/23/06 06:15,0.0
01/23/06 06:20,0.0
01/23/06 06:25,0.0
01/23/06 06:30,0.0
01/23/06 06:35,0.0
01/23/06 06:40,0.0
01/23/06 06:45,0.0
01/23/06 06:50,0.0
01/23/06 06:55,0.0
01/23/06 07:00,0.0
01/23/06 07:05,0.0
01/23/06 07:10,0.0
01/23/06 07:15,0.0
01/23/06 07:20,0.0
01/23/06 07:25,0.1
01/23/06 07:30,0.2
01/23/06 07:35,0.3
01/23/06 07:40,1.0
01/23/06 07:45,2.7
01/23/06 07:50,3.9
01/23/06 07:55,5.0
01/23/06 08:00,6.2
01/23/06 08:05,7.2
01/23/06 08:10,7.9
01/23/06 08:15,8.6
01/23/06 08:20,9.0
01/23/06 08:25,9.6
01/23/06 08:30,9.5
01/23/06 08:35,9.5
01/23/06 08:40,8.3
01/23/06 08:45,7.2
01/23/06 08:50,6.9
01/23/06 08:55,8.1
01/23/06 09:00,8.5
01/23/06 09:05,9.5
01/23/06 09:10,10.4
01/23/06 09:15,10.9
01/23/06 09:20,10.9
01/23/06 09:25,10.9
01/23/06 09:30,11.1
01/23/06 09:35,11.2
01/23/06 09:40,10.8
01/23/06 09:45,9.8
01/23/06 09:50,9.0
01/23/06 09:55,8.2
01/23/06 10:00,7.7
01/23/06 10:05,6.5
01/23/06 10:10,5.4
01/23/06 10:15,4.8
01/23/06 10:20,4.5
01/23/06 10:25,4.4
01/23/06 10:30,4.6
01/23/06 10:35,4.8
01/23/06 10:40,4.9
01/23/06 10:45,5.1
01/23/06 10:50,5.4
01/23/06 10:55,5.6
01/23/06 11:00,6.0
01/23/06 11:05,6.6
01/23/06 11:10,6.9
01/23/06 11:15,7.2
01/23/06 11:20,7.5
01/23/06 11:25,8.7
01/23/06 11:30,9.5
01/23/06 11:35,8.8
01/23/06 11:40,8.8
01/23/06 11:45,9.6
01/23/06 11:50,11.4
01/23/06 11:55,11.8
01/23/06 12:00,12.0
01/23/06 12:05,12.8
01/23/06 12:10,13.5
01/23/06 12:15,12.0
01/23/06 12:20,10.4
01/23/06 12:25,8.6
01/23/06 12:30,8.1
01/23/06 12:35,8.6
01/23/06 12:40,8.9
01/23/06 12:45,8.9
01/23/06 12:50,8.9
01/23/06 12:55,8.6
01/23/06 13:00,7.3
01/23/06 13:05,6.6
01/23/06 13:10,6.4
01/23/06 13:15,5.7
01/23/06 13:20,4.7
01/23/06 13:25,4.0
01/23/06 13:30,3.7
01/23/06 13:35,3.6
01/23/06 13:40,3.6
01/23/06 13:45,3.6
01/23/06 13:50,3.5
01/23/06 13:55,3.2
01/23/06 14:00,3.0
01/23/06 14:05,2.9
01/23/06 14:10,2.7
01/23/06 14:15,3.3
01/23/06 14:20,3.7
01/23/06 14:25,3.7
01/23/06 14:30,3.3
01/23/06 14:35,2.5
01/23/06 14:40,2.4
01/23/06 14:45,2.1
01/23/06 14:50,2.1
01/23/06 14:55,4.2
01/23/06 15:00,3.6
01/23/06 15:05,3.8
01/23/06 15:10,5.6
01/23/06 15:15,5.8
01/23/06 15:20,5.2
01/23/06 15:25,4.3
01/23/06 15:30,3.7
01/23/06 15:35,2.1
01/23/06 15:40,1.3
01/23/06 15:45,0.8
01/23/06 15:50,0.7
01/23/06 15:55,0.4
01/23/06 16:00,0.3
01/23/06 16:05,0.2
01/23/06 16:10,0.2
01/23/06 16:15,0.2
01/23/06 16:20,0.5
01/23/06 16:25,1.4
01/23/06 16:30,2.6
01/23/06 16:35,3.0
01/23/06 16:40,2.3
01/23/06 16:45,1.3
01/23/06 16:50,0.7
01/23/06 16:55,0.3
01/23/06 17:00,0.1
01/23/06 17:05,0.0
01/23/06 17:10,0.0
01/23/06 17:15,0.0
01/23/06 17:20,0.0
01/23/06 17:25,0.0
01/23/06 17:30,0.0
01/23/06 17:35,0.0
01/23/06 17:40,0.0
01/23/06 17:45,0.0
01/23/06 17:50,0.0
01/23/06 17:55,0.0
01/23/06 18:00,0.0
01/23/06 18:05,0.0
01/23/06 18:10,0.0
01/23/06 18:15,0.0
01/23/06 18:20,0.0
01/23/06 18:25,0.0
01/23/06 18:30,0.0
01/23/06 18:35,0.0
01/23/06 18:40,0.0
01/23/06 18:45,0.0
01/23/06 18:50,0.0
01/23/06 18:55,0.0
01/23/06 19:00,0.0
01/23/06 19:05,0.0
01/23/06 19:10,0.0
01/23/06 19:15,0.0
01/23/06 19:20,0.0
01/23/06 19:25,0.0
01/23/06 19:30,0.0
01/23/06 19:35,0.0
01/23/06 19:40,0.0
01/23/06 19:45,0.0
01/23/06 19:50,0.0
01/23/06 19:55,0.0
01/23/06 20:00,0.0
01/23/06 20:05,0.0
01/23/06 20:10,0.0
01/23/06 20:15,0.0
01/23/06 20:20,0.0
01/23/06 20:25,0.0
01/23/06 20:30,0.0
01/23/06 20:35,0.0
01/23/06 20:40,0.0
01/23/06 20:45,0.0
01/23/06 20:50,0.0
01/23/06 20:55,0.0
01/23/06 21:00,0.0
01/23/06 21:05,0.0
01/23/06 21:10,0.0
01/23/06 21:15,0.0
01/23/06 21:20,0.0
01/23/06 21:25,0.0
01/23/06 21:30,0.0
01/23/06 21:35,0.0
01/23/06 21:40,0.0
01/23/06 21:45,0.0
01/23/06 21:50,0.0
01/23/06 21:55,0.0
01/23/06 22:00,0.0
01/23/06 22:05,0.0
01/23/06 22:10,0.0
01/23/06 22:15,0.0
01/23/06 22:20,0.0
01/23/06 22:25,0.0
01/23/06 22:30,0.0
01/23/06 22:35,0.0
01/23/06 22:40,0.0
01/23/06 22:45,0.0
01/23/06 22:50,0.0
01/23/06 22:55,0.0
01/23/06 23:00,0.0
01/23/06 23:05,0.0
01/23/06 23:10,0.0
01/23/06 23:15,0.0
01/23/06 23:20,0.0
01/23/06 23:25,0.0
01/23/06 23:30,0.0
01/23/06 23:35,0.0
01/23/06 23:40,0.0
01/23/06 23:45,0.0
01/23/06 23:50,0.0
01/23/06 23:55,0.0
01/24/06 00:00,0.0
01/24/06 00:05,0.0
01/24/06 00:10,0.0
01/24/06 00:15,0.0
01/24/06 00:20,0.0
01/24/06 00:25,0.0
01/24/06 00:30,0.0
01/24/06 00:35,0.0
01/24/06 00:40,0.0
01/24/06 00:45,0.0
01/24/06 00:50,0.0
01/24/06 00:55,0.0
01/24/06 01:00,0.0
01/24/06 01:05,0.0
01/24/06 01:10,0.0
01/24/06 01:15,0.0
01/24/06 01:20,0.0
01/24/06 01:25,0.0
01/24/06 01:30,0.0
01/24/06 01:35,0.0
01/24/06 01:40,0.0
01/24/06 01:45,0.0
01/24/06 01:50,0.0
01/24/06 01:55,0.0
01/24/06 02:00,0.0
01/24/06 02:05,0.0
01/24/06 02:10,0.0
01/24/06 02:15,0.0
01/24/06 02:20,0.0
01/24/06 02:25,0.0
01/24/06 02:30,0.0
01/24/06 02:35,0.0
01/24/06 02:40,0.0
01/24/06 02:45,0.0
01/24/06 02:50,0.0
01/24/06 02:55,0.0
01/24/06 03:00,0.0
01/24/06 03:05,0.0
01/24/06 03:10,0.0
01/24/06 03:15,0.0
01/24/06 03:20,0.0
01/24/06 03:25,0.0
01/24/06 03:30,0.0
01/24/06 03:35,0.0
01/24/06 03:40,0.0
01/24/06 03:45,0.0
01/24/06 03:50,0.0
01/24/06 03:55,0.0
01/24/06 04:00,0.0
01/24/06 04:05,0.0
01/24/06 04:10,0.0
01/24/06 04:15,0.0
01/24/06 04:20,0.0
01/24/06 04:25,0.0
01/24/06 04:30,0.0
01/24/06 04:35,0.0
01/24/06 04:40,0.0
01/24/06 04:45,0.0
01/24/06 04:50,0.0
01/24/06 04:55,0.0
01/24/06 05:00,0.0
01/24/06 05:05,0.0
01/24/06 05:10,0.0
01/24/06 05:15,0.0
01/24/06 05:20,0.0
01/24/06 05:25,0.0
01/24/06 05:30,0.0
01/24/06 05:35,0.0
01/24/06 05:40,0.0
01/24/06 05:45,0.0
01/24/06 05:50,0.0
01/24/06 05:55,0.0
01/24/06 06:00,0.0
01/24/06 06:05,0.0
01/24/06 06:10,0.0
01/24/06 06:15,0.0
01/24/06 06:20,0.0
01/24/06 06:25,0.0
01/24/06 06:30,0.0
01/24/06 06:35,0.0
01/24/06 06:40,0.0
01/24/06 06:45,0.0
01/24/06 06:50,0.0
01/24/06 06:55,0.0
01/24/06 07:00,0.0
01/24/06 07:05,0.0
01/24/06 07:10,0.0
01/24/06 07:15,0.0
01/24/06 07:20,0.0
01/24/06 07:25,0.0
01/24/06 07:30,0.0
01/24/06 07:35,0.0
01/24/06 07:40,0.0
01/24/06 07:45,0.0
01/24/06 07:50,0.1
01/24/06 07:55,0.4
01/24/06 08:00,0.7
01/24/06 08:05,3.1
01/24/06 08:10,4.9
01/24/06 08:15,4.7
01/24/06 08:20,3.8
01/24/06 08:25,2.2
01/24/06 08:30,2.5
01/24/06 08:35,3.2
01/24/06 08:40,2.2
01/24/06 08:45,1.6
01/24/06 08:50,1.3
01/24/06 08:55,1.8
01/24/06 09:00,2.5
01/24/06 09:05,3.1
01/24/06 09:10,3.2
01/24/06 09:15,3.8
01/24/06 09:20,5.1
01/24/06 09:25,7.6
01/24/06 09:30,9.4
01/24/06 09:35,10.8
01/24/06 09:40,11.6
01/24/06 09:45,10.5
01/24/06 09:50,9.4
01/24/06 09:55,10.1
01/24/06 10:00,10.4
01/24/06 10:05,10.7
01/24/06 10:10,11.5
01/24/06 10:15,11.2
01/24/06 10:20,11.1
01/24/06 10:25,11.5
01/24/06 10:30,12.3
01/24/06 10:35,13.5
01/24/06 10:40,15.4
01/24/06 10:45,17.3
01/24/06 10:50,18.7
01/24/06 10:55,19.7
01/24/06 11:00,20.6
01/24/06 11:05,21.7
01/24/06 11:10,23.3
01/24/06 11:15,24.0
01/24/06 11:20,24.1
01/24/06 11:25,24.1
01/24/06 11:30,24.2
01/24/06 11:35,24.2
01/24/06 11:40,24.3
01/24/06 11:45,24.5
01/24/06 11:50,24.7
01/24/06 11:55,24.7
01/24/06 12:00,24.6
01/24/06 12:05,24.6
01/24/06 12:10,24.6
01/24/06 12:15,24.8
01/24/06 12:20,24.9
01/24/06 12:25,25.0
01/24/06 12:30,25.2
01/24/06 12:35,25.3
01/24/06 12:40,25.4
01/24/06 12:45,25.4
01/24/06 12:50,25.4
01/24/06 12:55,25.3
01/24/06 13:00,25.1
01/24/06 13:05,25.0
01/24/06 13:10,24.7
01/24/06 13:15,24.3
01/24/06 13:20,23.9
01/24/06 13:25,23.4
01/24/06 13:30,22.9
01/24/06 13:35,22.5
01/24/06 13:40,22.3
01/24/06 13:45,22.2
01/24/06 13:50,21.9
01/24/06 13:55,21.5
01/24/06 14:00,21.2
01/24/06 14:05,21.0
01/24/06 14:10,20.8
01/24/06 14:15,20.4
01/24/06 14:20,20.1
01/24/06 14:25,19.9
01/24/06 14:30,19.3
01/24/06 14:35,18.9
01/24/06 14:40,18.5
01/24/06 14:45,18.0
01/24/06 14:50,17.5
01/24/06 14:55,16.8
01/24/06 15:00,16.1
01/24/06 15:05,15.5
01/24/06 15:10,14.8
01/24/06 15:15,14.2
01/24/06 15:20,13.6
01/24/06 15:25,12.9
01/24/06 15:30,12.3
01/24/06 15:35,11.6
01/24/06 15:40,10.9
01/24/06 15:45,10.2
01/24/06 15:50,9.4
01/24/06 15:55,8.6
01/24/06 16:00,7.9
01/24/06 16:05,7.2
01/24/06 16:10,6.6
01/24/06 16:15,6.0
01/24/06 16:20,5.4
01/24/06 16:25,4.7
01/24/06 16:30,3.9
01/24/06 16:35,2.2
01/24/06 16:40,0.9
01/24/06 16:45,0.3
01/24/06 16:50,0.1
01/24/06 16:55,0.0
01/24/06 17:00,0.0
01/24/06 17:05,0.0
01/24/06 17:10,0.0
01/24/06 17:15,0.0
01/24/06 17:20,0.0
01/24/06 17:25,0.0
01/24/06 17:30,0.0
01/24/06 17:35,0.0
01/24/06 17:40,0.0
01/24/06 17:45,0.0
01/24/06 17:50,0.0
01/24/06 17:55,0.0
01/24/06 18:00,0.0
01/24/06 18:05,0.0
01/24/06 18:10,0.0
01/24/06 18:15,0.0
01/24/06 18:20,0.0
01/24/06 18:25,0.0
01/24/06 18:30,0.0
01/24/06 18:35,0.0
01/24/06 18:40,0.0
01/24/06 18:45,0.0
01/24/06 18:50,0.0
01/24/06 18:55,0.0
01/24/06 19:00,0.0
01/24/06 19:05,0.0
01/24/06 19:10,0.0
01/24/06 19:15,0.0
01/24/06 19:20,0.0
01/24/06 19:25,0.0
01/24/06 19:30,0.0
01/24/06 19:35,0.0
01/24/06 19:40,0.0
01/24/06 19:45,0.0
01/24/06 19:50,0.0
01/24/06 19:55,0.0
01/24/06 20:00,0.0
01/24/06 20:05,0.0
01/24/06 20:10,0.0
01/24/06 20:15,0.0
01/24/06 20:20,0.0
01/24/06 20:25,0.0
01/24/06 20:30,0.0
01/24/06 20:35,0.0
01/24/06 20:40,0.0
01/24/06 20:45,0.0
01/24/06 20:50,0.0
01/24/06 20:55,0.0
01/24/06 21:00,0.0
01/24/06 21:05,0.0
01/24/06 21:10,0.0
01/24/06 21:15,0.0
01/24/06 21:20,0.0
01/24/06 21:25,0.0
01/24/06 21:30,0.0
01/24/06 21:35,0.0
01/24/06 21:40,0.0
01/24/06 21:45,0.0
01/24/06 21:50,0.0
01/24/06 21:55,0.0
01/24/06 22:00,0.0
01/24/06 22:05,0.0
01/24/06 22:10,0.0
01/24/06 22:15,0.0
01/24/06 22:20,0.0
01/24/06 22:25,0.0
01/24/06 22:30,0.0
01/24/06 22:35,0.0
01/24/06 22:40,0.0
01/24/06 22:45,0.0
01/24/06 22:50,0.0
01/24/06 22:55,0.0
01/24/06 23:00,0.0
01/24/06 23:05,0.0
01/24/06 23:10,0.0
01/24/06 23:15,0.0
01/24/06 23:20,0.0
01/24/06 23:25,0.0
01/24/06 23:30,0.0
01/24/06 23:35,0.0
01/24/06 23:40,0.0
01/24/06 23:45,0.0
01/24/06 23:50,0.0
01/24/06 23:55,0.0
01/25/06 00:00,0.0
01/25/06 00:05,0.0
01/25/06 00:10,0.0
01/25/06 00:15,0.0
01/25/06 00:20,0.0
01/25/06 00:25,0.0
01/25/06 00:30,0.0
01/25/06 00:35,0.0
01/25/06 00:40,0.0
01/25/06 00:45,0.0
01/25/06 00:50,0.0
01/25/06 00:55,0.0
01/25/06 01:00,0.0
01/25/06 01:05,0.0
01/25/06 01:10,0.0
01/25/06 01:15,0.0
01/25/06 01:20,0.0
01/25/06 01:25,0.0
01/25/06 01:30,0.0
01/25/06 01:35,0.0
01/25/06 01:40,0.0
01/25/06 01:45,0.0
01/25/06 01:50,0.0
01/25/06 01:55,0.0
01/25/06 02:00,0.0
01/25/06 02:05,0.0
01/25/06 02:10,0.0
01/25/06 02:15,0.0
01/25/06 02:20,0.0
01/25/06 02:25,0.0
01/25/06 02:30,0.0
01/25/06 02:35,0.0
01/25/06 02:40,0.0
01/25/06 02:45,0.0
01/25/06 02:50,0.0
01/25/06 02:55,0.0
01/25/06 03:00,0.0
01/25/06 03:05,0.0
01/25/06 03:10,0.0
01/25/06 03:15,0.0
01/25/06 03:20,0.0
01/25/06 03:25,0.0
01/25/06 03:30,0.0
01/25/06 03:35,0.0
01/25/06 03:40,0.0
01/25/06 03:45,0.0
01/25/06 03:50,0.0
01/25/06 03:55,0.0
01/25/06 04:00,0.0
01/25/06 04:05,0.0
01/25/06 04:10,0.0
01/25/06 04:15,0.0
01/25/06 04:20,0.0
01/25/06 04:25,0.0
01/25/06 04:30,0.0
01/25/06 04:35,0.0
01/25/06 04:40,0.0
01/25/06 04:45,0.0
01/25/06 04:50,0.0
01/25/06 04:55,0.0
01/25/06 05:00,0.0
01/25/06 05:05,0.0
01/25/06 05:10,0.0
01/25/06 05:15,0.0
01/25/06 05:20,0.0
01/25/06 05:25,0.0
01/25/06 05:30,0.0
01/25/06 05:35,0.0
01/25/06 05:40,0.0
01/25/06 05:45,0.0
01/25/06 05:50,0.0
01/25/06 05:55,0.0
01/25/06 06:00,0.0
01/25/06 06:05,0.0
01/25/06 06:10,0.0
01/25/06 06:15,0.0
01/25/06 06:20,0.0
01/25/06 06:25,0.0
01/25/06 06:30,0.0
01/25/06 06:35,0.0
01/25/06 06:40,0.0
01/25/06 06:45,0.0
01/25/06 06:50,0.0
01/25/06 06:55,0.0
01/25/06 07:00,0.0
01/25/06 07:05,0.0
01/25/06 07:10,0.0
01/25/06 07:15,0.1
01/25/06 07:20,0.4
01/25/06 07:25,1.1
01/25/06 07:30,2.4
01/25/06 07:35,4.0
01/25/06 07:40,4.7
01/25/06 07:45,5.5
01/25/06 07:50,6.1
01/25/06 07:55,6.7
01/25/06 08:00,7.5
01/25/06 08:05,8.1
01/25/06 08:10,8.8
01/25/06 08:15,9.6
01/25/06 08:20,10.4
01/25/06 08:25,11.2
01/25/06 08:30,12.0
01/25/06 08:35,12.7
01/25/06 08:40,13.4
01/25/06 08:45,14.2
01/25/06 08:50,14.9
01/25/06 08:55,15.7
01/25/06 09:00,16.4
01/25/06 09:05,17.0
01/25/06 09:10,17.6
01/25/06 09:15,18.1
01/25/06 09:20,18.6
01/25/06 09:25,19.2
01/25/06 09:30,19.7
01/25/06 09:35,20.4
01/25/06 09:40,21.3
01/25/06 09:45,21.7
01/25/06 09:50,22.3
01/25/06 09:55,22.7
01/25/06 10:00,23.1
01/25/06 10:05,23.6
01/25/06 10:10,24.2
01/25/06 10:15,24.3
01/25/06 10:20,24.1
01/25/06 10:25,23.7
01/25/06 10:30,23.4
01/25/06 10:35,22.9
01/25/06 10:40,22.4
01/25/06 10:45,22.0
01/25/06 10:50,22.0
01/25/06 10:55,22.0
01/25/06 11:00,22.3
01/25/06 11:05,22.7
01/25/06 11:10,22.9
01/25/06 11:15,23.5
01/25/06 11:20,24.3
01/25/06 11:25,24.9
01/25/06 11:30,25.4
01/25/06 11:35,25.6
01/25/06 11:40,25.8
01/25/06 11:45,25.8
01/25/06 11:50,25.9
01/25/06 11:55,25.8
01/25/06 12:00,25.8
01/25/06 12:05,25.9
01/25/06 12:10,25.8
01/25/06 12:15,25.7
01/25/06 12:20,25.7
01/25/06 12:25,25.6
01/25/06 12:30,25.6
01/25/06 12:35,25.6
01/25/06 12:40,25.5
01/25/06 12:45,25.3
01/25/06 12:50,25.0
01/25/06 12:55,24.7
01/25/06 13:00,24.5
01/25/06 13:05,24.4
01/25/06 13:10,23.9
01/25/06 13:15,23.8
01/25/06 13:20,23.7
01/25/06 13:25,23.5
01/25/06 13:30,23.5
01/25/06 13:35,23.5
01/25/06 13:40,23.2
01/25/06 13:45,22.9
01/25/06 13:50,22.5
01/25/06 13:55,22.1
01/25/06 14:00,21.6
01/25/06 14:05,21.0
01/25/06 14:10,20.5
01/25/06 14:15,20.2
01/25/06 14:20,20.2
01/25/06 14:25,20.1
01/25/06 14:30,19.8
01/25/06 14:35,19.4
01/25/06 14:40,19.0
01/25/06 14:45,18.5
01/25/06 14:50,18.1
01/25/06 14:55,17.7
01/25/06 15:00,17.1
01/25/06 15:05,16.6
01/25/06 15:10,16.0
01/25/06 15:15,15.3
01/25/06 15:20,14.4
01/25/06 15:25,13.6
01/25/06 15:30,12.8
01/25/06 15:35,12.1
01/25/06 15:40,11.4
01/25/06 15:45,10.7
01/25/06 15:50,10.0
01/25/06 15:55,9.3
01/25/06 16:00,8.5
01/25/06 16:05,7.7
01/25/06 16:10,6.8
01/25/06 16:15,6.1
01/25/06 16:20,5.5
01/25/06 16:25,4.8
01/25/06 16:30,4.1
01/25/06 16:35,3.2
01/25/06 16:40,1.6
01/25/06 16:45,0.7
01/25/06 16:50,0.2
01/25/06 16:55,0.1
01/25/06 17:00,0.0
01/25/06 17:05,0.0
01/25/06 17:10,0.0
01/25/06 17:15,0.0
01/25/06 17:20,0.0
01/25/06 17:25,0.0
01/25/06 17:30,0.0
01/25/06 17:35,0.0
01/25/06 17:40,0.0
01/25/06 17:45,0.0
01/25/06 17:50,0.0
01/25/06 17:55,0.0
01/25/06 18:00,0.0
01/25/06 18:05,0.0
01/25/06 18:10,0.0
01/25/06 18:15,0.0
01/25/06 18:20,0.0
01/25/06 18:25,0.0
01/25/06 18:30,0.0
01/25/06 18:35,0.0
01/25/06 18:40,0.0
01/25/06 18:45,0.0
01/25/06 18:50,0.0
01/25/06 18:55,0.0
01/25/06 19:00,0.0
01/25/06 19:05,0.0
01/25/06 19:10,0.0
01/25/06 19:15,0.0
01/25/06 19:20,0.0
01/25/06 19:25,0.0
01/25/06 19:30,0.0
01/25/06 19:35,0.0
01/25/06 19:40,0.0
01/25/06 19:45,0.0
01/25/06 19:50,0.0
01/25/06 19:55,0.0
01/25/06 20:00,0.0
01/25/06 20:05,0.0
01/25/06 20:10,0.0
01/25/06 20:15,0.0
01/25/06 20:20,0.0
01/25/06 20:25,0.0
01/25/06 20:30,0.0
01/25/06 20:35,0.0
01/25/06 20:40,0.0
01/25/06 20:45,0.0
01/25/06 20:50,0.0
01/25/06 20:55,0.0
01/25/06 21:00,0.0
01/25/06 21:05,0.0
01/25/06 21:10,0.0
01/25/06 21:15,0.0
01/25/06 21:20,0.0
01/25/06 21:25,0.0
01/25/06 21:30,0.0
01/25/06 21:35,0.0
01/25/06 21:40,0.0
01/25/06 21:45,0.0
01/25/06 21:50,0.0
01/25/06 21:55,0.0
01/25/06 22:00,0.0
01/25/06 22:05,0.0
01/25/06 22:10,0.0
01/25/06 22:15,0.0
01/25/06 22:20,0.0
01/25/06 22:25,0.0
01/25/06 22:30,0.0
01/25/06 22:35,0.0
01/25/06 22:40,0.0
01/25/06 22:45,0.0
01/25/06 22:50,0.0
01/25/06 22:55,0.0
01/25/06 23:00,0.0
01/25/06 23:05,0.0
01/25/06 23:10,0.0
01/25/06 23:15,0.0
01/25/06 23:20,0.0
01/25/06 23:25,0.0
01/25/06 23:30,0.0
01/25/06 23:35,0.0
01/25/06 23:40,0.0
01/25/06 23:45,0.0
01/25/06 23:50,0.0
01/25/06 23:55,0.0
01/26/06 00:00,0.0
01/26/06 00:05,0.0
01/26/06 00:10,0.0
01/26/06 00:15,0.0
01/26/06 00:20,0.0
01/26/06 00:25,0.0
01/26/06 00:30,0.0
01/26/06 00:35,0.0
01/26/06 00:40,0.0
01/26/06 00:45,0.0
01/26/06 00:50,0.0
01/26/06 00:55,0.0
01/26/06 01:00,0.0
01/26/06 01:05,0.0
01/26/06 01:10,0.0
01/26/06 01:15,0.0
01/26/06 01:20,0.0
01/26/06 01:25,0.0
01/26/06 01:30,0.0
01/26/06 01:35,0.0
01/26/06 01:40,0.0
01/26/06 01:45,0.0
01/26/06 01:50,0.0
01/26/06 01:55,0.0
01/26/06 02:00,0.0
01/26/06 02:05,0.0
01/26/06 02:10,0.0
01/26/06 02:15,0.0
01/26/06 02:20,0.0
01/26/06 02:25,0.0
01/26/06 02:30,0.0
01/26/06 02:35,0.0
01/26/06 02:40,0.0
01/26/06 02:45,0.0
01/26/06 02:50,0.0
01/26/06 02:55,0.0
01/26/06 03:00,0.0
01/26/06 03:05,0.0
01/26/06 03:10,0.0
01/26/06 03:15,0.0
01/26/06 03:20,0.0
01/26/06 03:25,0.0
01/26/06 03:30,0.0
01/26/06 03:35,0.0
01/26/06 03:40,0.0
01/26/06 03:45,0.0
01/26/06 03:50,0.0
01/26/06 03:55,0.0
01/26/06 04:00,0.0
01/26/06 04:05,0.0
01/26/06 04:10,0.0
01/26/06 04:15,0.0
01/26/06 04:20,0.0
01/26/06 04:25,0.0
01/26/06 04:30,0.0
01/26/06 04:35,0.0
01/26/06 04:40,0.0
01/26/06 04:45,0.0
01/26/06 04:50,0.0
01/26/06 04:55,0.0
01/26/06 05:00,0.0
01/26/06 05:05,0.0
01/26/06 05:10,0.0
01/26/06 05:15,0.0
01/26/06 05:20,0.0
01/26/06 05:25,0.0
01/26/06 05:30,0.0
01/26/06 05:35,0.0
01/26/06 05:40,0.0
01/26/06 05:45,0.0
01/26/06 05:50,0.0
01/26/06 05:55,0.0
01/26/06 06:00,0.0
01/26/06 06:05,0.0
01/26/06 06:10,0.0
01/26/06 06:15,0.0
01/26/06 06:20,0.0
01/26/06 06:25,0.0
01/26/06 06:30,0.0
01/26/06 06:35,0.0
01/26/06 06:40,0.0
01/26/06 06:45,0.0
01/26/06 06:50,0.0
01/26/06 06:55,0.0
01/26/06 07:00,0.0
01/26/06 07:05,0.0
01/26/06 07:10,0.0
01/26/06 07:15,0.0
01/26/06 07:20,0.3
01/26/06 07:25,0.9
01/26/06 07:30,2.4
01/26/06 07:35,4.0
01/26/06 07:40,4.8
01/26/06 07:45,5.6
01/26/06 07:50,6.5
01/26/06 07:55,7.3
01/26/06 08:00,8.2
01/26/06 08:05,9.0
01/26/06 08:10,9.7
01/26/06 08:15,10.4
01/26/06 08:20,11.0
01/26/06 08:25,11.8
01/26/06 08:30,12.5
01/26/06 08:35,13.3
01/26/06 08:40,14.1
01/26/06 08:45,14.8
01/26/06 08:50,15.5
01/26/06 08:55,16.1
01/26/06 09:00,16.7
01/26/06 09:05,17.3
01/26/06 09:10,18.0
01/26/06 09:15,18.4
01/26/06 09:20,18.7
01/26/06 09:25,19.1
01/26/06 09:30,19.4
01/26/06 09:35,19.8
01/26/06 09:40,20.2
01/26/06 09:45,20.4
01/26/06 09:50,20.6
01/26/06 09:55,21.0
01/26/06 10:00,21.3
01/26/06 10:05,21.6
01/26/06 10:10,21.8
01/26/06 10:15,22.2
01/26/06 10:20,22.9
01/26/06 10:25,23.3
01/26/06 10:30,23.6
01/26/06 10:35,24.0
01/26/06 10:40,24.3
01/26/06 10:45,24.8
01/26/06 10:50,25.3
01/26/06 10:55,25.7
01/26/06 11:00,26.1
01/26/06 11:05,26.4
01/26/06 11:10,26.6
01/26/06 11:15,26.4
01/26/06 11:20,26.2
01/26/06 11:25,26.0
01/26/06 11:30,25.9
01/26/06 11:35,26.0
01/26/06 11:40,26.2
01/26/06 11:45,26.5
01/26/06 11:50,26.5
01/26/06 11:55,26.0
01/26/06 12:00,25.6
01/26/06 12:05,25.4
01/26/06 12:10,25.4
01/26/06 12:15,25.3
01/26/06 12:20,25.0
01/26/06 12:25,24.6
01/26/06 12:30,24.3
01/26/06 12:35,24.1
01/26/06 12:40,23.8
01/26/06 12:45,23.6
01/26/06 12:50,23.5
01/26/06 12:55,23.6
01/26/06 13:00,23.7
01/26/06 13:05,23.6
01/26/06 13:10,23.6
01/26/06 13:15,23.6
01/26/06 13:20,24.0
01/26/06 13:25,24.2
01/26/06 13:30,24.2
01/26/06 13:35,24.2
01/26/06 13:40,24.1
01/26/06 13:45,23.8
01/26/06 13:50,23.4
01/26/06 13:55,23.0
01/26/06 14:00,22.7
01/26/06 14:05,22.5
01/26/06 14:10,22.3
01/26/06 14:15,21.3
01/26/06 14:20,18.7
01/26/06 14:25,18.3
01/26/06 14:30,17.8
01/26/06 14:35,16.2
01/26/06 14:40,15.0
01/26/06 14:45,13.3
01/26/06 14:50,13.1
01/26/06 14:55,13.3
01/26/06 15:00,13.0
01/26/06 15:05,13.0
01/26/06 15:10,13.3
01/26/06 15:15,12.1
01/26/06 15:20,11.1
01/26/06 15:25,10.9
01/26/06 15:30,10.5
01/26/06 15:35,10.1
01/26/06 15:40,9.2
01/26/06 15:45,8.3
01/26/06 15:50,7.7
01/26/06 15:55,7.1
01/26/06 16:00,6.9
01/26/06 16:05,6.6
01/26/06 16:10,6.1
01/26/06 16:15,5.2
01/26/06 16:20,3.8
01/26/06 16:25,1.7
01/26/06 16:30,0.7
01/26/06 16:35,0.3
01/26/06 16:40,0.1
01/26/06 16:45,0.0
01/26/06 16:50,0.0
01/26/06 16:55,0.0
01/26/06 17:00,0.0
01/26/06 17:05,0.0
01/26/06 17:10,0.0
01/26/06 17:15,0.0
01/26/06 17:20,0.0
01/26/06 17:25,0.0
01/26/06 17:30,0.0
01/26/06 17:35,0.0
01/26/06 17:40,0.0
01/26/06 17:45,0.0
01/26/06 17:50,0.0
01/26/06 17:55,0.0
01/26/06 18:00,0.0
01/26/06 18:05,0.0
01/26/06 18:10,0.0
01/26/06 18:15,0.0
01/26/06 18:20,0.0
01/26/06 18:25,0.0
01/26/06 18:30,0.0
01/26/06 18:35,0.0
01/26/06 18:40,0.0
01/26/06 18:45,0.0
01/26/06 18:50,0.0
01/26/06 18:55,0.0
01/26/06 19:00,0.0
01/26/06 19:05,0.0
01/26/06 19:10,0.0
01/26/06 19:15,0.0
01/26/06 19:20,0.0
01/26/06 19:25,0.0
01/26/06 19:30,0.0
01/26/06 19:35,0.0
01/26/06 19:40,0.0
01/26/06 19:45,0.0
01/26/06 19:50,0.0
01/26/06 19:55,0.0
01/26/06 20:00,0.0
01/26/06 20:05,0.0
01/26/06 20:10,0.0
01/26/06 20:15,0.0
01/26/06 20:20,0.0
01/26/06 20:25,0.0
01/26/06 20:30,0.0
01/26/06 20:35,0.0
01/26/06 20:40,0.0
01/26/06 20:45,0.0
01/26/06 20:50,0.0
01/26/06 20:55,0.0
01/26/06 21:00,0.0
01/26/06 21:05,0.0
01/26/06 21:10,0.0
01/26/06 21:15,0.0
01/26/06 21:20,0.0
01/26/06 21:25,0.0
01/26/06 21:30,0.0
01/26/06 21:35,0.0
01/26/06 21:40,0.0
01/26/06 21:45,0.0
01/26/06 21:50,0.0
01/26/06 21:55,0.0
01/26/06 22:00,0.0
01/26/06 22:05,0.0
01/26/06 22:10,0.0
01/26/06 22:15,0.0
01/26/06 22:20,0.0
01/26/06 22:25,0.0
01/26/06 22:30,0.0
01/26/06 22:35,0.0
01/26/06 22:40,0.0
01/26/06 22:45,0.0
01/26/06 22:50,0.0
01/26/06 22:55,0.0
01/26/06 23:00,0.0
01/26/06 23:05,0.0
01/26/06 23:10,0.0
01/26/06 23:15,0.0
01/26/06 23:20,0.0
01/26/06 23:25,0.0
01/26/06 23:30,0.0
01/26/06 23:35,0.0
01/26/06 23:40,0.0
01/26/06 23:45,0.0
01/26/06 23:50,0.0
01/26/06 23:55,0.0
01/27/06 00:00,0.0
01/27/06 00:05,0.0
01/27/06 00:10,0.0
01/27/06 00:15,0.0
01/27/06 00:20,0.0
01/27/06 00:25,0.0
01/27/06 00:30,0.0
01/27/06 00:35,0.0
01/27/06 00:40,0.0
01/27/06 00:45,0.0
01/27/06 00:50,0.0
01/27/06 00:55,0.0
01/27/06 01:00,0.0
01/27/06 01:05,0.0
01/27/06 01:10,0.0
01/27/06 01:15,0.0
01/27/06 01:20,0.0
01/27/06 01:25,0.0
01/27/06 01:30,0.0
01/27/06 01:35,0.0
01/27/06 01:40,0.0
01/27/06 01:45,0.0
01/27/06 01:50,0.0
01/27/06 01:55,0.0
01/27/06 02:00,0.0
01/27/06 02:05,0.0
01/27/06 02:10,0.0
01/27/06 02:15,0.0
01/27/06 02:20,0.0
01/27/06 02:25,0.0
01/27/06 02:30,0.0
01/27/06 02:35,0.0
01/27/06 02:40,0.0
01/27/06 02:45,0.0
01/27/06 02:50,0.0
01/27/06 02:55,0.0
01/27/06 03:00,0.0
01/27/06 03:05,0.0
01/27/06 03:10,0.0
01/27/06 03:15,0.0
01/27/06 03:20,0.0
01/27/06 03:25,0.0
01/27/06 03:30,0.0
01/27/06 03:35,0.0
01/27/06 03:40,0.0
01/27/06 03:45,0.0
01/27/06 03:50,0.0
01/27/06 03:55,0.0
01/27/06 04:00,0.0
01/27/06 04:05,0.0
01/27/06 04:10,0.0
01/27/06 04:15,0.0
01/27/06 04:20,0.0
01/27/06 04:25,0.0
01/27/06 04:30,0.0
01/27/06 04:35,0.0
01/27/06 04:40,0.0
01/27/06 04:45,0.0
01/27/06 04:50,0.0
01/27/06 04:55,0.0
01/27/06 05:00,0.0
01/27/06 05:05,0.0
01/27/06 05:10,0.0
01/27/06 05:15,0.0
01/27/06 05:20,0.0
01/27/06 05:25,0.0
01/27/06 05:30,0.0
01/27/06 05:35,0.0
01/27/06 05:40,0.0
01/27/06 05:45,0.0
01/27/06 05:50,0.0
01/27/06 05:55,0.0
01/27/06 06:00,0.0
01/27/06 06:05,0.0
01/27/06 06:10,0.0
01/27/06 06:15,0.0
01/27/06 06:20,0.0
01/27/06 06:25,0.0
01/27/06 06:30,0.0
01/27/06 06:35,0.0
01/27/06 06:40,0.0
01/27/06 06:45,0.0
01/27/06 06:50,0.0
01/27/06 06:55,0.0
01/27/06 07:00,0.0
01/27/06 07:05,0.0
01/27/06 07:10,0.0
01/27/06 07:15,0.0
01/27/06 07:20,0.1
01/27/06 07:25,0.4
01/27/06 07:30,1.1
01/27/06 07:35,2.8
01/27/06 07:40,4.0
01/27/06 07:45,4.7
01/27/06 07:50,5.3
01/27/06 07:55,6.0
01/27/06 08:00,6.7
01/27/06 08:05,7.4
01/27/06 08:10,8.1
01/27/06 08:15,8.6
01/27/06 08:20,8.9
01/27/06 08:25,9.2
01/27/06 08:30,9.6
01/27/06 08:35,9.8
01/27/06 08:40,10.2
01/27/06 08:45,10.8
01/27/06 08:50,11.3
01/27/06 08:55,11.8
01/27/06 09:00,12.2
01/27/06 09:05,12.6
01/27/06 09:10,13.0
01/27/06 09:15,13.4
01/27/06 09:20,13.7
01/27/06 09:25,13.9
01/27/06 09:30,14.2
01/27/06 09:35,14.5
01/27/06 09:40,14.8
01/27/06 09:45,15.1
01/27/06 09:50,15.2
01/27/06 09:55,15.4
01/27/06 10:00,15.7
01/27/06 10:05,16.3
01/27/06 10:10,16.8
01/27/06 10:15,16.6
01/27/06 10:20,16.9
01/27/06 10:25,17.7
01/27/06 10:30,16.5
01/27/06 10:35,18.2
01/27/06 10:40,20.2
01/27/06 10:45,20.6
01/27/06 10:50,20.4
01/27/06 10:55,20.2
01/27/06 11:00,20.4
01/27/06 11:05,20.3
01/27/06 11:10,21.1
01/27/06 11:15,21.0
01/27/06 11:20,21.2
01/27/06 11:25,22.5
01/27/06 11:30,23.6
01/27/06 11:35,24.6
01/27/06 11:40,25.3
01/27/06 11:45,26.0
01/27/06 11:50,26.8
01/27/06 11:55,27.3
01/27/06 12:00,27.7
01/27/06 12:05,27.4
01/27/06 12:10,27.1
01/27/06 12:15,26.4
01/27/06 12:20,25.3
01/27/06 12:25,22.5
01/27/06 12:30,22.1
01/27/06 12:35,22.5
01/27/06 12:40,21.1
01/27/06 12:45,20.4
01/27/06 12:50,19.0
01/27/06 12:55,20.0
01/27/06 13:00,20.1
01/27/06 13:05,19.2
01/27/06 13:10,18.8
01/27/06 13:15,19.1
01/27/06 13:20,18.8
01/27/06 13:25,17.7
01/27/06 13:30,15.8
01/27/06 13:35,14.1
01/27/06 13:40,13.2
01/27/06 13:45,12.5
01/27/06 13:50,11.5
01/27/06 13:55,9.7
01/27/06 14:00,7.9
01/27/06 14:05,7.0
01/27/06 14:10,6.6
01/27/06 14:15,6.6
01/27/06 14:20,7.0
01/27/06 14:25,9.1
01/27/06 14:30,11.2
01/27/06 14:35,12.6
01/27/06 14:40,14.6
01/27/06 14:45,16.3
01/27/06 14:50,15.7
01/27/06 14:55,16.0
01/27/06 15:00,16.6
01/27/06 15:05,16.2
01/27/06 15:10,15.8
01/27/06 15:15,14.2
01/27/06 15:20,12.2
01/27/06 15:25,10.8
01/27/06 15:30,9.7
01/27/06 15:35,8.8
01/27/06 15:40,8.0
01/27/06 15:45,7.4
01/27/06 15:50,6.7
01/27/06 15:55,6.0
01/27/06 16:00,5.5
01/27/06 16:05,5.0
01/27/06 16:10,4.5
01/27/06 16:15,4.0
01/27/06 16:20,3.8
01/27/06 16:25,1.4
01/27/06 16:30,0.4
01/27/06 16:35,0.1
01/27/06 16:40,0.2
01/27/06 16:45,0.1
01/27/06 16:50,0.1
01/27/06 16:55,0.0
01/27/06 17:00,0.0
01/27/06 17:05,0.0
01/27/06 17:10,0.0
01/27/06 17:15,0.0
01/27/06 17:20,0.0
01/27/06 17:25,0.0
01/27/06 17:30,0.0
01/27/06 17:35,0.0
01/27/06 17:40,0.0
01/27/06 17:45,0.0
01/27/06 17:50,0.0
01/27/06 17:55,0.0
01/27/06 18:00,0.0
01/27/06 18:05,0.0
01/27/06 18:10,0.0
01/27/06 18:15,0.0
01/27/06 18:20,0.0
01/27/06 18:25,0.0
01/27/06 18:30,0.0
01/27/06 18:35,0.0
01/27/06 18:40,0.0
01/27/06 18:45,0.0
01/27/06 18:50,0.0
01/27/06 18:55,0.0
01/27/06 19:00,0.0
01/27/06 19:05,0.0
01/27/06 19:10,0.0
01/27/06 19:15,0.0
01/27/06 19:20,0.0
01/27/06 19:25,0.0
01/27/06 19:30,0.0
01/27/06 19:35,0.0
01/27/06 19:40,0.0
01/27/06 19:45,0.0
01/27/06 19:50,0.0
01/27/06 19:55,0.0
01/27/06 20:00,0.0
01/27/06 20:05,0.0
01/27/06 20:10,0.0
01/27/06 20:15,0.0
01/27/06 20:20,0.0
01/27/06 20:25,0.0
01/27/06 20:30,0.0
01/27/06 20:35,0.0
01/27/06 20:40,0.0
01/27/06 20:45,0.0
01/27/06 20:50,0.0
01/27/06 20:55,0.0
01/27/06 21:00,0.0
01/27/06 21:05,0.0
01/27/06 21:10,0.0
01/27/06 21:15,0.0
01/27/06 21:20,0.0
01/27/06 21:25,0.0
01/27/06 21:30,0.0
01/27/06 21:35,0.0
01/27/06 21:40,0.0
01/27/06 21:45,0.0
01/27/06 21:50,0.0
01/27/06 21:55,0.0
01/27/06 22:00,0.0
01/27/06 22:05,0.0
01/27/06 22:10,0.0
01/27/06 22:15,0.0
01/27/06 22:20,0.0
01/27/06 22:25,0.0
01/27/06 22:30,0.0
01/27/06 22:35,0.0
01/27/06 22:40,0.0
01/27/06 22:45,0.0
01/27/06 22:50,0.0
01/27/06 22:55,0.0
01/27/06 23:00,0.0
01/27/06 23:05,0.0
01/27/06 23:10,0.0
01/27/06 23:15,0.0
01/27/06 23:20,0.0
01/27/06 23:25,0.0
01/27/06 23:30,0.0
01/27/06 23:35,0.0
01/27/06 23:40,0.0
01/27/06 23:45,0.0
01/27/06 23:50,0.0
01/27/06 23:55,0.0
01/28/06 00:00,0.0
01/28/06 00:05,0.0
01/28/06 00:10,0.0
01/28/06 00:15,0.0
01/28/06 00:20,0.0
01/28/06 00:25,0.0
01/28/06 00:30,0.0
01/28/06 00:35,0.0
01/28/06 00:40,0.0
01/28/06 00:45,0.0
01/28/06 00:50,0.0
01/28/06 00:55,0.0
01/28/06 01:00,0.0
01/28/06 01:05,0.0
01/28/06 01:10,0.0
01/28/06 01:15,0.0
01/28/06 01:20,0.0
01/28/06 01:25,0.0
01/28/06 01:30,0.0
01/28/06 01:35,0.0
01/28/06 01:40,0.0
01/28/06 01:45,0.0
01/28/06 01:50,0.0
01/28/06 01:55,0.0
01/28/06 02:00,0.0
01/28/06 02:05,0.0
01/28/06 02:10,0.0
01/28/06 02:15,0.0
01/28/06 02:20,0.0
01/28/06 02:25,0.0
01/28/06 02:30,0.0
01/28/06 02:35,0.0
01/28/06 02:40,0.0
01/28/06 02:45,0.0
01/28/06 02:50,0.0
01/28/06 02:55,0.0
01/28/06 03:00,0.0
01/28/06 03:05,0.0
01/28/06 03:10,0.0
01/28/06 03:15,0.0
01/28/06 03:20,0.0
01/28/06 03:25,0.0
01/28/06 03:30,0.0
01/28/06 03:35,0.0
01/28/06 03:40,0.0
01/28/06 03:45,0.0
01/28/06 03:50,0.0
01/28/06 03:55,0.0
01/28/06 04:00,0.0
01/28/06 04:05,0.0
01/28/06 04:10,0.0
01/28/06 04:15,0.0
01/28/06 04:20,0.0
01/28/06 04:25,0.0
01/28/06 04:30,0.0
01/28/06 04:35,0.0
01/28/06 04:40,0.0
01/28/06 04:45,0.0
01/28/06 04:50,0.0
01/28/06 04:55,0.0
01/28/06 05:00,0.0
01/28/06 05:05,0.0
01/28/06 05:10,0.0
01/28/06 05:15,0.0
01/28/06 05:20,0.0
01/28/06 05:25,0.0
01/28/06 05:30,0.0
01/28/06 05:35,0.0
01/28/06 05:40,0.0
01/28/06 05:45,0.0
01/28/06 05:50,0.0
01/28/06 05:55,0.0
01/28/06 06:00,0.0
01/28/06 06:05,0.0
01/28/06 06:10,0.0
01/28/06 06:15,0.0
01/28/06 06:20,0.0
01/28/06 06:25,0.0
01/28/06 06:30,0.0
01/28/06 06:35,0.0
01/28/06 06:40,0.0
01/28/06 06:45,0.0
01/28/06 06:50,0.0
01/28/06 06:55,0.0
01/28/06 07:00,0.0
01/28/06 07:05,0.0
01/28/06 07:10,0.0
01/28/06 07:15,0.0
01/28/06 07:20,0.2
01/28/06 07:25,0.7
01/28/06 07:30,1.9
01/28/06 07:35,3.7
01/28/06 07:40,4.4
01/28/06 07:45,5.1
01/28/06 07:50,5.8
01/28/06 07:55,6.6
01/28/06 08:00,7.4
01/28/06 08:05,8.1
01/28/06 08:10,8.7
01/28/06 08:15,9.4
01/28/06 08:20,9.9
01/28/06 08:25,10.3
01/28/06 08:30,10.4
01/28/06 08:35,10.3
01/28/06 08:40,10.2
01/28/06 08:45,10.2
01/28/06 08:50,10.1
01/28/06 08:55,9.9
01/28/06 09:00,9.5
01/28/06 09:05,8.7
01/28/06 09:10,8.2
01/28/06 09:15,7.7
01/28/06 09:20,7.9
01/28/06 09:25,8.3
01/28/06 09:30,9.2
01/28/06 09:35,10.1
01/28/06 09:40,11.0
01/28/06 09:45,11.9
01/28/06 09:50,12.9
01/28/06 09:55,14.2
01/28/06 10:00,15.2
01/28/06 10:05,16.3
01/28/06 10:10,17.4
01/28/06 10:15,16.8
01/28/06 10:20,12.8
01/28/06 10:25,12.3
01/28/06 10:30,12.5
01/28/06 10:35,13.0
01/28/06 10:40,13.4
01/28/06 10:45,13.7
01/28/06 10:50,14.4
01/28/06 10:55,14.6
01/28/06 11:00,15.0
01/28/06 11:05,12.6
01/28/06 11:10,9.8
01/28/06 11:15,10.2
01/28/06 11:20,12.1
01/28/06 11:25,13.3
01/28/06 11:30,14.2
01/28/06 11:35,14.2
01/28/06 11:40,14.2
01/28/06 11:45,14.1
01/28/06 11:50,14.2
01/28/06 11:55,14.0
01/28/06 12:00,13.3
01/28/06 12:05,13.0
01/28/06 12:10,12.5
01/28/06 12:15,11.6
01/28/06 12:20,10.2
01/28/06 12:25,9.5
01/28/06 12:30,9.2
01/28/06 12:35,9.0
01/28/06 12:40,8.6
01/28/06 12:45,8.3
01/28/06 12:50,8.1
01/28/06 12:55,8.0
01/28/06 13:00,7.9
01/28/06 13:05,7.9
01/28/06 13:10,8.1
01/28/06 13:15,7.9
01/28/06 13:20,7.6
01/28/06 13:25,7.2
01/28/06 13:30,6.9
01/28/06 13:35,6.7
01/28/06 13:40,6.6
01/28/06 13:45,6.6
01/28/06 13:50,6.6
01/28/06 13:55,6.6
01/28/06 14:00,6.6
01/28/06 14:05,6.6
01/28/06 14:10,6.6
01/28/06 14:15,6.7
01/28/06 14:20,6.7
01/28/06 14:25,6.8
01/28/06 14:30,7.5
01/28/06 14:35,10.0
01/28/06 14:40,11.5
01/28/06 14:45,11.8
01/28/06 14:50,11.5
01/28/06 14:55,12.0
01/28/06 15:00,10.0
01/28/06 15:05,9.9
01/28/06 15:10,12.4
01/28/06 15:15,11.2
01/28/06 15:20,9.8
01/28/06 15:25,7.4
01/28/06 15:30,5.7
01/28/06 15:35,6.3
01/28/06 15:40,6.4
01/28/06 15:45,5.8
01/28/06 15:50,2.9
01/28/06 15:55,1.9
01/28/06 16:00,3.8
01/28/06 16:05,4.2
01/28/06 16:10,4.4
01/28/06 16:15,4.5
01/28/06 16:20,5.0
01/28/06 16:25,4.0
01/28/06 16:30,2.7
01/28/06 16:35,0.9
01/28/06 16:40,0.5
01/28/06 16:45,0.2
01/28/06 16:50,0.1
01/28/06 16:55,0.0
01/28/06 17:00,0.0
01/28/06 17:05,0.0
01/28/06 17:10,0.0
01/28/06 17:15,0.0
01/28/06 17:20,0.0
01/28/06 17:25,0.0
01/28/06 17:30,0.0
01/28/06 17:35,0.0
01/28/06 17:40,0.0
01/28/06 17:45,0.0
01/28/06 17:50,0.0
01/28/06 17:55,0.0
01/28/06 18:00,0.0
01/28/06 18:05,0.0
01/28/06 18:10,0.0
01/28/06 18:15,0.0
01/28/06 18:20,0.0
01/28/06 18:25,0.0
01/28/06 18:30,0.0
01/28/06 18:35,0.0
01/28/06 18:40,0.0
01/28/06 18:45,0.0
01/28/06 18:50,0.0
01/28/06 18:55,0.0
01/28/06 19:00,0.0
01/28/06 19:05,0.0
01/28/06 19:10,0.0
01/28/06 19:15,0.0
01/28/06 19:20,0.0
01/28/06 19:25,0.0
01/28/06 19:30,0.0
01/28/06 19:35,0.0
01/28/06 19:40,0.0
01/28/06 19:45,0.0
01/28/06 19:50,0.0
01/28/06 19:55,0.0
01/28/06 20:00,0.0
01/28/06 20:05,0.0
01/28/06 20:10,0.0
01/28/06 20:15,0.0
01/28/06 20:20,0.0
01/28/06 20:25,0.0
01/28/06 20:30,0.0
01/28/06 20:35,0.0
01/28/06 20:40,0.0
01/28/06 20:45,0.0
01/28/06 20:50,0.0
01/28/06 20:55,0.0
01/28/06 21:00,0.0
01/28/06 21:05,0.0
01/28/06 21:10,0.0
01/28/06 21:15,0.0
01/28/06 21:20,0.0
01/28/06 21:25,0.0
01/28/06 21:30,0.0
01/28/06 21:35,0.0
01/28/06 21:40,0.0
01/28/06 21:45,0.0
01/28/06 21:50,0.0
01/28/06 21:55,0.0
01/28/06 22:00,0.0
01/28/06 22:05,0.0
01/28/06 22:10,0.0
01/28/06 22:15,0.0
01/28/06 22:20,0.0
01/28/06 22:25,0.0
01/28/06 22:30,0.0
01/28/06 22:35,0.0
01/28/06 22:40,0.0
01/28/06 22:45,0.0
01/28/06 22:50,0.0
01/28/06 22:55,0.0
01/28/06 23:00,0.0
01/28/06 23:05,0.0
01/28/06 23:10,0.0
01/28/06 23:15,0.0
01/28/06 23:20,0.0
01/28/06 23:25,0.0
01/28/06 23:30,0.0
01/28/06 23:35,0.0
01/28/06 23:40,0.0
01/28/06 23:45,0.0
01/28/06 23:50,0.0
01/28/06 23:55,0.0
01/29/06 00:00,0.0
01/29/06 00:05,0.0
01/29/06 00:10,0.0
01/29/06 00:15,0.0
01/29/06 00:20,0.0
01/29/06 00:25,0.0
01/29/06 00:30,0.0
01/29/06 00:35,0.0
01/29/06 00:40,0.0
01/29/06 00:45,0.0
01/29/06 00:50,0.0
01/29/06 00:55,0.0
01/29/06 01:00,0.0
01/29/06 01:05,0.0
01/29/06 01:10,0.0
01/29/06 01:15,0.0
01/29/06 01:20,0.0
01/29/06 01:25,0.0
01/29/06 01:30,0.0
01/29/06 01:35,0.0
01/29/06 01:40,0.0
01/29/06 01:45,0.0
01/29/06 01:50,0.0
01/29/06 01:55,0.0
01/29/06 02:00,0.0
01/29/06 02:05,0.0
01/29/06 02:10,0.0
01/29/06 02:15,0.0
01/29/06 02:20,0.0
01/29/06 02:25,0.0
01/29/06 02:30,0.0
01/29/06 02:35,0.0
01/29/06 02:40,0.0
01/29/06 02:45,0.0
01/29/06 02:50,0.0
01/29/06 02:55,0.0
01/29/06 03:00,0.0
01/29/06 03:05,0.0
01/29/06 03:10,0.0
01/29/06 03:15,0.0
01/29/06 03:20,0.0
01/29/06 03:25,0.0
01/29/06 03:30,0.0
01/29/06 03:35,0.0
01/29/06 03:40,0.0
01/29/06 03:45,0.0
01/29/06 03:50,0.0
01/29/06 03:55,0.0
01/29/06 04:00,0.0
01/29/06 04:05,0.0
01/29/06 04:10,0.0
01/29/06 04:15,0.0
01/29/06 04:20,0.0
01/29/06 04:25,0.0
01/29/06 04:30,0.0
01/29/06 04:35,0.0
01/29/06 04:40,0.0
01/29/06 04:45,0.0
01/29/06 04:50,0.0
01/29/06 04:55,0.0
01/29/06 05:00,0.0
01/29/06 05:05,0.0
01/29/06 05:10,0.0
01/29/06 05:15,0.0
01/29/06 05:20,0.0
01/29/06 05:25,0.0
01/29/06 05:30,0.0
01/29/06 05:35,0.0
01/29/06 05:40,0.0
01/29/06 05:45,0.0
01/29/06 05:50,0.0
01/29/06 05:55,0.0
01/29/06 06:00,0.0
01/29/06 06:05,0.0
01/29/06 06:10,0.0
01/29/06 06:15,0.0
01/29/06 06:20,0.0
01/29/06 06:25,0.0
01/29/06 06:30,0.0
01/29/06 06:35,0.0
01/29/06 06:40,0.0
01/29/06 06:45,0.0
01/29/06 06:50,0.0
01/29/06 06:55,0.0
01/29/06 07:00,0.0
01/29/06 07:05,0.0
01/29/06 07:10,0.0
01/29/06 07:15,0.0
01/29/06 07:20,0.1
01/29/06 07:25,0.4
01/29/06 07:30,1.0
01/29/06 07:35,2.5
01/29/06 07:40,3.8
01/29/06 07:45,4.4
01/29/06 07:50,5.1
01/29/06 07:55,5.7
01/29/06 08:00,6.3
01/29/06 08:05,6.8
01/29/06 08:10,7.4
01/29/06 08:15,7.8
01/29/06 08:20,8.2
01/29/06 08:25,8.9
01/29/06 08:30,9.6
01/29/06 08:35,9.9
01/29/06 08:40,8.4
01/29/06 08:45,7.5
01/29/06 08:50,7.2
01/29/06 08:55,6.5
01/29/06 09:00,6.1
01/29/06 09:05,5.8
01/29/06 09:10,5.8
01/29/06 09:15,5.8
01/29/06 09:20,5.9
01/29/06 09:25,5.2
01/29/06 09:30,4.0
01/29/06 09:35,3.1
01/29/06 09:40,3.8
01/29/06 09:45,4.3
01/29/06 09:50,4.7
01/29/06 09:55,5.0
01/29/06 10:00,5.1
01/29/06 10:05,5.7
01/29/06 10:10,6.3
01/29/06 10:15,6.6
01/29/06 10:20,6.8
01/29/06 10:25,6.9
01/29/06 10:30,6.9
01/29/06 10:35,7.0
01/29/06 10:40,6.7
01/29/06 10:45,6.6
01/29/06 10:50,6.5
01/29/06 10:55,6.3
01/29/06 11:00,6.0
01/29/06 11:05,5.7
01/29/06 11:10,5.5
01/29/06 11:15,5.4
01/29/06 11:20,5.5
01/29/06 11:25,5.6
01/29/06 11:30,5.8
01/29/06 11:35,5.8
01/29/06 11:40,6.1
01/29/06 11:45,6.9
01/29/06 11:50,7.7
01/29/06 11:55,8.5
01/29/06 12:00,9.0
01/29/06 12:05,9.3
01/29/06 12:10,9.5
01/29/06 12:15,8.3
01/29/06 12:20,7.1
01/29/06 12:25,6.4
01/29/06 12:30,6.0
01/29/06 12:35,5.8
01/29/06 12:40,5.7
01/29/06 12:45,5.6
01/29/06 12:50,5.5
01/29/06 12:55,5.6
01/29/06 13:00,5.8
01/29/06 13:05,5.9
01/29/06 13:10,6.1
01/29/06 13:15,6.5
01/29/06 13:20,7.1
01/29/06 13:25,7.6
01/29/06 13:30,7.9
01/29/06 13:35,8.2
01/29/06 13:40,7.6
01/29/06 13:45,7.4
01/29/06 13:50,7.2
01/29/06 13:55,7.1
01/29/06 14:00,7.3
01/29/06 14:05,7.3
01/29/06 14:10,7.0
01/29/06 14:15,7.4
01/29/06 14:20,9.7
01/29/06 14:25,10.9
01/29/06 14:30,11.4
01/29/06 14:35,11.0
01/29/06 14:40,9.8
01/29/06 14:45,10.1
01/29/06 14:50,9.9
01/29/06 14:55,9.8
01/29/06 15:00,10.0
01/29/06 15:05,9.4
01/29/06 15:10,8.3
01/29/06 15:15,8.1
01/29/06 15:20,6.8
01/29/06 15:25,6.3
01/29/06 15:30,5.7
01/29/06 15:35,5.3
01/29/06 15:40,5.0
01/29/06 15:45,4.8
01/29/06 15:50,4.6
01/29/06 15:55,4.2
01/29/06 16:00,3.8
01/29/06 16:05,3.2
01/29/06 16:10,3.5
01/29/06 16:15,2.0
01/29/06 16:20,0.9
01/29/06 16:25,0.5
01/29/06 16:30,0.3
01/29/06 16:35,0.2
01/29/06 16:40,0.1
01/29/06 16:45,0.0
01/29/06 16:50,0.0
01/29/06 16:55,0.0
01/29/06 17:00,0.0
01/29/06 17:05,0.0
01/29/06 17:10,0.0
01/29/06 17:15,0.0
01/29/06 17:20,0.0
01/29/06 17:25,0.0
01/29/06 17:30,0.0
01/29/06 17:35,0.0
01/29/06 17:40,0.0
01/29/06 17:45,0.0
01/29/06 17:50,0.0
01/29/06 17:55,0.0
01/29/06 18:00,0.0
01/29/06 18:05,0.0
01/29/06 18:10,0.0
01/29/06 18:15,0.0
01/29/06 18:20,0.0
01/29/06 18:25,0.0
01/29/06 18:30,0.0
01/29/06 18:35,0.0
01/29/06 18:40,0.0
01/29/06 18:45,0.0
01/29/06 18:50,0.0
01/29/06 18:55,0.0
01/29/06 19:00,0.0
01/29/06 19:05,0.0
01/29/06 19:10,0.0
01/29/06 19:15,0.0
01/29/06 19:20,0.0
01/29/06 19:25,0.0
01/29/06 19:30,0.0
01/29/06 19:35,0.0
01/29/06 19:40,0.0
01/29/06 19:45,0.0
01/29/06 19:50,0.0
01/29/06 19:55,0.0
01/29/06 20:00,0.0
01/29/06 20:05,0.0
01/29/06 20:10,0.0
01/29/06 20:15,0.0
01/29/06 20:20,0.0
01/29/06 20:25,0.0
01/29/06 20:30,0.0
01/29/06 20:35,0.0
01/29/06 20:40,0.0
01/29/06 20:45,0.0
01/29/06 20:50,0.0
01/29/06 20:55,0.0
01/29/06 21:00,0.0
01/29/06 21:05,0.0
01/29/06 21:10,0.0
01/29/06 21:15,0.0
01/29/06 21:20,0.0
01/29/06 21:25,0.0
01/29/06 21:30,0.0
01/29/06 21:35,0.0
01/29/06 21:40,0.0
01/29/06 21:45,0.0
01/29/06 21:50,0.0
01/29/06 21:55,0.0
01/29/06 22:00,0.0
01/29/06 22:05,0.0
01/29/06 22:10,0.0
01/29/06 22:15,0.0
01/29/06 22:20,0.0
01/29/06 22:25,0.0
01/29/06 22:30,0.0
01/29/06 22:35,0.0
01/29/06 22:40,0.0
01/29/06 22:45,0.0
01/29/06 22:50,0.0
01/29/06 22:55,0.0
01/29/06 23:00,0.0
01/29/06 23:05,0.0
01/29/06 23:10,0.0
01/29/06 23:15,0.0
01/29/06 23:20,0.0
01/29/06 23:25,0.0
01/29/06 23:30,0.0
01/29/06 23:35,0.0
01/29/06 23:40,0.0
01/29/06 23:45,0.0
01/29/06 23:50,0.0
01/29/06 23:55,0.0
01/30/06 00:00,0.0
01/30/06 00:05,0.0
01/30/06 00:10,0.0
01/30/06 00:15,0.0
01/30/06 00:20,0.0
01/30/06 00:25,0.0
01/30/06 00:30,0.0
01/30/06 00:35,0.0
01/30/06 00:40,0.0
01/30/06 00:45,0.0
01/30/06 00:50,0.0
01/30/06 00:55,0.0
01/30/06 01:00,0.0
01/30/06 01:05,0.0
01/30/06 01:10,0.0
01/30/06 01:15,0.0
01/30/06 01:20,0.0
01/30/06 01:25,0.0
01/30/06 01:30,0.0
01/30/06 01:35,0.0
01/30/06 01:40,0.0
01/30/06 01:45,0.0
01/30/06 01:50,0.0
01/30/06 01:55,0.0
01/30/06 02:00,0.0
01/30/06 02:05,0.0
01/30/06 02:10,0.0
01/30/06 02:15,0.0
01/30/06 02:20,0.0
01/30/06 02:25,0.0
01/30/06 02:30,0.0
01/30/06 02:35,0.0
01/30/06 02:40,0.0
01/30/06 02:45,0.0
01/30/06 02:50,0.0
01/30/06 02:55,0.0
01/30/06 03:00,0.0
01/30/06 03:05,0.0
01/30/06 03:10,0.0
01/30/06 03:15,0.0
01/30/06 03:20,0.0
01/30/06 03:25,0.0
01/30/06 03:30,0.0
01/30/06 03:35,0.0
01/30/06 03:40,0.0
01/30/06 03:45,0.0
01/30/06 03:50,0.0
01/30/06 03:55,0.0
01/30/06 04:00,0.0
01/30/06 04:05,0.0
01/30/06 04:10,0.0
01/30/06 04:15,0.0
01/30/06 04:20,0.0
01/30/06 04:25,0.0
01/30/06 04:30,0.0
01/30/06 04:35,0.0
01/30/06 04:40,0.0
01/30/06 04:45,0.0
01/30/06 04:50,0.0
01/30/06 04:55,0.0
01/30/06 05:00,0.0
01/30/06 05:05,0.0
01/30/06 05:10,0.0
01/30/06 05:15,0.0
01/30/06 05:20,0.0
01/30/06 05:25,0.0
01/30/06 05:30,0.0
01/30/06 05:35,0.0
01/30/06 05:40,0.0
01/30/06 05:45,0.0
01/30/06 05:50,0.0
01/30/06 05:55,0.0
01/30/06 06:00,0.0
01/30/06 06:05,0.0
01/30/06 06:10,0.0
01/30/06 06:15,0.0
01/30/06 06:20,0.0
01/30/06 06:25,0.0
01/30/06 06:30,0.0
01/30/06 06:35,0.0
01/30/06 06:40,0.0
01/30/06 06:45,0.0
01/30/06 06:50,0.0
01/30/06 06:55,0.0
01/30/06 07:00,0.0
01/30/06 07:05,0.0
01/30/06 07:10,0.0
01/30/06 07:15,0.0
01/30/06 07:20,0.1
01/30/06 07:25,0.2
01/30/06 07:30,0.9
01/30/06 07:35,1.8
01/30/06 07:40,3.4
01/30/06 07:45,3.7
01/30/06 07:50,3.8
01/30/06 07:55,5.0
01/30/06 08:00,6.6
01/30/06 08:05,8.0
01/30/06 08:10,9.0
01/30/06 08:15,9.0
01/30/06 08:20,8.5
01/30/06 08:25,8.3
01/30/06 08:30,8.4
01/30/06 08:35,8.7
01/30/06 08:40,8.9
01/30/06 08:45,8.7
01/30/06 08:50,8.7
01/30/06 08:55,8.9
01/30/06 09:00,9.2
01/30/06 09:05,9.0
01/30/06 09:10,9.3
01/30/06 09:15,9.3
01/30/06 09:20,9.8
01/30/06 09:25,10.7
01/30/06 09:30,11.5
01/30/06 09:35,12.3
01/30/06 09:40,10.8
01/30/06 09:45,11.3
01/30/06 09:50,10.8
01/30/06 09:55,10.1
01/30/06 10:00,12.0
01/30/06 10:05,12.1
01/30/06 10:10,12.1
01/30/06 10:15,15.4
01/30/06 10:20,17.4
01/30/06 10:25,18.1
01/30/06 10:30,18.0
01/30/06 10:35,17.2
01/30/06 10:40,16.1
01/30/06 10:45,14.5
01/30/06 10:50,13.0
01/30/06 10:55,11.3
01/30/06 11:00,9.5
01/30/06 11:05,7.8
01/30/06 11:10,6.6
01/30/06 11:15,5.4
01/30/06 11:20,5.0
01/30/06 11:25,5.0
01/30/06 11:30,5.4
01/30/06 11:35,6.0
01/30/06 11:40,6.7
01/30/06 11:45,8.0
01/30/06 11:50,9.2
01/30/06 11:55,10.4
01/30/06 12:00,11.7
01/30/06 12:05,12.7
01/30/06 12:10,13.4
01/30/06 12:15,14.0
01/30/06 12:20,13.6
01/30/06 12:25,13.3
01/30/06 12:30,12.9
01/30/06 12:35,12.3
01/30/06 12:40,11.2
01/30/06 12:45,10.4
01/30/06 12:50,9.3
01/30/06 12:55,8.4
01/30/06 13:00,7.2
01/30/06 13:05,6.1
01/30/06 13:10,5.3
01/30/06 13:15,4.5
01/30/06 13:20,3.9
01/30/06 13:25,3.7
01/30/06 13:30,3.5
01/30/06 13:35,3.7
01/30/06 13:40,3.9
01/30/06 13:45,4.1
01/30/06 13:50,4.3
01/30/06 13:55,4.7
01/30/06 14:00,4.9
01/30/06 14:05,5.0
01/30/06 14:10,5.1
01/30/06 14:15,5.8
01/30/06 14:20,9.4
01/30/06 14:25,10.2
01/30/06 14:30,10.5
01/30/06 14:35,12.7
01/30/06 14:40,13.9
01/30/06 14:45,14.6
01/30/06 14:50,14.6
01/30/06 14:55,14.0
01/30/06 15:00,11.9
01/30/06 15:05,8.7
01/30/06 15:10,8.2
01/30/06 15:15,10.1
01/30/06 15:20,10.9
01/30/06 15:25,11.2
01/30/06 15:30,11.0
01/30/06 15:35,10.7
01/30/06 15:40,10.3
01/30/06 15:45,9.7
01/30/06 15:50,9.2
01/30/06 15:55,8.6
01/30/06 16:00,8.0
01/30/06 16:05,7.4
01/30/06 16:10,6.8
01/30/06 16:15,6.1
01/30/06 16:20,5.2
01/30/06 16:25,4.6
01/30/06 16:30,3.4
01/30/06 16:35,1.2
01/30/06 16:40,0.4
01/30/06 16:45,0.0
01/30/06 16:50,0.1
01/30/06 16:55,0.0
01/30/06 17:00,0.0
01/30/06 17:05,0.0
01/30/06 17:10,0.0
01/30/06 17:15,0.0
01/30/06 17:20,0.0
01/30/06 17:25,0.0
01/30/06 17:30,0.0
01/30/06 17:35,0.0
01/30/06 17:40,0.0
01/30/06 17:45,0.0
01/30/06 17:50,0.0
01/30/06 17:55,0.0
01/30/06 18:00,0.0
01/30/06 18:05,0.0
01/30/06 18:10,0.0
01/30/06 18:15,0.0
01/30/06 18:20,0.0
01/30/06 18:25,0.0
01/30/06 18:30,0.0
01/30/06 18:35,0.0
01/30/06 18:40,0.0
01/30/06 18:45,0.0
01/30/06 18:50,0.0
01/30/06 18:55,0.0
01/30/06 19:00,0.0
01/30/06 19:05,0.0
01/30/06 19:10,0.0
01/30/06 19:15,0.0
01/30/06 19:20,0.0
01/30/06 19:25,0.0
01/30/06 19:30,0.0
01/30/06 19:35,0.0
01/30/06 19:40,0.0
01/30/06 19:45,0.0
01/30/06 19:50,0.0
01/30/06 19:55,0.0
01/30/06 20:00,0.0
01/30/06 20:05,0.0
01/30/06 20:10,0.0
01/30/06 20:15,0.0
01/30/06 20:20,0.0
01/30/06 20:25,0.0
01/30/06 20:30,0.0
01/30/06 20:35,0.0
01/30/06 20:40,0.0
01/30/06 20:45,0.0
01/30/06 20:50,0.0
01/30/06 20:55,0.0
01/30/06 21:00,0.0
01/30/06 21:05,0.0
01/30/06 21:10,0.0
01/30/06 21:15,0.0
01/30/06 21:20,0.0
01/30/06 21:25,0.0
01/30/06 21:30,0.0
01/30/06 21:35,0.0
01/30/06 21:40,0.0
01/30/06 21:45,0.0
01/30/06 21:50,0.0
01/30/06 21:55,0.0
01/30/06 22:00,0.0
01/30/06 22:05,0.0
01/30/06 22:10,0.0
01/30/06 22:15,0.0
01/30/06 22:20,0.0
01/30/06 22:25,0.0
01/30/06 22:30,0.0
01/30/06 22:35,0.0
01/30/06 22:40,0.0
01/30/06 22:45,0.0
01/30/06 22:50,0.0
01/30/06 22:55,0.0
01/30/06 23:00,0.0
01/30/06 23:05,0.0
01/30/06 23:10,0.0
01/30/06 23:15,0.0
01/30/06 23:20,0.0
01/30/06 23:25,0.0
01/30/06 23:30,0.0
01/30/06 23:35,0.0
01/30/06 23:40,0.0
01/30/06 23:45,0.0
01/30/06 23:50,0.0
01/30/06 23:55,0.0
01/31/06 00:00,0.0
01/31/06 00:05,0.0
01/31/06 00:10,0.0
01/31/06 00:15,0.0
01/31/06 00:20,0.0
01/31/06 00:25,0.0
01/31/06 00:30,0.0
01/31/06 00:35,0.0
01/31/06 00:40,0.0
01/31/06 00:45,0.0
01/31/06 00:50,0.0
01/31/06 00:55,0.0
01/31/06 01:00,0.0
01/31/06 01:05,0.0
01/31/06 01:10,0.0
01/31/06 01:15,0.0
01/31/06 01:20,0.0
01/31/06 01:25,0.0
01/31/06 01:30,0.0
01/31/06 01:35,0.0
01/31/06 01:40,0.0
01/31/06 01:45,0.0
01/31/06 01:50,0.0
01/31/06 01:55,0.0
01/31/06 02:00,0.0
01/31/06 02:05,0.0
01/31/06 02:10,0.0
01/31/06 02:15,0.0
01/31/06 02:20,0.0
01/31/06 02:25,0.0
01/31/06 02:30,0.0
01/31/06 02:35,0.0
01/31/06 02:40,0.0
01/31/06 02:45,0.0
01/31/06 02:50,0.0
01/31/06 02:55,0.0
01/31/06 03:00,0.0
01/31/06 03:05,0.0
01/31/06 03:10,0.0
01/31/06 03:15,0.0
01/31/06 03:20,0.0
01/31/06 03:25,0.0
01/31/06 03:30,0.0
01/31/06 03:35,0.0
01/31/06 03:40,0.0
01/31/06 03:45,0.0
01/31/06 03:50,0.0
01/31/06 03:55,0.0
01/31/06 04:00,0.0
01/31/06 04:05,0.0
01/31/06 04:10,0.0
01/31/06 04:15,0.0
01/31/06 04:20,0.0
01/31/06 04:25,0.0
01/31/06 04:30,0.0
01/31/06 04:35,0.0
01/31/06 04:40,0.0
01/31/06 04:45,0.0
01/31/06 04:50,0.0
01/31/06 04:55,0.0
01/31/06 05:00,0.0
01/31/06 05:05,0.0
01/31/06 05:10,0.0
01/31/06 05:15,0.0
01/31/06 05:20,0.0
01/31/06 05:25,0.0
01/31/06 05:30,0.0
01/31/06 05:35,0.0
01/31/06 05:40,0.0
01/31/06 05:45,0.0
01/31/06 05:50,0.0
01/31/06 05:55,0.0
01/31/06 06:00,0.0
01/31/06 06:05,0.0
01/31/06 06:10,0.0
01/31/06 06:15,0.0
01/31/06 06:20,0.0
01/31/06 06:25,0.0
01/31/06 06:30,0.0
01/31/06 06:35,0.0
01/31/06 06:40,0.0
01/31/06 06:45,0.0
01/31/06 06:50,0.0
01/31/06 06:55,0.0
01/31/06 07:00,0.0
01/31/06 07:05,0.0
01/31/06 07:10,0.0
01/31/06 07:15,0.1
01/31/06 07:20,0.4
01/31/06 07:25,1.4
01/31/06 07:30,3.3
01/31/06 07:35,4.3
01/31/06 07:40,5.1
01/31/06 07:45,5.9
01/31/06 07:50,6.7
01/31/06 07:55,7.5
01/31/06 08:00,8.4
01/31/06 08:05,9.2
01/31/06 08:10,10.0
01/31/06 08:15,10.6
01/31/06 08:20,11.1
01/31/06 08:25,11.7
01/31/06 08:30,12.4
01/31/06 08:35,13.2
01/31/06 08:40,13.9
01/31/06 08:45,14.7
01/31/06 08:50,15.4
01/31/06 08:55,16.0
01/31/06 09:00,16.6
01/31/06 09:05,17.1
01/31/06 09:10,17.6
01/31/06 09:15,18.0
01/31/06 09:20,18.3
01/31/06 09:25,18.6
01/31/06 09:30,18.9
01/31/06 09:35,19.3
01/31/06 09:40,19.6
01/31/06 09:45,19.9
01/31/06 09:50,20.3
01/31/06 09:55,20.7
01/31/06 10:00,21.1
01/31/06 10:05,21.3
01/31/06 10:10,21.5
01/31/06 10:15,21.9
01/31/06 10:20,22.4
01/31/06 10:25,22.8
01/31/06 10:30,23.1
01/31/06 10:35,23.3
01/31/06 10:40,23.5
01/31/06 10:45,23.8
01/31/06 10:50,23.9
01/31/06 10:55,24.0
01/31/06 11:00,24.1
01/31/06 11:05,24.4
01/31/06 11:10,24.7
01/31/06 11:15,24.8
01/31/06 11:20,24.7
01/31/06 11:25,24.6
01/31/06 11:30,24.6
01/31/06 11:35,24.7
01/31/06 11:40,24.8
01/31/06 11:45,24.9
01/31/06 11:50,25.0
01/31/06 11:55,24.9
01/31/06 12:00,24.8
01/31/06 12:05,25.0
01/31/06 12:10,25.1
01/31/06 12:15,25.0
01/31/06 12:20,24.8
01/31/06 12:25,25.0
01/31/06 12:30,25.5
01/31/06 12:35,25.8
01/31/06 12:40,25.6
01/31/06 12:45,25.4
01/31/06 12:50,25.1
01/31/06 12:55,24.7
01/31/06 13:00,24.5
01/31/06 13:05,24.5
01/31/06 13:10,24.4
01/31/06 13:15,24.0
01/31/06 13:20,23.4
01/31/06 13:25,22.9
01/31/06 13:30,22.5
01/31/06 13:35,22.2
01/31/06 13:40,21.9
01/31/06 13:45,21.8
01/31/06 13:50,21.7
01/31/06 13:55,21.6
01/31/06 14:00,21.5
01/31/06 14:05,21.2
01/31/06 14:10,20.9
01/31/06 14:15,20.6
01/31/06 14:20,20.3
01/31/06 14:25,20.1
01/31/06 14:30,19.8
01/31/06 14:35,19.4
01/31/06 14:40,18.8
01/31/06 14:45,18.4
01/31/06 14:50,17.9
01/31/06 14:55,17.4
01/31/06 15:00,16.8
01/31/06 15:05,16.3
01/31/06 15:10,15.7
01/31/06 15:15,15.0
01/31/06 15:20,14.1
01/31/06 15:25,13.3
01/31/06 15:30,12.5
01/31/06 15:35,11.8
01/31/06 15:40,11.3
01/31/06 15:45,10.7
01/31/06 15:50,10.1
01/31/06 15:55,9.4
01/31/06 16:00,8.8
01/31/06 16:05,8.3
01/31/06 16:10,7.6
01/31/06 16:15,6.9
01/31/06 16:20,6.2
01/31/06 16:25,5.4
01/31/06 16:30,4.7
01/31/06 16:35,4.1
01/31/06 16:40,3.1
01/31/06 16:45,1.5
01/31/06 16:50,0.6
01/31/06 16:55,0.2
01/31/06 17:00,0.1
01/31/06 17:05,0.0
01/31/06 17:10,0.0
01/31/06 17:15,0.0
01/31/06 17:20,0.0
01/31/06 17:25,0.0
01/31/06 17:30,0.0
01/31/06 17:35,0.0
01/31/06 17:40,0.0
01/31/06 17:45,0.0
01/31/06 17:50,0.0
01/31/06 17:55,0.0
01/31/06 18:00,0.0
01/31/06 18:05,0.0
01/31/06 18:10,0.0
01/31/06 18:15,0.0
01/31/06 18:20,0.0
01/31/06 18:25,0.0
01/31/06 18:30,0.0
01/31/06 18:35,0.0
01/31/06 18:40,0.0
01/31/06 18:45,0.0
01/31/06 18:50,0.0
01/31/06 18:55,0.0
01/31/06 19:00,0.0
01/31/06 19:05,0.0
01/31/06 19:10,0.0
01/31/06 19:15,0.0
01/31/06 19:20,0.0
01/31/06 19:25,0.0
01/31/06 19:30,0.0
01/31/06 19:35,0.0
01/31/06 19:40,0.0
01/31/06 19:45,0.0
01/31/06 19:50,0.0
01/31/06 19:55,0.0
01/31/06 20:00,0.0
01/31/06 20:05,0.0
01/31/06 20:10,0.0
01/31/06 20:15,0.0
01/31/06 20:20,0.0
01/31/06 20:25,0.0
01/31/06 20:30,0.0
01/31/06 20:35,0.0
01/31/06 20:40,0.0
01/31/06 20:45,0.0
01/31/06 20:50,0.0
01/31/06 20:55,0.0
01/31/06 21:00,0.0
01/31/06 21:05,0.0
01/31/06 21:10,0.0
01/31/06 21:15,0.0
01/31/06 21:20,0.0
01/31/06 21:25,0.0
01/31/06 21:30,0.0
01/31/06 21:35,0.0
01/31/06 21:40,0.0
01/31/06 21:45,0.0
01/31/06 21:50,0.0
01/31/06 21:55,0.0
01/31/06 22:00,0.0
01/31/06 22:05,0.0
01/31/06 22:10,0.0
01/31/06 22:15,0.0
01/31/06 22:20,0.0
01/31/06 22:25,0.0
01/31/06 22:30,0.0
01/31/06 22:35,0.0
01/31/06 22:40,0.0
01/31/06 22:45,0.0
01/31/06 22:50,0.0
01/31/06 22:55,0.0
01/31/06 23:00,0.0
01/31/06 23:05,0.0
01/31/06 23:10,0.0
01/31/06 23:15,0.0
01/31/06 23:20,0.0
01/31/06 23:25,0.0
01/31/06 23:30,0.0
01/31/06 23:35,0.0
01/31/06 23:40,0.0
01/31/06 23:45,0.0
01/31/06 23:50,0.0
01/31/06 23:55,0.0
02/01/06 00:00,0.0
02/01/06 00:05,0.0
02/01/06 00:10,0.0
02/01/06 00:15,0.0
02/01/06 00:20,0.0
02/01/06 00:25,0.0
02/01/06 00:30,0.0
02/01/06 00:35,0.0
02/01/06 00:40,0.0
02/01/06 00:45,0.0
02/01/06 00:50,0.0
02/01/06 00:55,0.0
02/01/06 01:00,0.0
02/01/06 01:05,0.0
02/01/06 01:10,0.0
02/01/06 01:15,0.0
02/01/06 01:20,0.0
02/01/06 01:25,0.0
02/01/06 01:30,0.0
02/01/06 01:35,0.0
02/01/06 01:40,0.0
02/01/06 01:45,0.0
02/01/06 01:50,0.0
02/01/06 01:55,0.0
02/01/06 02:00,0.0
02/01/06 02:05,0.0
02/01/06 02:10,0.0
02/01/06 02:15,0.0
02/01/06 02:20,0.0
02/01/06 02:25,0.0
02/01/06 02:30,0.0
02/01/06 02:35,0.0
02/01/06 02:40,0.0
02/01/06 02:45,0.0
02/01/06 02:50,0.0
02/01/06 02:55,0.0
02/01/06 03:00,0.0
02/01/06 03:05,0.0
02/01/06 03:10,0.0
02/01/06 03:15,0.0
02/01/06 03:20,0.0
02/01/06 03:25,0.0
02/01/06 03:30,0.0
02/01/06 03:35,0.0
02/01/06 03:40,0.0
02/01/06 03:45,0.0
02/01/06 03:50,0.0
02/01/06 03:55,0.0
02/01/06 04:00,0.0
02/01/06 04:05,0.0
02/01/06 04:10,0.0
02/01/06 04:15,0.0
02/01/06 04:20,0.0
02/01/06 04:25,0.0
02/01/06 04:30,0.0
02/01/06 04:35,0.0
02/01/06 04:40,0.0
02/01/06 04:45,0.0
02/01/06 04:50,0.0
02/01/06 04:55,0.0
02/01/06 05:00,0.0
02/01/06 05:05,0.0
02/01/06 05:10,0.0
02/01/06 05:15,0.0
02/01/06 05:20,0.0
02/01/06 05:25,0.0
02/01/06 05:30,0.0
02/01/06 05:35,0.0
02/01/06 05:40,0.0
02/01/06 05:45,0.0
02/01/06 05:50,0.0
02/01/06 05:55,0.0
02/01/06 06:00,0.0
02/01/06 06:05,0.0
02/01/06 06:10,0.0
02/01/06 06:15,0.0
02/01/06 06:20,0.0
02/01/06 06:25,0.0
02/01/06 06:30,0.0
02/01/06 06:35,0.0
02/01/06 06:40,0.0
02/01/06 06:45,0.0
02/01/06 06:50,0.0
02/01/06 06:55,0.0
02/01/06 07:00,0.0
02/01/06 07:05,0.0
02/01/06 07:10,0.0
02/01/06 07:15,0.1
02/01/06 07:20,0.4
02/01/06 07:25,1.0
02/01/06 07:30,2.7
02/01/06 07:35,4.0
02/01/06 07:40,4.7
02/01/06 07:45,5.3
02/01/06 07:50,6.0
02/01/06 07:55,6.6
02/01/06 08:00,7.4
02/01/06 08:05,8.1
02/01/06 08:10,8.8
02/01/06 08:15,9.5
02/01/06 08:20,10.4
02/01/06 08:25,11.1
02/01/06 08:30,11.9
02/01/06 08:35,12.7
02/01/06 08:40,13.4
02/01/06 08:45,14.2
02/01/06 08:50,15.1
02/01/06 08:55,15.7
02/01/06 09:00,16.3
02/01/06 09:05,16.9
02/01/06 09:10,17.4
02/01/06 09:15,17.9
02/01/06 09:20,18.4
02/01/06 09:25,18.8
02/01/06 09:30,19.3
02/01/06 09:35,19.6
02/01/06 09:40,19.8
02/01/06 09:45,20.2
02/01/06 09:50,20.6
02/01/06 09:55,20.9
02/01/06 10:00,21.3
02/01/06 10:05,21.6
02/01/06 10:10,22.0
02/01/06 10:15,22.3
02/01/06 10:20,22.7
02/01/06 10:25,23.3
02/01/06 10:30,23.7
02/01/06 10:35,24.1
02/01/06 10:40,24.3
02/01/06 10:45,24.6
02/01/06 10:50,24.8
02/01/06 10:55,24.9
02/01/06 11:00,25.0
02/01/06 11:05,25.2
02/01/06 11:10,25.5
02/01/06 11:15,25.6
02/01/06 11:20,25.4
02/01/06 11:25,25.2
02/01/06 11:30,25.2
02/01/06 11:35,25.9
02/01/06 11:40,26.9
02/01/06 11:45,27.6
02/01/06 11:50,28.2
02/01/06 11:55,28.3
02/01/06 12:00,28.3
02/01/06 12:05,28.2
02/01/06 12:10,27.9
02/01/06 12:15,27.4
02/01/06 12:20,26.7
02/01/06 12:25,26.1
02/01/06 12:30,25.5
02/01/06 12:35,24.9
02/01/06 12:40,24.4
02/01/06 12:45,24.1
02/01/06 12:50,23.9
02/01/06 12:55,23.7
02/01/06 13:00,23.6
02/01/06 13:05,23.4
02/01/06 13:10,23.0
02/01/06 13:15,22.9
02/01/06 13:20,22.9
02/01/06 13:25,23.1
02/01/06 13:30,23.4
02/01/06 13:35,20.6
02/01/06 13:40,17.8
02/01/06 13:45,16.6
02/01/06 13:50,16.1
02/01/06 13:55,16.0
02/01/06 14:00,16.2
02/01/06 14:05,16.1
02/01/06 14:10,16.4
02/01/06 14:15,17.2
02/01/06 14:20,18.1
02/01/06 14:25,18.3
02/01/06 14:30,18.6
02/01/06 14:35,18.3
02/01/06 14:40,17.8
02/01/06 14:45,17.7
02/01/06 14:50,17.4
02/01/06 14:55,16.5
02/01/06 15:00,15.3
02/01/06 15:05,14.2
02/01/06 15:10,13.4
02/01/06 15:15,12.6
02/01/06 15:20,11.8
02/01/06 15:25,10.1
02/01/06 15:30,8.1
02/01/06 15:35,7.3
02/01/06 15:40,7.1
02/01/06 15:45,5.8
02/01/06 15:50,5.6
02/01/06 15:55,6.5
02/01/06 16:00,7.0
02/01/06 16:05,6.8
02/01/06 16:10,6.9
02/01/06 16:15,5.2
02/01/06 16:20,2.9
02/01/06 16:25,0.9
02/01/06 16:30,0.5
02/01/06 16:35,0.3
02/01/06 16:40,0.2
02/01/06 16:45,0.1
02/01/06 16:50,0.1
02/01/06 16:55,0.0
02/01/06 17:00,0.0
02/01/06 17:05,0.0
02/01/06 17:10,0.0
02/01/06 17:15,0.0
02/01/06 17:20,0.0
02/01/06 17:25,0.0
02/01/06 17:30,0.0
02/01/06 17:35,0.0
02/01/06 17:40,0.0
02/01/06 17:45,0.0
02/01/06 17:50,0.0
02/01/06 17:55,0.0
02/01/06 18:00,0.0
02/01/06 18:05,0.0
02/01/06 18:10,0.0
02/01/06 18:15,0.0
02/01/06 18:20,0.0
02/01/06 18:25,0.0
02/01/06 18:30,0.0
02/01/06 18:35,0.0
02/01/06 18:40,0.0
02/01/06 18:45,0.0
02/01/06 18:50,0.0
02/01/06 18:55,0.0
02/01/06 19:00,0.0
02/01/06 19:05,0.0
02/01/06 19:10,0.0
02/01/06 19:15,0.0
02/01/06 19:20,0.0
02/01/06 19:25,0.0
02/01/06 19:30,0.0
02/01/06 19:35,0.0
02/01/06 19:40,0.0
02/01/06 19:45,0.0
02/01/06 19:50,0.0
02/01/06 19:55,0.0
02/01/06 20:00,0.0
02/01/06 20:05,0.0
02/01/06 20:10,0.0
02/01/06 20:15,0.0
02/01/06 20:20,0.0
02/01/06 20:25,0.0
02/01/06 20:30,0.0
02/01/06 20:35,0.0
02/01/06 20:40,0.0
02/01/06 20:45,0.0
02/01/06 20:50,0.0
02/01/06 20:55,0.0
02/01/06 21:00,0.0
02/01/06 21:05,0.0
02/01/06 21:10,0.0
02/01/06 21:15,0.0
02/01/06 21:20,0.0
02/01/06 21:25,0.0
02/01/06 21:30,0.0
02/01/06 21:35,0.0
02/01/06 21:40,0.0
02/01/06 21:45,0.0
02/01/06 21:50,0.0
02/01/06 21:55,0.0
02/01/06 22:00,0.0
02/01/06 22:05,0.0
02/01/06 22:10,0.0
02/01/06 22:15,0.0
02/01/06 22:20,0.0
02/01/06 22:25,0.0
02/01/06 22:30,0.0
02/01/06 22:35,0.0
02/01/06 22:40,0.0
02/01/06 22:45,0.0
02/01/06 22:50,0.0
02/01/06 22:55,0.0
02/01/06 23:00,0.0
02/01/06 23:05,0.0
02/01/06 23:10,0.0
02/01/06 23:15,0.0
02/01/06 23:20,0.0
02/01/06 23:25,0.0
02/01/06 23:30,0.0
02/01/06 23:35,0.0
02/01/06 23:40,0.0
02/01/06 23:45,0.0
02/01/06 23:50,0.0
02/01/06 23:55,0.0
02/02/06 00:00,0.0
02/02/06 00:05,0.0
02/02/06 00:10,0.0
02/02/06 00:15,0.0
02/02/06 00:20,0.0
02/02/06 00:25,0.0
02/02/06 00:30,0.0
02/02/06 00:35,0.0
02/02/06 00:40,0.0
02/02/06 00:45,0.0
02/02/06 00:50,0.0
02/02/06 00:55,0.0
02/02/06 01:00,0.0
02/02/06 01:05,0.0
02/02/06 01:10,0.0
02/02/06 01:15,0.0
02/02/06 01:20,0.0
02/02/06 01:25,0.0
02/02/06 01:30,0.0
02/02/06 01:35,0.0
02/02/06 01:40,0.0
02/02/06 01:45,0.0
02/02/06 01:50,0.0
02/02/06 01:55,0.0
02/02/06 02:00,0.0
02/02/06 02:05,0.0
02/02/06 02:10,0.0
02/02/06 02:15,0.0
02/02/06 02:20,0.0
02/02/06 02:25,0.0
02/02/06 02:30,0.0
02/02/06 02:35,0.0
02/02/06 02:40,0.0
02/02/06 02:45,0.0
02/02/06 02:50,0.0
02/02/06 02:55,0.0
02/02/06 03:00,0.0
02/02/06 03:05,0.0
02/02/06 03:10,0.0
02/02/06 03:15,0.0
02/02/06 03:20,0.0
02/02/06 03:25,0.0
02/02/06 03:30,0.0
02/02/06 03:35,0.0
02/02/06 03:40,0.0
02/02/06 03:45,0.0
02/02/06 03:50,0.0
02/02/06 03:55,0.0
02/02/06 04:00,0.0
02/02/06 04:05,0.0
02/02/06 04:10,0.0
02/02/06 04:15,0.0
02/02/06 04:20,0.0
02/02/06 04:25,0.0
02/02/06 04:30,0.0
02/02/06 04:35,0.0
02/02/06 04:40,0.0
02/02/06 04:45,0.0
02/02/06 04:50,0.0
02/02/06 04:55,0.0
02/02/06 05:00,0.0
02/02/06 05:05,0.0
02/02/06 05:10,0.0
02/02/06 05:15,0.0
02/02/06 05:20,0.0
02/02/06 05:25,0.0
02/02/06 05:30,0.0
02/02/06 05:35,0.0
02/02/06 05:40,0.0
02/02/06 05:45,0.0
02/02/06 05:50,0.0
02/02/06 05:55,0.0
02/02/06 06:00,0.0
02/02/06 06:05,0.0
02/02/06 06:10,0.0
02/02/06 06:15,0.0
02/02/06 06:20,0.0
02/02/06 06:25,0.0
02/02/06 06:30,0.0
02/02/06 06:35,0.0
02/02/06 06:40,0.0
02/02/06 06:45,0.0
02/02/06 06:50,0.0
02/02/06 06:55,0.0
02/02/06 07:00,0.0
02/02/06 07:05,0.0
02/02/06 07:10,0.0
02/02/06 07:15,0.0
02/02/06 07:20,0.0
02/02/06 07:25,0.0
02/02/06 07:30,0.0
02/02/06 07:35,0.0
02/02/06 07:40,0.0
02/02/06 07:45,0.1
02/02/06 07:50,0.2
02/02/06 07:55,0.2
02/02/06 08:00,0.1
02/02/06 08:05,0.1
02/02/06 08:10,0.2
02/02/06 08:15,0.3
02/02/06 08:20,0.8
02/02/06 08:25,1.4
02/02/06 08:30,2.2
02/02/06 08:35,2.0
02/02/06 08:40,2.0
02/02/06 08:45,2.6
02/02/06 08:50,3.0
02/02/06 08:55,3.6
02/02/06 09:00,4.0
02/02/06 09:05,4.3
02/02/06 09:10,4.4
02/02/06 09:15,4.4
02/02/06 09:20,4.3
02/02/06 09:25,4.4
02/02/06 09:30,4.5
02/02/06 09:35,4.5
02/02/06 09:40,4.6
02/02/06 09:45,5.0
02/02/06 09:50,5.5
02/02/06 09:55,6.1
02/02/06 10:00,6.7
02/02/06 10:05,7.3
02/02/06 10:10,7.9
02/02/06 10:15,8.0
02/02/06 10:20,7.4
02/02/06 10:25,6.6
02/02/06 10:30,6.2
02/02/06 10:35,5.8
02/02/06 10:40,5.5
02/02/06 10:45,5.2
02/02/06 10:50,5.1
02/02/06 10:55,5.1
02/02/06 11:00,5.3
02/02/06 11:05,5.2
02/02/06 11:10,5.2
02/02/06 11:15,5.2
02/02/06 11:20,4.7
02/02/06 11:25,6.8
02/02/06 11:30,11.3
02/02/06 11:35,13.6
02/02/06 11:40,16.2
02/02/06 11:45,16.1
02/02/06 11:50,15.6
02/02/06 11:55,17.1
02/02/06 12:00,17.8
02/02/06 12:05,16.8
02/02/06 12:10,12.3
02/02/06 12:15,12.8
02/02/06 12:20,15.2
02/02/06 12:25,16.9
02/02/06 12:30,16.7
02/02/06 12:35,17.0
02/02/06 12:40,16.5
02/02/06 12:45,15.0
02/02/06 12:50,13.0
02/02/06 12:55,12.4
02/02/06 13:00,12.6
02/02/06 13:05,12.7
02/02/06 13:10,9.3
02/02/06 13:15,11.2
02/02/06 13:20,14.2
02/02/06 13:25,16.4
02/02/06 13:30,16.8
02/02/06 13:35,15.4
02/02/06 13:40,11.9
02/02/06 13:45,10.0
02/02/06 13:50,13.1
02/02/06 13:55,15.0
02/02/06 14:00,15.9
02/02/06 14:05,16.9
02/02/06 14:10,18.1
02/02/06 14:15,18.9
02/02/06 14:20,18.5
02/02/06 14:25,17.8
02/02/06 14:30,16.8
02/02/06 14:35,15.8
02/02/06 14:40,14.8
02/02/06 14:45,14.0
02/02/06 14:50,13.2
02/02/06 14:55,12.1
02/02/06 15:00,11.0
02/02/06 15:05,9.9
02/02/06 15:10,8.9
02/02/06 15:15,8.2
02/02/06 15:20,7.9
02/02/06 15:25,7.8
02/02/06 15:30,7.6
02/02/06 15:35,7.5
02/02/06 15:40,7.7
02/02/06 15:45,7.6
02/02/06 15:50,7.5
02/02/06 15:55,7.4
02/02/06 16:00,7.2
02/02/06 16:05,7.0
02/02/06 16:10,6.6
02/02/06 16:15,6.2
02/02/06 16:20,5.7
02/02/06 16:25,5.1
02/02/06 16:30,4.6
02/02/06 16:35,4.0
02/02/06 16:40,3.1
02/02/06 16:45,1.6
02/02/06 16:50,0.7
02/02/06 16:55,0.3
02/02/06 17:00,0.1
02/02/06 17:05,0.0
02/02/06 17:10,0.0
02/02/06 17:15,0.0
02/02/06 17:20,0.0
02/02/06 17:25,0.0
02/02/06 17:30,0.0
02/02/06 17:35,0.0
02/02/06 17:40,0.0
02/02/06 17:45,0.0
02/02/06 17:50,0.0
02/02/06 17:55,0.0
02/02/06 18:00,0.0
02/02/06 18:05,0.0
02/02/06 18:10,0.0
02/02/06 18:15,0.0
02/02/06 18:20,0.0
02/02/06 18:25,0.0
02/02/06 18:30,0.0
02/02/06 18:35,0.0
02/02/06 18:40,0.0
02/02/06 18:45,0.0
02/02/06 18:50,0.0
02/02/06 18:55,0.0
02/02/06 19:00,0.0
02/02/06 19:05,0.0
02/02/06 19:10,0.0
02/02/06 19:15,0.0
02/02/06 19:20,0.0
02/02/06 19:25,0.0
02/02/06 19:30,0.0
02/02/06 19:35,0.0
02/02/06 19:40,0.0
02/02/06 19:45,0.0
02/02/06 19:50,0.0
02/02/06 19:55,0.0
02/02/06 20:00,0.0
02/02/06 20:05,0.0
02/02/06 20:10,0.0
02/02/06 20:15,0.0
02/02/06 20:20,0.0
02/02/06 20:25,0.0
02/02/06 20:30,0.0
02/02/06 20:35,0.0
02/02/06 20:40,0.0
02/02/06 20:45,0.0
02/02/06 20:50,0.0
02/02/06 20:55,0.0
02/02/06 21:00,0.0
02/02/06 21:05,0.0
02/02/06 21:10,0.0
02/02/06 21:15,0.0
02/02/06 21:20,0.0
02/02/06 21:25,0.0
02/02/06 21:30,0.0
02/02/06 21:35,0.0
02/02/06 21:40,0.0
02/02/06 21:45,0.0
02/02/06 21:50,0.0
02/02/06 21:55,0.0
02/02/06 22:00,0.0
02/02/06 22:05,0.0
02/02/06 22:10,0.0
02/02/06 22:15,0.0
02/02/06 22:20,0.0
02/02/06 22:25,0.0
02/02/06 22:30,0.0
02/02/06 22:35,0.0
02/02/06 22:40,0.0
02/02/06 22:45,0.0
02/02/06 22:50,0.0
02/02/06 22:55,0.0
02/02/06 23:00,0.0
02/02/06 23:05,0.0
02/02/06 23:10,0.0
02/02/06 23:15,0.0
02/02/06 23:20,0.0
02/02/06 23:25,0.0
02/02/06 23:30,0.0
02/02/06 23:35,0.0
02/02/06 23:40,0.0
02/02/06 23:45,0.0
02/02/06 23:50,0.0
02/02/06 23:55,0.0
02/03/06 00:00,0.0
02/03/06 00:05,0.0
02/03/06 00:10,0.0
02/03/06 00:15,0.0
02/03/06 00:20,0.0
02/03/06 00:25,0.0
02/03/06 00:30,0.0
02/03/06 00:35,0.0
02/03/06 00:40,0.0
02/03/06 00:45,0.0
02/03/06 00:50,0.0
02/03/06 00:55,0.0
02/03/06 01:00,0.0
02/03/06 01:05,0.0
02/03/06 01:10,0.0
02/03/06 01:15,0.0
02/03/06 01:20,0.0
02/03/06 01:25,0.0
02/03/06 01:30,0.0
02/03/06 01:35,0.0
02/03/06 01:40,0.0
02/03/06 01:45,0.0
02/03/06 01:50,0.0
02/03/06 01:55,0.0
02/03/06 02:00,0.0
02/03/06 02:05,0.0
02/03/06 02:10,0.0
02/03/06 02:15,0.0
02/03/06 02:20,0.0
02/03/06 02:25,0.0
02/03/06 02:30,0.0
02/03/06 02:35,0.0
02/03/06 02:40,0.0
02/03/06 02:45,0.0
02/03/06 02:50,0.0
02/03/06 02:55,0.0
02/03/06 03:00,0.0
02/03/06 03:05,0.0
02/03/06 03:10,0.0
02/03/06 03:15,0.0
02/03/06 03:20,0.0
02/03/06 03:25,0.0
02/03/06 03:30,0.0
02/03/06 03:35,0.0
02/03/06 03:40,0.0
02/03/06 03:45,0.0
02/03/06 03:50,0.0
02/03/06 03:55,0.0
02/03/06 04:00,0.0
02/03/06 04:05,0.0
02/03/06 04:10,0.0
02/03/06 04:15,0.0
02/03/06 04:20,0.0
02/03/06 04:25,0.0
02/03/06 04:30,0.0
02/03/06 04:35,0.0
02/03/06 04:40,0.0
02/03/06 04:45,0.0
02/03/06 04:50,0.0
02/03/06 04:55,0.0
02/03/06 05:00,0.0
02/03/06 05:05,0.0
02/03/06 05:10,0.0
02/03/06 05:15,0.0
02/03/06 05:20,0.0
02/03/06 05:25,0.0
02/03/06 05:30,0.0
02/03/06 05:35,0.0
02/03/06 05:40,0.0
02/03/06 05:45,0.0
02/03/06 05:50,0.0
02/03/06 05:55,0.0
02/03/06 06:00,0.0
02/03/06 06:05,0.0
02/03/06 06:10,0.0
02/03/06 06:15,0.0
02/03/06 06:20,0.0
02/03/06 06:25,0.0
02/03/06 06:30,0.0
02/03/06 06:35,0.0
02/03/06 06:40,0.0
02/03/06 06:45,0.0
02/03/06 06:50,0.0
02/03/06 06:55,0.0
02/03/06 07:00,0.0
02/03/06 07:05,0.0
02/03/06 07:10,0.0
02/03/06 07:15,0.0
02/03/06 07:20,0.2
02/03/06 07:25,0.6
02/03/06 07:30,1.5
02/03/06 07:35,2.8
02/03/06 07:40,3.9
02/03/06 07:45,4.5
02/03/06 07:50,5.1
02/03/06 07:55,5.7
02/03/06 08:00,6.2
02/03/06 08:05,6.7
02/03/06 08:10,7.3
02/03/06 08:15,7.7
02/03/06 08:20,7.7
02/03/06 08:25,7.2
02/03/06 08:30,6.7
02/03/06 08:35,6.7
02/03/06 08:40,7.0
02/03/06 08:45,6.7
02/03/06 08:50,6.2
02/03/06 08:55,5.8
02/03/06 09:00,5.5
02/03/06 09:05,5.3
02/03/06 09:10,5.6
02/03/06 09:15,6.3
02/03/06 09:20,7.6
02/03/06 09:25,10.0
02/03/06 09:30,10.6
02/03/06 09:35,10.4
02/03/06 09:40,10.2
02/03/06 09:45,10.3
02/03/06 09:50,10.3
02/03/06 09:55,10.0
02/03/06 10:00,10.0
02/03/06 10:05,10.1
02/03/06 10:10,10.6
02/03/06 10:15,9.8
02/03/06 10:20,8.4
02/03/06 10:25,6.4
02/03/06 10:30,4.9
02/03/06 10:35,4.8
02/03/06 10:40,7.8
02/03/06 10:45,10.0
02/03/06 10:50,11.1
02/03/06 10:55,11.7
02/03/06 11:00,12.4
02/03/06 11:05,13.0
02/03/06 11:10,13.8
02/03/06 11:15,12.1
02/03/06 11:20,11.8
02/03/06 11:25,9.1
02/03/06 11:30,6.3
02/03/06 11:35,5.3
02/03/06 11:40,4.7
02/03/06 11:45,4.3
02/03/06 11:50,5.9
02/03/06 11:55,6.6
02/03/06 12:00,6.6
02/03/06 12:05,6.5
02/03/06 12:10,6.5
02/03/06 12:15,6.2
02/03/06 12:20,5.7
02/03/06 12:25,5.1
02/03/06 12:30,5.2
02/03/06 12:35,5.0
02/03/06 12:40,4.7
02/03/06 12:45,5.1
02/03/06 12:50,5.8
02/03/06 12:55,5.5
02/03/06 13:00,4.3
02/03/06 13:05,4.1
02/03/06 13:10,3.8
02/03/06 13:15,4.6
02/03/06 13:20,5.9
02/03/06 13:25,6.7
02/03/06 13:30,7.2
02/03/06 13:35,7.4
02/03/06 13:40,7.4
02/03/06 13:45,7.3
02/03/06 13:50,7.2
02/03/06 13:55,6.5
02/03/06 14:00,6.6
02/03/06 14:05,5.8
02/03/06 14:10,4.7
02/03/06 14:15,4.9
02/03/06 14:20,5.4
02/03/06 14:25,5.2
02/03/06 14:30,4.9
02/03/06 14:35,4.8
02/03/06 14:40,4.7
02/03/06 14:45,4.9
02/03/06 14:50,5.7
02/03/06 14:55,6.0
02/03/06 15:00,6.7
02/03/06 15:05,6.6
02/03/06 15:10,5.3
02/03/06 15:15,5.4
02/03/06 15:20,6.0
02/03/06 15:25,6.5
02/03/06 15:30,6.7
02/03/06 15:35,6.8
02/03/06 15:40,6.6
02/03/06 15:45,6.5
02/03/06 15:50,6.1
02/03/06 15:55,5.7
02/03/06 16:00,5.5
02/03/06 16:05,5.2
02/03/06 16:10,5.1
02/03/06 16:15,4.4
02/03/06 16:20,3.3
02/03/06 16:25,3.6
02/03/06 16:30,1.5
02/03/06 16:35,0.2
02/03/06 16:40,0.1
02/03/06 16:45,0.1
02/03/06 16:50,0.1
02/03/06 16:55,0.0
02/03/06 17:00,0.0
02/03/06 17:05,0.0
02/03/06 17:10,0.0
02/03/06 17:15,0.0
02/03/06 17:20,0.0
02/03/06 17:25,0.0
02/03/06 17:30,0.0
02/03/06 17:35,0.0
02/03/06 17:40,0.0
02/03/06 17:45,0.0
02/03/06 17:50,0.0
02/03/06 17:55,0.0
02/03/06 18:00,0.0
02/03/06 18:05,0.0
02/03/06 18:10,0.0
02/03/06 18:15,0.0
02/03/06 18:20,0.0
02/03/06 18:25,0.0
02/03/06 18:30,0.0
02/03/06 18:35,0.0
02/03/06 18:40,0.0
02/03/06 18:45,0.0
02/03/06 18:50,0.0
02/03/06 18:55,0.0
02/03/06 19:00,0.0
02/03/06 19:05,0.0
02/03/06 19:10,0.0
02/03/06 19:15,0.0
02/03/06 19:20,0.0
02/03/06 19:25,0.0
02/03/06 19:30,0.0
02/03/06 19:35,0.0
02/03/06 19:40,0.0
02/03/06 19:45,0.0
02/03/06 19:50,0.0
02/03/06 19:55,0.0
02/03/06 20:00,0.0
02/03/06 20:05,0.0
02/03/06 20:10,0.0
02/03/06 20:15,0.0
02/03/06 20:20,0.0
02/03/06 20:25,0.0
02/03/06 20:30,0.0
02/03/06 20:35,0.0
02/03/06 20:40,0.0
02/03/06 20:45,0.0
02/03/06 20:50,0.0
02/03/06 20:55,0.0
02/03/06 21:00,0.0
02/03/06 21:05,0.0
02/03/06 21:10,0.0
02/03/06 21:15,0.0
02/03/06 21:20,0.0
02/03/06 21:25,0.0
02/03/06 21:30,0.0
02/03/06 21:35,0.0
02/03/06 21:40,0.0
02/03/06 21:45,0.0
02/03/06 21:50,0.0
02/03/06 21:55,0.0
02/03/06 22:00,0.0
02/03/06 22:05,0.0
02/03/06 22:10,0.0
02/03/06 22:15,0.0
02/03/06 22:20,0.0
02/03/06 22:25,0.0
02/03/06 22:30,0.0
02/03/06 22:35,0.0
02/03/06 22:40,0.0
02/03/06 22:45,0.0
02/03/06 22:50,0.0
02/03/06 22:55,0.0
02/03/06 23:00,0.0
02/03/06 23:05,0.0
02/03/06 23:10,0.0
02/03/06 23:15,0.0
02/03/06 23:20,0.0
02/03/06 23:25,0.0
02/03/06 23:30,0.0
02/03/06 23:35,0.0
02/03/06 23:40,0.0
02/03/06 23:45,0.0
02/03/06 23:50,0.0
02/03/06 23:55,0.0
02/04/06 00:00,0.0
02/04/06 00:05,0.0
02/04/06 00:10,0.0
02/04/06 00:15,0.0
02/04/06 00:20,0.0
02/04/06 00:25,0.0
02/04/06 00:30,0.0
02/04/06 00:35,0.0
02/04/06 00:40,0.0
02/04/06 00:45,0.0
02/04/06 00:50,0.0
02/04/06 00:55,0.0
02/04/06 01:00,0.0
02/04/06 01:05,0.0
02/04/06 01:10,0.0
02/04/06 01:15,0.0
02/04/06 01:20,0.0
02/04/06 01:25,0.0
02/04/06 01:30,0.0
02/04/06 01:35,0.0
02/04/06 01:40,0.0
02/04/06 01:45,0.0
02/04/06 01:50,0.0
02/04/06 01:55,0.0
02/04/06 02:00,0.0
02/04/06 02:05,0.0
02/04/06 02:10,0.0
02/04/06 02:15,0.0
02/04/06 02:20,0.0
02/04/06 02:25,0.0
02/04/06 02:30,0.0
02/04/06 02:35,0.0
02/04/06 02:40,0.0
02/04/06 02:45,0.0
02/04/06 02:50,0.0
02/04/06 02:55,0.0
02/04/06 03:00,0.0
02/04/06 03:05,0.0
02/04/06 03:10,0.0
02/04/06 03:15,0.0
02/04/06 03:20,0.0
02/04/06 03:25,0.0
02/04/06 03:30,0.0
02/04/06 03:35,0.0
02/04/06 03:40,0.0
02/04/06 03:45,0.0
02/04/06 03:50,0.0
02/04/06 03:55,0.0
02/04/06 04:00,0.0
02/04/06 04:05,0.0
02/04/06 04:10,0.0
02/04/06 04:15,0.0
02/04/06 04:20,0.0
02/04/06 04:25,0.0
02/04/06 04:30,0.0
02/04/06 04:35,0.0
02/04/06 04:40,0.0
02/04/06 04:45,0.0
02/04/06 04:50,0.0
02/04/06 04:55,0.0
02/04/06 05:00,0.0
02/04/06 05:05,0.0
02/04/06 05:10,0.0
02/04/06 05:15,0.0
02/04/06 05:20,0.0
02/04/06 05:25,0.0
02/04/06 05:30,0.0
02/04/06 05:35,0.0
02/04/06 05:40,0.0
02/04/06 05:45,0.0
02/04/06 05:50,0.0
02/04/06 05:55,0.0
02/04/06 06:00,0.0
02/04/06 06:05,0.0
02/04/06 06:10,0.0
02/04/06 06:15,0.0
02/04/06 06:20,0.0
02/04/06 06:25,0.0
02/04/06 06:30,0.0
02/04/06 06:35,0.0
02/04/06 06:40,0.0
02/04/06 06:45,0.0
02/04/06 06:50,0.0
02/04/06 06:55,0.0
02/04/06 07:00,0.0
02/04/06 07:05,0.0
02/04/06 07:10,0.0
02/04/06 07:15,0.1
02/04/06 07:20,0.6
02/04/06 07:25,1.8
02/04/06 07:30,3.7
02/04/06 07:35,4.5
02/04/06 07:40,5.3
02/04/06 07:45,6.0
02/04/06 07:50,6.8
02/04/06 07:55,7.6
02/04/06 08:00,8.4
02/04/06 08:05,9.1
02/04/06 08:10,9.8
02/04/06 08:15,10.5
02/04/06 08:20,11.3
02/04/06 08:25,12.1
02/04/06 08:30,12.9
02/04/06 08:35,13.7
02/04/06 08:40,14.5
02/04/06 08:45,15.4
02/04/06 08:50,16.3
02/04/06 08:55,17.0
02/04/06 09:00,17.6
02/04/06 09:05,18.3
02/04/06 09:10,19.0
02/04/06 09:15,19.5
02/04/06 09:20,19.6
02/04/06 09:25,19.8
02/04/06 09:30,20.3
02/04/06 09:35,20.7
02/04/06 09:40,21.2
02/04/06 09:45,21.6
02/04/06 09:50,22.0
02/04/06 09:55,22.5
02/04/06 10:00,22.9
02/04/06 10:05,23.2
02/04/06 10:10,23.4
02/04/06 10:15,23.4
02/04/06 10:20,23.5
02/04/06 10:25,23.6
02/04/06 10:30,23.7
02/04/06 10:35,24.0
02/04/06 10:40,24.3
02/04/06 10:45,24.6
02/04/06 10:50,24.7
02/04/06 10:55,24.8
02/04/06 11:00,24.7
02/04/06 11:05,24.8
02/04/06 11:10,25.1
02/04/06 11:15,25.4
02/04/06 11:20,25.9
02/04/06 11:25,26.2
02/04/06 11:30,26.5
02/04/06 11:35,26.7
02/04/06 11:40,26.7
02/04/06 11:45,26.8
02/04/06 11:50,26.8
02/04/06 11:55,26.8
02/04/06 12:00,26.8
02/04/06 12:05,26.7
02/04/06 12:10,26.5
02/04/06 12:15,26.7
02/04/06 12:20,26.8
02/04/06 12:25,26.7
02/04/06 12:30,26.5
02/04/06 12:35,26.3
02/04/06 12:40,26.0
02/04/06 12:45,25.6
02/04/06 12:50,25.2
02/04/06 12:55,24.9
02/04/06 13:00,24.5
02/04/06 13:05,24.2
02/04/06 13:10,23.9
02/04/06 13:15,24.0
02/04/06 13:20,24.2
02/04/06 13:25,24.2
02/04/06 13:30,24.1
02/04/06 13:35,23.9
02/04/06 13:40,23.6
02/04/06 13:45,23.3
02/04/06 13:50,23.0
02/04/06 13:55,22.7
02/04/06 14:00,22.5
02/04/06 14:05,22.1
02/04/06 14:10,21.7
02/04/06 14:15,21.5
02/04/06 14:20,21.4
02/04/06 14:25,21.3
02/04/06 14:30,21.0
02/04/06 14:35,20.7
02/04/06 14:40,20.4
02/04/06 14:45,19.8
02/04/06 14:50,19.3
02/04/06 14:55,18.7
02/04/06 15:00,18.2
02/04/06 15:05,17.5
02/04/06 15:10,16.9
02/04/06 15:15,16.2
02/04/06 15:20,15.5
02/04/06 15:25,14.8
02/04/06 15:30,14.0
02/04/06 15:35,13.3
02/04/06 15:40,12.6
02/04/06 15:45,11.9
02/04/06 15:50,11.3
02/04/06 15:55,10.7
02/04/06 16:00,9.9
02/04/06 16:05,9.2
02/04/06 16:10,8.4
02/04/06 16:15,7.5
02/04/06 16:20,6.7
02/04/06 16:25,6.0
02/04/06 16:30,5.2
02/04/06 16:35,4.6
02/04/06 16:40,3.9
02/04/06 16:45,2.5
02/04/06 16:50,1.1
02/04/06 16:55,0.5
02/04/06 17:00,0.1
02/04/06 17:05,0.0
02/04/06 17:10,0.0
02/04/06 17:15,0.0
02/04/06 17:20,0.0
02/04/06 17:25,0.0
02/04/06 17:30,0.0
02/04/06 17:35,0.0
02/04/06 17:40,0.0
02/04/06 17:45,0.0
02/04/06 17:50,0.0
02/04/06 17:55,0.0
02/04/06 18:00,0.0
02/04/06 18:05,0.0
02/04/06 18:10,0.0
02/04/06 18:15,0.0
02/04/06 18:20,0.0
02/04/06 18:25,0.0
02/04/06 18:30,0.0
02/04/06 18:35,0.0
02/04/06 18:40,0.0
02/04/06 18:45,0.0
02/04/06 18:50,0.0
02/04/06 18:55,0.0
02/04/06 19:00,0.0
02/04/06 19:05,0.0
02/04/06 19:10,0.0
02/04/06 19:15,0.0
02/04/06 19:20,0.0
02/04/06 19:25,0.0
02/04/06 19:30,0.0
02/04/06 19:35,0.0
02/04/06 19:40,0.0
02/04/06 19:45,0.0
02/04/06 19:50,0.0
02/04/06 19:55,0.0
02/04/06 20:00,0.0
02/04/06 20:05,0.0
02/04/06 20:10,0.0
02/04/06 20:15,0.0
02/04/06 20:20,0.0
02/04/06 20:25,0.0
02/04/06 20:30,0.0
02/04/06 20:35,0.0
02/04/06 20:40,0.0
02/04/06 20:45,0.0
02/04/06 20:50,0.0
02/04/06 20:55,0.0
02/04/06 21:00,0.0
02/04/06 21:05,0.0
02/04/06 21:10,0.0
02/04/06 21:15,0.0
02/04/06 21:20,0.0
02/04/06 21:25,0.0
02/04/06 21:30,0.0
02/04/06 21:35,0.0
02/04/06 21:40,0.0
02/04/06 21:45,0.0
02/04/06 21:50,0.0
02/04/06 21:55,0.0
02/04/06 22:00,0.0
02/04/06 22:05,0.0
02/04/06 22:10,0.0
02/04/06 22:15,0.0
02/04/06 22:20,0.0
02/04/06 22:25,0.0
02/04/06 22:30,0.0
02/04/06 22:35,0.0
02/04/06 22:40,0.0
02/04/06 22:45,0.0
02/04/06 22:50,0.0
02/04/06 22:55,0.0
02/04/06 23:00,0.0
02/04/06 23:05,0.0
02/04/06 23:10,0.0
02/04/06 23:15,0.0
02/04/06 23:20,0.0
02/04/06 23:25,0.0
02/04/06 23:30,0.0
02/04/06 23:35,0.0
02/04/06 23:40,0.0
02/04/06 23:45,0.0
02/04/06 23:50,0.0
02/04/06 23:55,0.0
02/05/06 00:00,0.0
02/05/06 00:05,0.0
02/05/06 00:10,0.0
02/05/06 00:15,0.0
02/05/06 00:20,0.0
02/05/06 00:25,0.0
02/05/06 00:30,0.0
02/05/06 00:35,0.0
02/05/06 00:40,0.0
02/05/06 00:45,0.0
02/05/06 00:50,0.0
02/05/06 00:55,0.0
02/05/06 01:00,0.0
02/05/06 01:05,0.0
02/05/06 01:10,0.0
02/05/06 01:15,0.0
02/05/06 01:20,0.0
02/05/06 01:25,0.0
02/05/06 01:30,0.0
02/05/06 01:35,0.0
02/05/06 01:40,0.0
02/05/06 01:45,0.0
02/05/06 01:50,0.0
02/05/06 01:55,0.0
02/05/06 02:00,0.0
02/05/06 02:05,0.0
02/05/06 02:10,0.0
02/05/06 02:15,0.0
02/05/06 02:20,0.0
02/05/06 02:25,0.0
02/05/06 02:30,0.0
02/05/06 02:35,0.0
02/05/06 02:40,0.0
02/05/06 02:45,0.0
02/05/06 02:50,0.0
02/05/06 02:55,0.0
02/05/06 03:00,0.0
02/05/06 03:05,0.0
02/05/06 03:10,0.0
02/05/06 03:15,0.0
02/05/06 03:20,0.0
02/05/06 03:25,0.0
02/05/06 03:30,0.0
02/05/06 03:35,0.0
02/05/06 03:40,0.0
02/05/06 03:45,0.0
02/05/06 03:50,0.0
02/05/06 03:55,0.0
02/05/06 04:00,0.0
02/05/06 04:05,0.0
02/05/06 04:10,0.0
02/05/06 04:15,0.0
02/05/06 04:20,0.0
02/05/06 04:25,0.0
02/05/06 04:30,0.0
02/05/06 04:35,0.0
02/05/06 04:40,0.0
02/05/06 04:45,0.0
02/05/06 04:50,0.0
02/05/06 04:55,0.0
02/05/06 05:00,0.0
02/05/06 05:05,0.0
02/05/06 05:10,0.0
02/05/06 05:15,0.0
02/05/06 05:20,0.0
02/05/06 05:25,0.0
02/05/06 05:30,0.0
02/05/06 05:35,0.0
02/05/06 05:40,0.0
02/05/06 05:45,0.0
02/05/06 05:50,0.0
02/05/06 05:55,0.0
02/05/06 06:00,0.0
02/05/06 06:05,0.0
02/05/06 06:10,0.0
02/05/06 06:15,0.0
02/05/06 06:20,0.0
02/05/06 06:25,0.0
02/05/06 06:30,0.0
02/05/06 06:35,0.0
02/05/06 06:40,0.0
02/05/06 06:45,0.0
02/05/06 06:50,0.0
02/05/06 06:55,0.0
02/05/06 07:00,0.0
02/05/06 07:05,0.0
02/05/06 07:10,0.0
02/05/06 07:15,0.2
02/05/06 07:20,0.6
02/05/06 07:25,1.6
02/05/06 07:30,3.2
02/05/06 07:35,4.2
02/05/06 07:40,4.9
02/05/06 07:45,5.5
02/05/06 07:50,6.1
02/05/06 07:55,6.7
02/05/06 08:00,7.3
02/05/06 08:05,7.9
02/05/06 08:10,8.6
02/05/06 08:15,9.5
02/05/06 08:20,10.4
02/05/06 08:25,11.5
02/05/06 08:30,12.4
02/05/06 08:35,13.3
02/05/06 08:40,14.1
02/05/06 08:45,14.7
02/05/06 08:50,15.2
02/05/06 08:55,15.6
02/05/06 09:00,16.1
02/05/06 09:05,16.6
02/05/06 09:10,17.0
02/05/06 09:15,17.7
02/05/06 09:20,18.3
02/05/06 09:25,18.8
02/05/06 09:30,19.1
02/05/06 09:35,19.4
02/05/06 09:40,19.7
02/05/06 09:45,20.2
02/05/06 09:50,20.6
02/05/06 09:55,21.1
02/05/06 10:00,21.4
02/05/06 10:05,21.6
02/05/06 10:10,21.8
02/05/06 10:15,22.2
02/05/06 10:20,22.8
02/05/06 10:25,23.3
02/05/06 10:30,23.9
02/05/06 10:35,24.4
02/05/06 10:40,24.8
02/05/06 10:45,24.8
02/05/06 10:50,24.9
02/05/06 10:55,24.9
02/05/06 11:00,24.8
02/05/06 11:05,24.7
02/05/06 11:10,24.6
02/05/06 11:15,24.8
02/05/06 11:20,25.2
02/05/06 11:25,25.2
02/05/06 11:30,25.3
02/05/06 11:35,25.4
02/05/06 11:40,25.5
02/05/06 11:45,25.7
02/05/06 11:50,25.7
02/05/06 11:55,25.7
02/05/06 12:00,25.7
02/05/06 12:05,25.6
02/05/06 12:10,25.6
02/05/06 12:15,25.6
02/05/06 12:20,25.8
02/05/06 12:25,25.8
02/05/06 12:30,25.7
02/05/06 12:35,25.6
02/05/06 12:40,25.4
02/05/06 12:45,25.3
02/05/06 12:50,25.1
02/05/06 12:55,25.1
02/05/06 13:00,25.0
02/05/06 13:05,25.0
02/05/06 13:10,25.1
02/05/06 13:15,25.0
02/05/06 13:20,24.6
02/05/06 13:25,24.2
02/05/06 13:30,23.9
02/05/06 13:35,23.6
02/05/06 13:40,23.1
02/05/06 13:45,22.8
02/05/06 13:50,22.5
02/05/06 13:55,22.0
02/05/06 14:00,21.7
02/05/06 14:05,21.5
02/05/06 14:10,21.3
02/05/06 14:15,21.0
02/05/06 14:20,20.6
02/05/06 14:25,20.2
02/05/06 14:30,19.8
02/05/06 14:35,19.3
02/05/06 14:40,18.6
02/05/06 14:45,17.8
02/05/06 14:50,17.1
02/05/06 14:55,16.6
02/05/06 15:00,16.1
02/05/06 15:05,15.6
02/05/06 15:10,15.1
02/05/06 15:15,14.8
02/05/06 15:20,14.7
02/05/06 15:25,14.4
02/05/06 15:30,14.0
02/05/06 15:35,13.3
02/05/06 15:40,12.7
02/05/06 15:45,12.1
02/05/06 15:50,11.5
02/05/06 15:55,11.0
02/05/06 16:00,10.3
02/05/06 16:05,9.5
02/05/06 16:10,8.8
02/05/06 16:15,7.9
02/05/06 16:20,6.9
02/05/06 16:25,6.1
02/05/06 16:30,5.4
02/05/06 16:35,4.7
02/05/06 16:40,4.0
02/05/06 16:45,2.9
02/05/06 16:50,1.4
02/05/06 16:55,0.6
02/05/06 17:00,0.2
02/05/06 17:05,0.0
02/05/06 17:10,0.0
02/05/06 17:15,0.0
02/05/06 17:20,0.0
02/05/06 17:25,0.0
02/05/06 17:30,0.0
02/05/06 17:35,0.0
02/05/06 17:40,0.0
02/05/06 17:45,0.0
02/05/06 17:50,0.0
02/05/06 17:55,0.0
02/05/06 18:00,0.0
02/05/06 18:05,0.0
02/05/06 18:10,0.0
02/05/06 18:15,0.0
02/05/06 18:20,0.0
02/05/06 18:25,0.0
02/05/06 18:30,0.0
02/05/06 18:35,0.0
02/05/06 18:40,0.0
02/05/06 18:45,0.0
02/05/06 18:50,0.0
02/05/06 18:55,0.0
02/05/06 19:00,0.0
02/05/06 19:05,0.0
02/05/06 19:10,0.0
02/05/06 19:15,0.0
02/05/06 19:20,0.0
02/05/06 19:25,0.0
02/05/06 19:30,0.0
02/05/06 19:35,0.0
02/05/06 19:40,0.0
02/05/06 19:45,0.0
02/05/06 19:50,0.0
02/05/06 19:55,0.0
02/05/06 20:00,0.0
02/05/06 20:05,0.0
02/05/06 20:10,0.0
02/05/06 20:15,0.0
02/05/06 20:20,0.0
02/05/06 20:25,0.0
02/05/06 20:30,0.0
02/05/06 20:35,0.0
02/05/06 20:40,0.0
02/05/06 20:45,0.0
02/05/06 20:50,0.0
02/05/06 20:55,0.0
02/05/06 21:00,0.0
02/05/06 21:05,0.0
02/05/06 21:10,0.0
02/05/06 21:15,0.0
02/05/06 21:20,0.0
02/05/06 21:25,0.0
02/05/06 21:30,0.0
02/05/06 21:35,0.0
02/05/06 21:40,0.0
02/05/06 21:45,0.0
02/05/06 21:50,0.0
02/05/06 21:55,0.0
02/05/06 22:00,0.0
02/05/06 22:05,0.0
02/05/06 22:10,0.0
02/05/06 22:15,0.0
02/05/06 22:20,0.0
02/05/06 22:25,0.0
02/05/06 22:30,0.0
02/05/06 22:35,0.0
02/05/06 22:40,0.0
02/05/06 22:45,0.0
02/05/06 22:50,0.0
02/05/06 22:55,0.0
02/05/06 23:00,0.0
02/05/06 23:05,0.0
02/05/06 23:10,0.0
02/05/06 23:15,0.0
02/05/06 23:20,0.0
02/05/06 23:25,0.0
02/05/06 23:30,0.0
02/05/06 23:35,0.0
02/05/06 23:40,0.0
02/05/06 23:45,0.0
02/05/06 23:50,0.0
02/05/06 23:55,0.0
02/06/06 00:00,0.0
02/06/06 00:05,0.0
02/06/06 00:10,0.0
02/06/06 00:15,0.0
02/06/06 00:20,0.0
02/06/06 00:25,0.0
02/06/06 00:30,0.0
02/06/06 00:35,0.0
02/06/06 00:40,0.0
02/06/06 00:45,0.0
02/06/06 00:50,0.0
02/06/06 00:55,0.0
02/06/06 01:00,0.0
02/06/06 01:05,0.0
02/06/06 01:10,0.0
02/06/06 01:15,0.0
02/06/06 01:20,0.0
02/06/06 01:25,0.0
02/06/06 01:30,0.0
02/06/06 01:35,0.0
02/06/06 01:40,0.0
02/06/06 01:45,0.0
02/06/06 01:50,0.0
02/06/06 01:55,0.0
02/06/06 02:00,0.0
02/06/06 02:05,0.0
02/06/06 02:10,0.0
02/06/06 02:15,0.0
02/06/06 02:20,0.0
02/06/06 02:25,0.0
02/06/06 02:30,0.0
02/06/06 02:35,0.0
02/06/06 02:40,0.0
02/06/06 02:45,0.0
02/06/06 02:50,0.0
02/06/06 02:55,0.0
02/06/06 03:00,0.0
02/06/06 03:05,0.0
02/06/06 03:10,0.0
02/06/06 03:15,0.0
02/06/06 03:20,0.0
02/06/06 03:25,0.0
02/06/06 03:30,0.0
02/06/06 03:35,0.0
02/06/06 03:40,0.0
02/06/06 03:45,0.0
02/06/06 03:50,0.0
02/06/06 03:55,0.0
02/06/06 04:00,0.0
02/06/06 04:05,0.0
02/06/06 04:10,0.0
02/06/06 04:15,0.0
02/06/06 04:20,0.0
02/06/06 04:25,0.0
02/06/06 04:30,0.0
02/06/06 04:35,0.0
02/06/06 04:40,0.0
02/06/06 04:45,0.0
02/06/06 04:50,0.0
02/06/06 04:55,0.0
02/06/06 05:00,0.0
02/06/06 05:05,0.0
02/06/06 05:10,0.0
02/06/06 05:15,0.0
02/06/06 05:20,0.0
02/06/06 05:25,0.0
02/06/06 05:30,0.0
02/06/06 05:35,0.0
02/06/06 05:40,0.0
02/06/06 05:45,0.0
02/06/06 05:50,0.0
02/06/06 05:55,0.0
02/06/06 06:00,0.0
02/06/06 06:05,0.0
02/06/06 06:10,0.0
02/06/06 06:15,0.0
02/06/06 06:20,0.0
02/06/06 06:25,0.0
02/06/06 06:30,0.0
02/06/06 06:35,0.0
02/06/06 06:40,0.0
02/06/06 06:45,0.0
02/06/06 06:50,0.0
02/06/06 06:55,0.0
02/06/06 07:00,0.0
02/06/06 07:05,0.0
02/06/06 07:10,0.0
02/06/06 07:15,0.1
02/06/06 07:20,0.1
02/06/06 07:25,0.1
02/06/06 07:30,0.3
02/06/06 07:35,1.3
02/06/06 07:40,1.4
02/06/06 07:45,1.5
02/06/06 07:50,2.1
02/06/06 07:55,4.5
02/06/06 08:00,5.6
02/06/06 08:05,6.6
02/06/06 08:10,7.5
02/06/06 08:15,8.2
02/06/06 08:20,7.0
02/06/06 08:25,5.1
02/06/06 08:30,4.3
02/06/06 08:35,4.8
02/06/06 08:40,7.4
02/06/06 08:45,9.0
02/06/06 08:50,9.4
02/06/06 08:55,9.9
02/06/06 09:00,11.0
02/06/06 09:05,10.8
02/06/06 09:10,9.4
02/06/06 09:15,10.8
02/06/06 09:20,11.4
02/06/06 09:25,11.6
02/06/06 09:30,11.8
02/06/06 09:35,11.1
02/06/06 09:40,10.3
02/06/06 09:45,9.3
02/06/06 09:50,8.1
02/06/06 09:55,7.4
02/06/06 10:00,6.3
02/06/06 10:05,5.3
02/06/06 10:10,4.5
02/06/06 10:15,4.6
02/06/06 10:20,5.7
02/06/06 10:25,7.8
02/06/06 10:30,10.6
02/06/06 10:35,14.6
02/06/06 10:40,19.4
02/06/06 10:45,19.7
02/06/06 10:50,19.8
02/06/06 10:55,16.6
02/06/06 11:00,16.0
02/06/06 11:05,17.3
02/06/06 11:10,18.7
02/06/06 11:15,14.4
02/06/06 11:20,10.3
02/06/06 11:25,6.7
02/06/06 11:30,4.9
02/06/06 11:35,5.0
02/06/06 11:40,4.3
02/06/06 11:45,4.9
02/06/06 11:50,7.3
02/06/06 11:55,12.0
02/06/06 12:00,16.9
02/06/06 12:05,20.8
02/06/06 12:10,22.9
02/06/06 12:15,21.9
02/06/06 12:20,19.4
02/06/06 12:25,14.2
02/06/06 12:30,10.5
02/06/06 12:35,8.1
02/06/06 12:40,6.5
02/06/06 12:45,6.3
02/06/06 12:50,7.8
02/06/06 12:55,9.2
02/06/06 13:00,9.9
02/06/06 13:05,10.5
02/06/06 13:10,10.5
02/06/06 13:15,9.2
02/06/06 13:20,7.8
02/06/06 13:25,6.5
02/06/06 13:30,6.0
02/06/06 13:35,6.9
02/06/06 13:40,10.7
02/06/06 13:45,12.1
02/06/06 13:50,13.8
02/06/06 13:55,15.2
02/06/06 14:00,12.8
02/06/06 14:05,10.4
02/06/06 14:10,10.9
02/06/06 14:15,13.3
02/06/06 14:20,14.4
02/06/06 14:25,15.4
02/06/06 14:30,15.7
02/06/06 14:35,14.0
02/06/06 14:40,13.2
02/06/06 14:45,12.9
02/06/06 14:50,13.0
02/06/06 14:55,13.0
02/06/06 15:00,13.1
02/06/06 15:05,12.9
02/06/06 15:10,12.5
02/06/06 15:15,12.3
02/06/06 15:20,11.7
02/06/06 15:25,10.9
02/06/06 15:30,9.7
02/06/06 15:35,9.2
02/06/06 15:40,8.8
02/06/06 15:45,8.6
02/06/06 15:50,8.4
02/06/06 15:55,8.0
02/06/06 16:00,7.3
02/06/06 16:05,6.2
02/06/06 16:10,4.8
02/06/06 16:15,3.9
02/06/06 16:20,2.7
02/06/06 16:25,1.4
02/06/06 16:30,0.8
02/06/06 16:35,0.5
02/06/06 16:40,0.3
02/06/06 16:45,0.1
02/06/06 16:50,0.1
02/06/06 16:55,0.0
02/06/06 17:00,0.0
02/06/06 17:05,0.0
02/06/06 17:10,0.0
02/06/06 17:15,0.0
02/06/06 17:20,0.0
02/06/06 17:25,0.0
02/06/06 17:30,0.0
02/06/06 17:35,0.0
02/06/06 17:40,0.0
02/06/06 17:45,0.0
02/06/06 17:50,0.0
02/06/06 17:55,0.0
02/06/06 18:00,0.0
02/06/06 18:05,0.0
02/06/06 18:10,0.0
02/06/06 18:15,0.0
02/06/06 18:20,0.0
02/06/06 18:25,0.0
02/06/06 18:30,0.0
02/06/06 18:35,0.0
02/06/06 18:40,0.0
02/06/06 18:45,0.0
02/06/06 18:50,0.0
02/06/06 18:55,0.0
02/06/06 19:00,0.0
02/06/06 19:05,0.0
02/06/06 19:10,0.0
02/06/06 19:15,0.0
02/06/06 19:20,0.0
02/06/06 19:25,0.0
02/06/06 19:30,0.0
02/06/06 19:35,0.0
02/06/06 19:40,0.0
02/06/06 19:45,0.0
02/06/06 19:50,0.0
02/06/06 19:55,0.0
02/06/06 20:00,0.0
02/06/06 20:05,0.0
02/06/06 20:10,0.0
02/06/06 20:15,0.0
02/06/06 20:20,0.0
02/06/06 20:25,0.0
02/06/06 20:30,0.0
02/06/06 20:35,0.0
02/06/06 20:40,0.0
02/06/06 20:45,0.0
02/06/06 20:50,0.0
02/06/06 20:55,0.0
02/06/06 21:00,0.0
02/06/06 21:05,0.0
02/06/06 21:10,0.0
02/06/06 21:15,0.0
02/06/06 21:20,0.0
02/06/06 21:25,0.0
02/06/06 21:30,0.0
02/06/06 21:35,0.0
02/06/06 21:40,0.0
02/06/06 21:45,0.0
02/06/06 21:50,0.0
02/06/06 21:55,0.0
02/06/06 22:00,0.0
02/06/06 22:05,0.0
02/06/06 22:10,0.0
02/06/06 22:15,0.0
02/06/06 22:20,0.0
02/06/06 22:25,0.0
02/06/06 22:30,0.0
02/06/06 22:35,0.0
02/06/06 22:40,0.0
02/06/06 22:45,0.0
02/06/06 22:50,0.0
02/06/06 22:55,0.0
02/06/06 23:00,0.0
02/06/06 23:05,0.0
02/06/06 23:10,0.0
02/06/06 23:15,0.0
02/06/06 23:20,0.0
02/06/06 23:25,0.0
02/06/06 23:30,0.0
02/06/06 23:35,0.0
02/06/06 23:40,0.0
02/06/06 23:45,0.0
02/06/06 23:50,0.0
02/06/06 23:55,0.0
02/07/06 00:00,0.0
02/07/06 00:05,0.0
02/07/06 00:10,0.0
02/07/06 00:15,0.0
02/07/06 00:20,0.0
02/07/06 00:25,0.0
02/07/06 00:30,0.0
02/07/06 00:35,0.0
02/07/06 00:40,0.0
02/07/06 00:45,0.0
02/07/06 00:50,0.0
02/07/06 00:55,0.0
02/07/06 01:00,0.0
02/07/06 01:05,0.0
02/07/06 01:10,0.0
02/07/06 01:15,0.0
02/07/06 01:20,0.0
02/07/06 01:25,0.0
02/07/06 01:30,0.0
02/07/06 01:35,0.0
02/07/06 01:40,0.0
02/07/06 01:45,0.0
02/07/06 01:50,0.0
02/07/06 01:55,0.0
02/07/06 02:00,0.0
02/07/06 02:05,0.0
02/07/06 02:10,0.0
02/07/06 02:15,0.0
02/07/06 02:20,0.0
02/07/06 02:25,0.0
02/07/06 02:30,0.0
02/07/06 02:35,0.0
02/07/06 02:40,0.0
02/07/06 02:45,0.0
02/07/06 02:50,0.0
02/07/06 02:55,0.0
02/07/06 03:00,0.0
02/07/06 03:05,0.0
02/07/06 03:10,0.0
02/07/06 03:15,0.0
02/07/06 03:20,0.0
02/07/06 03:25,0.0
02/07/06 03:30,0.0
02/07/06 03:35,0.0
02/07/06 03:40,0.0
02/07/06 03:45,0.0
02/07/06 03:50,0.0
02/07/06 03:55,0.0
02/07/06 04:00,0.0
02/07/06 04:05,0.0
02/07/06 04:10,0.0
02/07/06 04:15,0.0
02/07/06 04:20,0.0
02/07/06 04:25,0.0
02/07/06 04:30,0.0
02/07/06 04:35,0.0
02/07/06 04:40,0.0
02/07/06 04:45,0.0
02/07/06 04:50,0.0
02/07/06 04:55,0.0
02/07/06 05:00,0.0
02/07/06 05:05,0.0
02/07/06 05:10,0.0
02/07/06 05:15,0.0
02/07/06 05:20,0.0
02/07/06 05:25,0.0
02/07/06 05:30,0.0
02/07/06 05:35,0.0
02/07/06 05:40,0.0
02/07/06 05:45,0.0
02/07/06 05:50,0.0
02/07/06 05:55,0.0
02/07/06 06:00,0.0
02/07/06 06:05,0.0
02/07/06 06:10,0.0
02/07/06 06:15,0.0
02/07/06 06:20,0.0
02/07/06 06:25,0.0
02/07/06 06:30,0.0
02/07/06 06:35,0.0
02/07/06 06:40,0.0
02/07/06 06:45,0.0
02/07/06 06:50,0.0
02/07/06 06:55,0.0
02/07/06 07:00,0.0
02/07/06 07:05,0.0
02/07/06 07:10,0.1
02/07/06 07:15,0.3
02/07/06 07:20,1.0
02/07/06 07:25,2.3
02/07/06 07:30,4.0
02/07/06 07:35,4.6
02/07/06 07:40,5.3
02/07/06 07:45,6.0
02/07/06 07:50,6.7
02/07/06 07:55,7.5
02/07/06 08:00,8.2
02/07/06 08:05,8.8
02/07/06 08:10,9.5
02/07/06 08:15,10.4
02/07/06 08:20,11.3
02/07/06 08:25,12.2
02/07/06 08:30,13.0
02/07/06 08:35,13.8
02/07/06 08:40,14.6
02/07/06 08:45,15.2
02/07/06 08:50,15.9
02/07/06 08:55,16.5
02/07/06 09:00,17.2
02/07/06 09:05,17.9
02/07/06 09:10,18.4
02/07/06 09:15,18.8
02/07/06 09:20,19.4
02/07/06 09:25,20.0
02/07/06 09:30,20.7
02/07/06 09:35,21.3
02/07/06 09:40,21.9
02/07/06 09:45,22.4
02/07/06 09:50,22.8
02/07/06 09:55,23.0
02/07/06 10:00,23.3
02/07/06 10:05,23.7
02/07/06 10:10,24.3
02/07/06 10:15,24.5
02/07/06 10:20,24.4
02/07/06 10:25,24.4
02/07/06 10:30,24.5
02/07/06 10:35,24.7
02/07/06 10:40,25.0
02/07/06 10:45,25.3
02/07/06 10:50,25.6
02/07/06 10:55,25.9
02/07/06 11:00,26.1
02/07/06 11:05,26.2
02/07/06 11:10,26.4
02/07/06 11:15,26.5
02/07/06 11:20,26.5
02/07/06 11:25,26.6
02/07/06 11:30,26.7
02/07/06 11:35,26.8
02/07/06 11:40,26.8
02/07/06 11:45,26.7
02/07/06 11:50,26.8
02/07/06 11:55,26.7
02/07/06 12:00,26.6
02/07/06 12:05,26.4
02/07/06 12:10,26.1
02/07/06 12:15,26.2
02/07/06 12:20,26.4
02/07/06 12:25,26.6
02/07/06 12:30,26.7
02/07/06 12:35,26.8
02/07/06 12:40,27.0
02/07/06 12:45,27.1
02/07/06 12:50,27.4
02/07/06 12:55,27.4
02/07/06 13:00,27.4
02/07/06 13:05,27.3
02/07/06 13:10,27.0
02/07/06 13:15,26.6
02/07/06 13:20,26.2
02/07/06 13:25,25.9
02/07/06 13:30,25.4
02/07/06 13:35,25.3
02/07/06 13:40,25.1
02/07/06 13:45,24.8
02/07/06 13:50,24.5
02/07/06 13:55,24.2
02/07/06 14:00,23.9
02/07/06 14:05,23.6
02/07/06 14:10,23.1
02/07/06 14:15,22.6
02/07/06 14:20,22.0
02/07/06 14:25,21.6
02/07/06 14:30,21.0
02/07/06 14:35,20.5
02/07/06 14:40,20.0
02/07/06 14:45,19.3
02/07/06 14:50,18.8
02/07/06 14:55,18.3
02/07/06 15:00,17.8
02/07/06 15:05,17.2
02/07/06 15:10,16.6
02/07/06 15:15,15.9
02/07/06 15:20,15.2
02/07/06 15:25,14.4
02/07/06 15:30,13.7
02/07/06 15:35,13.0
02/07/06 15:40,12.2
02/07/06 15:45,11.5
02/07/06 15:50,11.1
02/07/06 15:55,10.6
02/07/06 16:00,9.9
02/07/06 16:05,9.1
02/07/06 16:10,8.2
02/07/06 16:15,7.4
02/07/06 16:20,6.6
02/07/06 16:25,5.8
02/07/06 16:30,5.1
02/07/06 16:35,4.5
02/07/06 16:40,3.9
02/07/06 16:45,2.7
02/07/06 16:50,1.4
02/07/06 16:55,0.6
02/07/06 17:00,0.2
02/07/06 17:05,0.1
02/07/06 17:10,0.0
02/07/06 17:15,0.0
02/07/06 17:20,0.0
02/07/06 17:25,0.0
02/07/06 17:30,0.0
02/07/06 17:35,0.0
02/07/06 17:40,0.0
02/07/06 17:45,0.0
02/07/06 17:50,0.0
02/07/06 17:55,0.0
02/07/06 18:00,0.0
02/07/06 18:05,0.0
02/07/06 18:10,0.0
02/07/06 18:15,0.0
02/07/06 18:20,0.0
02/07/06 18:25,0.0
02/07/06 18:30,0.0
02/07/06 18:35,0.0
02/07/06 18:40,0.0
02/07/06 18:45,0.0
02/07/06 18:50,0.0
02/07/06 18:55,0.0
02/07/06 19:00,0.0
02/07/06 19:05,0.0
02/07/06 19:10,0.0
02/07/06 19:15,0.0
02/07/06 19:20,0.0
02/07/06 19:25,0.0
02/07/06 19:30,0.0
02/07/06 19:35,0.0
02/07/06 19:40,0.0
02/07/06 19:45,0.0
02/07/06 19:50,0.0
02/07/06 19:55,0.0
02/07/06 20:00,0.0
02/07/06 20:05,0.0
02/07/06 20:10,0.0
02/07/06 20:15,0.0
02/07/06 20:20,0.0
02/07/06 20:25,0.0
02/07/06 20:30,0.0
02/07/06 20:35,0.0
02/07/06 20:40,0.0
02/07/06 20:45,0.0
02/07/06 20:50,0.0
02/07/06 20:55,0.0
02/07/06 21:00,0.0
02/07/06 21:05,0.0
02/07/06 21:10,0.0
02/07/06 21:15,0.0
02/07/06 21:20,0.0
02/07/06 21:25,0.0
02/07/06 21:30,0.0
02/07/06 21:35,0.0
02/07/06 21:40,0.0
02/07/06 21:45,0.0
02/07/06 21:50,0.0
02/07/06 21:55,0.0
02/07/06 22:00,0.0
02/07/06 22:05,0.0
02/07/06 22:10,0.0
02/07/06 22:15,0.0
02/07/06 22:20,0.0
02/07/06 22:25,0.0
02/07/06 22:30,0.0
02/07/06 22:35,0.0
02/07/06 22:40,0.0
02/07/06 22:45,0.0
02/07/06 22:50,0.0
02/07/06 22:55,0.0
02/07/06 23:00,0.0
02/07/06 23:05,0.0
02/07/06 23:10,0.0
02/07/06 23:15,0.0
02/07/06 23:20,0.0
02/07/06 23:25,0.0
02/07/06 23:30,0.0
02/07/06 23:35,0.0
02/07/06 23:40,0.0
02/07/06 23:45,0.0
02/07/06 23:50,0.0
02/07/06 23:55,0.0
02/08/06 00:00,0.0
02/08/06 00:05,0.0
02/08/06 00:10,0.0
02/08/06 00:15,0.0
02/08/06 00:20,0.0
02/08/06 00:25,0.0
02/08/06 00:30,0.0
02/08/06 00:35,0.0
02/08/06 00:40,0.0
02/08/06 00:45,0.0
02/08/06 00:50,0.0
02/08/06 00:55,0.0
02/08/06 01:00,0.0
02/08/06 01:05,0.0
02/08/06 01:10,0.0
02/08/06 01:15,0.0
02/08/06 01:20,0.0
02/08/06 01:25,0.0
02/08/06 01:30,0.0
02/08/06 01:35,0.0
02/08/06 01:40,0.0
02/08/06 01:45,0.0
02/08/06 01:50,0.0
02/08/06 01:55,0.0
02/08/06 02:00,0.0
02/08/06 02:05,0.0
02/08/06 02:10,0.0
02/08/06 02:15,0.0
02/08/06 02:20,0.0
02/08/06 02:25,0.0
02/08/06 02:30,0.0
02/08/06 02:35,0.0
02/08/06 02:40,0.0
02/08/06 02:45,0.0
02/08/06 02:50,0.0
02/08/06 02:55,0.0
02/08/06 03:00,0.0
02/08/06 03:05,0.0
02/08/06 03:10,0.0
02/08/06 03:15,0.0
02/08/06 03:20,0.0
02/08/06 03:25,0.0
02/08/06 03:30,0.0
02/08/06 03:35,0.0
02/08/06 03:40,0.0
02/08/06 03:45,0.0
02/08/06 03:50,0.0
02/08/06 03:55,0.0
02/08/06 04:00,0.0
02/08/06 04:05,0.0
02/08/06 04:10,0.0
02/08/06 04:15,0.0
02/08/06 04:20,0.0
02/08/06 04:25,0.0
02/08/06 04:30,0.0
02/08/06 04:35,0.0
02/08/06 04:40,0.0
02/08/06 04:45,0.0
02/08/06 04:50,0.0
02/08/06 04:55,0.0
02/08/06 05:00,0.0
02/08/06 05:05,0.0
02/08/06 05:10,0.0
02/08/06 05:15,0.0
02/08/06 05:20,0.0
02/08/06 05:25,0.0
02/08/06 05:30,0.0
02/08/06 05:35,0.0
02/08/06 05:40,0.0
02/08/06 05:45,0.0
02/08/06 05:50,0.0
02/08/06 05:55,0.0
02/08/06 06:00,0.0
02/08/06 06:05,0.0
02/08/06 06:10,0.0
02/08/06 06:15,0.0
02/08/06 06:20,0.0
02/08/06 06:25,0.0
02/08/06 06:30,0.0
02/08/06 06:35,0.0
02/08/06 06:40,0.0
02/08/06 06:45,0.0
02/08/06 06:50,0.0
02/08/06 06:55,0.0
02/08/06 07:00,0.0
02/08/06 07:05,0.0
02/08/06 07:10,0.0
02/08/06 07:15,0.2
02/08/06 07:20,0.9
02/08/06 07:25,2.4
02/08/06 07:30,4.0
02/08/06 07:35,4.7
02/08/06 07:40,5.4
02/08/06 07:45,6.1
02/08/06 07:50,6.8
02/08/06 07:55,7.5
02/08/06 08:00,8.2
02/08/06 08:05,8.9
02/08/06 08:10,9.5
02/08/06 08:15,10.3
02/08/06 08:20,11.2
02/08/06 08:25,11.9
02/08/06 08:30,12.7
02/08/06 08:35,13.5
02/08/06 08:40,14.3
02/08/06 08:45,14.9
02/08/06 08:50,15.5
02/08/06 08:55,16.1
02/08/06 09:00,16.7
02/08/06 09:05,17.2
02/08/06 09:10,17.7
02/08/06 09:15,17.7
02/08/06 09:20,15.6
02/08/06 09:25,14.5
02/08/06 09:30,14.0
02/08/06 09:35,14.0
02/08/06 09:40,14.4
02/08/06 09:45,15.0
02/08/06 09:50,15.5
02/08/06 09:55,15.8
02/08/06 10:00,15.9
02/08/06 10:05,16.2
02/08/06 10:10,16.7
02/08/06 10:15,18.7
02/08/06 10:20,20.5
02/08/06 10:25,21.6
02/08/06 10:30,22.3
02/08/06 10:35,22.6
02/08/06 10:40,22.9
02/08/06 10:45,23.2
02/08/06 10:50,23.4
02/08/06 10:55,23.6
02/08/06 11:00,23.9
02/08/06 11:05,24.1
02/08/06 11:10,24.1
02/08/06 11:15,24.3
02/08/06 11:20,24.8
02/08/06 11:25,25.2
02/08/06 11:30,25.4
02/08/06 11:35,25.7
02/08/06 11:40,25.9
02/08/06 11:45,26.0
02/08/06 11:50,26.2
02/08/06 11:55,26.4
02/08/06 12:00,26.5
02/08/06 12:05,26.6
02/08/06 12:10,26.7
02/08/06 12:15,26.6
02/08/06 12:20,26.4
02/08/06 12:25,26.4
02/08/06 12:30,26.4
02/08/06 12:35,26.3
02/08/06 12:40,26.2
02/08/06 12:45,26.0
02/08/06 12:50,25.8
02/08/06 12:55,25.6
02/08/06 13:00,25.4
02/08/06 13:05,25.5
02/08/06 13:10,25.4
02/08/06 13:15,25.4
02/08/06 13:20,25.1
02/08/06 13:25,25.0
02/08/06 13:30,24.8
02/08/06 13:35,24.7
02/08/06 13:40,24.5
02/08/06 13:45,24.2
02/08/06 13:50,24.0
02/08/06 13:55,23.7
02/08/06 14:00,23.4
02/08/06 14:05,22.9
02/08/06 14:10,22.6
02/08/06 14:15,22.3
02/08/06 14:20,21.9
02/08/06 14:25,21.7
02/08/06 14:30,21.4
02/08/06 14:35,21.0
02/08/06 14:40,20.7
02/08/06 14:45,20.2
02/08/06 14:50,19.9
02/08/06 14:55,19.5
02/08/06 15:00,19.2
02/08/06 15:05,18.6
02/08/06 15:10,18.0
02/08/06 15:15,17.2
02/08/06 15:20,16.4
02/08/06 15:25,15.8
02/08/06 15:30,15.2
02/08/06 15:35,14.4
02/08/06 15:40,13.7
02/08/06 15:45,13.1
02/08/06 15:50,12.6
02/08/06 15:55,12.1
02/08/06 16:00,11.3
02/08/06 16:05,10.4
02/08/06 16:10,9.5
02/08/06 16:15,8.4
02/08/06 16:20,7.4
02/08/06 16:25,6.5
02/08/06 16:30,5.8
02/08/06 16:35,5.1
02/08/06 16:40,4.4
02/08/06 16:45,3.7
02/08/06 16:50,2.0
02/08/06 16:55,0.9
02/08/06 17:00,0.3
02/08/06 17:05,0.1
02/08/06 17:10,0.0
02/08/06 17:15,0.0
02/08/06 17:20,0.0
02/08/06 17:25,0.0
02/08/06 17:30,0.0
02/08/06 17:35,0.0
02/08/06 17:40,0.0
02/08/06 17:45,0.0
02/08/06 17:50,0.0
02/08/06 17:55,0.0
02/08/06 18:00,0.0
02/08/06 18:05,0.0
02/08/06 18:10,0.0
02/08/06 18:15,0.0
02/08/06 18:20,0.0
02/08/06 18:25,0.0
02/08/06 18:30,0.0
02/08/06 18:35,0.0
02/08/06 18:40,0.0
02/08/06 18:45,0.0
02/08/06 18:50,0.0
02/08/06 18:55,0.0
02/08/06 19:00,0.0
02/08/06 19:05,0.0
02/08/06 19:10,0.0
02/08/06 19:15,0.0
02/08/06 19:20,0.0
02/08/06 19:25,0.0
02/08/06 19:30,0.0
02/08/06 19:35,0.0
02/08/06 19:40,0.0
02/08/06 19:45,0.0
02/08/06 19:50,0.0
02/08/06 19:55,0.0
02/08/06 20:00,0.0
02/08/06 20:05,0.0
02/08/06 20:10,0.0
02/08/06 20:15,0.0
02/08/06 20:20,0.0
02/08/06 20:25,0.0
02/08/06 20:30,0.0
02/08/06 20:35,0.0
02/08/06 20:40,0.0
02/08/06 20:45,0.0
02/08/06 20:50,0.0
02/08/06 20:55,0.0
02/08/06 21:00,0.0
02/08/06 21:05,0.0
02/08/06 21:10,0.0
02/08/06 21:15,0.0
02/08/06 21:20,0.0
02/08/06 21:25,0.0
02/08/06 21:30,0.0
02/08/06 21:35,0.0
02/08/06 21:40,0.0
02/08/06 21:45,0.0
02/08/06 21:50,0.0
02/08/06 21:55,0.0
02/08/06 22:00,0.0
02/08/06 22:05,0.0
02/08/06 22:10,0.0
02/08/06 22:15,0.0
02/08/06 22:20,0.0
02/08/06 22:25,0.0
02/08/06 22:30,0.0
02/08/06 22:35,0.0
02/08/06 22:40,0.0
02/08/06 22:45,0.0
02/08/06 22:50,0.0
02/08/06 22:55,0.0
02/08/06 23:00,0.0
02/08/06 23:05,0.0
02/08/06 23:10,0.0
02/08/06 23:15,0.0
02/08/06 23:20,0.0
02/08/06 23:25,0.0
02/08/06 23:30,0.0
02/08/06 23:35,0.0
02/08/06 23:40,0.0
02/08/06 23:45,0.0
02/08/06 23:50,0.0
02/08/06 23:55,0.0
02/09/06 00:00,0.0
02/09/06 00:05,0.0
02/09/06 00:10,0.0
02/09/06 00:15,0.0
02/09/06 00:20,0.0
02/09/06 00:25,0.0
02/09/06 00:30,0.0
02/09/06 00:35,0.0
02/09/06 00:40,0.0
02/09/06 00:45,0.0
02/09/06 00:50,0.0
02/09/06 00:55,0.0
02/09/06 01:00,0.0
02/09/06 01:05,0.0
02/09/06 01:10,0.0
02/09/06 01:15,0.0
02/09/06 01:20,0.0
02/09/06 01:25,0.0
02/09/06 01:30,0.0
02/09/06 01:35,0.0
02/09/06 01:40,0.0
02/09/06 01:45,0.0
02/09/06 01:50,0.0
02/09/06 01:55,0.0
02/09/06 02:00,0.0
02/09/06 02:05,0.0
02/09/06 02:10,0.0
02/09/06 02:15,0.0
02/09/06 02:20,0.0
02/09/06 02:25,0.0
02/09/06 02:30,0.0
02/09/06 02:35,0.0
02/09/06 02:40,0.0
02/09/06 02:45,0.0
02/09/06 02:50,0.0
02/09/06 02:55,0.0
02/09/06 03:00,0.0
02/09/06 03:05,0.0
02/09/06 03:10,0.0
02/09/06 03:15,0.0
02/09/06 03:20,0.0
02/09/06 03:25,0.0
02/09/06 03:30,0.0
02/09/06 03:35,0.0
02/09/06 03:40,0.0
02/09/06 03:45,0.0
02/09/06 03:50,0.0
02/09/06 03:55,0.0
02/09/06 04:00,0.0
02/09/06 04:05,0.0
02/09/06 04:10,0.0
02/09/06 04:15,0.0
02/09/06 04:20,0.0
02/09/06 04:25,0.0
02/09/06 04:30,0.0
02/09/06 04:35,0.0
02/09/06 04:40,0.0
02/09/06 04:45,0.0
02/09/06 04:50,0.0
02/09/06 04:55,0.0
02/09/06 05:00,0.0
02/09/06 05:05,0.0
02/09/06 05:10,0.0
02/09/06 05:15,0.0
02/09/06 05:20,0.0
02/09/06 05:25,0.0
02/09/06 05:30,0.0
02/09/06 05:35,0.0
02/09/06 05:40,0.0
02/09/06 05:45,0.0
02/09/06 05:50,0.0
02/09/06 05:55,0.0
02/09/06 06:00,0.0
02/09/06 06:05,0.0
02/09/06 06:10,0.0
02/09/06 06:15,0.0
02/09/06 06:20,0.0
02/09/06 06:25,0.0
02/09/06 06:30,0.0
02/09/06 06:35,0.0
02/09/06 06:40,0.0
02/09/06 06:45,0.0
02/09/06 06:50,0.0
02/09/06 06:55,0.0
02/09/06 07:00,0.0
02/09/06 07:05,0.0
02/09/06 07:10,0.1
02/09/06 07:15,0.5
02/09/06 07:20,1.4
02/09/06 07:25,3.0
02/09/06 07:30,4.2
02/09/06 07:35,5.0
02/09/06 07:40,5.7
02/09/06 07:45,6.5
02/09/06 07:50,7.3
02/09/06 07:55,8.2
02/09/06 08:00,9.0
02/09/06 08:05,9.7
02/09/06 08:10,10.5
02/09/06 08:15,11.2
02/09/06 08:20,11.9
02/09/06 08:25,12.5
02/09/06 08:30,13.1
02/09/06 08:35,13.7
02/09/06 08:40,14.3
02/09/06 08:45,14.9
02/09/06 08:50,15.5
02/09/06 08:55,16.1
02/09/06 09:00,16.6
02/09/06 09:05,17.1
02/09/06 09:10,17.7
02/09/06 09:15,18.5
02/09/06 09:20,19.3
02/09/06 09:25,20.1
02/09/06 09:30,20.7
02/09/06 09:35,21.3
02/09/06 09:40,21.8
02/09/06 09:45,22.4
02/09/06 09:50,22.9
02/09/06 09:55,23.3
02/09/06 10:00,23.6
02/09/06 10:05,24.0
02/09/06 10:10,24.4
02/09/06 10:15,24.6
02/09/06 10:20,24.7
02/09/06 10:25,24.7
02/09/06 10:30,24.4
02/09/06 10:35,24.1
02/09/06 10:40,23.7
02/09/06 10:45,22.9
02/09/06 10:50,22.5
02/09/06 10:55,22.2
02/09/06 11:00,21.2
02/09/06 11:05,20.4
02/09/06 11:10,19.2
02/09/06 11:15,20.1
02/09/06 11:20,22.4
02/09/06 11:25,23.9
02/09/06 11:30,24.9
02/09/06 11:35,25.6
02/09/06 11:40,26.0
02/09/06 11:45,26.4
02/09/06 11:50,26.6
02/09/06 11:55,26.8
02/09/06 12:00,26.9
02/09/06 12:05,27.0
02/09/06 12:10,27.1
02/09/06 12:15,27.0
02/09/06 12:20,26.7
02/09/06 12:25,26.5
02/09/06 12:30,26.4
02/09/06 12:35,26.3
02/09/06 12:40,26.5
02/09/06 12:45,26.6
02/09/06 12:50,26.6
02/09/06 12:55,26.5
02/09/06 13:00,26.3
02/09/06 13:05,26.1
02/09/06 13:10,25.9
02/09/06 13:15,25.7
02/09/06 13:20,25.3
02/09/06 13:25,25.1
02/09/06 13:30,24.8
02/09/06 13:35,24.5
02/09/06 13:40,24.3
02/09/06 13:45,24.0
02/09/06 13:50,23.8
02/09/06 13:55,23.6
02/09/06 14:00,23.3
02/09/06 14:05,23.1
02/09/06 14:10,22.7
02/09/06 14:15,22.2
02/09/06 14:20,21.8
02/09/06 14:25,21.4
02/09/06 14:30,21.0
02/09/06 14:35,20.6
02/09/06 14:40,20.0
02/09/06 14:45,19.4
02/09/06 14:50,18.7
02/09/06 14:55,18.3
02/09/06 15:00,17.8
02/09/06 15:05,17.3
02/09/06 15:10,16.7
02/09/06 15:15,16.1
02/09/06 15:20,15.4
02/09/06 15:25,14.7
02/09/06 15:30,14.1
02/09/06 15:35,13.5
02/09/06 15:40,12.9
02/09/06 15:45,12.2
02/09/06 15:50,11.6
02/09/06 15:55,10.9
02/09/06 16:00,10.2
02/09/06 16:05,9.5
02/09/06 16:10,8.7
02/09/06 16:15,7.9
02/09/06 16:20,7.2
02/09/06 16:25,6.4
02/09/06 16:30,5.7
02/09/06 16:35,5.1
02/09/06 16:40,4.4
02/09/06 16:45,3.8
02/09/06 16:50,2.1
02/09/06 16:55,1.0
02/09/06 17:00,0.4
02/09/06 17:05,0.1
02/09/06 17:10,0.0
02/09/06 17:15,0.0
02/09/06 17:20,0.0
02/09/06 17:25,0.0
02/09/06 17:30,0.0
02/09/06 17:35,0.0
02/09/06 17:40,0.0
02/09/06 17:45,0.0
02/09/06 17:50,0.0
02/09/06 17:55,0.0
02/09/06 18:00,0.0
02/09/06 18:05,0.0
02/09/06 18:10,0.0
02/09/06 18:15,0.0
02/09/06 18:20,0.0
02/09/06 18:25,0.0
02/09/06 18:30,0.0
02/09/06 18:35,0.0
02/09/06 18:40,0.0
02/09/06 18:45,0.0
02/09/06 18:50,0.0
02/09/06 18:55,0.0
02/09/06 19:00,0.0
02/09/06 19:05,0.0
02/09/06 19:10,0.0
02/09/06 19:15,0.0
02/09/06 19:20,0.0
02/09/06 19:25,0.0
02/09/06 19:30,0.0
02/09/06 19:35,0.0
02/09/06 19:40,0.0
02/09/06 19:45,0.0
02/09/06 19:50,0.0
02/09/06 19:55,0.0
02/09/06 20:00,0.0
02/09/06 20:05,0.0
02/09/06 20:10,0.0
02/09/06 20:15,0.0
02/09/06 20:20,0.0
02/09/06 20:25,0.0
02/09/06 20:30,0.0
02/09/06 20:35,0.0
02/09/06 20:40,0.0
02/09/06 20:45,0.0
02/09/06 20:50,0.0
02/09/06 20:55,0.0
02/09/06 21:00,0.0
02/09/06 21:05,0.0
02/09/06 21:10,0.0
02/09/06 21:15,0.0
02/09/06 21:20,0.0
02/09/06 21:25,0.0
02/09/06 21:30,0.0
02/09/06 21:35,0.0
02/09/06 21:40,0.0
02/09/06 21:45,0.0
02/09/06 21:50,0.0
02/09/06 21:55,0.0
02/09/06 22:00,0.0
02/09/06 22:05,0.0
02/09/06 22:10,0.0
02/09/06 22:15,0.0
02/09/06 22:20,0.0
02/09/06 22:25,0.0
02/09/06 22:30,0.0
02/09/06 22:35,0.0
02/09/06 22:40,0.0
02/09/06 22:45,0.0
02/09/06 22:50,0.0
02/09/06 22:55,0.0
02/09/06 23:00,0.0
02/09/06 23:05,0.0
02/09/06 23:10,0.0
02/09/06 23:15,0.0
02/09/06 23:20,0.0
02/09/06 23:25,0.0
02/09/06 23:30,0.0
02/09/06 23:35,0.0
02/09/06 23:40,0.0
02/09/06 23:45,0.0
02/09/06 23:50,0.0
02/09/06 23:55,0.0
02/10/06 00:00,0.0
02/10/06 00:05,0.0
02/10/06 00:10,0.0
02/10/06 00:15,0.0
02/10/06 00:20,0.0
02/10/06 00:25,0.0
02/10/06 00:30,0.0
02/10/06 00:35,0.0
02/10/06 00:40,0.0
02/10/06 00:45,0.0
02/10/06 00:50,0.0
02/10/06 00:55,0.0
02/10/06 01:00,0.0
02/10/06 01:05,0.0
02/10/06 01:10,0.0
02/10/06 01:15,0.0
02/10/06 01:20,0.0
02/10/06 01:25,0.0
02/10/06 01:30,0.0
02/10/06 01:35,0.0
02/10/06 01:40,0.0
02/10/06 01:45,0.0
02/10/06 01:50,0.0
02/10/06 01:55,0.0
02/10/06 02:00,0.0
02/10/06 02:05,0.0
02/10/06 02:10,0.0
02/10/06 02:15,0.0
02/10/06 02:20,0.0
02/10/06 02:25,0.0
02/10/06 02:30,0.0
02/10/06 02:35,0.0
02/10/06 02:40,0.0
02/10/06 02:45,0.0
02/10/06 02:50,0.0
02/10/06 02:55,0.0
02/10/06 03:00,0.0
02/10/06 03:05,0.0
02/10/06 03:10,0.0
02/10/06 03:15,0.0
02/10/06 03:20,0.0
02/10/06 03:25,0.0
02/10/06 03:30,0.0
02/10/06 03:35,0.0
02/10/06 03:40,0.0
02/10/06 03:45,0.0
02/10/06 03:50,0.0
02/10/06 03:55,0.0
02/10/06 04:00,0.0
02/10/06 04:05,0.0
02/10/06 04:10,0.0
02/10/06 04:15,0.0
02/10/06 04:20,0.0
02/10/06 04:25,0.0
02/10/06 04:30,0.0
02/10/06 04:35,0.0
02/10/06 04:40,0.0
02/10/06 04:45,0.0
02/10/06 04:50,0.0
02/10/06 04:55,0.0
02/10/06 05:00,0.0
02/10/06 05:05,0.0
02/10/06 05:10,0.0
02/10/06 05:15,0.0
02/10/06 05:20,0.0
02/10/06 05:25,0.0
02/10/06 05:30,0.0
02/10/06 05:35,0.0
02/10/06 05:40,0.0
02/10/06 05:45,0.0
02/10/06 05:50,0.0
02/10/06 05:55,0.0
02/10/06 06:00,0.0
02/10/06 06:05,0.0
02/10/06 06:10,0.0
02/10/06 06:15,0.0
02/10/06 06:20,0.0
02/10/06 06:25,0.0
02/10/06 06:30,0.0
02/10/06 06:35,0.0
02/10/06 06:40,0.0
02/10/06 06:45,0.0
02/10/06 06:50,0.0
02/10/06 06:55,0.0
02/10/06 07:00,0.0
02/10/06 07:05,0.0
02/10/06 07:10,0.0
02/10/06 07:15,0.0
02/10/06 07:20,0.1
02/10/06 07:25,0.4
02/10/06 07:30,1.1
02/10/06 07:35,2.1
02/10/06 07:40,3.5
02/10/06 07:45,4.0
02/10/06 07:50,4.7
02/10/06 07:55,5.2
02/10/06 08:00,5.8
02/10/06 08:05,6.4
02/10/06 08:10,6.8
02/10/06 08:15,7.0
02/10/06 08:20,6.6
02/10/06 08:25,6.6
02/10/06 08:30,7.8
02/10/06 08:35,8.6
02/10/06 08:40,8.6
02/10/06 08:45,8.6
02/10/06 08:50,9.7
02/10/06 08:55,10.6
02/10/06 09:00,11.0
02/10/06 09:05,11.0
02/10/06 09:10,12.5
02/10/06 09:15,11.3
02/10/06 09:20,11.1
02/10/06 09:25,10.2
02/10/06 09:30,12.0
02/10/06 09:35,13.8
02/10/06 09:40,15.1
02/10/06 09:45,16.5
02/10/06 09:50,17.3
02/10/06 09:55,16.2
02/10/06 10:00,16.7
02/10/06 10:05,13.6
02/10/06 10:10,10.6
02/10/06 10:15,11.3
02/10/06 10:20,14.5
02/10/06 10:25,16.8
02/10/06 10:30,18.8
02/10/06 10:35,20.3
02/10/06 10:40,21.5
02/10/06 10:45,22.3
02/10/06 10:50,22.6
02/10/06 10:55,22.9
02/10/06 11:00,23.1
02/10/06 11:05,23.1
02/10/06 11:10,23.1
02/10/06 11:15,22.8
02/10/06 11:20,21.9
02/10/06 11:25,21.1
02/10/06 11:30,20.1
02/10/06 11:35,18.4
02/10/06 11:40,16.5
02/10/06 11:45,14.2
02/10/06 11:50,11.7
02/10/06 11:55,9.6
02/10/06 12:00,7.6
02/10/06 12:05,5.9
02/10/06 12:10,4.4
02/10/06 12:15,3.9
02/10/06 12:20,4.8
02/10/06 12:25,5.9
02/10/06 12:30,6.8
02/10/06 12:35,7.1
02/10/06 12:40,7.3
02/10/06 12:45,7.5
02/10/06 12:50,7.9
02/10/06 12:55,9.1
02/10/06 13:00,10.1
02/10/06 13:05,11.1
02/10/06 13:10,12.2
02/10/06 13:15,12.3
02/10/06 13:20,11.7
02/10/06 13:25,11.3
02/10/06 13:30,10.7
02/10/06 13:35,10.3
02/10/06 13:40,9.4
02/10/06 13:45,8.7
02/10/06 13:50,8.0
02/10/06 13:55,7.4
02/10/06 14:00,6.7
02/10/06 14:05,6.2
02/10/06 14:10,5.8
02/10/06 14:15,5.3
02/10/06 14:20,5.1
02/10/06 14:25,5.4
02/10/06 14:30,5.8
02/10/06 14:35,6.2
02/10/06 14:40,6.3
02/10/06 14:45,6.4
02/10/06 14:50,6.8
02/10/06 14:55,6.9
02/10/06 15:00,6.8
02/10/06 15:05,6.5
02/10/06 15:10,6.2
02/10/06 15:15,5.8
02/10/06 15:20,5.7
02/10/06 15:25,5.4
02/10/06 15:30,5.2
02/10/06 15:35,5.3
02/10/06 15:40,5.4
02/10/06 15:45,4.5
02/10/06 15:50,3.9
02/10/06 15:55,2.5
02/10/06 16:00,1.4
02/10/06 16:05,0.9
02/10/06 16:10,0.7
02/10/06 16:15,0.5
02/10/06 16:20,0.2
02/10/06 16:25,0.1
02/10/06 16:30,0.1
02/10/06 16:35,0.0
02/10/06 16:40,0.0
02/10/06 16:45,0.0
02/10/06 16:50,0.0
02/10/06 16:55,0.0
02/10/06 17:00,0.0
02/10/06 17:05,0.0
02/10/06 17:10,0.0
02/10/06 17:15,0.0
02/10/06 17:20,0.0
02/10/06 17:25,0.0
02/10/06 17:30,0.0
02/10/06 17:35,0.0
02/10/06 17:40,0.0
02/10/06 17:45,0.0
02/10/06 17:50,0.0
02/10/06 17:55,0.0
02/10/06 18:00,0.0
02/10/06 18:05,0.0
02/10/06 18:10,0.0
02/10/06 18:15,0.0
02/10/06 18:20,0.0
02/10/06 18:25,0.0
02/10/06 18:30,0.0
02/10/06 18:35,0.0
02/10/06 18:40,0.0
02/10/06 18:45,0.0
02/10/06 18:50,0.0
02/10/06 18:55,0.0
02/10/06 19:00,0.0
02/10/06 19:05,0.0
02/10/06 19:10,0.0
02/10/06 19:15,0.0
02/10/06 19:20,0.0
02/10/06 19:25,0.0
02/10/06 19:30,0.0
02/10/06 19:35,0.0
02/10/06 19:40,0.0
02/10/06 19:45,0.0
02/10/06 19:50,0.0
02/10/06 19:55,0.0
02/10/06 20:00,0.0
02/10/06 20:05,0.0
02/10/06 20:10,0.0
02/10/06 20:15,0.0
02/10/06 20:20,0.0
02/10/06 20:25,0.0
02/10/06 20:30,0.0
02/10/06 20:35,0.0
02/10/06 20:40,0.0
02/10/06 20:45,0.0
02/10/06 20:50,0.0
02/10/06 20:55,0.0
02/10/06 21:00,0.0
02/10/06 21:05,0.0
02/10/06 21:10,0.0
02/10/06 21:15,0.0
02/10/06 21:20,0.0
02/10/06 21:25,0.0
02/10/06 21:30,0.0
02/10/06 21:35,0.0
02/10/06 21:40,0.0
02/10/06 21:45,0.0
02/10/06 21:50,0.0
02/10/06 21:55,0.0
02/10/06 22:00,0.0
02/10/06 22:05,0.0
02/10/06 22:10,0.0
02/10/06 22:15,0.0
02/10/06 22:20,0.0
02/10/06 22:25,0.0
02/10/06 22:30,0.0
02/10/06 22:35,0.0
02/10/06 22:40,0.0
02/10/06 22:45,0.0
02/10/06 22:50,0.0
02/10/06 22:55,0.0
02/10/06 23:00,0.0
02/10/06 23:05,0.0
02/10/06 23:10,0.0
02/10/06 23:15,0.0
02/10/06 23:20,0.0
02/10/06 23:25,0.0
02/10/06 23:30,0.0
02/10/06 23:35,0.0
02/10/06 23:40,0.0
02/10/06 23:45,0.0
02/10/06 23:50,0.0
02/10/06 23:55,0.0
02/11/06 00:00,0.0
02/11/06 00:05,0.0
02/11/06 00:10,0.0
02/11/06 00:15,0.0
02/11/06 00:20,0.0
02/11/06 00:25,0.0
02/11/06 00:30,0.0
02/11/06 00:35,0.0
02/11/06 00:40,0.0
02/11/06 00:45,0.0
02/11/06 00:50,0.0
02/11/06 00:55,0.0
02/11/06 01:00,0.0
02/11/06 01:05,0.0
02/11/06 01:10,0.0
02/11/06 01:15,0.0
02/11/06 01:20,0.0
02/11/06 01:25,0.0
02/11/06 01:30,0.0
02/11/06 01:35,0.0
02/11/06 01:40,0.0
02/11/06 01:45,0.0
02/11/06 01:50,0.0
02/11/06 01:55,0.0
02/11/06 02:00,0.0
02/11/06 02:05,0.0
02/11/06 02:10,0.0
02/11/06 02:15,0.0
02/11/06 02:20,0.0
02/11/06 02:25,0.0
02/11/06 02:30,0.0
02/11/06 02:35,0.0
02/11/06 02:40,0.0
02/11/06 02:45,0.0
02/11/06 02:50,0.0
02/11/06 02:55,0.0
02/11/06 03:00,0.0
02/11/06 03:05,0.0
02/11/06 03:10,0.0
02/11/06 03:15,0.0
02/11/06 03:20,0.0
02/11/06 03:25,0.0
02/11/06 03:30,0.0
02/11/06 03:35,0.0
02/11/06 03:40,0.0
02/11/06 03:45,0.0
02/11/06 03:50,0.0
02/11/06 03:55,0.0
02/11/06 04:00,0.0
02/11/06 04:05,0.0
02/11/06 04:10,0.0
02/11/06 04:15,0.0
02/11/06 04:20,0.0
02/11/06 04:25,0.0
02/11/06 04:30,0.0
02/11/06 04:35,0.0
02/11/06 04:40,0.0
02/11/06 04:45,0.0
02/11/06 04:50,0.0
02/11/06 04:55,0.0
02/11/06 05:00,0.0
02/11/06 05:05,0.0
02/11/06 05:10,0.0
02/11/06 05:15,0.0
02/11/06 05:20,0.0
02/11/06 05:25,0.0
02/11/06 05:30,0.0
02/11/06 05:35,0.0
02/11/06 05:40,0.0
02/11/06 05:45,0.0
02/11/06 05:50,0.0
02/11/06 05:55,0.0
02/11/06 06:00,0.0
02/11/06 06:05,0.0
02/11/06 06:10,0.0
02/11/06 06:15,0.0
02/11/06 06:20,0.0
02/11/06 06:25,0.0
02/11/06 06:30,0.0
02/11/06 06:35,0.0
02/11/06 06:40,0.0
02/11/06 06:45,0.0
02/11/06 06:50,0.0
02/11/06 06:55,0.0
02/11/06 07:00,0.0
02/11/06 07:05,0.0
02/11/06 07:10,0.0
02/11/06 07:15,0.0
02/11/06 07:20,0.0
02/11/06 07:25,0.0
02/11/06 07:30,0.1
02/11/06 07:35,0.1
02/11/06 07:40,0.3
02/11/06 07:45,0.5
02/11/06 07:50,0.6
02/11/06 07:55,0.6
02/11/06 08:00,0.6
02/11/06 08:05,0.7
02/11/06 08:10,0.8
02/11/06 08:15,2.6
02/11/06 08:20,5.7
02/11/06 08:25,7.1
02/11/06 08:30,5.4
02/11/06 08:35,7.2
02/11/06 08:40,9.8
02/11/06 08:45,10.9
02/11/06 08:50,11.0
02/11/06 08:55,11.1
02/11/06 09:00,11.2
02/11/06 09:05,11.7
02/11/06 09:10,13.6
02/11/06 09:15,13.1
02/11/06 09:20,13.9
02/11/06 09:25,13.8
02/11/06 09:30,10.9
02/11/06 09:35,9.2
02/11/06 09:40,9.5
02/11/06 09:45,11.8
02/11/06 09:50,14.8
02/11/06 09:55,14.9
02/11/06 10:00,13.2
02/11/06 10:05,14.1
02/11/06 10:10,13.7
02/11/06 10:15,15.9
02/11/06 10:20,18.4
02/11/06 10:25,20.0
02/11/06 10:30,21.3
02/11/06 10:35,22.3
02/11/06 10:40,23.1
02/11/06 10:45,23.8
02/11/06 10:50,24.3
02/11/06 10:55,24.8
02/11/06 11:00,25.1
02/11/06 11:05,25.4
02/11/06 11:10,25.7
02/11/06 11:15,26.1
02/11/06 11:20,26.3
02/11/06 11:25,26.5
02/11/06 11:30,26.9
02/11/06 11:35,27.1
02/11/06 11:40,27.3
02/11/06 11:45,27.5
02/11/06 11:50,27.6
02/11/06 11:55,27.8
02/11/06 12:00,28.0
02/11/06 12:05,28.1
02/11/06 12:10,28.2
02/11/06 12:15,28.3
02/11/06 12:20,28.3
02/11/06 12:25,28.4
02/11/06 12:30,28.5
02/11/06 12:35,28.5
02/11/06 12:40,28.7
02/11/06 12:45,28.8
02/11/06 12:50,28.7
02/11/06 12:55,28.5
02/11/06 13:00,28.0
02/11/06 13:05,27.6
02/11/06 13:10,27.3
02/11/06 13:15,27.0
02/11/06 13:20,26.8
02/11/06 13:25,26.5
02/11/06 13:30,26.1
02/11/06 13:35,25.7
02/11/06 13:40,25.4
02/11/06 13:45,25.0
02/11/06 13:50,24.5
02/11/06 13:55,23.9
02/11/06 14:00,23.3
02/11/06 14:05,22.8
02/11/06 14:10,22.4
02/11/06 14:15,22.2
02/11/06 14:20,22.4
02/11/06 14:25,22.1
02/11/06 14:30,21.8
02/11/06 14:35,21.7
02/11/06 14:40,21.4
02/11/06 14:45,21.0
02/11/06 14:50,20.4
02/11/06 14:55,19.6
02/11/06 15:00,18.7
02/11/06 15:05,18.0
02/11/06 15:10,17.2
02/11/06 15:15,16.6
02/11/06 15:20,16.0
02/11/06 15:25,15.5
02/11/06 15:30,14.9
02/11/06 15:35,14.3
02/11/06 15:40,13.6
02/11/06 15:45,13.1
02/11/06 15:50,12.6
02/11/06 15:55,12.0
02/11/06 16:00,11.3
02/11/06 16:05,10.2
02/11/06 16:10,9.1
02/11/06 16:15,8.2
02/11/06 16:20,7.4
02/11/06 16:25,6.6
02/11/06 16:30,5.8
02/11/06 16:35,5.1
02/11/06 16:40,4.4
02/11/06 16:45,3.8
02/11/06 16:50,2.2
02/11/06 16:55,1.0
02/11/06 17:00,0.4
02/11/06 17:05,0.1
02/11/06 17:10,0.0
02/11/06 17:15,0.0
02/11/06 17:20,0.0
02/11/06 17:25,0.0
02/11/06 17:30,0.0
02/11/06 17:35,0.0
02/11/06 17:40,0.0
02/11/06 17:45,0.0
02/11/06 17:50,0.0
02/11/06 17:55,0.0
02/11/06 18:00,0.0
02/11/06 18:05,0.0
02/11/06 18:10,0.0
02/11/06 18:15,0.0
02/11/06 18:20,0.0
02/11/06 18:25,0.0
02/11/06 18:30,0.0
02/11/06 18:35,0.0
02/11/06 18:40,0.0
02/11/06 18:45,0.0
02/11/06 18:50,0.0
02/11/06 18:55,0.0
02/11/06 19:00,0.0
02/11/06 19:05,0.0
02/11/06 19:10,0.0
02/11/06 19:15,0.0
02/11/06 19:20,0.0
02/11/06 19:25,0.0
02/11/06 19:30,0.0
02/11/06 19:35,0.0
02/11/06 19:40,0.0
02/11/06 19:45,0.0
02/11/06 19:50,0.0
02/11/06 19:55,0.0
02/11/06 20:00,0.0
02/11/06 20:05,0.0
02/11/06 20:10,0.0
02/11/06 20:15,0.0
02/11/06 20:20,0.0
02/11/06 20:25,0.0
02/11/06 20:30,0.0
02/11/06 20:35,0.0
02/11/06 20:40,0.0
02/11/06 20:45,0.0
02/11/06 20:50,0.0
02/11/06 20:55,0.0
02/11/06 21:00,0.0
02/11/06 21:05,0.0
02/11/06 21:10,0.0
02/11/06 21:15,0.0
02/11/06 21:20,0.0
02/11/06 21:25,0.0
02/11/06 21:30,0.0
02/11/06 21:35,0.0
02/11/06 21:40,0.0
02/11/06 21:45,0.0
02/11/06 21:50,0.0
02/11/06 21:55,0.0
02/11/06 22:00,0.0
02/11/06 22:05,0.0
02/11/06 22:10,0.0
02/11/06 22:15,0.0
02/11/06 22:20,0.0
02/11/06 22:25,0.0
02/11/06 22:30,0.0
02/11/06 22:35,0.0
02/11/06 22:40,0.0
02/11/06 22:45,0.0
02/11/06 22:50,0.0
02/11/06 22:55,0.0
02/11/06 23:00,0.0
02/11/06 23:05,0.0
02/11/06 23:10,0.0
02/11/06 23:15,0.0
02/11/06 23:20,0.0
02/11/06 23:25,0.0
02/11/06 23:30,0.0
02/11/06 23:35,0.0
02/11/06 23:40,0.0
02/11/06 23:45,0.0
02/11/06 23:50,0.0
02/11/06 23:55,0.0
02/12/06 00:00,0.0
02/12/06 00:05,0.0
02/12/06 00:10,0.0
02/12/06 00:15,0.0
02/12/06 00:20,0.0
02/12/06 00:25,0.0
02/12/06 00:30,0.0
02/12/06 00:35,0.0
02/12/06 00:40,0.0
02/12/06 00:45,0.0
02/12/06 00:50,0.0
02/12/06 00:55,0.0
02/12/06 01:00,0.0
02/12/06 01:05,0.0
02/12/06 01:10,0.0
02/12/06 01:15,0.0
02/12/06 01:20,0.0
02/12/06 01:25,0.0
02/12/06 01:30,0.0
02/12/06 01:35,0.0
02/12/06 01:40,0.0
02/12/06 01:45,0.0
02/12/06 01:50,0.0
02/12/06 01:55,0.0
02/12/06 02:00,0.0
02/12/06 02:05,0.0
02/12/06 02:10,0.0
02/12/06 02:15,0.0
02/12/06 02:20,0.0
02/12/06 02:25,0.0
02/12/06 02:30,0.0
02/12/06 02:35,0.0
02/12/06 02:40,0.0
02/12/06 02:45,0.0
02/12/06 02:50,0.0
02/12/06 02:55,0.0
02/12/06 03:00,0.0
02/12/06 03:05,0.0
02/12/06 03:10,0.0
02/12/06 03:15,0.0
02/12/06 03:20,0.0
02/12/06 03:25,0.0
02/12/06 03:30,0.0
02/12/06 03:35,0.0
02/12/06 03:40,0.0
02/12/06 03:45,0.0
02/12/06 03:50,0.0
02/12/06 03:55,0.0
02/12/06 04:00,0.0
02/12/06 04:05,0.0
02/12/06 04:10,0.0
02/12/06 04:15,0.0
02/12/06 04:20,0.0
02/12/06 04:25,0.0
02/12/06 04:30,0.0
02/12/06 04:35,0.0
02/12/06 04:40,0.0
02/12/06 04:45,0.0
02/12/06 04:50,0.0
02/12/06 04:55,0.0
02/12/06 05:00,0.0
02/12/06 05:05,0.0
02/12/06 05:10,0.0
02/12/06 05:15,0.0
02/12/06 05:20,0.0
02/12/06 05:25,0.0
02/12/06 05:30,0.0
02/12/06 05:35,0.0
02/12/06 05:40,0.0
02/12/06 05:45,0.0
02/12/06 05:50,0.0
02/12/06 05:55,0.0
02/12/06 06:00,0.0
02/12/06 06:05,0.0
02/12/06 06:10,0.0
02/12/06 06:15,0.0
02/12/06 06:20,0.0
02/12/06 06:25,0.0
02/12/06 06:30,0.0
02/12/06 06:35,0.0
02/12/06 06:40,0.0
02/12/06 06:45,0.0
02/12/06 06:50,0.0
02/12/06 06:55,0.0
02/12/06 07:00,0.0
02/12/06 07:05,0.0
02/12/06 07:10,0.1
02/12/06 07:15,0.6
02/12/06 07:20,1.7
02/12/06 07:25,3.7
02/12/06 07:30,4.6
02/12/06 07:35,5.3
02/12/06 07:40,6.1
02/12/06 07:45,6.8
02/12/06 07:50,7.6
02/12/06 07:55,8.4
02/12/06 08:00,9.3
02/12/06 08:05,10.1
02/12/06 08:10,10.9
02/12/06 08:15,11.7
02/12/06 08:20,12.5
02/12/06 08:25,13.4
02/12/06 08:30,14.2
02/12/06 08:35,14.9
02/12/06 08:40,15.7
02/12/06 08:45,16.4
02/12/06 08:50,17.2
02/12/06 08:55,17.9
02/12/06 09:00,18.7
02/12/06 09:05,19.3
02/12/06 09:10,19.9
02/12/06 09:15,20.4
02/12/06 09:20,20.8
02/12/06 09:25,21.4
02/12/06 09:30,21.9
02/12/06 09:35,22.5
02/12/06 09:40,22.9
02/12/06 09:45,23.3
02/12/06 09:50,23.7
02/12/06 09:55,24.0
02/12/06 10:00,24.3
02/12/06 10:05,24.5
02/12/06 10:10,24.8
02/12/06 10:15,25.0
02/12/06 10:20,25.2
02/12/06 10:25,25.4
02/12/06 10:30,25.6
02/12/06 10:35,25.7
02/12/06 10:40,25.8
02/12/06 10:45,25.9
02/12/06 10:50,26.1
02/12/06 10:55,26.3
02/12/06 11:00,26.5
02/12/06 11:05,26.6
02/12/06 11:10,26.7
02/12/06 11:15,26.6
02/12/06 11:20,26.5
02/12/06 11:25,26.5
02/12/06 11:30,26.4
02/12/06 11:35,26.3
02/12/06 11:40,26.1
02/12/06 11:45,26.0
02/12/06 11:50,25.9
02/12/06 11:55,25.7
02/12/06 12:00,25.6
02/12/06 12:05,25.8
02/12/06 12:10,26.1
02/12/06 12:15,26.2
02/12/06 12:20,26.4
02/12/06 12:25,26.6
02/12/06 12:30,26.9
02/12/06 12:35,27.0
02/12/06 12:40,27.1
02/12/06 12:45,27.2
02/12/06 12:50,27.2
02/12/06 12:55,27.2
02/12/06 13:00,27.3
02/12/06 13:05,27.3
02/12/06 13:10,27.5
02/12/06 13:15,27.1
02/12/06 13:20,26.6
02/12/06 13:25,26.0
02/12/06 13:30,25.7
02/12/06 13:35,25.3
02/12/06 13:40,24.9
02/12/06 13:45,24.5
02/12/06 13:50,24.3
02/12/06 13:55,24.1
02/12/06 14:00,23.9
02/12/06 14:05,23.6
02/12/06 14:10,23.1
02/12/06 14:15,22.7
02/12/06 14:20,22.4
02/12/06 14:25,22.1
02/12/06 14:30,21.9
02/12/06 14:35,21.5
02/12/06 14:40,21.1
02/12/06 14:45,20.6
02/12/06 14:50,19.9
02/12/06 14:55,19.3
02/12/06 15:00,18.7
02/12/06 15:05,18.0
02/12/06 15:10,17.3
02/12/06 15:15,16.7
02/12/06 15:20,16.0
02/12/06 15:25,15.3
02/12/06 15:30,14.4
02/12/06 15:35,13.6
02/12/06 15:40,12.8
02/12/06 15:45,12.0
02/12/06 15:50,11.3
02/12/06 15:55,10.6
02/12/06 16:00,9.9
02/12/06 16:05,9.2
02/12/06 16:10,8.5
02/12/06 16:15,7.9
02/12/06 16:20,7.4
02/12/06 16:25,6.8
02/12/06 16:30,6.1
02/12/06 16:35,5.5
02/12/06 16:40,4.8
02/12/06 16:45,4.2
02/12/06 16:50,3.2
02/12/06 16:55,1.5
02/12/06 17:00,0.7
02/12/06 17:05,0.3
02/12/06 17:10,0.1
02/12/06 17:15,0.0
02/12/06 17:20,0.0
02/12/06 17:25,0.0
02/12/06 17:30,0.0
02/12/06 17:35,0.0
02/12/06 17:40,0.0
02/12/06 17:45,0.0
02/12/06 17:50,0.0
02/12/06 17:55,0.0
02/12/06 18:00,0.0
02/12/06 18:05,0.0
02/12/06 18:10,0.0
02/12/06 18:15,0.0
02/12/06 18:20,0.0
02/12/06 18:25,0.0
02/12/06 18:30,0.0
02/12/06 18:35,0.0
02/12/06 18:40,0.0
02/12/06 18:45,0.0
02/12/06 18:50,0.0
02/12/06 18:55,0.0
02/12/06 19:00,0.0
02/12/06 19:05,0.0
02/12/06 19:10,0.0
02/12/06 19:15,0.0
02/12/06 19:20,0.0
02/12/06 19:25,0.0
02/12/06 19:30,0.0
02/12/06 19:35,0.0
02/12/06 19:40,0.0
02/12/06 19:45,0.0
02/12/06 19:50,0.0
02/12/06 19:55,0.0
02/12/06 20:00,0.0
02/12/06 20:05,0.0
02/12/06 20:10,0.0
02/12/06 20:15,0.0
02/12/06 20:20,0.0
02/12/06 20:25,0.0
02/12/06 20:30,0.0
02/12/06 20:35,0.0
02/12/06 20:40,0.0
02/12/06 20:45,0.0
02/12/06 20:50,0.0
02/12/06 20:55,0.0
02/12/06 21:00,0.0
02/12/06 21:05,0.0
02/12/06 21:10,0.0
02/12/06 21:15,0.0
02/12/06 21:20,0.0
02/12/06 21:25,0.0
02/12/06 21:30,0.0
02/12/06 21:35,0.0
02/12/06 21:40,0.0
02/12/06 21:45,0.0
02/12/06 21:50,0.0
02/12/06 21:55,0.0
02/12/06 22:00,0.0
02/12/06 22:05,0.0
02/12/06 22:10,0.0
02/12/06 22:15,0.0
02/12/06 22:20,0.0
02/12/06 22:25,0.0
02/12/06 22:30,0.0
02/12/06 22:35,0.0
02/12/06 22:40,0.0
02/12/06 22:45,0.0
02/12/06 22:50,0.0
02/12/06 22:55,0.0
02/12/06 23:00,0.0
02/12/06 23:05,0.0
02/12/06 23:10,0.0
02/12/06 23:15,0.0
02/12/06 23:20,0.0
02/12/06 23:25,0.0
02/12/06 23:30,0.0
02/12/06 23:35,0.0
02/12/06 23:40,0.0
02/12/06 23:45,0.0
02/12/06 23:50,0.0
02/12/06 23:55,0.0
02/13/06 00:00,0.0
02/13/06 00:05,0.0
02/13/06 00:10,0.0
02/13/06 00:15,0.0
02/13/06 00:20,0.0
02/13/06 00:25,0.0
02/13/06 00:30,0.0
02/13/06 00:35,0.0
02/13/06 00:40,0.0
02/13/06 00:45,0.0
02/13/06 00:50,0.0
02/13/06 00:55,0.0
02/13/06 01:00,0.0
02/13/06 01:05,0.0
02/13/06 01:10,0.0
02/13/06 01:15,0.0
02/13/06 01:20,0.0
02/13/06 01:25,0.0
02/13/06 01:30,0.0
02/13/06 01:35,0.0
02/13/06 01:40,0.0
02/13/06 01:45,0.0
02/13/06 01:50,0.0
02/13/06 01:55,0.0
02/13/06 02:00,0.0
02/13/06 02:05,0.0
02/13/06 02:10,0.0
02/13/06 02:15,0.0
02/13/06 02:20,0.0
02/13/06 02:25,0.0
02/13/06 02:30,0.0
02/13/06 02:35,0.0
02/13/06 02:40,0.0
02/13/06 02:45,0.0
02/13/06 02:50,0.0
02/13/06 02:55,0.0
02/13/06 03:00,0.0
02/13/06 03:05,0.0
02/13/06 03:10,0.0
02/13/06 03:15,0.0
02/13/06 03:20,0.0
02/13/06 03:25,0.0
02/13/06 03:30,0.0
02/13/06 03:35,0.0
02/13/06 03:40,0.0
02/13/06 03:45,0.0
02/13/06 03:50,0.0
02/13/06 03:55,0.0
02/13/06 04:00,0.0
02/13/06 04:05,0.0
02/13/06 04:10,0.0
02/13/06 04:15,0.0
02/13/06 04:20,0.0
02/13/06 04:25,0.0
02/13/06 04:30,0.0
02/13/06 04:35,0.0
02/13/06 04:40,0.0
02/13/06 04:45,0.0
02/13/06 04:50,0.0
02/13/06 04:55,0.0
02/13/06 05:00,0.0
02/13/06 05:05,0.0
02/13/06 05:10,0.0
02/13/06 05:15,0.0
02/13/06 05:20,0.0
02/13/06 05:25,0.0
02/13/06 05:30,0.0
02/13/06 05:35,0.0
02/13/06 05:40,0.0
02/13/06 05:45,0.0
02/13/06 05:50,0.0
02/13/06 05:55,0.0
02/13/06 06:00,0.0
02/13/06 06:05,0.0
02/13/06 06:10,0.0
02/13/06 06:15,0.0
02/13/06 06:20,0.0
02/13/06 06:25,0.0
02/13/06 06:30,0.0
02/13/06 06:35,0.0
02/13/06 06:40,0.0
02/13/06 06:45,0.0
02/13/06 06:50,0.0
02/13/06 06:55,0.0
02/13/06 07:00,0.0
02/13/06 07:05,0.0
02/13/06 07:10,0.1
02/13/06 07:15,0.5
02/13/06 07:20,1.7
02/13/06 07:25,3.9
02/13/06 07:30,4.7
02/13/06 07:35,5.5
02/13/06 07:40,6.2
02/13/06 07:45,7.0
02/13/06 07:50,7.8
02/13/06 07:55,8.6
02/13/06 08:00,9.4
02/13/06 08:05,10.1
02/13/06 08:10,10.9
02/13/06 08:15,11.6
02/13/06 08:20,12.2
02/13/06 08:25,12.9
02/13/06 08:30,13.7
02/13/06 08:35,14.4
02/13/06 08:40,15.2
02/13/06 08:45,15.9
02/13/06 08:50,16.5
02/13/06 08:55,17.2
02/13/06 09:00,17.9
02/13/06 09:05,18.5
02/13/06 09:10,19.1
02/13/06 09:15,19.6
02/13/06 09:20,19.9
02/13/06 09:25,20.2
02/13/06 09:30,20.4
02/13/06 09:35,20.7
02/13/06 09:40,20.9
02/13/06 09:45,21.1
02/13/06 09:50,21.4
02/13/06 09:55,21.7
02/13/06 10:00,21.9
02/13/06 10:05,22.2
02/13/06 10:10,22.4
02/13/06 10:15,22.8
02/13/06 10:20,23.3
02/13/06 10:25,23.6
02/13/06 10:30,23.9
02/13/06 10:35,24.2
02/13/06 10:40,24.3
02/13/06 10:45,24.4
02/13/06 10:50,24.6
02/13/06 10:55,24.7
02/13/06 11:00,24.9
02/13/06 11:05,25.1
02/13/06 11:10,25.4
02/13/06 11:15,25.8
02/13/06 11:20,26.3
02/13/06 11:25,26.8
02/13/06 11:30,27.2
02/13/06 11:35,27.6
02/13/06 11:40,28.0
02/13/06 11:45,28.4
02/13/06 11:50,28.7
02/13/06 11:55,29.1
02/13/06 12:00,29.4
02/13/06 12:05,29.5
02/13/06 12:10,29.4
02/13/06 12:15,29.0
02/13/06 12:20,28.6
02/13/06 12:25,28.5
02/13/06 12:30,28.3
02/13/06 12:35,28.1
02/13/06 12:40,27.8
02/13/06 12:45,27.4
02/13/06 12:50,27.1
02/13/06 12:55,26.9
02/13/06 13:00,26.6
02/13/06 13:05,26.4
02/13/06 13:10,26.2
02/13/06 13:15,25.9
02/13/06 13:20,25.6
02/13/06 13:25,25.4
02/13/06 13:30,25.3
02/13/06 13:35,25.3
02/13/06 13:40,25.2
02/13/06 13:45,24.9
02/13/06 13:50,24.6
02/13/06 13:55,24.1
02/13/06 14:00,23.7
02/13/06 14:05,23.3
02/13/06 14:10,23.2
02/13/06 14:15,22.7
02/13/06 14:20,22.1
02/13/06 14:25,21.8
02/13/06 14:30,21.4
02/13/06 14:35,21.0
02/13/06 14:40,20.5
02/13/06 14:45,19.9
02/13/06 14:50,19.2
02/13/06 14:55,18.7
02/13/06 15:00,18.2
02/13/06 15:05,17.8
02/13/06 15:10,17.2
02/13/06 15:15,16.7
02/13/06 15:20,16.1
02/13/06 15:25,15.5
02/13/06 15:30,14.7
02/13/06 15:35,14.0
02/13/06 15:40,13.4
02/13/06 15:45,12.7
02/13/06 15:50,11.9
02/13/06 15:55,11.2
02/13/06 16:00,10.6
02/13/06 16:05,9.9
02/13/06 16:10,9.2
02/13/06 16:15,8.4
02/13/06 16:20,7.7
02/13/06 16:25,7.0
02/13/06 16:30,6.3
02/13/06 16:35,5.6
02/13/06 16:40,4.9
02/13/06 16:45,4.2
02/13/06 16:50,3.2
02/13/06 16:55,1.6
02/13/06 17:00,0.7
02/13/06 17:05,0.3
02/13/06 17:10,0.1
02/13/06 17:15,0.0
02/13/06 17:20,0.0
02/13/06 17:25,0.0
02/13/06 17:30,0.0
02/13/06 17:35,0.0
02/13/06 17:40,0.0
02/13/06 17:45,0.0
02/13/06 17:50,0.0
02/13/06 17:55,0.0
02/13/06 18:00,0.0
02/13/06 18:05,0.0
02/13/06 18:10,0.0
02/13/06 18:15,0.0
02/13/06 18:20,0.0
02/13/06 18:25,0.0
02/13/06 18:30,0.0
02/13/06 18:35,0.0
02/13/06 18:40,0.0
02/13/06 18:45,0.0
02/13/06 18:50,0.0
02/13/06 18:55,0.0
02/13/06 19:00,0.0
02/13/06 19:05,0.0
02/13/06 19:10,0.0
02/13/06 19:15,0.0
02/13/06 19:20,0.0
02/13/06 19:25,0.0
02/13/06 19:30,0.0
02/13/06 19:35,0.0
02/13/06 19:40,0.0
02/13/06 19:45,0.0
02/13/06 19:50,0.0
02/13/06 19:55,0.0
02/13/06 20:00,0.0
02/13/06 20:05,0.0
02/13/06 20:10,0.0
02/13/06 20:15,0.0
02/13/06 20:20,0.0
02/13/06 20:25,0.0
02/13/06 20:30,0.0
02/13/06 20:35,0.0
02/13/06 20:40,0.0
02/13/06 20:45,0.0
02/13/06 20:50,0.0
02/13/06 20:55,0.0
02/13/06 21:00,0.0
02/13/06 21:05,0.0
02/13/06 21:10,0.0
02/13/06 21:15,0.0
02/13/06 21:20,0.0
02/13/06 21:25,0.0
02/13/06 21:30,0.0
02/13/06 21:35,0.0
02/13/06 21:40,0.0
02/13/06 21:45,0.0
02/13/06 21:50,0.0
02/13/06 21:55,0.0
02/13/06 22:00,0.0
02/13/06 22:05,0.0
02/13/06 22:10,0.0
02/13/06 22:15,0.0
02/13/06 22:20,0.0
02/13/06 22:25,0.0
02/13/06 22:30,0.0
02/13/06 22:35,0.0
02/13/06 22:40,0.0
02/13/06 22:45,0.0
02/13/06 22:50,0.0
02/13/06 22:55,0.0
02/13/06 23:00,0.0
02/13/06 23:05,0.0
02/13/06 23:10,0.0
02/13/06 23:15,0.0
02/13/06 23:20,0.0
02/13/06 23:25,0.0
02/13/06 23:30,0.0
02/13/06 23:35,0.0
02/13/06 23:40,0.0
02/13/06 23:45,0.0
02/13/06 23:50,0.0
02/13/06 23:55,0.0
02/14/06 00:00,0.0
02/14/06 00:05,0.0
02/14/06 00:10,0.0
02/14/06 00:15,0.0
02/14/06 00:20,0.0
02/14/06 00:25,0.0
02/14/06 00:30,0.0
02/14/06 00:35,0.0
02/14/06 00:40,0.0
02/14/06 00:45,0.0
02/14/06 00:50,0.0
02/14/06 00:55,0.0
02/14/06 01:00,0.0
02/14/06 01:05,0.0
02/14/06 01:10,0.0
02/14/06 01:15,0.0
02/14/06 01:20,0.0
02/14/06 01:25,0.0
02/14/06 01:30,0.0
02/14/06 01:35,0.0
02/14/06 01:40,0.0
02/14/06 01:45,0.0
02/14/06 01:50,0.0
02/14/06 01:55,0.0
02/14/06 02:00,0.0
02/14/06 02:05,0.0
02/14/06 02:10,0.0
02/14/06 02:15,0.0
02/14/06 02:20,0.0
02/14/06 02:25,0.0
02/14/06 02:30,0.0
02/14/06 02:35,0.0
02/14/06 02:40,0.0
02/14/06 02:45,0.0
02/14/06 02:50,0.0
02/14/06 02:55,0.0
02/14/06 03:00,0.0
02/14/06 03:05,0.0
02/14/06 03:10,0.0
02/14/06 03:15,0.0
02/14/06 03:20,0.0
02/14/06 03:25,0.0
02/14/06 03:30,0.0
02/14/06 03:35,0.0
02/14/06 03:40,0.0
02/14/06 03:45,0.0
02/14/06 03:50,0.0
02/14/06 03:55,0.0
02/14/06 04:00,0.0
02/14/06 04:05,0.0
02/14/06 04:10,0.0
02/14/06 04:15,0.0
02/14/06 04:20,0.0
02/14/06 04:25,0.0
02/14/06 04:30,0.0
02/14/06 04:35,0.0
02/14/06 04:40,0.0
02/14/06 04:45,0.0
02/14/06 04:50,0.0
02/14/06 04:55,0.0
02/14/06 05:00,0.0
02/14/06 05:05,0.0
02/14/06 05:10,0.0
02/14/06 05:15,0.0
02/14/06 05:20,0.0
02/14/06 05:25,0.0
02/14/06 05:30,0.0
02/14/06 05:35,0.0
02/14/06 05:40,0.0
02/14/06 05:45,0.0
02/14/06 05:50,0.0
02/14/06 05:55,0.0
02/14/06 06:00,0.0
02/14/06 06:05,0.0
02/14/06 06:10,0.0
02/14/06 06:15,0.0
02/14/06 06:20,0.0
02/14/06 06:25,0.0
02/14/06 06:30,0.0
02/14/06 06:35,0.0
02/14/06 06:40,0.0
02/14/06 06:45,0.0
02/14/06 06:50,0.0
02/14/06 06:55,0.0
02/14/06 07:00,0.0
02/14/06 07:05,0.1
02/14/06 07:10,0.3
02/14/06 07:15,0.9
02/14/06 07:20,1.8
02/14/06 07:25,3.4
02/14/06 07:30,4.1
02/14/06 07:35,4.8
02/14/06 07:40,5.2
02/14/06 07:45,5.4
02/14/06 07:50,6.1
02/14/06 07:55,7.2
02/14/06 08:00,7.8
02/14/06 08:05,8.6
02/14/06 08:10,9.6
02/14/06 08:15,10.4
02/14/06 08:20,11.0
02/14/06 08:25,10.3
02/14/06 08:30,8.8
02/14/06 08:35,8.0
02/14/06 08:40,7.9
02/14/06 08:45,8.3
02/14/06 08:50,9.7
02/14/06 08:55,11.6
02/14/06 09:00,13.4
02/14/06 09:05,12.0
02/14/06 09:10,11.8
02/14/06 09:15,12.1
02/14/06 09:20,14.3
02/14/06 09:25,16.7
02/14/06 09:30,17.2
02/14/06 09:35,18.0
02/14/06 09:40,17.2
02/14/06 09:45,17.2
02/14/06 09:50,17.6
02/14/06 09:55,15.8
02/14/06 10:00,14.1
02/14/06 10:05,13.9
02/14/06 10:10,13.8
02/14/06 10:15,15.6
02/14/06 10:20,17.1
02/14/06 10:25,17.6
02/14/06 10:30,17.5
02/14/06 10:35,18.7
02/14/06 10:40,18.9
02/14/06 10:45,18.7
02/14/06 10:50,17.5
02/14/06 10:55,17.4
02/14/06 11:00,18.7
02/14/06 11:05,19.7
02/14/06 11:10,19.3
02/14/06 11:15,17.1
02/14/06 11:20,13.4
02/14/06 11:25,11.3
02/14/06 11:30,14.1
02/14/06 11:35,15.0
02/14/06 11:40,13.7
02/14/06 11:45,16.3
02/14/06 11:50,13.3
02/14/06 11:55,12.1
02/14/06 12:00,15.8
02/14/06 12:05,19.4
02/14/06 12:10,20.8
02/14/06 12:15,22.4
02/14/06 12:20,23.3
02/14/06 12:25,23.4
02/14/06 12:30,22.8
02/14/06 12:35,21.8
02/14/06 12:40,20.7
02/14/06 12:45,19.3
02/14/06 12:50,17.7
02/14/06 12:55,16.0
02/14/06 13:00,14.4
02/14/06 13:05,12.8
02/14/06 13:10,11.3
02/14/06 13:15,10.1
02/14/06 13:20,9.6
02/14/06 13:25,9.1
02/14/06 13:30,9.8
02/14/06 13:35,10.4
02/14/06 13:40,9.8
02/14/06 13:45,8.5
02/14/06 13:50,7.4
02/14/06 13:55,5.7
02/14/06 14:00,4.4
02/14/06 14:05,3.6
02/14/06 14:10,2.5
02/14/06 14:15,2.2
02/14/06 14:20,2.0
02/14/06 14:25,2.6
02/14/06 14:30,3.1
02/14/06 14:35,3.6
02/14/06 14:40,3.7
02/14/06 14:45,3.6
02/14/06 14:50,2.4
02/14/06 14:55,1.7
02/14/06 15:00,2.0
02/14/06 15:05,2.6
02/14/06 15:10,2.8
02/14/06 15:15,2.1
02/14/06 15:20,1.2
02/14/06 15:25,0.7
02/14/06 15:30,0.6
02/14/06 15:35,0.6
02/14/06 15:40,0.7
02/14/06 15:45,0.7
02/14/06 15:50,0.6
02/14/06 15:55,0.4
02/14/06 16:00,0.3
02/14/06 16:05,0.2
02/14/06 16:10,0.1
02/14/06 16:15,0.2
02/14/06 16:20,0.3
02/14/06 16:25,0.3
02/14/06 16:30,0.2
02/14/06 16:35,0.0
02/14/06 16:40,0.0
02/14/06 16:45,0.0
02/14/06 16:50,0.0
02/14/06 16:55,0.0
02/14/06 17:00,0.0
02/14/06 17:05,0.0
02/14/06 17:10,0.0
02/14/06 17:15,0.0
02/14/06 17:20,0.0
02/14/06 17:25,0.0
02/14/06 17:30,0.0
02/14/06 17:35,0.0
02/14/06 17:40,0.0
02/14/06 17:45,0.0
02/14/06 17:50,0.0
02/14/06 17:55,0.0
02/14/06 18:00,0.0
02/14/06 18:05,0.0
02/14/06 18:10,0.0
02/14/06 18:15,0.0
02/14/06 18:20,0.0
02/14/06 18:25,0.0
02/14/06 18:30,0.0
02/14/06 18:35,0.0
02/14/06 18:40,0.0
02/14/06 18:45,0.0
02/14/06 18:50,0.0
02/14/06 18:55,0.0
02/14/06 19:00,0.0
02/14/06 19:05,0.0
02/14/06 19:10,0.0
02/14/06 19:15,0.0
02/14/06 19:20,0.0
02/14/06 19:25,0.0
02/14/06 19:30,0.0
02/14/06 19:35,0.0
02/14/06 19:40,0.0
02/14/06 19:45,0.0
02/14/06 19:50,0.0
02/14/06 19:55,0.0
02/14/06 20:00,0.0
02/14/06 20:05,0.0
02/14/06 20:10,0.0
02/14/06 20:15,0.0
02/14/06 20:20,0.0
02/14/06 20:25,0.0
02/14/06 20:30,0.0
02/14/06 20:35,0.0
02/14/06 20:40,0.0
02/14/06 20:45,0.0
02/14/06 20:50,0.0
02/14/06 20:55,0.0
02/14/06 21:00,0.0
02/14/06 21:05,0.0
02/14/06 21:10,0.0
02/14/06 21:15,0.0
02/14/06 21:20,0.0
02/14/06 21:25,0.0
02/14/06 21:30,0.0
02/14/06 21:35,0.0
02/14/06 21:40,0.0
02/14/06 21:45,0.0
02/14/06 21:50,0.0
02/14/06 21:55,0.0
02/14/06 22:00,0.0
02/14/06 22:05,0.0
02/14/06 22:10,0.0
02/14/06 22:15,0.0
02/14/06 22:20,0.0
02/14/06 22:25,0.0
02/14/06 22:30,0.0
02/14/06 22:35,0.0
02/14/06 22:40,0.0
02/14/06 22:45,0.0
02/14/06 22:50,0.0
02/14/06 22:55,0.0
02/14/06 23:00,0.0
02/14/06 23:05,0.0
02/14/06 23:10,0.0
02/14/06 23:15,0.0
02/14/06 23:20,0.0
02/14/06 23:25,0.0
02/14/06 23:30,0.0
02/14/06 23:35,0.0
02/14/06 23:40,0.0
02/14/06 23:45,0.0
02/14/06 23:50,0.0
02/14/06 23:55,0.0
02/15/06 00:00,0.0
02/15/06 00:05,0.0
02/15/06 00:10,0.0
02/15/06 00:15,0.0
02/15/06 00:20,0.0
02/15/06 00:25,0.0
02/15/06 00:30,0.0
02/15/06 00:35,0.0
02/15/06 00:40,0.0
02/15/06 00:45,0.0
02/15/06 00:50,0.0
02/15/06 00:55,0.0
02/15/06 01:00,0.0
02/15/06 01:05,0.0
02/15/06 01:10,0.0
02/15/06 01:15,0.0
02/15/06 01:20,0.0
02/15/06 01:25,0.0
02/15/06 01:30,0.0
02/15/06 01:35,0.0
02/15/06 01:40,0.0
02/15/06 01:45,0.0
02/15/06 01:50,0.0
02/15/06 01:55,0.0
02/15/06 02:00,0.0
02/15/06 02:05,0.0
02/15/06 02:10,0.0
02/15/06 02:15,0.0
02/15/06 02:20,0.0
02/15/06 02:25,0.0
02/15/06 02:30,0.0
02/15/06 02:35,0.0
02/15/06 02:40,0.0
02/15/06 02:45,0.0
02/15/06 02:50,0.0
02/15/06 02:55,0.0
02/15/06 03:00,0.0
02/15/06 03:05,0.0
02/15/06 03:10,0.0
02/15/06 03:15,0.0
02/15/06 03:20,0.0
02/15/06 03:25,0.0
02/15/06 03:30,0.0
02/15/06 03:35,0.0
02/15/06 03:40,0.0
02/15/06 03:45,0.0
02/15/06 03:50,0.0
02/15/06 03:55,0.0
02/15/06 04:00,0.0
02/15/06 04:05,0.0
02/15/06 04:10,0.0
02/15/06 04:15,0.0
02/15/06 04:20,0.0
02/15/06 04:25,0.0
02/15/06 04:30,0.0
02/15/06 04:35,0.0
02/15/06 04:40,0.0
02/15/06 04:45,0.0
02/15/06 04:50,0.0
02/15/06 04:55,0.0
02/15/06 05:00,0.0
02/15/06 05:05,0.0
02/15/06 05:10,0.0
02/15/06 05:15,0.0
02/15/06 05:20,0.0
02/15/06 05:25,0.0
02/15/06 05:30,0.0
02/15/06 05:35,0.0
02/15/06 05:40,0.0
02/15/06 05:45,0.0
02/15/06 05:50,0.0
02/15/06 05:55,0.0
02/15/06 06:00,0.0
02/15/06 06:05,0.0
02/15/06 06:10,0.0
02/15/06 06:15,0.0
02/15/06 06:20,0.0
02/15/06 06:25,0.0
02/15/06 06:30,0.0
02/15/06 06:35,0.0
02/15/06 06:40,0.0
02/15/06 06:45,0.0
02/15/06 06:50,0.0
02/15/06 06:55,0.0
02/15/06 07:00,0.0
02/15/06 07:05,0.0
02/15/06 07:10,0.2
02/15/06 07:15,0.6
02/15/06 07:20,1.8
02/15/06 07:25,3.7
02/15/06 07:30,4.5
02/15/06 07:35,5.2
02/15/06 07:40,6.0
02/15/06 07:45,6.7
02/15/06 07:50,7.5
02/15/06 07:55,8.4
02/15/06 08:00,9.2
02/15/06 08:05,10.0
02/15/06 08:10,10.7
02/15/06 08:15,11.3
02/15/06 08:20,11.9
02/15/06 08:25,12.5
02/15/06 08:30,13.1
02/15/06 08:35,13.8
02/15/06 08:40,14.6
02/15/06 08:45,15.3
02/15/06 08:50,16.0
02/15/06 08:55,16.7
02/15/06 09:00,17.2
02/15/06 09:05,17.8
02/15/06 09:10,18.5
02/15/06 09:15,18.9
02/15/06 09:20,19.4
02/15/06 09:25,19.8
02/15/06 09:30,20.3
02/15/06 09:35,20.7
02/15/06 09:40,21.0
02/15/06 09:45,21.2
02/15/06 09:50,21.4
02/15/06 09:55,21.7
02/15/06 10:00,22.1
02/15/06 10:05,22.5
02/15/06 10:10,22.8
02/15/06 10:15,22.9
02/15/06 10:20,22.6
02/15/06 10:25,21.3
02/15/06 10:30,20.8
02/15/06 10:35,21.7
02/15/06 10:40,23.0
02/15/06 10:45,23.8
02/15/06 10:50,23.8
02/15/06 10:55,23.7
02/15/06 11:00,24.2
02/15/06 11:05,25.2
02/15/06 11:10,25.6
02/15/06 11:15,22.1
02/15/06 11:20,17.0
02/15/06 11:25,17.4
02/15/06 11:30,19.2
02/15/06 11:35,18.8
02/15/06 11:40,16.6
02/15/06 11:45,17.6
02/15/06 11:50,15.9
02/15/06 11:55,14.7
02/15/06 12:00,15.1
02/15/06 12:05,15.0
02/15/06 12:10,15.6
02/15/06 12:15,16.6
02/15/06 12:20,15.3
02/15/06 12:25,12.7
02/15/06 12:30,11.8
02/15/06 12:35,11.9
02/15/06 12:40,14.0
02/15/06 12:45,17.2
02/15/06 12:50,20.0
02/15/06 12:55,22.1
02/15/06 13:00,24.3
02/15/06 13:05,26.6
02/15/06 13:10,27.0
02/15/06 13:15,22.6
02/15/06 13:20,19.0
02/15/06 13:25,16.5
02/15/06 13:30,14.9
02/15/06 13:35,13.8
02/15/06 13:40,12.1
02/15/06 13:45,10.0
02/15/06 13:50,11.1
02/15/06 13:55,13.8
02/15/06 14:00,14.2
02/15/06 14:05,9.8
02/15/06 14:10,9.2
02/15/06 14:15,7.4
02/15/06 14:20,8.2
02/15/06 14:25,7.8
02/15/06 14:30,7.2
02/15/06 14:35,6.7
02/15/06 14:40,7.7
02/15/06 14:45,11.0
02/15/06 14:50,14.5
02/15/06 14:55,16.1
02/15/06 15:00,16.3
02/15/06 15:05,14.5
02/15/06 15:10,12.0
02/15/06 15:15,10.3
02/15/06 15:20,10.0
02/15/06 15:25,8.6
02/15/06 15:30,6.8
02/15/06 15:35,6.7
02/15/06 15:40,6.5
02/15/06 15:45,5.3
02/15/06 15:50,5.6
02/15/06 15:55,5.0
02/15/06 16:00,4.6
02/15/06 16:05,3.8
02/15/06 16:10,1.0
02/15/06 16:15,3.7
02/15/06 16:20,5.0
02/15/06 16:25,5.5
02/15/06 16:30,5.5
02/15/06 16:35,5.4
02/15/06 16:40,4.9
02/15/06 16:45,4.3
02/15/06 16:50,3.8
02/15/06 16:55,2.1
02/15/06 17:00,0.8
02/15/06 17:05,0.1
02/15/06 17:10,0.0
02/15/06 17:15,0.0
02/15/06 17:20,0.0
02/15/06 17:25,0.0
02/15/06 17:30,0.0
02/15/06 17:35,0.0
02/15/06 17:40,0.0
02/15/06 17:45,0.0
02/15/06 17:50,0.0
02/15/06 17:55,0.0
02/15/06 18:00,0.0
02/15/06 18:05,0.0
02/15/06 18:10,0.0
02/15/06 18:15,0.0
02/15/06 18:20,0.0
02/15/06 18:25,0.0
02/15/06 18:30,0.0
02/15/06 18:35,0.0
02/15/06 18:40,0.0
02/15/06 18:45,0.0
02/15/06 18:50,0.0
02/15/06 18:55,0.0
02/15/06 19:00,0.0
02/15/06 19:05,0.0
02/15/06 19:10,0.0
02/15/06 19:15,0.0
02/15/06 19:20,0.0
02/15/06 19:25,0.0
02/15/06 19:30,0.0
02/15/06 19:35,0.0
02/15/06 19:40,0.0
02/15/06 19:45,0.0
02/15/06 19:50,0.0
02/15/06 19:55,0.0
02/15/06 20:00,0.0
02/15/06 20:05,0.0
02/15/06 20:10,0.0
02/15/06 20:15,0.0
02/15/06 20:20,0.0
02/15/06 20:25,0.0
02/15/06 20:30,0.0
02/15/06 20:35,0.0
02/15/06 20:40,0.0
02/15/06 20:45,0.0
02/15/06 20:50,0.0
02/15/06 20:55,0.0
02/15/06 21:00,0.0
02/15/06 21:05,0.0
02/15/06 21:10,0.0
02/15/06 21:15,0.0
02/15/06 21:20,0.0
02/15/06 21:25,0.0
02/15/06 21:30,0.0
02/15/06 21:35,0.0
02/15/06 21:40,0.0
02/15/06 21:45,0.0
02/15/06 21:50,0.0
02/15/06 21:55,0.0
02/15/06 22:00,0.0
02/15/06 22:05,0.0
02/15/06 22:10,0.0
02/15/06 22:15,0.0
02/15/06 22:20,0.0
02/15/06 22:25,0.0
02/15/06 22:30,0.0
02/15/06 22:35,0.0
02/15/06 22:40,0.0
02/15/06 22:45,0.0
02/15/06 22:50,0.0
02/15/06 22:55,0.0
02/15/06 23:00,0.0
02/15/06 23:05,0.0
02/15/06 23:10,0.0
02/15/06 23:15,0.0
02/15/06 23:20,0.0
02/15/06 23:25,0.0
02/15/06 23:30,0.0
02/15/06 23:35,0.0
02/15/06 23:40,0.0
02/15/06 23:45,0.0
02/15/06 23:50,0.0
02/15/06 23:55,0.0
02/16/06 00:00,0.0
02/16/06 00:05,0.0
02/16/06 00:10,0.0
02/16/06 00:15,0.0
02/16/06 00:20,0.0
02/16/06 00:25,0.0
02/16/06 00:30,0.0
02/16/06 00:35,0.0
02/16/06 00:40,0.0
02/16/06 00:45,0.0
02/16/06 00:50,0.0
02/16/06 00:55,0.0
02/16/06 01:00,0.0
02/16/06 01:05,0.0
02/16/06 01:10,0.0
02/16/06 01:15,0.0
02/16/06 01:20,0.0
02/16/06 01:25,0.0
02/16/06 01:30,0.0
02/16/06 01:35,0.0
02/16/06 01:40,0.0
02/16/06 01:45,0.0
02/16/06 01:50,0.0
02/16/06 01:55,0.0
02/16/06 02:00,0.0
02/16/06 02:05,0.0
02/16/06 02:10,0.0
02/16/06 02:15,0.0
02/16/06 02:20,0.0
02/16/06 02:25,0.0
02/16/06 02:30,0.0
02/16/06 02:35,0.0
02/16/06 02:40,0.0
02/16/06 02:45,0.0
02/16/06 02:50,0.0
02/16/06 02:55,0.0
02/16/06 03:00,0.0
02/16/06 03:05,0.0
02/16/06 03:10,0.0
02/16/06 03:15,0.0
02/16/06 03:20,0.0
02/16/06 03:25,0.0
02/16/06 03:30,0.0
02/16/06 03:35,0.0
02/16/06 03:40,0.0
02/16/06 03:45,0.0
02/16/06 03:50,0.0
02/16/06 03:55,0.0
02/16/06 04:00,0.0
02/16/06 04:05,0.0
02/16/06 04:10,0.0
02/16/06 04:15,0.0
02/16/06 04:20,0.0
02/16/06 04:25,0.0
02/16/06 04:30,0.0
02/16/06 04:35,0.0
02/16/06 04:40,0.0
02/16/06 04:45,0.0
02/16/06 04:50,0.0
02/16/06 04:55,0.0
02/16/06 05:00,0.0
02/16/06 05:05,0.0
02/16/06 05:10,0.0
02/16/06 05:15,0.0
02/16/06 05:20,0.0
02/16/06 05:25,0.0
02/16/06 05:30,0.0
02/16/06 05:35,0.0
02/16/06 05:40,0.0
02/16/06 05:45,0.0
02/16/06 05:50,0.0
02/16/06 05:55,0.0
02/16/06 06:00,0.0
02/16/06 06:05,0.0
02/16/06 06:10,0.0
02/16/06 06:15,0.0
02/16/06 06:20,0.0
02/16/06 06:25,0.0
02/16/06 06:30,0.0
02/16/06 06:35,0.0
02/16/06 06:40,0.0
02/16/06 06:45,0.0
02/16/06 06:50,0.0
02/16/06 06:55,0.0
02/16/06 07:00,0.0
02/16/06 07:05,0.0
02/16/06 07:10,0.1
02/16/06 07:15,0.4
02/16/06 07:20,1.3
02/16/06 07:25,3.4
02/16/06 07:30,4.3
02/16/06 07:35,4.9
02/16/06 07:40,5.6
02/16/06 07:45,6.3
02/16/06 07:50,7.0
02/16/06 07:55,7.7
02/16/06 08:00,8.5
02/16/06 08:05,9.2
02/16/06 08:10,9.8
02/16/06 08:15,10.2
02/16/06 08:20,9.1
02/16/06 08:25,7.8
02/16/06 08:30,7.0
02/16/06 08:35,6.6
02/16/06 08:40,6.3
02/16/06 08:45,5.9
02/16/06 08:50,5.8
02/16/06 08:55,5.8
02/16/06 09:00,5.7
02/16/06 09:05,5.8
02/16/06 09:10,6.1
02/16/06 09:15,8.7
02/16/06 09:20,9.5
02/16/06 09:25,9.1
02/16/06 09:30,9.0
02/16/06 09:35,8.6
02/16/06 09:40,8.9
02/16/06 09:45,9.6
02/16/06 09:50,11.5
02/16/06 09:55,13.6
02/16/06 10:00,14.4
02/16/06 10:05,16.5
02/16/06 10:10,15.8
02/16/06 10:15,17.3
02/16/06 10:20,18.3
02/16/06 10:25,18.4
02/16/06 10:30,19.0
02/16/06 10:35,19.6
02/16/06 10:40,19.7
02/16/06 10:45,20.1
02/16/06 10:50,21.8
02/16/06 10:55,23.0
02/16/06 11:00,23.4
02/16/06 11:05,23.1
02/16/06 11:10,22.4
02/16/06 11:15,18.0
02/16/06 11:20,14.5
02/16/06 11:25,15.1
02/16/06 11:30,15.4
02/16/06 11:35,17.0
02/16/06 11:40,14.3
02/16/06 11:45,14.6
02/16/06 11:50,20.0
02/16/06 11:55,23.5
02/16/06 12:00,25.4
02/16/06 12:05,27.0
02/16/06 12:10,27.7
02/16/06 12:15,23.2
02/16/06 12:20,19.8
02/16/06 12:25,18.3
02/16/06 12:30,16.8
02/16/06 12:35,15.1
02/16/06 12:40,15.2
02/16/06 12:45,14.5
02/16/06 12:50,13.3
02/16/06 12:55,13.4
02/16/06 13:00,16.5
02/16/06 13:05,16.6
02/16/06 13:10,13.1
02/16/06 13:15,12.3
02/16/06 13:20,15.4
02/16/06 13:25,18.7
02/16/06 13:30,18.8
02/16/06 13:35,15.6
02/16/06 13:40,12.6
02/16/06 13:45,13.8
02/16/06 13:50,17.3
02/16/06 13:55,17.9
02/16/06 14:00,18.3
02/16/06 14:05,18.5
02/16/06 14:10,18.1
02/16/06 14:15,18.4
02/16/06 14:20,18.0
02/16/06 14:25,15.2
02/16/06 14:30,11.2
02/16/06 14:35,11.8
02/16/06 14:40,15.1
02/16/06 14:45,18.1
02/16/06 14:50,19.2
02/16/06 14:55,18.8
02/16/06 15:00,18.0
02/16/06 15:05,17.5
02/16/06 15:10,17.6
02/16/06 15:15,16.1
02/16/06 15:20,13.8
02/16/06 15:25,12.5
02/16/06 15:30,11.0
02/16/06 15:35,10.2
02/16/06 15:40,9.7
02/16/06 15:45,9.2
02/16/06 15:50,9.0
02/16/06 15:55,8.8
02/16/06 16:00,8.6
02/16/06 16:05,8.3
02/16/06 16:10,7.6
02/16/06 16:15,6.8
02/16/06 16:20,6.2
02/16/06 16:25,5.7
02/16/06 16:30,5.2
02/16/06 16:35,4.7
02/16/06 16:40,4.2
02/16/06 16:45,3.7
02/16/06 16:50,2.4
02/16/06 16:55,1.3
02/16/06 17:00,0.6
02/16/06 17:05,0.3
02/16/06 17:10,0.1
02/16/06 17:15,0.0
02/16/06 17:20,0.0
02/16/06 17:25,0.0
02/16/06 17:30,0.0
02/16/06 17:35,0.0
02/16/06 17:40,0.0
02/16/06 17:45,0.0
02/16/06 17:50,0.0
02/16/06 17:55,0.0
02/16/06 18:00,0.0
02/16/06 18:05,0.0
02/16/06 18:10,0.0
02/16/06 18:15,0.0
02/16/06 18:20,0.0
02/16/06 18:25,0.0
02/16/06 18:30,0.0
02/16/06 18:35,0.0
02/16/06 18:40,0.0
02/16/06 18:45,0.0
02/16/06 18:50,0.0
02/16/06 18:55,0.0
02/16/06 19:00,0.0
02/16/06 19:05,0.0
02/16/06 19:10,0.0
02/16/06 19:15,0.0
02/16/06 19:20,0.0
02/16/06 19:25,0.0
02/16/06 19:30,0.0
02/16/06 19:35,0.0
02/16/06 19:40,0.0
02/16/06 19:45,0.0
02/16/06 19:50,0.0
02/16/06 19:55,0.0
02/16/06 20:00,0.0
02/16/06 20:05,0.0
02/16/06 20:10,0.0
02/16/06 20:15,0.0
02/16/06 20:20,0.0
02/16/06 20:25,0.0
02/16/06 20:30,0.0
02/16/06 20:35,0.0
02/16/06 20:40,0.0
02/16/06 20:45,0.0
02/16/06 20:50,0.0
02/16/06 20:55,0.0
02/16/06 21:00,0.0
02/16/06 21:05,0.0
02/16/06 21:10,0.0
02/16/06 21:15,0.0
02/16/06 21:20,0.0
02/16/06 21:25,0.0
02/16/06 21:30,0.0
02/16/06 21:35,0.0
02/16/06 21:40,0.0
02/16/06 21:45,0.0
02/16/06 21:50,0.0
02/16/06 21:55,0.0
02/16/06 22:00,0.0
02/16/06 22:05,0.0
02/16/06 22:10,0.0
02/16/06 22:15,0.0
02/16/06 22:20,0.0
02/16/06 22:25,0.0
02/16/06 22:30,0.0
02/16/06 22:35,0.0
02/16/06 22:40,0.0
02/16/06 22:45,0.0
02/16/06 22:50,0.0
02/16/06 22:55,0.0
02/16/06 23:00,0.0
02/16/06 23:05,0.0
02/16/06 23:10,0.0
02/16/06 23:15,0.0
02/16/06 23:20,0.0
02/16/06 23:25,0.0
02/16/06 23:30,0.0
02/16/06 23:35,0.0
02/16/06 23:40,0.0
02/16/06 23:45,0.0
02/16/06 23:50,0.0
02/16/06 23:55,0.0
02/17/06 00:00,0.0
02/17/06 00:05,0.0
02/17/06 00:10,0.0
02/17/06 00:15,0.0
02/17/06 00:20,0.0
02/17/06 00:25,0.0
02/17/06 00:30,0.0
02/17/06 00:35,0.0
02/17/06 00:40,0.0
02/17/06 00:45,0.0
02/17/06 00:50,0.0
02/17/06 00:55,0.0
02/17/06 01:00,0.0
02/17/06 01:05,0.0
02/17/06 01:10,0.0
02/17/06 01:15,0.0
02/17/06 01:20,0.0
02/17/06 01:25,0.0
02/17/06 01:30,0.0
02/17/06 01:35,0.0
02/17/06 01:40,0.0
02/17/06 01:45,0.0
02/17/06 01:50,0.0
02/17/06 01:55,0.0
02/17/06 02:00,0.0
02/17/06 02:05,0.0
02/17/06 02:10,0.0
02/17/06 02:15,0.0
02/17/06 02:20,0.0
02/17/06 02:25,0.0
02/17/06 02:30,0.0
02/17/06 02:35,0.0
02/17/06 02:40,0.0
02/17/06 02:45,0.0
02/17/06 02:50,0.0
02/17/06 02:55,0.0
02/17/06 03:00,0.0
02/17/06 03:05,0.0
02/17/06 03:10,0.0
02/17/06 03:15,0.0
02/17/06 03:20,0.0
02/17/06 03:25,0.0
02/17/06 03:30,0.0
02/17/06 03:35,0.0
02/17/06 03:40,0.0
02/17/06 03:45,0.0
02/17/06 03:50,0.0
02/17/06 03:55,0.0
02/17/06 04:00,0.0
02/17/06 04:05,0.0
02/17/06 04:10,0.0
02/17/06 04:15,0.0
02/17/06 04:20,0.0
02/17/06 04:25,0.0
02/17/06 04:30,0.0
02/17/06 04:35,0.0
02/17/06 04:40,0.0
02/17/06 04:45,0.0
02/17/06 04:50,0.0
02/17/06 04:55,0.0
02/17/06 05:00,0.0
02/17/06 05:05,0.0
02/17/06 05:10,0.0
02/17/06 05:15,0.0
02/17/06 05:20,0.0
02/17/06 05:25,0.0
02/17/06 05:30,0.0
02/17/06 05:35,0.0
02/17/06 05:40,0.0
02/17/06 05:45,0.0
02/17/06 05:50,0.0
02/17/06 05:55,0.0
02/17/06 06:00,0.0
02/17/06 06:05,0.0
02/17/06 06:10,0.0
02/17/06 06:15,0.0
02/17/06 06:20,0.0
02/17/06 06:25,0.0
02/17/06 06:30,0.0
02/17/06 06:35,0.0
02/17/06 06:40,0.0
02/17/06 06:45,0.0
02/17/06 06:50,0.0
02/17/06 06:55,0.0
02/17/06 07:00,0.0
02/17/06 07:05,0.0
02/17/06 07:10,0.1
02/17/06 07:15,0.3
02/17/06 07:20,1.0
02/17/06 07:25,2.4
02/17/06 07:30,3.6
02/17/06 07:35,3.8
02/17/06 07:40,3.9
02/17/06 07:45,3.7
02/17/06 07:50,4.2
02/17/06 07:55,4.8
02/17/06 08:00,5.9
02/17/06 08:05,6.6
02/17/06 08:10,7.3
02/17/06 08:15,8.5
02/17/06 08:20,9.5
02/17/06 08:25,10.3
02/17/06 08:30,11.1
02/17/06 08:35,11.7
02/17/06 08:40,12.3
02/17/06 08:45,12.7
02/17/06 08:50,13.1
02/17/06 08:55,13.5
02/17/06 09:00,14.0
02/17/06 09:05,14.3
02/17/06 09:10,14.5
02/17/06 09:15,15.0
02/17/06 09:20,15.6
02/17/06 09:25,16.2
02/17/06 09:30,16.8
02/17/06 09:35,17.5
02/17/06 09:40,18.2
02/17/06 09:45,18.8
02/17/06 09:50,19.1
02/17/06 09:55,19.5
02/17/06 10:00,20.0
02/17/06 10:05,20.3
02/17/06 10:10,20.8
02/17/06 10:15,20.7
02/17/06 10:20,16.4
02/17/06 10:25,12.9
02/17/06 10:30,11.9
02/17/06 10:35,12.0
02/17/06 10:40,8.4
02/17/06 10:45,11.6
02/17/06 10:50,14.3
02/17/06 10:55,12.5
02/17/06 11:00,11.7
02/17/06 11:05,12.5
02/17/06 11:10,14.2
02/17/06 11:15,16.8
02/17/06 11:20,19.3
02/17/06 11:25,20.4
02/17/06 11:30,20.6
02/17/06 11:35,20.3
02/17/06 11:40,19.5
02/17/06 11:45,18.3
02/17/06 11:50,17.0
02/17/06 11:55,15.3
02/17/06 12:00,13.2
02/17/06 12:05,11.4
02/17/06 12:10,9.7
02/17/06 12:15,7.6
02/17/06 12:20,6.7
02/17/06 12:25,6.8
02/17/06 12:30,6.8
02/17/06 12:35,5.9
02/17/06 12:40,5.5
02/17/06 12:45,5.9
02/17/06 12:50,5.7
02/17/06 12:55,6.0
02/17/06 13:00,5.9
02/17/06 13:05,5.7
02/17/06 13:10,5.8
02/17/06 13:15,5.3
02/17/06 13:20,4.3
02/17/06 13:25,4.4
02/17/06 13:30,4.0
02/17/06 13:35,3.9
02/17/06 13:40,3.8
02/17/06 13:45,3.9
02/17/06 13:50,3.9
02/17/06 13:55,3.7
02/17/06 14:00,2.6
02/17/06 14:05,1.4
02/17/06 14:10,1.4
02/17/06 14:15,4.1
02/17/06 14:20,7.8
02/17/06 14:25,9.4
02/17/06 14:30,8.7
02/17/06 14:35,6.6
02/17/06 14:40,6.9
02/17/06 14:45,5.2
02/17/06 14:50,4.0
02/17/06 14:55,2.6
02/17/06 15:00,4.2
02/17/06 15:05,4.4
02/17/06 15:10,4.3
02/17/06 15:15,4.2
02/17/06 15:20,4.2
02/17/06 15:25,4.1
02/17/06 15:30,4.5
02/17/06 15:35,4.4
02/17/06 15:40,4.2
02/17/06 15:45,3.7
02/17/06 15:50,2.9
02/17/06 15:55,2.2
02/17/06 16:00,1.6
02/17/06 16:05,1.3
02/17/06 16:10,1.0
02/17/06 16:15,0.6
02/17/06 16:20,1.9
02/17/06 16:25,1.2
02/17/06 16:30,0.5
02/17/06 16:35,0.2
02/17/06 16:40,0.2
02/17/06 16:45,0.1
02/17/06 16:50,0.1
02/17/06 16:55,0.1
02/17/06 17:00,0.0
02/17/06 17:05,0.0
02/17/06 17:10,0.0
02/17/06 17:15,0.0
02/17/06 17:20,0.0
02/17/06 17:25,0.0
02/17/06 17:30,0.0
02/17/06 17:35,0.0
02/17/06 17:40,0.0
02/17/06 17:45,0.0
02/17/06 17:50,0.0
02/17/06 17:55,0.0
02/17/06 18:00,0.0
02/17/06 18:05,0.0
02/17/06 18:10,0.0
02/17/06 18:15,0.0
02/17/06 18:20,0.0
02/17/06 18:25,0.0
02/17/06 18:30,0.0
02/17/06 18:35,0.0
02/17/06 18:40,0.0
02/17/06 18:45,0.0
02/17/06 18:50,0.0
02/17/06 18:55,0.0
02/17/06 19:00,0.0
02/17/06 19:05,0.0
02/17/06 19:10,0.0
02/17/06 19:15,0.0
02/17/06 19:20,0.0
02/17/06 19:25,0.0
02/17/06 19:30,0.0
02/17/06 19:35,0.0
02/17/06 19:40,0.0
02/17/06 19:45,0.0
02/17/06 19:50,0.0
02/17/06 19:55,0.0
02/17/06 20:00,0.0
02/17/06 20:05,0.0
02/17/06 20:10,0.0
02/17/06 20:15,0.0
02/17/06 20:20,0.0
02/17/06 20:25,0.0
02/17/06 20:30,0.0
02/17/06 20:35,0.0
02/17/06 20:40,0.0
02/17/06 20:45,0.0
02/17/06 20:50,0.0
02/17/06 20:55,0.0
02/17/06 21:00,0.0
02/17/06 21:05,0.0
02/17/06 21:10,0.0
02/17/06 21:15,0.0
02/17/06 21:20,0.0
02/17/06 21:25,0.0
02/17/06 21:30,0.0
02/17/06 21:35,0.0
02/17/06 21:40,0.0
02/17/06 21:45,0.0
02/17/06 21:50,0.0
02/17/06 21:55,0.0
02/17/06 22:00,0.0
02/17/06 22:05,0.0
02/17/06 22:10,0.0
02/17/06 22:15,0.0
02/17/06 22:20,0.0
02/17/06 22:25,0.0
02/17/06 22:30,0.0
02/17/06 22:35,0.0
02/17/06 22:40,0.0
02/17/06 22:45,0.0
02/17/06 22:50,0.0
02/17/06 22:55,0.0
02/17/06 23:00,0.0
02/17/06 23:05,0.0
02/17/06 23:10,0.0
02/17/06 23:15,0.0
02/17/06 23:20,0.0
02/17/06 23:25,0.0
02/17/06 23:30,0.0
02/17/06 23:35,0.0
02/17/06 23:40,0.0
02/17/06 23:45,0.0
02/17/06 23:50,0.0
02/17/06 23:55,0.0
02/18/06 00:00,0.0
02/18/06 00:05,0.0
02/18/06 00:10,0.0
02/18/06 00:15,0.0
02/18/06 00:20,0.0
02/18/06 00:25,0.0
02/18/06 00:30,0.0
02/18/06 00:35,0.0
02/18/06 00:40,0.0
02/18/06 00:45,0.0
02/18/06 00:50,0.0
02/18/06 00:55,0.0
02/18/06 01:00,0.0
02/18/06 01:05,0.0
02/18/06 01:10,0.0
02/18/06 01:15,0.0
02/18/06 01:20,0.0
02/18/06 01:25,0.0
02/18/06 01:30,0.0
02/18/06 01:35,0.0
02/18/06 01:40,0.0
02/18/06 01:45,0.0
02/18/06 01:50,0.0
02/18/06 01:55,0.0
02/18/06 02:00,0.0
02/18/06 02:05,0.0
02/18/06 02:10,0.0
02/18/06 02:15,0.0
02/18/06 02:20,0.0
02/18/06 02:25,0.0
02/18/06 02:30,0.0
02/18/06 02:35,0.0
02/18/06 02:40,0.0
02/18/06 02:45,0.0
02/18/06 02:50,0.0
02/18/06 02:55,0.0
02/18/06 03:00,0.0
02/18/06 03:05,0.0
02/18/06 03:10,0.0
02/18/06 03:15,0.0
02/18/06 03:20,0.0
02/18/06 03:25,0.0
02/18/06 03:30,0.0
02/18/06 03:35,0.0
02/18/06 03:40,0.0
02/18/06 03:45,0.0
02/18/06 03:50,0.0
02/18/06 03:55,0.0
02/18/06 04:00,0.0
02/18/06 04:05,0.0
02/18/06 04:10,0.0
02/18/06 04:15,0.0
02/18/06 04:20,0.0
02/18/06 04:25,0.0
02/18/06 04:30,0.0
02/18/06 04:35,0.0
02/18/06 04:40,0.0
02/18/06 04:45,0.0
02/18/06 04:50,0.0
02/18/06 04:55,0.0
02/18/06 05:00,0.0
02/18/06 05:05,0.0
02/18/06 05:10,0.0
02/18/06 05:15,0.0
02/18/06 05:20,0.0
02/18/06 05:25,0.0
02/18/06 05:30,0.0
02/18/06 05:35,0.0
02/18/06 05:40,0.0
02/18/06 05:45,0.0
02/18/06 05:50,0.0
02/18/06 05:55,0.0
02/18/06 06:00,0.0
02/18/06 06:05,0.0
02/18/06 06:10,0.0
02/18/06 06:15,0.0
02/18/06 06:20,0.0
02/18/06 06:25,0.0
02/18/06 06:30,0.0
02/18/06 06:35,0.0
02/18/06 06:40,0.0
02/18/06 06:45,0.0
02/18/06 06:50,0.0
02/18/06 06:55,0.0
02/18/06 07:00,0.0
02/18/06 07:05,0.0
02/18/06 07:10,0.0
02/18/06 07:15,0.0
02/18/06 07:20,0.0
02/18/06 07:25,0.0
02/18/06 07:30,0.0
02/18/06 07:35,0.0
02/18/06 07:40,0.0
02/18/06 07:45,0.0
02/18/06 07:50,0.0
02/18/06 07:55,0.0
02/18/06 08:00,0.0
02/18/06 08:05,0.0
02/18/06 08:10,0.0
02/18/06 08:15,0.0
02/18/06 08:20,0.0
02/18/06 08:25,0.0
02/18/06 08:30,0.0
02/18/06 08:35,0.0
02/18/06 08:40,0.0
02/18/06 08:45,0.0
02/18/06 08:50,0.0
02/18/06 08:55,0.0
02/18/06 09:00,0.0
02/18/06 09:05,0.0
02/18/06 09:10,0.0
02/18/06 09:15,0.0
02/18/06 09:20,0.0
02/18/06 09:25,0.0
02/18/06 09:30,0.0
02/18/06 09:35,0.0
02/18/06 09:40,0.0
02/18/06 09:45,0.1
02/18/06 09:50,0.2
02/18/06 09:55,0.5
02/18/06 10:00,0.7
02/18/06 10:05,1.2
02/18/06 10:10,1.9
02/18/06 10:15,2.6
02/18/06 10:20,3.1
02/18/06 10:25,3.9
02/18/06 10:30,4.2
02/18/06 10:35,4.4
02/18/06 10:40,4.5
02/18/06 10:45,4.3
02/18/06 10:50,3.9
02/18/06 10:55,3.8
02/18/06 11:00,3.6
02/18/06 11:05,3.5
02/18/06 11:10,3.4
02/18/06 11:15,3.5
02/18/06 11:20,3.7
02/18/06 11:25,3.8
02/18/06 11:30,3.9
02/18/06 11:35,3.9
02/18/06 11:40,4.0
02/18/06 11:45,4.1
02/18/06 11:50,4.2
02/18/06 11:55,4.5
02/18/06 12:00,4.7
02/18/06 12:05,4.8
02/18/06 12:10,4.9
02/18/06 12:15,4.7
02/18/06 12:20,4.4
02/18/06 12:25,4.4
02/18/06 12:30,4.5
02/18/06 12:35,4.6
02/18/06 12:40,4.7
02/18/06 12:45,4.7
02/18/06 12:50,4.5
02/18/06 12:55,4.4
02/18/06 13:00,4.5
02/18/06 13:05,4.7
02/18/06 13:10,5.2
02/18/06 13:15,4.8
02/18/06 13:20,4.5
02/18/06 13:25,4.5
02/18/06 13:30,4.4
02/18/06 13:35,4.3
02/18/06 13:40,4.4
02/18/06 13:45,4.4
02/18/06 13:50,4.4
02/18/06 13:55,4.8
02/18/06 14:00,5.3
02/18/06 14:05,5.6
02/18/06 14:10,5.8
02/18/06 14:15,5.0
02/18/06 14:20,3.6
02/18/06 14:25,1.6
02/18/06 14:30,0.9
02/18/06 14:35,1.1
02/18/06 14:40,1.4
02/18/06 14:45,1.9
02/18/06 14:50,2.3
02/18/06 14:55,1.5
02/18/06 15:00,1.1
02/18/06 15:05,0.8
02/18/06 15:10,0.6
02/18/06 15:15,0.7
02/18/06 15:20,0.6
02/18/06 15:25,0.7
02/18/06 15:30,0.8
02/18/06 15:35,0.6
02/18/06 15:40,0.4
02/18/06 15:45,0.2
02/18/06 15:50,0.1
02/18/06 15:55,0.1
02/18/06 16:00,0.0
02/18/06 16:05,0.0
02/18/06 16:10,0.0
02/18/06 16:15,0.0
02/18/06 16:20,0.0
02/18/06 16:25,0.0
02/18/06 16:30,0.0
02/18/06 16:35,0.0
02/18/06 16:40,0.0
02/18/06 16:45,0.0
02/18/06 16:50,0.0
02/18/06 16:55,0.0
02/18/06 17:00,0.0
02/18/06 17:05,0.0
02/18/06 17:10,0.0
02/18/06 17:15,0.0
02/18/06 17:20,0.0
02/18/06 17:25,0.0
02/18/06 17:30,0.0
02/18/06 17:35,0.0
02/18/06 17:40,0.0
02/18/06 17:45,0.0
02/18/06 17:50,0.0
02/18/06 17:55,0.0
02/18/06 18:00,0.0
02/18/06 18:05,0.0
02/18/06 18:10,0.0
02/18/06 18:15,0.0
02/18/06 18:20,0.0
02/18/06 18:25,0.0
02/18/06 18:30,0.0
02/18/06 18:35,0.0
02/18/06 18:40,0.0
02/18/06 18:45,0.0
02/18/06 18:50,0.0
02/18/06 18:55,0.0
02/18/06 19:00,0.0
02/18/06 19:05,0.0
02/18/06 19:10,0.0
02/18/06 19:15,0.0
02/18/06 19:20,0.0
02/18/06 19:25,0.0
02/18/06 19:30,0.0
02/18/06 19:35,0.0
02/18/06 19:40,0.0
02/18/06 19:45,0.0
02/18/06 19:50,0.0
02/18/06 19:55,0.0
02/18/06 20:00,0.0
02/18/06 20:05,0.0
02/18/06 20:10,0.0
02/18/06 20:15,0.0
02/18/06 20:20,0.0
02/18/06 20:25,0.0
02/18/06 20:30,0.0
02/18/06 20:35,0.0
02/18/06 20:40,0.0
02/18/06 20:45,0.0
02/18/06 20:50,0.0
02/18/06 20:55,0.0
02/18/06 21:00,0.0
02/18/06 21:05,0.0
02/18/06 21:10,0.0
02/18/06 21:15,0.0
02/18/06 21:20,0.0
02/18/06 21:25,0.0
02/18/06 21:30,0.0
02/18/06 21:35,0.0
02/18/06 21:40,0.0
02/18/06 21:45,0.0
02/18/06 21:50,0.0
02/18/06 21:55,0.0
02/18/06 22:00,0.0
02/18/06 22:05,0.0
02/18/06 22:10,0.0
02/18/06 22:15,0.0
02/18/06 22:20,0.0
02/18/06 22:25,0.0
02/18/06 22:30,0.0
02/18/06 22:35,0.0
02/18/06 22:40,0.0
02/18/06 22:45,0.0
02/18/06 22:50,0.0
02/18/06 22:55,0.0
02/18/06 23:00,0.0
02/18/06 23:05,0.0
02/18/06 23:10,0.0
02/18/06 23:15,0.0
02/18/06 23:20,0.0
02/18/06 23:25,0.0
02/18/06 23:30,0.0
02/18/06 23:35,0.0
02/18/06 23:40,0.0
02/18/06 23:45,0.0
02/18/06 23:50,0.0
02/18/06 23:55,0.0
02/19/06 00:00,0.0
02/19/06 00:05,0.0
02/19/06 00:10,0.0
02/19/06 00:15,0.0
02/19/06 00:20,0.0
02/19/06 00:25,0.0
02/19/06 00:30,0.0
02/19/06 00:35,0.0
02/19/06 00:40,0.0
02/19/06 00:45,0.0
02/19/06 00:50,0.0
02/19/06 00:55,0.0
02/19/06 01:00,0.0
02/19/06 01:05,0.0
02/19/06 01:10,0.0
02/19/06 01:15,0.0
02/19/06 01:20,0.0
02/19/06 01:25,0.0
02/19/06 01:30,0.0
02/19/06 01:35,0.0
02/19/06 01:40,0.0
02/19/06 01:45,0.0
02/19/06 01:50,0.0
02/19/06 01:55,0.0
02/19/06 02:00,0.0
02/19/06 02:05,0.0
02/19/06 02:10,0.0
02/19/06 02:15,0.0
02/19/06 02:20,0.0
02/19/06 02:25,0.0
02/19/06 02:30,0.0
02/19/06 02:35,0.0
02/19/06 02:40,0.0
02/19/06 02:45,0.0
02/19/06 02:50,0.0
02/19/06 02:55,0.0
02/19/06 03:00,0.0
02/19/06 03:05,0.0
02/19/06 03:10,0.0
02/19/06 03:15,0.0
02/19/06 03:20,0.0
02/19/06 03:25,0.0
02/19/06 03:30,0.0
02/19/06 03:35,0.0
02/19/06 03:40,0.0
02/19/06 03:45,0.0
02/19/06 03:50,0.0
02/19/06 03:55,0.0
02/19/06 04:00,0.0
02/19/06 04:05,0.0
02/19/06 04:10,0.0
02/19/06 04:15,0.0
02/19/06 04:20,0.0
02/19/06 04:25,0.0
02/19/06 04:30,0.0
02/19/06 04:35,0.0
02/19/06 04:40,0.0
02/19/06 04:45,0.0
02/19/06 04:50,0.0
02/19/06 04:55,0.0
02/19/06 05:00,0.0
02/19/06 05:05,0.0
02/19/06 05:10,0.0
02/19/06 05:15,0.0
02/19/06 05:20,0.0
02/19/06 05:25,0.0
02/19/06 05:30,0.0
02/19/06 05:35,0.0
02/19/06 05:40,0.0
02/19/06 05:45,0.0
02/19/06 05:50,0.0
02/19/06 05:55,0.0
02/19/06 06:00,0.0
02/19/06 06:05,0.0
02/19/06 06:10,0.0
02/19/06 06:15,0.0
02/19/06 06:20,0.0
02/19/06 06:25,0.0
02/19/06 06:30,0.0
02/19/06 06:35,0.0
02/19/06 06:40,0.0
02/19/06 06:45,0.0
02/19/06 06:50,0.0
02/19/06 06:55,0.0
02/19/06 07:00,0.0
02/19/06 07:05,0.1
02/19/06 07:10,0.3
02/19/06 07:15,0.7
02/19/06 07:20,1.1
02/19/06 07:25,1.0
02/19/06 07:30,1.4
02/19/06 07:35,3.3
02/19/06 07:40,4.7
02/19/06 07:45,5.4
02/19/06 07:50,6.0
02/19/06 07:55,6.4
02/19/06 08:00,7.3
02/19/06 08:05,8.1
02/19/06 08:10,9.0
02/19/06 08:15,10.0
02/19/06 08:20,10.2
02/19/06 08:25,10.0
02/19/06 08:30,9.7
02/19/06 08:35,9.1
02/19/06 08:40,8.6
02/19/06 08:45,8.4
02/19/06 08:50,8.1
02/19/06 08:55,8.6
02/19/06 09:00,9.2
02/19/06 09:05,9.4
02/19/06 09:10,9.6
02/19/06 09:15,9.5
02/19/06 09:20,9.9
02/19/06 09:25,11.3
02/19/06 09:30,12.3
02/19/06 09:35,13.1
02/19/06 09:40,13.8
02/19/06 09:45,13.2
02/19/06 09:50,14.8
02/19/06 09:55,16.2
02/19/06 10:00,16.9
02/19/06 10:05,18.3
02/19/06 10:10,18.0
02/19/06 10:15,17.7
02/19/06 10:20,19.5
02/19/06 10:25,20.0
02/19/06 10:30,21.6
02/19/06 10:35,22.5
02/19/06 10:40,23.2
02/19/06 10:45,23.9
02/19/06 10:50,24.3
02/19/06 10:55,24.6
02/19/06 11:00,25.1
02/19/06 11:05,25.5
02/19/06 11:10,25.8
02/19/06 11:15,23.5
02/19/06 11:20,17.8
02/19/06 11:25,14.3
02/19/06 11:30,12.3
02/19/06 11:35,11.4
02/19/06 11:40,10.8
02/19/06 11:45,11.1
02/19/06 11:50,12.1
02/19/06 11:55,12.6
02/19/06 12:00,12.2
02/19/06 12:05,13.0
02/19/06 12:10,14.4
02/19/06 12:15,13.8
02/19/06 12:20,12.5
02/19/06 12:25,11.2
02/19/06 12:30,10.9
02/19/06 12:35,10.8
02/19/06 12:40,11.3
02/19/06 12:45,11.3
02/19/06 12:50,10.9
02/19/06 12:55,11.0
02/19/06 13:00,11.4
02/19/06 13:05,11.5
02/19/06 13:10,12.3
02/19/06 13:15,12.4
02/19/06 13:20,12.4
02/19/06 13:25,12.4
02/19/06 13:30,12.2
02/19/06 13:35,11.9
02/19/06 13:40,12.0
02/19/06 13:45,12.3
02/19/06 13:50,11.5
02/19/06 13:55,13.0
02/19/06 14:00,11.5
02/19/06 14:05,9.5
02/19/06 14:10,8.4
02/19/06 14:15,10.0
02/19/06 14:20,11.7
02/19/06 14:25,12.4
02/19/06 14:30,12.5
02/19/06 14:35,12.3
02/19/06 14:40,12.2
02/19/06 14:45,12.1
02/19/06 14:50,11.6
02/19/06 14:55,10.8
02/19/06 15:00,10.1
02/19/06 15:05,9.3
02/19/06 15:10,8.3
02/19/06 15:15,7.6
02/19/06 15:20,7.4
02/19/06 15:25,6.5
02/19/06 15:30,6.0
02/19/06 15:35,5.9
02/19/06 15:40,5.6
02/19/06 15:45,5.1
02/19/06 15:50,4.7
02/19/06 15:55,4.5
02/19/06 16:00,4.4
02/19/06 16:05,4.2
02/19/06 16:10,4.0
02/19/06 16:15,3.8
02/19/06 16:20,3.0
02/19/06 16:25,2.5
02/19/06 16:30,1.6
02/19/06 16:35,0.9
02/19/06 16:40,0.7
02/19/06 16:45,0.5
02/19/06 16:50,0.4
02/19/06 16:55,0.2
02/19/06 17:00,0.1
02/19/06 17:05,0.0
02/19/06 17:10,0.0
02/19/06 17:15,0.0
02/19/06 17:20,0.0
02/19/06 17:25,0.0
02/19/06 17:30,0.0
02/19/06 17:35,0.0
02/19/06 17:40,0.0
02/19/06 17:45,0.0
02/19/06 17:50,0.0
02/19/06 17:55,0.0
02/19/06 18:00,0.0
02/19/06 18:05,0.0
02/19/06 18:10,0.0
02/19/06 18:15,0.0
02/19/06 18:20,0.0
02/19/06 18:25,0.0
02/19/06 18:30,0.0
02/19/06 18:35,0.0
02/19/06 18:40,0.0
02/19/06 18:45,0.0
02/19/06 18:50,0.0
02/19/06 18:55,0.0
02/19/06 19:00,0.0
02/19/06 19:05,0.0
02/19/06 19:10,0.0
02/19/06 19:15,0.0
02/19/06 19:20,0.0
02/19/06 19:25,0.0
02/19/06 19:30,0.0
02/19/06 19:35,0.0
02/19/06 19:40,0.0
02/19/06 19:45,0.0
02/19/06 19:50,0.0
02/19/06 19:55,0.0
02/19/06 20:00,0.0
02/19/06 20:05,0.0
02/19/06 20:10,0.0
02/19/06 20:15,0.0
02/19/06 20:20,0.0
02/19/06 20:25,0.0
02/19/06 20:30,0.0
02/19/06 20:35,0.0
02/19/06 20:40,0.0
02/19/06 20:45,0.0
02/19/06 20:50,0.0
02/19/06 20:55,0.0
02/19/06 21:00,0.0
02/19/06 21:05,0.0
02/19/06 21:10,0.0
02/19/06 21:15,0.0
02/19/06 21:20,0.0
02/19/06 21:25,0.0
02/19/06 21:30,0.0
02/19/06 21:35,0.0
02/19/06 21:40,0.0
02/19/06 21:45,0.0
02/19/06 21:50,0.0
02/19/06 21:55,0.0
02/19/06 22:00,0.0
02/19/06 22:05,0.0
02/19/06 22:10,0.0
02/19/06 22:15,0.0
02/19/06 22:20,0.0
02/19/06 22:25,0.0
02/19/06 22:30,0.0
02/19/06 22:35,0.0
02/19/06 22:40,0.0
02/19/06 22:45,0.0
02/19/06 22:50,0.0
02/19/06 22:55,0.0
02/19/06 23:00,0.0
02/19/06 23:05,0.0
02/19/06 23:10,0.0
02/19/06 23:15,0.0
02/19/06 23:20,0.0
02/19/06 23:25,0.0
02/19/06 23:30,0.0
02/19/06 23:35,0.0
02/19/06 23:40,0.0
02/19/06 23:45,0.0
02/19/06 23:50,0.0
02/19/06 23:55,0.0
02/20/06 00:00,0.0
02/20/06 00:05,0.0
02/20/06 00:10,0.0
02/20/06 00:15,0.0
02/20/06 00:20,0.0
02/20/06 00:25,0.0
02/20/06 00:30,0.0
02/20/06 00:35,0.0
02/20/06 00:40,0.0
02/20/06 00:45,0.0
02/20/06 00:50,0.0
02/20/06 00:55,0.0
02/20/06 01:00,0.0
02/20/06 01:05,0.0
02/20/06 01:10,0.0
02/20/06 01:15,0.0
02/20/06 01:20,0.0
02/20/06 01:25,0.0
02/20/06 01:30,0.0
02/20/06 01:35,0.0
02/20/06 01:40,0.0
02/20/06 01:45,0.0
02/20/06 01:50,0.0
02/20/06 01:55,0.0
02/20/06 02:00,0.0
02/20/06 02:05,0.0
02/20/06 02:10,0.0
02/20/06 02:15,0.0
02/20/06 02:20,0.0
02/20/06 02:25,0.0
02/20/06 02:30,0.0
02/20/06 02:35,0.0
02/20/06 02:40,0.0
02/20/06 02:45,0.0
02/20/06 02:50,0.0
02/20/06 02:55,0.0
02/20/06 03:00,0.0
02/20/06 03:05,0.0
02/20/06 03:10,0.0
02/20/06 03:15,0.0
02/20/06 03:20,0.0
02/20/06 03:25,0.0
02/20/06 03:30,0.0
02/20/06 03:35,0.0
02/20/06 03:40,0.0
02/20/06 03:45,0.0
02/20/06 03:50,0.0
02/20/06 03:55,0.0
02/20/06 04:00,0.0
02/20/06 04:05,0.0
02/20/06 04:10,0.0
02/20/06 04:15,0.0
02/20/06 04:20,0.0
02/20/06 04:25,0.0
02/20/06 04:30,0.0
02/20/06 04:35,0.0
02/20/06 04:40,0.0
02/20/06 04:45,0.0
02/20/06 04:50,0.0
02/20/06 04:55,0.0
02/20/06 05:00,0.0
02/20/06 05:05,0.0
02/20/06 05:10,0.0
02/20/06 05:15,0.0
02/20/06 05:20,0.0
02/20/06 05:25,0.0
02/20/06 05:30,0.0
02/20/06 05:35,0.0
02/20/06 05:40,0.0
02/20/06 05:45,0.0
02/20/06 05:50,0.0
02/20/06 05:55,0.0
02/20/06 06:00,0.0
02/20/06 06:05,0.0
02/20/06 06:10,0.0
02/20/06 06:15,0.0
02/20/06 06:20,0.0
02/20/06 06:25,0.0
02/20/06 06:30,0.0
02/20/06 06:35,0.0
02/20/06 06:40,0.0
02/20/06 06:45,0.0
02/20/06 06:50,0.0
02/20/06 06:55,0.0
02/20/06 07:00,0.0
02/20/06 07:05,0.0
02/20/06 07:10,0.0
02/20/06 07:15,0.0
02/20/06 07:20,0.0
02/20/06 07:25,0.1
02/20/06 07:30,0.2
02/20/06 07:35,0.3
02/20/06 07:40,0.5
02/20/06 07:45,0.8
02/20/06 07:50,1.3
02/20/06 07:55,1.8
02/20/06 08:00,2.4
02/20/06 08:05,3.0
02/20/06 08:10,3.0
02/20/06 08:15,3.8
02/20/06 08:20,4.1
02/20/06 08:25,4.3
02/20/06 08:30,4.2
02/20/06 08:35,4.1
02/20/06 08:40,4.0
02/20/06 08:45,3.9
02/20/06 08:50,3.6
02/20/06 08:55,3.7
02/20/06 09:00,4.0
02/20/06 09:05,4.0
02/20/06 09:10,4.0
02/20/06 09:15,4.8
02/20/06 09:20,5.9
02/20/06 09:25,6.5
02/20/06 09:30,6.7
02/20/06 09:35,6.9
02/20/06 09:40,7.0
02/20/06 09:45,6.9
02/20/06 09:50,6.7
02/20/06 09:55,6.4
02/20/06 10:00,5.9
02/20/06 10:05,5.5
02/20/06 10:10,4.9
02/20/06 10:15,4.1
02/20/06 10:20,2.7
02/20/06 10:25,1.6
02/20/06 10:30,0.9
02/20/06 10:35,0.5
02/20/06 10:40,0.4
02/20/06 10:45,0.6
02/20/06 10:50,0.9
02/20/06 10:55,1.6
02/20/06 11:00,3.0
02/20/06 11:05,3.8
02/20/06 11:10,3.9
02/20/06 11:15,4.0
02/20/06 11:20,3.8
02/20/06 11:25,4.0
02/20/06 11:30,4.4
02/20/06 11:35,4.7
02/20/06 11:40,4.8
02/20/06 11:45,5.6
02/20/06 11:50,5.9
02/20/06 11:55,5.8
02/20/06 12:00,5.8
02/20/06 12:05,6.1
02/20/06 12:10,6.3
02/20/06 12:15,6.6
02/20/06 12:20,6.7
02/20/06 12:25,6.2
02/20/06 12:30,5.8
02/20/06 12:35,5.5
02/20/06 12:40,5.2
02/20/06 12:45,5.0
02/20/06 12:50,4.7
02/20/06 12:55,4.3
02/20/06 13:00,3.9
02/20/06 13:05,3.3
02/20/06 13:10,2.3
02/20/06 13:15,2.2
02/20/06 13:20,3.7
02/20/06 13:25,4.4
02/20/06 13:30,4.7
02/20/06 13:35,4.8
02/20/06 13:40,4.6
02/20/06 13:45,4.5
02/20/06 13:50,4.7
02/20/06 13:55,4.8
02/20/06 14:00,5.5
02/20/06 14:05,5.5
02/20/06 14:10,4.9
02/20/06 14:15,6.4
02/20/06 14:20,7.9
02/20/06 14:25,8.4
02/20/06 14:30,8.2
02/20/06 14:35,7.5
02/20/06 14:40,7.1
02/20/06 14:45,6.9
02/20/06 14:50,6.6
02/20/06 14:55,6.1
02/20/06 15:00,5.8
02/20/06 15:05,5.3
02/20/06 15:10,4.8
02/20/06 15:15,4.6
02/20/06 15:20,4.4
02/20/06 15:25,4.4
02/20/06 15:30,4.2
02/20/06 15:35,3.9
02/20/06 15:40,3.7
02/20/06 15:45,3.1
02/20/06 15:50,2.4
02/20/06 15:55,1.9
02/20/06 16:00,1.6
02/20/06 16:05,1.4
02/20/06 16:10,0.9
02/20/06 16:15,1.0
02/20/06 16:20,1.0
02/20/06 16:25,0.8
02/20/06 16:30,0.6
02/20/06 16:35,0.4
02/20/06 16:40,0.2
02/20/06 16:45,0.1
02/20/06 16:50,0.1
02/20/06 16:55,0.0
02/20/06 17:00,0.0
02/20/06 17:05,0.0
02/20/06 17:10,0.0
02/20/06 17:15,0.0
02/20/06 17:20,0.0
02/20/06 17:25,0.0
02/20/06 17:30,0.0
02/20/06 17:35,0.0
02/20/06 17:40,0.0
02/20/06 17:45,0.0
02/20/06 17:50,0.0
02/20/06 17:55,0.0
02/20/06 18:00,0.0
02/20/06 18:05,0.0
02/20/06 18:10,0.0
02/20/06 18:15,0.0
02/20/06 18:20,0.0
02/20/06 18:25,0.0
02/20/06 18:30,0.0
02/20/06 18:35,0.0
02/20/06 18:40,0.0
02/20/06 18:45,0.0
02/20/06 18:50,0.0
02/20/06 18:55,0.0
02/20/06 19:00,0.0
02/20/06 19:05,0.0
02/20/06 19:10,0.0
02/20/06 19:15,0.0
02/20/06 19:20,0.0
02/20/06 19:25,0.0
02/20/06 19:30,0.0
02/20/06 19:35,0.0
02/20/06 19:40,0.0
02/20/06 19:45,0.0
02/20/06 19:50,0.0
02/20/06 19:55,0.0
02/20/06 20:00,0.0
02/20/06 20:05,0.0
02/20/06 20:10,0.0
02/20/06 20:15,0.0
02/20/06 20:20,0.0
02/20/06 20:25,0.0
02/20/06 20:30,0.0
02/20/06 20:35,0.0
02/20/06 20:40,0.0
02/20/06 20:45,0.0
02/20/06 20:50,0.0
02/20/06 20:55,0.0
02/20/06 21:00,0.0
02/20/06 21:05,0.0
02/20/06 21:10,0.0
02/20/06 21:15,0.0
02/20/06 21:20,0.0
02/20/06 21:25,0.0
02/20/06 21:30,0.0
02/20/06 21:35,0.0
02/20/06 21:40,0.0
02/20/06 21:45,0.0
02/20/06 21:50,0.0
02/20/06 21:55,0.0
02/20/06 22:00,0.0
02/20/06 22:05,0.0
02/20/06 22:10,0.0
02/20/06 22:15,0.0
02/20/06 22:20,0.0
02/20/06 22:25,0.0
02/20/06 22:30,0.0
02/20/06 22:35,0.0
02/20/06 22:40,0.0
02/20/06 22:45,0.0
02/20/06 22:50,0.0
02/20/06 22:55,0.0
02/20/06 23:00,0.0
02/20/06 23:05,0.0
02/20/06 23:10,0.0
02/20/06 23:15,0.0
02/20/06 23:20,0.0
02/20/06 23:25,0.0
02/20/06 23:30,0.0
02/20/06 23:35,0.0
02/20/06 23:40,0.0
02/20/06 23:45,0.0
02/20/06 23:50,0.0
02/20/06 23:55,0.0
02/21/06 00:00,0.0
02/21/06 00:05,0.0
02/21/06 00:10,0.0
02/21/06 00:15,0.0
02/21/06 00:20,0.0
02/21/06 00:25,0.0
02/21/06 00:30,0.0
02/21/06 00:35,0.0
02/21/06 00:40,0.0
02/21/06 00:45,0.0
02/21/06 00:50,0.0
02/21/06 00:55,0.0
02/21/06 01:00,0.0
02/21/06 01:05,0.0
02/21/06 01:10,0.0
02/21/06 01:15,0.0
02/21/06 01:20,0.0
02/21/06 01:25,0.0
02/21/06 01:30,0.0
02/21/06 01:35,0.0
02/21/06 01:40,0.0
02/21/06 01:45,0.0
02/21/06 01:50,0.0
02/21/06 01:55,0.0
02/21/06 02:00,0.0
02/21/06 02:05,0.0
02/21/06 02:10,0.0
02/21/06 02:15,0.0
02/21/06 02:20,0.0
02/21/06 02:25,0.0
02/21/06 02:30,0.0
02/21/06 02:35,0.0
02/21/06 02:40,0.0
02/21/06 02:45,0.0
02/21/06 02:50,0.0
02/21/06 02:55,0.0
02/21/06 03:00,0.0
02/21/06 03:05,0.0
02/21/06 03:10,0.0
02/21/06 03:15,0.0
02/21/06 03:20,0.0
02/21/06 03:25,0.0
02/21/06 03:30,0.0
02/21/06 03:35,0.0
02/21/06 03:40,0.0
02/21/06 03:45,0.0
02/21/06 03:50,0.0
02/21/06 03:55,0.0
02/21/06 04:00,0.0
02/21/06 04:05,0.0
02/21/06 04:10,0.0
02/21/06 04:15,0.0
02/21/06 04:20,0.0
02/21/06 04:25,0.0
02/21/06 04:30,0.0
02/21/06 04:35,0.0
02/21/06 04:40,0.0
02/21/06 04:45,0.0
02/21/06 04:50,0.0
02/21/06 04:55,0.0
02/21/06 05:00,0.0
02/21/06 05:05,0.0
02/21/06 05:10,0.0
02/21/06 05:15,0.0
02/21/06 05:20,0.0
02/21/06 05:25,0.0
02/21/06 05:30,0.0
02/21/06 05:35,0.0
02/21/06 05:40,0.0
02/21/06 05:45,0.0
02/21/06 05:50,0.0
02/21/06 05:55,0.0
02/21/06 06:00,0.0
02/21/06 06:05,0.0
02/21/06 06:10,0.0
02/21/06 06:15,0.0
02/21/06 06:20,0.0
02/21/06 06:25,0.0
02/21/06 06:30,0.0
02/21/06 06:35,0.0
02/21/06 06:40,0.0
02/21/06 06:45,0.0
02/21/06 06:50,0.0
02/21/06 06:55,0.0
02/21/06 07:00,0.0
02/21/06 07:05,0.0
02/21/06 07:10,0.0
02/21/06 07:15,0.1
02/21/06 07:20,0.1
02/21/06 07:25,0.2
02/21/06 07:30,0.2
02/21/06 07:35,0.4
02/21/06 07:40,0.7
02/21/06 07:45,1.1
02/21/06 07:50,1.4
02/21/06 07:55,2.0
02/21/06 08:00,3.2
02/21/06 08:05,4.0
02/21/06 08:10,4.8
02/21/06 08:15,4.9
02/21/06 08:20,4.1
02/21/06 08:25,3.9
02/21/06 08:30,3.8
02/21/06 08:35,3.5
02/21/06 08:40,3.8
02/21/06 08:45,4.2
02/21/06 08:50,4.4
02/21/06 08:55,4.7
02/21/06 09:00,5.0
02/21/06 09:05,5.4
02/21/06 09:10,5.1
02/21/06 09:15,5.1
02/21/06 09:20,5.2
02/21/06 09:25,5.3
02/21/06 09:30,5.4
02/21/06 09:35,5.6
02/21/06 09:40,5.4
02/21/06 09:45,5.4
02/21/06 09:50,5.4
02/21/06 09:55,5.4
02/21/06 10:00,5.2
02/21/06 10:05,5.1
02/21/06 10:10,5.1
02/21/06 10:15,4.9
02/21/06 10:20,4.9
02/21/06 10:25,5.3
02/21/06 10:30,5.6
02/21/06 10:35,5.9
02/21/06 10:40,6.1
02/21/06 10:45,6.3
02/21/06 10:50,6.4
02/21/06 10:55,6.3
02/21/06 11:00,6.0
02/21/06 11:05,5.9
02/21/06 11:10,6.1
02/21/06 11:15,6.2
02/21/06 11:20,7.0
02/21/06 11:25,7.7
02/21/06 11:30,7.8
02/21/06 11:35,7.5
02/21/06 11:40,7.4
02/21/06 11:45,7.5
02/21/06 11:50,7.7
02/21/06 11:55,8.0
02/21/06 12:00,8.3
02/21/06 12:05,8.6
02/21/06 12:10,9.3
02/21/06 12:15,9.5
02/21/06 12:20,9.0
02/21/06 12:25,8.9
02/21/06 12:30,9.0
02/21/06 12:35,9.9
02/21/06 12:40,10.7
02/21/06 12:45,10.7
02/21/06 12:50,10.2
02/21/06 12:55,10.7
02/21/06 13:00,8.7
02/21/06 13:05,8.0
02/21/06 13:10,8.5
02/21/06 13:15,9.1
02/21/06 13:20,9.1
02/21/06 13:25,8.8
02/21/06 13:30,8.6
02/21/06 13:35,8.2
02/21/06 13:40,7.8
02/21/06 13:45,7.4
02/21/06 13:50,7.1
02/21/06 13:55,7.2
02/21/06 14:00,7.0
02/21/06 14:05,6.7
02/21/06 14:10,6.3
02/21/06 14:15,6.4
02/21/06 14:20,6.5
02/21/06 14:25,6.3
02/21/06 14:30,6.3
02/21/06 14:35,6.1
02/21/06 14:40,5.8
02/21/06 14:45,5.8
02/21/06 14:50,6.0
02/21/06 14:55,6.3
02/21/06 15:00,6.3
02/21/06 15:05,6.3
02/21/06 15:10,6.5
02/21/06 15:15,7.2
02/21/06 15:20,8.1
02/21/06 15:25,8.6
02/21/06 15:30,8.7
02/21/06 15:35,8.5
02/21/06 15:40,8.3
02/21/06 15:45,8.1
02/21/06 15:50,7.6
02/21/06 15:55,7.2
02/21/06 16:00,6.7
02/21/06 16:05,6.1
02/21/06 16:10,5.6
02/21/06 16:15,5.2
02/21/06 16:20,5.0
02/21/06 16:25,4.5
02/21/06 16:30,3.8
02/21/06 16:35,2.4
02/21/06 16:40,1.0
02/21/06 16:45,0.7
02/21/06 16:50,0.4
02/21/06 16:55,0.3
02/21/06 17:00,0.1
02/21/06 17:05,0.1
02/21/06 17:10,0.0
02/21/06 17:15,0.0
02/21/06 17:20,0.0
02/21/06 17:25,0.0
02/21/06 17:30,0.0
02/21/06 17:35,0.0
02/21/06 17:40,0.0
02/21/06 17:45,0.0
02/21/06 17:50,0.0
02/21/06 17:55,0.0
02/21/06 18:00,0.0
02/21/06 18:05,0.0
02/21/06 18:10,0.0
02/21/06 18:15,0.0
02/21/06 18:20,0.0
02/21/06 18:25,0.0
02/21/06 18:30,0.0
02/21/06 18:35,0.0
02/21/06 18:40,0.0
02/21/06 18:45,0.0
02/21/06 18:50,0.0
02/21/06 18:55,0.0
02/21/06 19:00,0.0
02/21/06 19:05,0.0
02/21/06 19:10,0.0
02/21/06 19:15,0.0
02/21/06 19:20,0.0
02/21/06 19:25,0.0
02/21/06 19:30,0.0
02/21/06 19:35,0.0
02/21/06 19:40,0.0
02/21/06 19:45,0.0
02/21/06 19:50,0.0
02/21/06 19:55,0.0
02/21/06 20:00,0.0
02/21/06 20:05,0.0
02/21/06 20:10,0.0
02/21/06 20:15,0.0
02/21/06 20:20,0.0
02/21/06 20:25,0.0
02/21/06 20:30,0.0
02/21/06 20:35,0.0
02/21/06 20:40,0.0
02/21/06 20:45,0.0
02/21/06 20:50,0.0
02/21/06 20:55,0.0
02/21/06 21:00,0.0
02/21/06 21:05,0.0
02/21/06 21:10,0.0
02/21/06 21:15,0.0
02/21/06 21:20,0.0
02/21/06 21:25,0.0
02/21/06 21:30,0.0
02/21/06 21:35,0.0
02/21/06 21:40,0.0
02/21/06 21:45,0.0
02/21/06 21:50,0.0
02/21/06 21:55,0.0
02/21/06 22:00,0.0
02/21/06 22:05,0.0
02/21/06 22:10,0.0
02/21/06 22:15,0.0
02/21/06 22:20,0.0
02/21/06 22:25,0.0
02/21/06 22:30,0.0
02/21/06 22:35,0.0
02/21/06 22:40,0.0
02/21/06 22:45,0.0
02/21/06 22:50,0.0
02/21/06 22:55,0.0
02/21/06 23:00,0.0
02/21/06 23:05,0.0
02/21/06 23:10,0.0
02/21/06 23:15,0.0
02/21/06 23:20,0.0
02/21/06 23:25,0.0
02/21/06 23:30,0.0
02/21/06 23:35,0.0
02/21/06 23:40,0.0
02/21/06 23:45,0.0
02/21/06 23:50,0.0
02/21/06 23:55,0.0
02/22/06 00:00,0.0
02/22/06 00:05,0.0
02/22/06 00:10,0.0
02/22/06 00:15,0.0
02/22/06 00:20,0.0
02/22/06 00:25,0.0
02/22/06 00:30,0.0
02/22/06 00:35,0.0
02/22/06 00:40,0.0
02/22/06 00:45,0.0
02/22/06 00:50,0.0
02/22/06 00:55,0.0
02/22/06 01:00,0.0
02/22/06 01:05,0.0
02/22/06 01:10,0.0
02/22/06 01:15,0.0
02/22/06 01:20,0.0
02/22/06 01:25,0.0
02/22/06 01:30,0.0
02/22/06 01:35,0.0
02/22/06 01:40,0.0
02/22/06 01:45,0.0
02/22/06 01:50,0.0
02/22/06 01:55,0.0
02/22/06 02:00,0.0
02/22/06 02:05,0.0
02/22/06 02:10,0.0
02/22/06 02:15,0.0
02/22/06 02:20,0.0
02/22/06 02:25,0.0
02/22/06 02:30,0.0
02/22/06 02:35,0.0
02/22/06 02:40,0.0
02/22/06 02:45,0.0
02/22/06 02:50,0.0
02/22/06 02:55,0.0
02/22/06 03:00,0.0
02/22/06 03:05,0.0
02/22/06 03:10,0.0
02/22/06 03:15,0.0
02/22/06 03:20,0.0
02/22/06 03:25,0.0
02/22/06 03:30,0.0
02/22/06 03:35,0.0
02/22/06 03:40,0.0
02/22/06 03:45,0.0
02/22/06 03:50,0.0
02/22/06 03:55,0.0
02/22/06 04:00,0.0
02/22/06 04:05,0.0
02/22/06 04:10,0.0
02/22/06 04:15,0.0
02/22/06 04:20,0.0
02/22/06 04:25,0.0
02/22/06 04:30,0.0
02/22/06 04:35,0.0
02/22/06 04:40,0.0
02/22/06 04:45,0.0
02/22/06 04:50,0.0
02/22/06 04:55,0.0
02/22/06 05:00,0.0
02/22/06 05:05,0.0
02/22/06 05:10,0.0
02/22/06 05:15,0.0
02/22/06 05:20,0.0
02/22/06 05:25,0.0
02/22/06 05:30,0.0
02/22/06 05:35,0.0
02/22/06 05:40,0.0
02/22/06 05:45,0.0
02/22/06 05:50,0.0
02/22/06 05:55,0.0
02/22/06 06:00,0.0
02/22/06 06:05,0.0
02/22/06 06:10,0.0
02/22/06 06:15,0.0
02/22/06 06:20,0.0
02/22/06 06:25,0.0
02/22/06 06:30,0.0
02/22/06 06:35,0.0
02/22/06 06:40,0.0
02/22/06 06:45,0.0
02/22/06 06:50,0.0
02/22/06 06:55,0.0
02/22/06 07:00,0.0
02/22/06 07:05,0.0
02/22/06 07:10,0.1
02/22/06 07:15,0.1
02/22/06 07:20,0.3
02/22/06 07:25,0.5
02/22/06 07:30,0.9
02/22/06 07:35,1.5
02/22/06 07:40,2.2
02/22/06 07:45,3.1
02/22/06 07:50,3.7
02/22/06 07:55,3.8
02/22/06 08:00,3.8
02/22/06 08:05,3.8
02/22/06 08:10,3.9
02/22/06 08:15,4.6
02/22/06 08:20,5.4
02/22/06 08:25,6.0
02/22/06 08:30,6.4
02/22/06 08:35,6.7
02/22/06 08:40,6.9
02/22/06 08:45,7.1
02/22/06 08:50,7.2
02/22/06 08:55,7.3
02/22/06 09:00,7.3
02/22/06 09:05,7.2
02/22/06 09:10,7.1
02/22/06 09:15,7.2
02/22/06 09:20,7.7
02/22/06 09:25,8.5
02/22/06 09:30,8.9
02/22/06 09:35,9.4
02/22/06 09:40,10.1
02/22/06 09:45,10.9
02/22/06 09:50,11.8
02/22/06 09:55,12.8
02/22/06 10:00,13.9
02/22/06 10:05,15.2
02/22/06 10:10,16.3
02/22/06 10:15,16.8
02/22/06 10:20,16.9
02/22/06 10:25,17.1
02/22/06 10:30,17.6
02/22/06 10:35,17.8
02/22/06 10:40,18.0
02/22/06 10:45,18.2
02/22/06 10:50,18.3
02/22/06 10:55,18.5
02/22/06 11:00,18.8
02/22/06 11:05,19.1
02/22/06 11:10,19.4
02/22/06 11:15,19.6
02/22/06 11:20,19.5
02/22/06 11:25,19.2
02/22/06 11:30,18.9
02/22/06 11:35,18.7
02/22/06 11:40,18.4
02/22/06 11:45,18.0
02/22/06 11:50,17.5
02/22/06 11:55,16.9
02/22/06 12:00,16.4
02/22/06 12:05,16.1
02/22/06 12:10,15.9
02/22/06 12:15,15.3
02/22/06 12:20,13.0
02/22/06 12:25,13.4
02/22/06 12:30,14.9
02/22/06 12:35,15.2
02/22/06 12:40,15.4
02/22/06 12:45,18.7
02/22/06 12:50,21.4
02/22/06 12:55,22.1
02/22/06 13:00,22.9
02/22/06 13:05,23.6
02/22/06 13:10,22.9
02/22/06 13:15,22.7
02/22/06 13:20,21.6
02/22/06 13:25,17.9
02/22/06 13:30,15.1
02/22/06 13:35,13.4
02/22/06 13:40,15.6
02/22/06 13:45,17.7
02/22/06 13:50,19.0
02/22/06 13:55,19.7
02/22/06 14:00,20.2
02/22/06 14:05,20.7
02/22/06 14:10,20.9
02/22/06 14:15,20.7
02/22/06 14:20,20.3
02/22/06 14:25,20.0
02/22/06 14:30,19.6
02/22/06 14:35,19.2
02/22/06 14:40,19.0
02/22/06 14:45,18.7
02/22/06 14:50,18.4
02/22/06 14:55,18.0
02/22/06 15:00,17.4
02/22/06 15:05,17.0
02/22/06 15:10,16.6
02/22/06 15:15,16.0
02/22/06 15:20,15.3
02/22/06 15:25,14.4
02/22/06 15:30,13.7
02/22/06 15:35,13.1
02/22/06 15:40,12.7
02/22/06 15:45,12.3
02/22/06 15:50,11.6
02/22/06 15:55,11.0
02/22/06 16:00,10.4
02/22/06 16:05,9.6
02/22/06 16:10,8.7
02/22/06 16:15,7.9
02/22/06 16:20,7.4
02/22/06 16:25,6.8
02/22/06 16:30,6.1
02/22/06 16:35,5.3
02/22/06 16:40,4.4
02/22/06 16:45,3.5
02/22/06 16:50,2.0
02/22/06 16:55,1.3
02/22/06 17:00,1.1
02/22/06 17:05,0.6
02/22/06 17:10,0.2
02/22/06 17:15,0.1
02/22/06 17:20,0.0
02/22/06 17:25,0.0
02/22/06 17:30,0.0
02/22/06 17:35,0.0
02/22/06 17:40,0.0
02/22/06 17:45,0.0
02/22/06 17:50,0.0
02/22/06 17:55,0.0
02/22/06 18:00,0.0
02/22/06 18:05,0.0
02/22/06 18:10,0.0
02/22/06 18:15,0.0
02/22/06 18:20,0.0
02/22/06 18:25,0.0
02/22/06 18:30,0.0
02/22/06 18:35,0.0
02/22/06 18:40,0.0
02/22/06 18:45,0.0
02/22/06 18:50,0.0
02/22/06 18:55,0.0
02/22/06 19:00,0.0
02/22/06 19:05,0.0
02/22/06 19:10,0.0
02/22/06 19:15,0.0
02/22/06 19:20,0.0
02/22/06 19:25,0.0
02/22/06 19:30,0.0
02/22/06 19:35,0.0
02/22/06 19:40,0.0
02/22/06 19:45,0.0
02/22/06 19:50,0.0
02/22/06 19:55,0.0
02/22/06 20:00,0.0
02/22/06 20:05,0.0
02/22/06 20:10,0.0
02/22/06 20:15,0.0
02/22/06 20:20,0.0
02/22/06 20:25,0.0
02/22/06 20:30,0.0
02/22/06 20:35,0.0
02/22/06 20:40,0.0
02/22/06 20:45,0.0
02/22/06 20:50,0.0
02/22/06 20:55,0.0
02/22/06 21:00,0.0
02/22/06 21:05,0.0
02/22/06 21:10,0.0
02/22/06 21:15,0.0
02/22/06 21:20,0.0
02/22/06 21:25,0.0
02/22/06 21:30,0.0
02/22/06 21:35,0.0
02/22/06 21:40,0.0
02/22/06 21:45,0.0
02/22/06 21:50,0.0
02/22/06 21:55,0.0
02/22/06 22:00,0.0
02/22/06 22:05,0.0
02/22/06 22:10,0.0
02/22/06 22:15,0.0
02/22/06 22:20,0.0
02/22/06 22:25,0.0
02/22/06 22:30,0.0
02/22/06 22:35,0.0
02/22/06 22:40,0.0
02/22/06 22:45,0.0
02/22/06 22:50,0.0
02/22/06 22:55,0.0
02/22/06 23:00,0.0
02/22/06 23:05,0.0
02/22/06 23:10,0.0
02/22/06 23:15,0.0
02/22/06 23:20,0.0
02/22/06 23:25,0.0
02/22/06 23:30,0.0
02/22/06 23:35,0.0
02/22/06 23:40,0.0
02/22/06 23:45,0.0
02/22/06 23:50,0.0
02/22/06 23:55,0.0
02/23/06 00:00,0.0
02/23/06 00:05,0.0
02/23/06 00:10,0.0
02/23/06 00:15,0.0
02/23/06 00:20,0.0
02/23/06 00:25,0.0
02/23/06 00:30,0.0
02/23/06 00:35,0.0
02/23/06 00:40,0.0
02/23/06 00:45,0.0
02/23/06 00:50,0.0
02/23/06 00:55,0.0
02/23/06 01:00,0.0
02/23/06 01:05,0.0
02/23/06 01:10,0.0
02/23/06 01:15,0.0
02/23/06 01:20,0.0
02/23/06 01:25,0.0
02/23/06 01:30,0.0
02/23/06 01:35,0.0
02/23/06 01:40,0.0
02/23/06 01:45,0.0
02/23/06 01:50,0.0
02/23/06 01:55,0.0
02/23/06 02:00,0.0
02/23/06 02:05,0.0
02/23/06 02:10,0.0
02/23/06 02:15,0.0
02/23/06 02:20,0.0
02/23/06 02:25,0.0
02/23/06 02:30,0.0
02/23/06 02:35,0.0
02/23/06 02:40,0.0
02/23/06 02:45,0.0
02/23/06 02:50,0.0
02/23/06 02:55,0.0
02/23/06 03:00,0.0
02/23/06 03:05,0.0
02/23/06 03:10,0.0
02/23/06 03:15,0.0
02/23/06 03:20,0.0
02/23/06 03:25,0.0
02/23/06 03:30,0.0
02/23/06 03:35,0.0
02/23/06 03:40,0.0
02/23/06 03:45,0.0
02/23/06 03:50,0.0
02/23/06 03:55,0.0
02/23/06 04:00,0.0
02/23/06 04:05,0.0
02/23/06 04:10,0.0
02/23/06 04:15,0.0
02/23/06 04:20,0.0
02/23/06 04:25,0.0
02/23/06 04:30,0.0
02/23/06 04:35,0.0
02/23/06 04:40,0.0
02/23/06 04:45,0.0
02/23/06 04:50,0.0
02/23/06 04:55,0.0
02/23/06 05:00,0.0
02/23/06 05:05,0.0
02/23/06 05:10,0.0
02/23/06 05:15,0.0
02/23/06 05:20,0.0
02/23/06 05:25,0.0
02/23/06 05:30,0.0
02/23/06 05:35,0.0
02/23/06 05:40,0.0
02/23/06 05:45,0.0
02/23/06 05:50,0.0
02/23/06 05:55,0.0
02/23/06 06:00,0.0
02/23/06 06:05,0.0
02/23/06 06:10,0.0
02/23/06 06:15,0.0
02/23/06 06:20,0.0
02/23/06 06:25,0.0
02/23/06 06:30,0.0
02/23/06 06:35,0.0
02/23/06 06:40,0.0
02/23/06 06:45,0.0
02/23/06 06:50,0.0
02/23/06 06:55,0.0
02/23/06 07:00,0.0
02/23/06 07:05,0.0
02/23/06 07:10,0.0
02/23/06 07:15,0.0
02/23/06 07:20,0.0
02/23/06 07:25,0.1
02/23/06 07:30,0.1
02/23/06 07:35,0.2
02/23/06 07:40,0.2
02/23/06 07:45,0.3
02/23/06 07:50,0.5
02/23/06 07:55,0.6
02/23/06 08:00,0.8
02/23/06 08:05,1.6
02/23/06 08:10,3.6
02/23/06 08:15,3.9
02/23/06 08:20,3.7
02/23/06 08:25,3.7
02/23/06 08:30,4.2
02/23/06 08:35,4.5
02/23/06 08:40,4.0
02/23/06 08:45,4.5
02/23/06 08:50,5.1
02/23/06 08:55,5.7
02/23/06 09:00,6.1
02/23/06 09:05,6.2
02/23/06 09:10,6.3
02/23/06 09:15,6.3
02/23/06 09:20,6.1
02/23/06 09:25,6.0
02/23/06 09:30,6.3
02/23/06 09:35,7.5
02/23/06 09:40,9.2
02/23/06 09:45,9.9
02/23/06 09:50,8.6
02/23/06 09:55,9.6
02/23/06 10:00,8.8
02/23/06 10:05,8.7
02/23/06 10:10,8.9
02/23/06 10:15,11.4
02/23/06 10:20,13.1
02/23/06 10:25,13.6
02/23/06 10:30,13.6
02/23/06 10:35,13.1
02/23/06 10:40,12.5
02/23/06 10:45,11.6
02/23/06 10:50,10.2
02/23/06 10:55,9.7
02/23/06 11:00,8.8
02/23/06 11:05,7.6
02/23/06 11:10,6.0
02/23/06 11:15,4.9
02/23/06 11:20,4.6
02/23/06 11:25,4.5
02/23/06 11:30,4.5
02/23/06 11:35,4.8
02/23/06 11:40,5.2
02/23/06 11:45,5.6
02/23/06 11:50,6.2
02/23/06 11:55,6.5
02/23/06 12:00,6.7
02/23/06 12:05,6.6
02/23/06 12:10,6.6
02/23/06 12:15,6.4
02/23/06 12:20,6.2
02/23/06 12:25,5.7
02/23/06 12:30,5.2
02/23/06 12:35,4.9
02/23/06 12:40,4.7
02/23/06 12:45,4.4
02/23/06 12:50,4.2
02/23/06 12:55,3.9
02/23/06 13:00,3.7
02/23/06 13:05,3.3
02/23/06 13:10,2.8
02/23/06 13:15,3.4
02/23/06 13:20,5.5
02/23/06 13:25,7.2
02/23/06 13:30,7.1
02/23/06 13:35,5.9
02/23/06 13:40,4.9
02/23/06 13:45,4.4
02/23/06 13:50,4.0
02/23/06 13:55,3.5
02/23/06 14:00,2.4
02/23/06 14:05,2.0
02/23/06 14:10,4.3
02/23/06 14:15,5.5
02/23/06 14:20,5.7
02/23/06 14:25,6.0
02/23/06 14:30,6.7
02/23/06 14:35,7.4
02/23/06 14:40,7.7
02/23/06 14:45,7.2
02/23/06 14:50,6.8
02/23/06 14:55,6.4
02/23/06 15:00,6.0
02/23/06 15:05,5.8
02/23/06 15:10,5.8
02/23/06 15:15,8.1
02/23/06 15:20,10.5
02/23/06 15:25,12.0
02/23/06 15:30,12.2
02/23/06 15:35,10.8
02/23/06 15:40,7.6
02/23/06 15:45,7.8
02/23/06 15:50,8.6
02/23/06 15:55,8.1
02/23/06 16:00,8.5
02/23/06 16:05,8.0
02/23/06 16:10,7.1
02/23/06 16:15,6.7
02/23/06 16:20,6.7
02/23/06 16:25,6.4
02/23/06 16:30,6.3
02/23/06 16:35,6.2
02/23/06 16:40,5.6
02/23/06 16:45,5.0
02/23/06 16:50,4.4
02/23/06 16:55,3.8
02/23/06 17:00,2.6
02/23/06 17:05,1.2
02/23/06 17:10,0.5
02/23/06 17:15,0.1
02/23/06 17:20,0.0
02/23/06 17:25,0.0
02/23/06 17:30,0.0
02/23/06 17:35,0.0
02/23/06 17:40,0.0
02/23/06 17:45,0.0
02/23/06 17:50,0.0
02/23/06 17:55,0.0
02/23/06 18:00,0.0
02/23/06 18:05,0.0
02/23/06 18:10,0.0
02/23/06 18:15,0.0
02/23/06 18:20,0.0
02/23/06 18:25,0.0
02/23/06 18:30,0.0
02/23/06 18:35,0.0
02/23/06 18:40,0.0
02/23/06 18:45,0.0
02/23/06 18:50,0.0
02/23/06 18:55,0.0
02/23/06 19:00,0.0
02/23/06 19:05,0.0
02/23/06 19:10,0.0
02/23/06 19:15,0.0
02/23/06 19:20,0.0
02/23/06 19:25,0.0
02/23/06 19:30,0.0
02/23/06 19:35,0.0
02/23/06 19:40,0.0
02/23/06 19:45,0.0
02/23/06 19:50,0.0
02/23/06 19:55,0.0
02/23/06 20:00,0.0
02/23/06 20:05,0.0
02/23/06 20:10,0.0
02/23/06 20:15,0.0
02/23/06 20:20,0.0
02/23/06 20:25,0.0
02/23/06 20:30,0.0
02/23/06 20:35,0.0
02/23/06 20:40,0.0
02/23/06 20:45,0.0
02/23/06 20:50,0.0
02/23/06 20:55,0.0
02/23/06 21:00,0.0
02/23/06 21:05,0.0
02/23/06 21:10,0.0
02/23/06 21:15,0.0
02/23/06 21:20,0.0
02/23/06 21:25,0.0
02/23/06 21:30,0.0
02/23/06 21:35,0.0
02/23/06 21:40,0.0
02/23/06 21:45,0.0
02/23/06 21:50,0.0
02/23/06 21:55,0.0
02/23/06 22:00,0.0
02/23/06 22:05,0.0
02/23/06 22:10,0.0
02/23/06 22:15,0.0
02/23/06 22:20,0.0
02/23/06 22:25,0.0
02/23/06 22:30,0.0
02/23/06 22:35,0.0
02/23/06 22:40,0.0
02/23/06 22:45,0.0
02/23/06 22:50,0.0
02/23/06 22:55,0.0
02/23/06 23:00,0.0
02/23/06 23:05,0.0
02/23/06 23:10,0.0
02/23/06 23:15,0.0
02/23/06 23:20,0.0
02/23/06 23:25,0.0
02/23/06 23:30,0.0
02/23/06 23:35,0.0
02/23/06 23:40,0.0
02/23/06 23:45,0.0
02/23/06 23:50,0.0
02/23/06 23:55,0.0
02/24/06 00:00,0.0
02/24/06 00:05,0.0
02/24/06 00:10,0.0
02/24/06 00:15,0.0
02/24/06 00:20,0.0
02/24/06 00:25,0.0
02/24/06 00:30,0.0
02/24/06 00:35,0.0
02/24/06 00:40,0.0
02/24/06 00:45,0.0
02/24/06 00:50,0.0
02/24/06 00:55,0.0
02/24/06 01:00,0.0
02/24/06 01:05,0.0
02/24/06 01:10,0.0
02/24/06 01:15,0.0
02/24/06 01:20,0.0
02/24/06 01:25,0.0
02/24/06 01:30,0.0
02/24/06 01:35,0.0
02/24/06 01:40,0.0
02/24/06 01:45,0.0
02/24/06 01:50,0.0
02/24/06 01:55,0.0
02/24/06 02:00,0.0
02/24/06 02:05,0.0
02/24/06 02:10,0.0
02/24/06 02:15,0.0
02/24/06 02:20,0.0
02/24/06 02:25,0.0
02/24/06 02:30,0.0
02/24/06 02:35,0.0
02/24/06 02:40,0.0
02/24/06 02:45,0.0
02/24/06 02:50,0.0
02/24/06 02:55,0.0
02/24/06 03:00,0.0
02/24/06 03:05,0.0
02/24/06 03:10,0.0
02/24/06 03:15,0.0
02/24/06 03:20,0.0
02/24/06 03:25,0.0
02/24/06 03:30,0.0
02/24/06 03:35,0.0
02/24/06 03:40,0.0
02/24/06 03:45,0.0
02/24/06 03:50,0.0
02/24/06 03:55,0.0
02/24/06 04:00,0.0
02/24/06 04:05,0.0
02/24/06 04:10,0.0
02/24/06 04:15,0.0
02/24/06 04:20,0.0
02/24/06 04:25,0.0
02/24/06 04:30,0.0
02/24/06 04:35,0.0
02/24/06 04:40,0.0
02/24/06 04:45,0.0
02/24/06 04:50,0.0
02/24/06 04:55,0.0
02/24/06 05:00,0.0
02/24/06 05:05,0.0
02/24/06 05:10,0.0
02/24/06 05:15,0.0
02/24/06 05:20,0.0
02/24/06 05:25,0.0
02/24/06 05:30,0.0
02/24/06 05:35,0.0
02/24/06 05:40,0.0
02/24/06 05:45,0.0
02/24/06 05:50,0.0
02/24/06 05:55,0.0
02/24/06 06:00,0.0
02/24/06 06:05,0.0
02/24/06 06:10,0.0
02/24/06 06:15,0.0
02/24/06 06:20,0.0
02/24/06 06:25,0.0
02/24/06 06:30,0.0
02/24/06 06:35,0.0
02/24/06 06:40,0.0
02/24/06 06:45,0.0
02/24/06 06:50,0.0
02/24/06 06:55,0.0
02/24/06 07:00,0.0
02/24/06 07:05,0.3
02/24/06 07:10,1.0
02/24/06 07:15,2.5
02/24/06 07:20,4.1
02/24/06 07:25,4.9
02/24/06 07:30,5.7
02/24/06 07:35,6.5
02/24/06 07:40,7.3
02/24/06 07:45,8.1
02/24/06 07:50,8.9
02/24/06 07:55,9.7
02/24/06 08:00,10.4
02/24/06 08:05,11.1
02/24/06 08:10,11.8
02/24/06 08:15,12.5
02/24/06 08:20,13.1
02/24/06 08:25,13.7
02/24/06 08:30,14.3
02/24/06 08:35,14.9
02/24/06 08:40,15.5
02/24/06 08:45,16.2
02/24/06 08:50,16.8
02/24/06 08:55,16.8
02/24/06 09:00,16.4
02/24/06 09:05,16.3
02/24/06 09:10,17.7
02/24/06 09:15,19.0
02/24/06 09:20,19.8
02/24/06 09:25,20.5
02/24/06 09:30,21.1
02/24/06 09:35,21.5
02/24/06 09:40,22.0
02/24/06 09:45,22.3
02/24/06 09:50,22.6
02/24/06 09:55,22.8
02/24/06 10:00,23.1
02/24/06 10:05,23.3
02/24/06 10:10,23.7
02/24/06 10:15,24.1
02/24/06 10:20,24.6
02/24/06 10:25,25.1
02/24/06 10:30,25.6
02/24/06 10:35,26.1
02/24/06 10:40,26.5
02/24/06 10:45,26.7
02/24/06 10:50,26.9
02/24/06 10:55,27.2
02/24/06 11:00,27.4
02/24/06 11:05,27.6
02/24/06 11:10,27.5
02/24/06 11:15,27.4
02/24/06 11:20,27.1
02/24/06 11:25,27.0
02/24/06 11:30,26.9
02/24/06 11:35,26.7
02/24/06 11:40,26.5
02/24/06 11:45,26.4
02/24/06 11:50,26.3
02/24/06 11:55,26.2
02/24/06 12:00,26.0
02/24/06 12:05,26.0
02/24/06 12:10,26.2
02/24/06 12:15,26.4
02/24/06 12:20,26.6
02/24/06 12:25,26.7
02/24/06 12:30,26.7
02/24/06 12:35,26.6
02/24/06 12:40,26.4
02/24/06 12:45,26.2
02/24/06 12:50,26.1
02/24/06 12:55,25.8
02/24/06 13:00,25.6
02/24/06 13:05,25.5
02/24/06 13:10,25.4
02/24/06 13:15,25.3
02/24/06 13:20,25.1
02/24/06 13:25,24.8
02/24/06 13:30,24.4
02/24/06 13:35,24.1
02/24/06 13:40,23.9
02/24/06 13:45,23.6
02/24/06 13:50,23.3
02/24/06 13:55,22.9
02/24/06 14:00,22.4
02/24/06 14:05,22.0
02/24/06 14:10,21.7
02/24/06 14:15,21.4
02/24/06 14:20,21.2
02/24/06 14:25,20.7
02/24/06 14:30,19.9
02/24/06 14:35,19.1
02/24/06 14:40,18.9
02/24/06 14:45,18.3
02/24/06 14:50,17.5
02/24/06 14:55,16.3
02/24/06 15:00,15.0
02/24/06 15:05,13.8
02/24/06 15:10,13.0
02/24/06 15:15,12.5
02/24/06 15:20,12.1
02/24/06 15:25,10.5
02/24/06 15:30,9.8
02/24/06 15:35,9.4
02/24/06 15:40,8.9
02/24/06 15:45,8.3
02/24/06 15:50,7.6
02/24/06 15:55,6.7
02/24/06 16:00,6.6
02/24/06 16:05,7.5
02/24/06 16:10,7.1
02/24/06 16:15,6.4
02/24/06 16:20,5.7
02/24/06 16:25,5.1
02/24/06 16:30,4.0
02/24/06 16:35,3.9
02/24/06 16:40,3.7
02/24/06 16:45,2.9
02/24/06 16:50,2.0
02/24/06 16:55,1.3
02/24/06 17:00,0.6
02/24/06 17:05,0.2
02/24/06 17:10,0.1
02/24/06 17:15,0.0
02/24/06 17:20,0.0
02/24/06 17:25,0.0
02/24/06 17:30,0.0
02/24/06 17:35,0.0
02/24/06 17:40,0.0
02/24/06 17:45,0.0
02/24/06 17:50,0.0
02/24/06 17:55,0.0
02/24/06 18:00,0.0
02/24/06 18:05,0.0
02/24/06 18:10,0.0
02/24/06 18:15,0.0
02/24/06 18:20,0.0
02/24/06 18:25,0.0
02/24/06 18:30,0.0
02/24/06 18:35,0.0
02/24/06 18:40,0.0
02/24/06 18:45,0.0
02/24/06 18:50,0.0
02/24/06 18:55,0.0
02/24/06 19:00,0.0
02/24/06 19:05,0.0
02/24/06 19:10,0.0
02/24/06 19:15,0.0
02/24/06 19:20,0.0
02/24/06 19:25,0.0
02/24/06 19:30,0.0
02/24/06 19:35,0.0
02/24/06 19:40,0.0
02/24/06 19:45,0.0
02/24/06 19:50,0.0
02/24/06 19:55,0.0
02/24/06 20:00,0.0
02/24/06 20:05,0.0
02/24/06 20:10,0.0
02/24/06 20:15,0.0
02/24/06 20:20,0.0
02/24/06 20:25,0.0
02/24/06 20:30,0.0
02/24/06 20:35,0.0
02/24/06 20:40,0.0
02/24/06 20:45,0.0
02/24/06 20:50,0.0
02/24/06 20:55,0.0
02/24/06 21:00,0.0
02/24/06 21:05,0.0
02/24/06 21:10,0.0
02/24/06 21:15,0.0
02/24/06 21:20,0.0
02/24/06 21:25,0.0
02/24/06 21:30,0.0
02/24/06 21:35,0.0
02/24/06 21:40,0.0
02/24/06 21:45,0.0
02/24/06 21:50,0.0
02/24/06 21:55,0.0
02/24/06 22:00,0.0
02/24/06 22:05,0.0
02/24/06 22:10,0.0
02/24/06 22:15,0.0
02/24/06 22:20,0.0
02/24/06 22:25,0.0
02/24/06 22:30,0.0
02/24/06 22:35,0.0
02/24/06 22:40,0.0
02/24/06 22:45,0.0
02/24/06 22:50,0.0
02/24/06 22:55,0.0
02/24/06 23:00,0.0
02/24/06 23:05,0.0
02/24/06 23:10,0.0
02/24/06 23:15,0.0
02/24/06 23:20,0.0
02/24/06 23:25,0.0
02/24/06 23:30,0.0
02/24/06 23:35,0.0
02/24/06 23:40,0.0
02/24/06 23:45,0.0
02/24/06 23:50,0.0
02/24/06 23:55,0.0
02/25/06 00:00,0.0
02/25/06 00:05,0.0
02/25/06 00:10,0.0
02/25/06 00:15,0.0
02/25/06 00:20,0.0
02/25/06 00:25,0.0
02/25/06 00:30,0.0
02/25/06 00:35,0.0
02/25/06 00:40,0.0
02/25/06 00:45,0.0
02/25/06 00:50,0.0
02/25/06 00:55,0.0
02/25/06 01:00,0.0
02/25/06 01:05,0.0
02/25/06 01:10,0.0
02/25/06 01:15,0.0
02/25/06 01:20,0.0
02/25/06 01:25,0.0
02/25/06 01:30,0.0
02/25/06 01:35,0.0
02/25/06 01:40,0.0
02/25/06 01:45,0.0
02/25/06 01:50,0.0
02/25/06 01:55,0.0
02/25/06 02:00,0.0
02/25/06 02:05,0.0
02/25/06 02:10,0.0
02/25/06 02:15,0.0
02/25/06 02:20,0.0
02/25/06 02:25,0.0
02/25/06 02:30,0.0
02/25/06 02:35,0.0
02/25/06 02:40,0.0
02/25/06 02:45,0.0
02/25/06 02:50,0.0
02/25/06 02:55,0.0
02/25/06 03:00,0.0
02/25/06 03:05,0.0
02/25/06 03:10,0.0
02/25/06 03:15,0.0
02/25/06 03:20,0.0
02/25/06 03:25,0.0
02/25/06 03:30,0.0
02/25/06 03:35,0.0
02/25/06 03:40,0.0
02/25/06 03:45,0.0
02/25/06 03:50,0.0
02/25/06 03:55,0.0
02/25/06 04:00,0.0
02/25/06 04:05,0.0
02/25/06 04:10,0.0
02/25/06 04:15,0.0
02/25/06 04:20,0.0
02/25/06 04:25,0.0
02/25/06 04:30,0.0
02/25/06 04:35,0.0
02/25/06 04:40,0.0
02/25/06 04:45,0.0
02/25/06 04:50,0.0
02/25/06 04:55,0.0
02/25/06 05:00,0.0
02/25/06 05:05,0.0
02/25/06 05:10,0.0
02/25/06 05:15,0.0
02/25/06 05:20,0.0
02/25/06 05:25,0.0
02/25/06 05:30,0.0
02/25/06 05:35,0.0
02/25/06 05:40,0.0
02/25/06 05:45,0.0
02/25/06 05:50,0.0
02/25/06 05:55,0.0
02/25/06 06:00,0.0
02/25/06 06:05,0.0
02/25/06 06:10,0.0
02/25/06 06:15,0.0
02/25/06 06:20,0.0
02/25/06 06:25,0.0
02/25/06 06:30,0.0
02/25/06 06:35,0.0
02/25/06 06:40,0.0
02/25/06 06:45,0.0
02/25/06 06:50,0.0
02/25/06 06:55,0.0
02/25/06 07:00,0.0
02/25/06 07:05,0.0
02/25/06 07:10,0.0
02/25/06 07:15,0.0
02/25/06 07:20,0.0
02/25/06 07:25,0.0
02/25/06 07:30,0.0
02/25/06 07:35,0.0
02/25/06 07:40,0.1
02/25/06 07:45,0.2
02/25/06 07:50,0.3
02/25/06 07:55,0.4
02/25/06 08:00,0.5
02/25/06 08:05,0.6
02/25/06 08:10,0.8
02/25/06 08:15,0.9
02/25/06 08:20,1.1
02/25/06 08:25,1.2
02/25/06 08:30,1.3
02/25/06 08:35,1.4
02/25/06 08:40,1.5
02/25/06 08:45,1.3
02/25/06 08:50,1.3
02/25/06 08:55,1.3
02/25/06 09:00,1.4
02/25/06 09:05,1.6
02/25/06 09:10,1.9
02/25/06 09:15,1.9
02/25/06 09:20,2.0
02/25/06 09:25,2.2
02/25/06 09:30,2.4
02/25/06 09:35,2.5
02/25/06 09:40,2.1
02/25/06 09:45,2.0
02/25/06 09:50,2.4
02/25/06 09:55,2.5
02/25/06 10:00,2.4
02/25/06 10:05,2.4
02/25/06 10:10,2.7
02/25/06 10:15,3.1
02/25/06 10:20,2.8
02/25/06 10:25,1.9
02/25/06 10:30,1.1
02/25/06 10:35,0.4
02/25/06 10:40,0.1
02/25/06 10:45,0.1
02/25/06 10:50,0.1
02/25/06 10:55,0.1
02/25/06 11:00,0.1
02/25/06 11:05,0.3
02/25/06 11:10,0.6
02/25/06 11:15,1.0
02/25/06 11:20,1.8
02/25/06 11:25,2.3
02/25/06 11:30,2.7
02/25/06 11:35,2.8
02/25/06 11:40,2.9
02/25/06 11:45,2.7
02/25/06 11:50,2.6
02/25/06 11:55,2.6
02/25/06 12:00,2.9
02/25/06 12:05,3.4
02/25/06 12:10,3.5
02/25/06 12:15,3.6
02/25/06 12:20,3.7
02/25/06 12:25,3.7
02/25/06 12:30,3.9
02/25/06 12:35,3.9
02/25/06 12:40,3.8
02/25/06 12:45,3.7
02/25/06 12:50,3.7
02/25/06 12:55,3.7
02/25/06 13:00,3.6
02/25/06 13:05,3.1
02/25/06 13:10,3.2
02/25/06 13:15,3.5
02/25/06 13:20,3.7
02/25/06 13:25,3.8
02/25/06 13:30,4.0
02/25/06 13:35,4.1
02/25/06 13:40,4.2
02/25/06 13:45,4.2
02/25/06 13:50,4.2
02/25/06 13:55,4.3
02/25/06 14:00,4.5
02/25/06 14:05,4.6
02/25/06 14:10,4.6
02/25/06 14:15,4.0
02/25/06 14:20,2.6
02/25/06 14:25,1.7
02/25/06 14:30,1.3
02/25/06 14:35,0.7
02/25/06 14:40,0.4
02/25/06 14:45,0.4
02/25/06 14:50,0.4
02/25/06 14:55,0.3
02/25/06 15:00,0.2
02/25/06 15:05,0.1
02/25/06 15:10,0.0
02/25/06 15:15,0.0
02/25/06 15:20,0.1
02/25/06 15:25,0.2
02/25/06 15:30,0.2
02/25/06 15:35,0.2
02/25/06 15:40,0.3
02/25/06 15:45,0.3
02/25/06 15:50,0.4
02/25/06 15:55,0.3
02/25/06 16:00,0.3
02/25/06 16:05,0.3
02/25/06 16:10,0.3
02/25/06 16:15,0.2
02/25/06 16:20,0.1
02/25/06 16:25,0.1
02/25/06 16:30,0.0
02/25/06 16:35,0.0
02/25/06 16:40,0.0
02/25/06 16:45,0.0
02/25/06 16:50,0.0
02/25/06 16:55,0.0
02/25/06 17:00,0.0
02/25/06 17:05,0.0
02/25/06 17:10,0.0
02/25/06 17:15,0.0
02/25/06 17:20,0.0
02/25/06 17:25,0.0
02/25/06 17:30,0.0
02/25/06 17:35,0.0
02/25/06 17:40,0.0
02/25/06 17:45,0.0
02/25/06 17:50,0.0
02/25/06 17:55,0.0
02/25/06 18:00,0.0
02/25/06 18:05,0.0
02/25/06 18:10,0.0
02/25/06 18:15,0.0
02/25/06 18:20,0.0
02/25/06 18:25,0.0
02/25/06 18:30,0.0
02/25/06 18:35,0.0
02/25/06 18:40,0.0
02/25/06 18:45,0.0
02/25/06 18:50,0.0
02/25/06 18:55,0.0
02/25/06 19:00,0.0
02/25/06 19:05,0.0
02/25/06 19:10,0.0
02/25/06 19:15,0.0
02/25/06 19:20,0.0
02/25/06 19:25,0.0
02/25/06 19:30,0.0
02/25/06 19:35,0.0
02/25/06 19:40,0.0
02/25/06 19:45,0.0
02/25/06 19:50,0.0
02/25/06 19:55,0.0
02/25/06 20:00,0.0
02/25/06 20:05,0.0
02/25/06 20:10,0.0
02/25/06 20:15,0.0
02/25/06 20:20,0.0
02/25/06 20:25,0.0
02/25/06 20:30,0.0
02/25/06 20:35,0.0
02/25/06 20:40,0.0
02/25/06 20:45,0.0
02/25/06 20:50,0.0
02/25/06 20:55,0.0
02/25/06 21:00,0.0
02/25/06 21:05,0.0
02/25/06 21:10,0.0
02/25/06 21:15,0.0
02/25/06 21:20,0.0
02/25/06 21:25,0.0
02/25/06 21:30,0.0
02/25/06 21:35,0.0
02/25/06 21:40,0.0
02/25/06 21:45,0.0
02/25/06 21:50,0.0
02/25/06 21:55,0.0
02/25/06 22:00,0.0
02/25/06 22:05,0.0
02/25/06 22:10,0.0
02/25/06 22:15,0.0
02/25/06 22:20,0.0
02/25/06 22:25,0.0
02/25/06 22:30,0.0
02/25/06 22:35,0.0
02/25/06 22:40,0.0
02/25/06 22:45,0.0
02/25/06 22:50,0.0
02/25/06 22:55,0.0
02/25/06 23:00,0.0
02/25/06 23:05,0.0
02/25/06 23:10,0.0
02/25/06 23:15,0.0
02/25/06 23:20,0.0
02/25/06 23:25,0.0
02/25/06 23:30,0.0
02/25/06 23:35,0.0
02/25/06 23:40,0.0
02/25/06 23:45,0.0
02/25/06 23:50,0.0
02/25/06 23:55,0.0
02/26/06 00:00,0.0
02/26/06 00:05,0.0
02/26/06 00:10,0.0
02/26/06 00:15,0.0
02/26/06 00:20,0.0
02/26/06 00:25,0.0
02/26/06 00:30,0.0
02/26/06 00:35,0.0
02/26/06 00:40,0.0
02/26/06 00:45,0.0
02/26/06 00:50,0.0
02/26/06 00:55,0.0
02/26/06 01:00,0.0
02/26/06 01:05,0.0
02/26/06 01:10,0.0
02/26/06 01:15,0.0
02/26/06 01:20,0.0
02/26/06 01:25,0.0
02/26/06 01:30,0.0
02/26/06 01:35,0.0
02/26/06 01:40,0.0
02/26/06 01:45,0.0
02/26/06 01:50,0.0
02/26/06 01:55,0.0
02/26/06 02:00,0.0
02/26/06 02:05,0.0
02/26/06 02:10,0.0
02/26/06 02:15,0.0
02/26/06 02:20,0.0
02/26/06 02:25,0.0
02/26/06 02:30,0.0
02/26/06 02:35,0.0
02/26/06 02:40,0.0
02/26/06 02:45,0.0
02/26/06 02:50,0.0
02/26/06 02:55,0.0
02/26/06 03:00,0.0
02/26/06 03:05,0.0
02/26/06 03:10,0.0
02/26/06 03:15,0.0
02/26/06 03:20,0.0
02/26/06 03:25,0.0
02/26/06 03:30,0.0
02/26/06 03:35,0.0
02/26/06 03:40,0.0
02/26/06 03:45,0.0
02/26/06 03:50,0.0
02/26/06 03:55,0.0
02/26/06 04:00,0.0
02/26/06 04:05,0.0
02/26/06 04:10,0.0
02/26/06 04:15,0.0
02/26/06 04:20,0.0
02/26/06 04:25,0.0
02/26/06 04:30,0.0
02/26/06 04:35,0.0
02/26/06 04:40,0.0
02/26/06 04:45,0.0
02/26/06 04:50,0.0
02/26/06 04:55,0.0
02/26/06 05:00,0.0
02/26/06 05:05,0.0
02/26/06 05:10,0.0
02/26/06 05:15,0.0
02/26/06 05:20,0.0
02/26/06 05:25,0.0
02/26/06 05:30,0.0
02/26/06 05:35,0.0
02/26/06 05:40,0.0
02/26/06 05:45,0.0
02/26/06 05:50,0.0
02/26/06 05:55,0.0
02/26/06 06:00,0.0
02/26/06 06:05,0.0
02/26/06 06:10,0.0
02/26/06 06:15,0.0
02/26/06 06:20,0.0
02/26/06 06:25,0.0
02/26/06 06:30,0.0
02/26/06 06:35,0.0
02/26/06 06:40,0.0
02/26/06 06:45,0.0
02/26/06 06:50,0.0
02/26/06 06:55,0.0
02/26/06 07:00,0.0
02/26/06 07:05,0.1
02/26/06 07:10,0.4
02/26/06 07:15,1.4
02/26/06 07:20,3.7
02/26/06 07:25,4.7
02/26/06 07:30,5.6
02/26/06 07:35,6.5
02/26/06 07:40,7.4
02/26/06 07:45,8.3
02/26/06 07:50,9.3
02/26/06 07:55,10.3
02/26/06 08:00,11.2
02/26/06 08:05,12.1
02/26/06 08:10,13.0
02/26/06 08:15,13.6
02/26/06 08:20,14.2
02/26/06 08:25,14.8
02/26/06 08:30,15.5
02/26/06 08:35,16.1
02/26/06 08:40,16.7
02/26/06 08:45,17.5
02/26/06 08:50,18.4
02/26/06 08:55,19.3
02/26/06 09:00,20.1
02/26/06 09:05,20.8
02/26/06 09:10,21.5
02/26/06 09:15,21.7
02/26/06 09:20,21.8
02/26/06 09:25,21.9
02/26/06 09:30,22.0
02/26/06 09:35,22.2
02/26/06 09:40,22.4
02/26/06 09:45,22.5
02/26/06 09:50,22.6
02/26/06 09:55,22.8
02/26/06 10:00,23.0
02/26/06 10:05,23.2
02/26/06 10:10,23.6
02/26/06 10:15,24.3
02/26/06 10:20,25.3
02/26/06 10:25,26.0
02/26/06 10:30,26.5
02/26/06 10:35,26.9
02/26/06 10:40,27.1
02/26/06 10:45,27.2
02/26/06 10:50,27.4
02/26/06 10:55,27.6
02/26/06 11:00,27.8
02/26/06 11:05,28.2
02/26/06 11:10,28.4
02/26/06 11:15,28.5
02/26/06 11:20,28.6
02/26/06 11:25,28.7
02/26/06 11:30,28.9
02/26/06 11:35,29.1
02/26/06 11:40,29.1
02/26/06 11:45,28.9
02/26/06 11:50,28.5
02/26/06 11:55,28.2
02/26/06 12:00,28.1
02/26/06 12:05,28.0
02/26/06 12:10,27.9
02/26/06 12:15,28.1
02/26/06 12:20,28.2
02/26/06 12:25,28.3
02/26/06 12:30,28.4
02/26/06 12:35,28.4
02/26/06 12:40,28.4
02/26/06 12:45,28.4
02/26/06 12:50,28.4
02/26/06 12:55,28.5
02/26/06 13:00,28.6
02/26/06 13:05,28.7
02/26/06 13:10,28.8
02/26/06 13:15,28.4
02/26/06 13:20,27.6
02/26/06 13:25,26.9
02/26/06 13:30,26.4
02/26/06 13:35,26.0
02/26/06 13:40,25.5
02/26/06 13:45,25.2
02/26/06 13:50,24.7
02/26/06 13:55,24.3
02/26/06 14:00,24.0
02/26/06 14:05,23.7
02/26/06 14:10,23.4
02/26/06 14:15,23.2
02/26/06 14:20,23.1
02/26/06 14:25,22.7
02/26/06 14:30,22.2
02/26/06 14:35,21.7
02/26/06 14:40,21.2
02/26/06 14:45,20.8
02/26/06 14:50,20.4
02/26/06 14:55,19.9
02/26/06 15:00,19.2
02/26/06 15:05,18.6
02/26/06 15:10,17.8
02/26/06 15:15,17.4
02/26/06 15:20,17.0
02/26/06 15:25,16.5
02/26/06 15:30,16.0
02/26/06 15:35,15.4
02/26/06 15:40,14.8
02/26/06 15:45,14.3
02/26/06 15:50,13.7
02/26/06 15:55,13.0
02/26/06 16:00,12.3
02/26/06 16:05,11.5
02/26/06 16:10,10.7
02/26/06 16:15,9.8
02/26/06 16:20,8.9
02/26/06 16:25,8.0
02/26/06 16:30,7.2
02/26/06 16:35,6.4
02/26/06 16:40,5.7
02/26/06 16:45,5.0
02/26/06 16:50,4.3
02/26/06 16:55,3.6
02/26/06 17:00,1.9
02/26/06 17:05,1.0
02/26/06 17:10,0.4
02/26/06 17:15,0.2
02/26/06 17:20,0.0
02/26/06 17:25,0.0
02/26/06 17:30,0.0
02/26/06 17:35,0.0
02/26/06 17:40,0.0
02/26/06 17:45,0.0
02/26/06 17:50,0.0
02/26/06 17:55,0.0
02/26/06 18:00,0.0
02/26/06 18:05,0.0
02/26/06 18:10,0.0
02/26/06 18:15,0.0
02/26/06 18:20,0.0
02/26/06 18:25,0.0
02/26/06 18:30,0.0
02/26/06 18:35,0.0
02/26/06 18:40,0.0
02/26/06 18:45,0.0
02/26/06 18:50,0.0
02/26/06 18:55,0.0
02/26/06 19:00,0.0
02/26/06 19:05,0.0
02/26/06 19:10,0.0
02/26/06 19:15,0.0
02/26/06 19:20,0.0
02/26/06 19:25,0.0
02/26/06 19:30,0.0
02/26/06 19:35,0.0
02/26/06 19:40,0.0
02/26/06 19:45,0.0
02/26/06 19:50,0.0
02/26/06 19:55,0.0
02/26/06 20:00,0.0
02/26/06 20:05,0.0
02/26/06 20:10,0.0
02/26/06 20:15,0.0
02/26/06 20:20,0.0
02/26/06 20:25,0.0
02/26/06 20:30,0.0
02/26/06 20:35,0.0
02/26/06 20:40,0.0
02/26/06 20:45,0.0
02/26/06 20:50,0.0
02/26/06 20:55,0.0
02/26/06 21:00,0.0
02/26/06 21:05,0.0
02/26/06 21:10,0.0
02/26/06 21:15,0.0
02/26/06 21:20,0.0
02/26/06 21:25,0.0
02/26/06 21:30,0.0
02/26/06 21:35,0.0
02/26/06 21:40,0.0
02/26/06 21:45,0.0
02/26/06 21:50,0.0
02/26/06 21:55,0.0
02/26/06 22:00,0.0
02/26/06 22:05,0.0
02/26/06 22:10,0.0
02/26/06 22:15,0.0
02/26/06 22:20,0.0
02/26/06 22:25,0.0
02/26/06 22:30,0.0
02/26/06 22:35,0.0
02/26/06 22:40,0.0
02/26/06 22:45,0.0
02/26/06 22:50,0.0
02/26/06 22:55,0.0
02/26/06 23:00,0.0
02/26/06 23:05,0.0
02/26/06 23:10,0.0
02/26/06 23:15,0.0
02/26/06 23:20,0.0
02/26/06 23:25,0.0
02/26/06 23:30,0.0
02/26/06 23:35,0.0
02/26/06 23:40,0.0
02/26/06 23:45,0.0
02/26/06 23:50,0.0
02/26/06 23:55,0.0
02/27/06 00:00,0.0
02/27/06 00:05,0.0
02/27/06 00:10,0.0
02/27/06 00:15,0.0
02/27/06 00:20,0.0
02/27/06 00:25,0.0
02/27/06 00:30,0.0
02/27/06 00:35,0.0
02/27/06 00:40,0.0
02/27/06 00:45,0.0
02/27/06 00:50,0.0
02/27/06 00:55,0.0
02/27/06 01:00,0.0
02/27/06 01:05,0.0
02/27/06 01:10,0.0
02/27/06 01:15,0.0
02/27/06 01:20,0.0
02/27/06 01:25,0.0
02/27/06 01:30,0.0
02/27/06 01:35,0.0
02/27/06 01:40,0.0
02/27/06 01:45,0.0
02/27/06 01:50,0.0
02/27/06 01:55,0.0
02/27/06 02:00,0.0
02/27/06 02:05,0.0
02/27/06 02:10,0.0
02/27/06 02:15,0.0
02/27/06 02:20,0.0
02/27/06 02:25,0.0
02/27/06 02:30,0.0
02/27/06 02:35,0.0
02/27/06 02:40,0.0
02/27/06 02:45,0.0
02/27/06 02:50,0.0
02/27/06 02:55,0.0
02/27/06 03:00,0.0
02/27/06 03:05,0.0
02/27/06 03:10,0.0
02/27/06 03:15,0.0
02/27/06 03:20,0.0
02/27/06 03:25,0.0
02/27/06 03:30,0.0
02/27/06 03:35,0.0
02/27/06 03:40,0.0
02/27/06 03:45,0.0
02/27/06 03:50,0.0
02/27/06 03:55,0.0
02/27/06 04:00,0.0
02/27/06 04:05,0.0
02/27/06 04:10,0.0
02/27/06 04:15,0.0
02/27/06 04:20,0.0
02/27/06 04:25,0.0
02/27/06 04:30,0.0
02/27/06 04:35,0.0
02/27/06 04:40,0.0
02/27/06 04:45,0.0
02/27/06 04:50,0.0
02/27/06 04:55,0.0
02/27/06 05:00,0.0
02/27/06 05:05,0.0
02/27/06 05:10,0.0
02/27/06 05:15,0.0
02/27/06 05:20,0.0
02/27/06 05:25,0.0
02/27/06 05:30,0.0
02/27/06 05:35,0.0
02/27/06 05:40,0.0
02/27/06 05:45,0.0
02/27/06 05:50,0.0
02/27/06 05:55,0.0
02/27/06 06:00,0.0
02/27/06 06:05,0.0
02/27/06 06:10,0.0
02/27/06 06:15,0.0
02/27/06 06:20,0.0
02/27/06 06:25,0.0
02/27/06 06:30,0.0
02/27/06 06:35,0.0
02/27/06 06:40,0.0
02/27/06 06:45,0.0
02/27/06 06:50,0.0
02/27/06 06:55,0.0
02/27/06 07:00,0.1
02/27/06 07:05,0.5
02/27/06 07:10,1.6
02/27/06 07:15,3.8
02/27/06 07:20,4.6
02/27/06 07:25,5.3
02/27/06 07:30,6.0
02/27/06 07:35,6.7
02/27/06 07:40,7.4
02/27/06 07:45,8.1
02/27/06 07:50,8.8
02/27/06 07:55,9.6
02/27/06 08:00,10.4
02/27/06 08:05,11.5
02/27/06 08:10,12.4
02/27/06 08:15,13.2
02/27/06 08:20,13.7
02/27/06 08:25,14.3
02/27/06 08:30,14.8
02/27/06 08:35,15.4
02/27/06 08:40,16.0
02/27/06 08:45,16.6
02/27/06 08:50,17.1
02/27/06 08:55,17.6
02/27/06 09:00,18.0
02/27/06 09:05,18.2
02/27/06 09:10,18.5
02/27/06 09:15,19.1
02/27/06 09:20,20.0
02/27/06 09:25,20.6
02/27/06 09:30,21.0
02/27/06 09:35,21.4
02/27/06 09:40,21.9
02/27/06 09:45,22.4
02/27/06 09:50,22.8
02/27/06 09:55,23.2
02/27/06 10:00,23.7
02/27/06 10:05,24.2
02/27/06 10:10,24.6
02/27/06 10:15,24.9
02/27/06 10:20,25.2
02/27/06 10:25,25.5
02/27/06 10:30,25.8
02/27/06 10:35,26.1
02/27/06 10:40,26.4
02/27/06 10:45,26.8
02/27/06 10:50,27.0
02/27/06 10:55,27.0
02/27/06 11:00,27.1
02/27/06 11:05,27.1
02/27/06 11:10,27.1
02/27/06 11:15,27.1
02/27/06 11:20,27.2
02/27/06 11:25,27.3
02/27/06 11:30,27.3
02/27/06 11:35,27.3
02/27/06 11:40,27.3
02/27/06 11:45,27.4
02/27/06 11:50,27.5
02/27/06 11:55,27.5
02/27/06 12:00,27.5
02/27/06 12:05,27.5
02/27/06 12:10,27.5
02/27/06 12:15,27.5
02/27/06 12:20,27.6
02/27/06 12:25,27.6
02/27/06 12:30,27.7
02/27/06 12:35,27.7
02/27/06 12:40,27.6
02/27/06 12:45,27.5
02/27/06 12:50,27.5
02/27/06 12:55,27.3
02/27/06 13:00,27.2
02/27/06 13:05,27.0
02/27/06 13:10,26.9
02/27/06 13:15,26.7
02/27/06 13:20,26.3
02/27/06 13:25,26.0
02/27/06 13:30,25.6
02/27/06 13:35,25.2
02/27/06 13:40,24.8
02/27/06 13:45,24.6
02/27/06 13:50,24.5
02/27/06 13:55,24.3
02/27/06 14:00,24.4
02/27/06 14:05,24.2
02/27/06 14:10,23.9
02/27/06 14:15,23.5
02/27/06 14:20,23.2
02/27/06 14:25,22.9
02/27/06 14:30,22.6
02/27/06 14:35,22.1
02/27/06 14:40,21.7
02/27/06 14:45,21.4
02/27/06 14:50,21.0
02/27/06 14:55,20.7
02/27/06 15:00,20.3
02/27/06 15:05,19.7
02/27/06 15:10,19.1
02/27/06 15:15,18.4
02/27/06 15:20,17.6
02/27/06 15:25,16.8
02/27/06 15:30,15.9
02/27/06 15:35,15.1
02/27/06 15:40,14.3
02/27/06 15:45,13.7
02/27/06 15:50,13.0
02/27/06 15:55,12.3
02/27/06 16:00,11.5
02/27/06 16:05,10.8
02/27/06 16:10,9.9
02/27/06 16:15,9.0
02/27/06 16:20,8.2
02/27/06 16:25,7.5
02/27/06 16:30,6.7
02/27/06 16:35,6.0
02/27/06 16:40,5.4
02/27/06 16:45,4.7
02/27/06 16:50,4.2
02/27/06 16:55,3.5
02/27/06 17:00,2.0
02/27/06 17:05,1.0
02/27/06 17:10,0.5
02/27/06 17:15,0.2
02/27/06 17:20,0.1
02/27/06 17:25,0.0
02/27/06 17:30,0.0
02/27/06 17:35,0.0
02/27/06 17:40,0.0
02/27/06 17:45,0.0
02/27/06 17:50,0.0
02/27/06 17:55,0.0
02/27/06 18:00,0.0
02/27/06 18:05,0.0
02/27/06 18:10,0.0
02/27/06 18:15,0.0
02/27/06 18:20,0.0
02/27/06 18:25,0.0
02/27/06 18:30,0.0
02/27/06 18:35,0.0
02/27/06 18:40,0.0
02/27/06 18:45,0.0
02/27/06 18:50,0.0
02/27/06 18:55,0.0
02/27/06 19:00,0.0
02/27/06 19:05,0.0
02/27/06 19:10,0.0
02/27/06 19:15,0.0
02/27/06 19:20,0.0
02/27/06 19:25,0.0
02/27/06 19:30,0.0
02/27/06 19:35,0.0
02/27/06 19:40,0.0
02/27/06 19:45,0.0
02/27/06 19:50,0.0
02/27/06 19:55,0.0
02/27/06 20:00,0.0
02/27/06 20:05,0.0
02/27/06 20:10,0.0
02/27/06 20:15,0.0
02/27/06 20:20,0.0
02/27/06 20:25,0.0
02/27/06 20:30,0.0
02/27/06 20:35,0.0
02/27/06 20:40,0.0
02/27/06 20:45,0.0
02/27/06 20:50,0.0
02/27/06 20:55,0.0
02/27/06 21:00,0.0
02/27/06 21:05,0.0
02/27/06 21:10,0.0
02/27/06 21:15,0.0
02/27/06 21:20,0.0
02/27/06 21:25,0.0
02/27/06 21:30,0.0
02/27/06 21:35,0.0
02/27/06 21:40,0.0
02/27/06 21:45,0.0
02/27/06 21:50,0.0
02/27/06 21:55,0.0
02/27/06 22:00,0.0
02/27/06 22:05,0.0
02/27/06 22:10,0.0
02/27/06 22:15,0.0
02/27/06 22:20,0.0
02/27/06 22:25,0.0
02/27/06 22:30,0.0
02/27/06 22:35,0.0
02/27/06 22:40,0.0
02/27/06 22:45,0.0
02/27/06 22:50,0.0
02/27/06 22:55,0.0
02/27/06 23:00,0.0
02/27/06 23:05,0.0
02/27/06 23:10,0.0
02/27/06 23:15,0.0
02/27/06 23:20,0.0
02/27/06 23:25,0.0
02/27/06 23:30,0.0
02/27/06 23:35,0.0
02/27/06 23:40,0.0
02/27/06 23:45,0.0
02/27/06 23:50,0.0
02/27/06 23:55,0.0
02/28/06 00:00,0.0
02/28/06 00:05,0.0
02/28/06 00:10,0.0
02/28/06 00:15,0.0
02/28/06 00:20,0.0
02/28/06 00:25,0.0
02/28/06 00:30,0.0
02/28/06 00:35,0.0
02/28/06 00:40,0.0
02/28/06 00:45,0.0
02/28/06 00:50,0.0
02/28/06 00:55,0.0
02/28/06 01:00,0.0
02/28/06 01:05,0.0
02/28/06 01:10,0.0
02/28/06 01:15,0.0
02/28/06 01:20,0.0
02/28/06 01:25,0.0
02/28/06 01:30,0.0
02/28/06 01:35,0.0
02/28/06 01:40,0.0
02/28/06 01:45,0.0
02/28/06 01:50,0.0
02/28/06 01:55,0.0
02/28/06 02:00,0.0
02/28/06 02:05,0.0
02/28/06 02:10,0.0
02/28/06 02:15,0.0
02/28/06 02:20,0.0
02/28/06 02:25,0.0
02/28/06 02:30,0.0
02/28/06 02:35,0.0
02/28/06 02:40,0.0
02/28/06 02:45,0.0
02/28/06 02:50,0.0
02/28/06 02:55,0.0
02/28/06 03:00,0.0
02/28/06 03:05,0.0
02/28/06 03:10,0.0
02/28/06 03:15,0.0
02/28/06 03:20,0.0
02/28/06 03:25,0.0
02/28/06 03:30,0.0
02/28/06 03:35,0.0
02/28/06 03:40,0.0
02/28/06 03:45,0.0
02/28/06 03:50,0.0
02/28/06 03:55,0.0
02/28/06 04:00,0.0
02/28/06 04:05,0.0
02/28/06 04:10,0.0
02/28/06 04:15,0.0
02/28/06 04:20,0.0
02/28/06 04:25,0.0
02/28/06 04:30,0.0
02/28/06 04:35,0.0
02/28/06 04:40,0.0
02/28/06 04:45,0.0
02/28/06 04:50,0.0
02/28/06 04:55,0.0
02/28/06 05:00,0.0
02/28/06 05:05,0.0
02/28/06 05:10,0.0
02/28/06 05:15,0.0
02/28/06 05:20,0.0
02/28/06 05:25,0.0
02/28/06 05:30,0.0
02/28/06 05:35,0.0
02/28/06 05:40,0.0
02/28/06 05:45,0.0
02/28/06 05:50,0.0
02/28/06 05:55,0.0
02/28/06 06:00,0.0
02/28/06 06:05,0.0
02/28/06 06:10,0.0
02/28/06 06:15,0.0
02/28/06 06:20,0.0
02/28/06 06:25,0.0
02/28/06 06:30,0.0
02/28/06 06:35,0.0
02/28/06 06:40,0.0
02/28/06 06:45,0.0
02/28/06 06:50,0.0
02/28/06 06:55,0.0
02/28/06 07:00,0.1
02/28/06 07:05,0.4
02/28/06 07:10,1.4
02/28/06 07:15,3.5
02/28/06 07:20,4.4
02/28/06 07:25,5.1
02/28/06 07:30,5.9
02/28/06 07:35,6.6
02/28/06 07:40,7.4
02/28/06 07:45,8.1
02/28/06 07:50,8.9
02/28/06 07:55,9.7
02/28/06 08:00,10.4
02/28/06 08:05,11.1
02/28/06 08:10,11.8
02/28/06 08:15,12.5
02/28/06 08:20,13.2
02/28/06 08:25,13.7
02/28/06 08:30,14.3
02/28/06 08:35,14.8
02/28/06 08:40,15.3
02/28/06 08:45,15.8
02/28/06 08:50,16.2
02/28/06 08:55,16.7
02/28/06 09:00,17.3
02/28/06 09:05,18.0
02/28/06 09:10,18.8
02/28/06 09:15,19.5
02/28/06 09:20,20.1
02/28/06 09:25,20.5
02/28/06 09:30,21.0
02/28/06 09:35,21.5
02/28/06 09:40,21.9
02/28/06 09:45,22.2
02/28/06 09:50,22.4
02/28/06 09:55,22.6
02/28/06 10:00,22.8
02/28/06 10:05,23.1
02/28/06 10:10,23.5
02/28/06 10:15,24.0
02/28/06 10:20,24.8
02/28/06 10:25,25.4
02/28/06 10:30,25.9
02/28/06 10:35,26.3
02/28/06 10:40,26.5
02/28/06 10:45,26.6
02/28/06 10:50,26.7
02/28/06 10:55,26.8
02/28/06 11:00,27.0
02/28/06 11:05,27.1
02/28/06 11:10,27.3
02/28/06 11:15,27.5
02/28/06 11:20,27.5
02/28/06 11:25,27.4
02/28/06 11:30,27.3
02/28/06 11:35,27.3
02/28/06 11:40,27.3
02/28/06 11:45,27.4
02/28/06 11:50,27.6
02/28/06 11:55,27.8
02/28/06 12:00,28.1
02/28/06 12:05,28.4
02/28/06 12:10,28.6
02/28/06 12:15,28.5
02/28/06 12:20,28.3
02/28/06 12:25,28.2
02/28/06 12:30,28.1
02/28/06 12:35,28.1
02/28/06 12:40,28.1
02/28/06 12:45,28.1
02/28/06 12:50,28.1
02/28/06 12:55,27.9
02/28/06 13:00,27.8
02/28/06 13:05,28.0
02/28/06 13:10,28.1
02/28/06 13:15,27.7
02/28/06 13:20,27.2
02/28/06 13:25,26.7
02/28/06 13:30,26.7
02/28/06 13:35,26.6
02/28/06 13:40,26.5
02/28/06 13:45,26.3
02/28/06 13:50,26.1
02/28/06 13:55,25.9
02/28/06 14:00,25.7
02/28/06 14:05,25.5
02/28/06 14:10,25.4
02/28/06 14:15,24.7
02/28/06 14:20,23.8
02/28/06 14:25,22.9
02/28/06 14:30,21.9
02/28/06 14:35,21.3
02/28/06 14:40,20.6
02/28/06 14:45,20.0
02/28/06 14:50,19.4
02/28/06 14:55,18.7
02/28/06 15:00,17.9
02/28/06 15:05,17.1
02/28/06 15:10,16.3
02/28/06 15:15,16.0
02/28/06 15:20,16.1
02/28/06 15:25,15.9
02/28/06 15:30,15.6
02/28/06 15:35,15.1
02/28/06 15:40,14.5
02/28/06 15:45,13.9
02/28/06 15:50,13.3
02/28/06 15:55,12.7
02/28/06 16:00,12.0
02/28/06 16:05,11.2
02/28/06 16:10,10.5
02/28/06 16:15,9.6
02/28/06 16:20,8.8
02/28/06 16:25,8.0
02/28/06 16:30,7.2
02/28/06 16:35,6.5
02/28/06 16:40,5.8
02/28/06 16:45,5.2
02/28/06 16:50,4.6
02/28/06 16:55,4.0
02/28/06 17:00,2.9
02/28/06 17:05,1.5
02/28/06 17:10,0.7
02/28/06 17:15,0.3
02/28/06 17:20,0.1
02/28/06 17:25,0.0
02/28/06 17:30,0.0
02/28/06 17:35,0.0
02/28/06 17:40,0.0
02/28/06 17:45,0.0
02/28/06 17:50,0.0
02/28/06 17:55,0.0
02/28/06 18:00,0.0
02/28/06 18:05,0.0
02/28/06 18:10,0.0
02/28/06 18:15,0.0
02/28/06 18:20,0.0
02/28/06 18:25,0.0
02/28/06 18:30,0.0
02/28/06 18:35,0.0
02/28/06 18:40,0.0
02/28/06 18:45,0.0
02/28/06 18:50,0.0
02/28/06 18:55,0.0
02/28/06 19:00,0.0
02/28/06 19:05,0.0
02/28/06 19:10,0.0
02/28/06 19:15,0.0
02/28/06 19:20,0.0
02/28/06 19:25,0.0
02/28/06 19:30,0.0
02/28/06 19:35,0.0
02/28/06 19:40,0.0
02/28/06 19:45,0.0
02/28/06 19:50,0.0
02/28/06 19:55,0.0
02/28/06 20:00,0.0
02/28/06 20:05,0.0
02/28/06 20:10,0.0
02/28/06 20:15,0.0
02/28/06 20:20,0.0
02/28/06 20:25,0.0
02/28/06 20:30,0.0
02/28/06 20:35,0.0
02/28/06 20:40,0.0
02/28/06 20:45,0.0
02/28/06 20:50,0.0
02/28/06 20:55,0.0
02/28/06 21:00,0.0
02/28/06 21:05,0.0
02/28/06 21:10,0.0
02/28/06 21:15,0.0
02/28/06 21:20,0.0
02/28/06 21:25,0.0
02/28/06 21:30,0.0
02/28/06 21:35,0.0
02/28/06 21:40,0.0
02/28/06 21:45,0.0
02/28/06 21:50,0.0
02/28/06 21:55,0.0
02/28/06 22:00,0.0
02/28/06 22:05,0.0
02/28/06 22:10,0.0
02/28/06 22:15,0.0
02/28/06 22:20,0.0
02/28/06 22:25,0.0
02/28/06 22:30,0.0
02/28/06 22:35,0.0
02/28/06 22:40,0.0
02/28/06 22:45,0.0
02/28/06 22:50,0.0
02/28/06 22:55,0.0
02/28/06 23:00,0.0
02/28/06 23:05,0.0
02/28/06 23:10,0.0
02/28/06 23:15,0.0
02/28/06 23:20,0.0
02/28/06 23:25,0.0
02/28/06 23:30,0.0
02/28/06 23:35,0.0
02/28/06 23:40,0.0
02/28/06 23:45,0.0
02/28/06 23:50,0.0
02/28/06 23:55,0.0
03/01/06 00:00,0.0
03/01/06 00:05,0.0
03/01/06 00:10,0.0
03/01/06 00:15,0.0
03/01/06 00:20,0.0
03/01/06 00:25,0.0
03/01/06 00:30,0.0
03/01/06 00:35,0.0
03/01/06 00:40,0.0
03/01/06 00:45,0.0
03/01/06 00:50,0.0
03/01/06 00:55,0.0
03/01/06 01:00,0.0
03/01/06 01:05,0.0
03/01/06 01:10,0.0
03/01/06 01:15,0.0
03/01/06 01:20,0.0
03/01/06 01:25,0.0
03/01/06 01:30,0.0
03/01/06 01:35,0.0
03/01/06 01:40,0.0
03/01/06 01:45,0.0
03/01/06 01:50,0.0
03/01/06 01:55,0.0
03/01/06 02:00,0.0
03/01/06 02:05,0.0
03/01/06 02:10,0.0
03/01/06 02:15,0.0
03/01/06 02:20,0.0
03/01/06 02:25,0.0
03/01/06 02:30,0.0
03/01/06 02:35,0.0
03/01/06 02:40,0.0
03/01/06 02:45,0.0
03/01/06 02:50,0.0
03/01/06 02:55,0.0
03/01/06 03:00,0.0
03/01/06 03:05,0.0
03/01/06 03:10,0.0
03/01/06 03:15,0.0
03/01/06 03:20,0.0
03/01/06 03:25,0.0
03/01/06 03:30,0.0
03/01/06 03:35,0.0
03/01/06 03:40,0.0
03/01/06 03:45,0.0
03/01/06 03:50,0.0
03/01/06 03:55,0.0
03/01/06 04:00,0.0
03/01/06 04:05,0.0
03/01/06 04:10,0.0
03/01/06 04:15,0.0
03/01/06 04:20,0.0
03/01/06 04:25,0.0
03/01/06 04:30,0.0
03/01/06 04:35,0.0
03/01/06 04:40,0.0
03/01/06 04:45,0.0
03/01/06 04:50,0.0
03/01/06 04:55,0.0
03/01/06 05:00,0.0
03/01/06 05:05,0.0
03/01/06 05:10,0.0
03/01/06 05:15,0.0
03/01/06 05:20,0.0
03/01/06 05:25,0.0
03/01/06 05:30,0.0
03/01/06 05:35,0.0
03/01/06 05:40,0.0
03/01/06 05:45,0.0
03/01/06 05:50,0.0
03/01/06 05:55,0.0
03/01/06 06:00,0.0
03/01/06 06:05,0.0
03/01/06 06:10,0.0
03/01/06 06:15,0.0
03/01/06 06:20,0.0
03/01/06 06:25,0.0
03/01/06 06:30,0.0
03/01/06 06:35,0.0
03/01/06 06:40,0.0
03/01/06 06:45,0.0
03/01/06 06:50,0.0
03/01/06 06:55,0.0
03/01/06 07:00,0.1
03/01/06 07:05,0.5
03/01/06 07:10,1.3
03/01/06 07:15,3.5
03/01/06 07:20,4.3
03/01/06 07:25,5.2
03/01/06 07:30,5.9
03/01/06 07:35,6.6
03/01/06 07:40,7.3
03/01/06 07:45,8.0
03/01/06 07:50,8.7
03/01/06 07:55,9.5
03/01/06 08:00,10.3
03/01/06 08:05,11.0
03/01/06 08:10,11.8
03/01/06 08:15,12.5
03/01/06 08:20,13.0
03/01/06 08:25,13.6
03/01/06 08:30,14.3
03/01/06 08:35,15.1
03/01/06 08:40,15.4
03/01/06 08:45,15.0
03/01/06 08:50,14.3
03/01/06 08:55,13.9
03/01/06 09:00,13.5
03/01/06 09:05,13.3
03/01/06 09:10,13.3
03/01/06 09:15,15.0
03/01/06 09:20,17.2
03/01/06 09:25,18.7
03/01/06 09:30,19.8
03/01/06 09:35,20.5
03/01/06 09:40,21.0
03/01/06 09:45,21.5
03/01/06 09:50,21.9
03/01/06 09:55,22.4
03/01/06 10:00,22.9
03/01/06 10:05,23.2
03/01/06 10:10,23.4
03/01/06 10:15,24.3
03/01/06 10:20,25.6
03/01/06 10:25,26.6
03/01/06 10:30,27.2
03/01/06 10:35,27.3
03/01/06 10:40,27.5
03/01/06 10:45,27.8
03/01/06 10:50,27.8
03/01/06 10:55,27.6
03/01/06 11:00,27.4
03/01/06 11:05,27.0
03/01/06 11:10,26.9
03/01/06 11:15,27.1
03/01/06 11:20,27.1
03/01/06 11:25,27.2
03/01/06 11:30,27.3
03/01/06 11:35,27.2
03/01/06 11:40,27.1
03/01/06 11:45,27.1
03/01/06 11:50,27.2
03/01/06 11:55,27.4
03/01/06 12:00,27.4
03/01/06 12:05,27.1
03/01/06 12:10,26.9
03/01/06 12:15,26.8
03/01/06 12:20,27.1
03/01/06 12:25,27.6
03/01/06 12:30,26.9
03/01/06 12:35,25.9
03/01/06 12:40,24.5
03/01/06 12:45,21.9
03/01/06 12:50,18.4
03/01/06 12:55,15.2
03/01/06 13:00,14.9
03/01/06 13:05,13.4
03/01/06 13:10,13.2
03/01/06 13:15,17.0
03/01/06 13:20,17.5
03/01/06 13:25,16.1
03/01/06 13:30,16.7
03/01/06 13:35,19.8
03/01/06 13:40,21.2
03/01/06 13:45,19.8
03/01/06 13:50,17.2
03/01/06 13:55,16.0
03/01/06 14:00,15.1
03/01/06 14:05,15.0
03/01/06 14:10,16.9
03/01/06 14:15,18.7
03/01/06 14:20,19.9
03/01/06 14:25,20.6
03/01/06 14:30,20.8
03/01/06 14:35,20.7
03/01/06 14:40,20.3
03/01/06 14:45,19.8
03/01/06 14:50,19.4
03/01/06 14:55,19.0
03/01/06 15:00,18.7
03/01/06 15:05,18.2
03/01/06 15:10,17.7
03/01/06 15:15,17.1
03/01/06 15:20,16.8
03/01/06 15:25,16.4
03/01/06 15:30,15.8
03/01/06 15:35,15.2
03/01/06 15:40,14.3
03/01/06 15:45,13.4
03/01/06 15:50,12.6
03/01/06 15:55,11.7
03/01/06 16:00,10.8
03/01/06 16:05,10.0
03/01/06 16:10,9.4
03/01/06 16:15,8.7
03/01/06 16:20,8.0
03/01/06 16:25,7.4
03/01/06 16:30,6.8
03/01/06 16:35,6.1
03/01/06 16:40,5.5
03/01/06 16:45,4.9
03/01/06 16:50,4.3
03/01/06 16:55,3.7
03/01/06 17:00,2.3
03/01/06 17:05,1.2
03/01/06 17:10,0.6
03/01/06 17:15,0.2
03/01/06 17:20,0.1
03/01/06 17:25,0.0
03/01/06 17:30,0.0
03/01/06 17:35,0.0
03/01/06 17:40,0.0
03/01/06 17:45,0.0
03/01/06 17:50,0.0
03/01/06 17:55,0.0
03/01/06 18:00,0.0
03/01/06 18:05,0.0
03/01/06 18:10,0.0
03/01/06 18:15,0.0
03/01/06 18:20,0.0
03/01/06 18:25,0.0
03/01/06 18:30,0.0
03/01/06 18:35,0.0
03/01/06 18:40,0.0
03/01/06 18:45,0.0
03/01/06 18:50,0.0
03/01/06 18:55,0.0
03/01/06 19:00,0.0
03/01/06 19:05,0.0
03/01/06 19:10,0.0
03/01/06 19:15,0.0
03/01/06 19:20,0.0
03/01/06 19:25,0.0
03/01/06 19:30,0.0
03/01/06 19:35,0.0
03/01/06 19:40,0.0
03/01/06 19:45,0.0
03/01/06 19:50,0.0
03/01/06 19:55,0.0
03/01/06 20:00,0.0
03/01/06 20:05,0.0
03/01/06 20:10,0.0
03/01/06 20:15,0.0
03/01/06 20:20,0.0
03/01/06 20:25,0.0
03/01/06 20:30,0.0
03/01/06 20:35,0.0
03/01/06 20:40,0.0
03/01/06 20:45,0.0
03/01/06 20:50,0.0
03/01/06 20:55,0.0
03/01/06 21:00,0.0
03/01/06 21:05,0.0
03/01/06 21:10,0.0
03/01/06 21:15,0.0
03/01/06 21:20,0.0
03/01/06 21:25,0.0
03/01/06 21:30,0.0
03/01/06 21:35,0.0
03/01/06 21:40,0.0
03/01/06 21:45,0.0
03/01/06 21:50,0.0
03/01/06 21:55,0.0
03/01/06 22:00,0.0
03/01/06 22:05,0.0
03/01/06 22:10,0.0
03/01/06 22:15,0.0
03/01/06 22:20,0.0
03/01/06 22:25,0.0
03/01/06 22:30,0.0
03/01/06 22:35,0.0
03/01/06 22:40,0.0
03/01/06 22:45,0.0
03/01/06 22:50,0.0
03/01/06 22:55,0.0
03/01/06 23:00,0.0
03/01/06 23:05,0.0
03/01/06 23:10,0.0
03/01/06 23:15,0.0
03/01/06 23:20,0.0
03/01/06 23:25,0.0
03/01/06 23:30,0.0
03/01/06 23:35,0.0
03/01/06 23:40,0.0
03/01/06 23:45,0.0
03/01/06 23:50,0.0
03/01/06 23:55,0.0
03/02/06 00:00,0.0
03/02/06 00:05,0.0
03/02/06 00:10,0.0
03/02/06 00:15,0.0
03/02/06 00:20,0.0
03/02/06 00:25,0.0
03/02/06 00:30,0.0
03/02/06 00:35,0.0
03/02/06 00:40,0.0
03/02/06 00:45,0.0
03/02/06 00:50,0.0
03/02/06 00:55,0.0
03/02/06 01:00,0.0
03/02/06 01:05,0.0
03/02/06 01:10,0.0
03/02/06 01:15,0.0
03/02/06 01:20,0.0
03/02/06 01:25,0.0
03/02/06 01:30,0.0
03/02/06 01:35,0.0
03/02/06 01:40,0.0
03/02/06 01:45,0.0
03/02/06 01:50,0.0
03/02/06 01:55,0.0
03/02/06 02:00,0.0
03/02/06 02:05,0.0
03/02/06 02:10,0.0
03/02/06 02:15,0.0
03/02/06 02:20,0.0
03/02/06 02:25,0.0
03/02/06 02:30,0.0
03/02/06 02:35,0.0
03/02/06 02:40,0.0
03/02/06 02:45,0.0
03/02/06 02:50,0.0
03/02/06 02:55,0.0
03/02/06 03:00,0.0
03/02/06 03:05,0.0
03/02/06 03:10,0.0
03/02/06 03:15,0.0
03/02/06 03:20,0.0
03/02/06 03:25,0.0
03/02/06 03:30,0.0
03/02/06 03:35,0.0
03/02/06 03:40,0.0
03/02/06 03:45,0.0
03/02/06 03:50,0.0
03/02/06 03:55,0.0
03/02/06 04:00,0.0
03/02/06 04:05,0.0
03/02/06 04:10,0.0
03/02/06 04:15,0.0
03/02/06 04:20,0.0
03/02/06 04:25,0.0
03/02/06 04:30,0.0
03/02/06 04:35,0.0
03/02/06 04:40,0.0
03/02/06 04:45,0.0
03/02/06 04:50,0.0
03/02/06 04:55,0.0
03/02/06 05:00,0.0
03/02/06 05:05,0.0
03/02/06 05:10,0.0
03/02/06 05:15,0.0
03/02/06 05:20,0.0
03/02/06 05:25,0.0
03/02/06 05:30,0.0
03/02/06 05:35,0.0
03/02/06 05:40,0.0
03/02/06 05:45,0.0
03/02/06 05:50,0.0
03/02/06 05:55,0.0
03/02/06 06:00,0.0
03/02/06 06:05,0.0
03/02/06 06:10,0.0
03/02/06 06:15,0.0
03/02/06 06:20,0.0
03/02/06 06:25,0.0
03/02/06 06:30,0.0
03/02/06 06:35,0.0
03/02/06 06:40,0.0
03/02/06 06:45,0.0
03/02/06 06:50,0.0
03/02/06 06:55,0.0
03/02/06 07:00,0.1
03/02/06 07:05,0.6
03/02/06 07:10,1.8
03/02/06 07:15,3.7
03/02/06 07:20,4.4
03/02/06 07:25,5.2
03/02/06 07:30,5.8
03/02/06 07:35,6.2
03/02/06 07:40,6.5
03/02/06 07:45,6.9
03/02/06 07:50,7.0
03/02/06 07:55,7.3
03/02/06 08:00,8.0
03/02/06 08:05,8.6
03/02/06 08:10,9.1
03/02/06 08:15,10.1
03/02/06 08:20,11.6
03/02/06 08:25,12.9
03/02/06 08:30,13.9
03/02/06 08:35,14.7
03/02/06 08:40,15.5
03/02/06 08:45,16.2
03/02/06 08:50,16.8
03/02/06 08:55,17.5
03/02/06 09:00,18.2
03/02/06 09:05,18.9
03/02/06 09:10,19.3
03/02/06 09:15,19.7
03/02/06 09:20,20.0
03/02/06 09:25,20.4
03/02/06 09:30,20.6
03/02/06 09:35,20.9
03/02/06 09:40,21.2
03/02/06 09:45,21.6
03/02/06 09:50,21.9
03/02/06 09:55,22.2
03/02/06 10:00,22.6
03/02/06 10:05,22.8
03/02/06 10:10,23.0
03/02/06 10:15,23.4
03/02/06 10:20,23.8
03/02/06 10:25,24.2
03/02/06 10:30,24.8
03/02/06 10:35,25.1
03/02/06 10:40,25.1
03/02/06 10:45,25.3
03/02/06 10:50,25.3
03/02/06 10:55,25.5
03/02/06 11:00,25.8
03/02/06 11:05,26.0
03/02/06 11:10,26.2
03/02/06 11:15,26.2
03/02/06 11:20,26.2
03/02/06 11:25,26.1
03/02/06 11:30,26.1
03/02/06 11:35,26.1
03/02/06 11:40,26.1
03/02/06 11:45,26.1
03/02/06 11:50,26.1
03/02/06 11:55,26.0
03/02/06 12:00,26.0
03/02/06 12:05,26.2
03/02/06 12:10,26.4
03/02/06 12:15,26.2
03/02/06 12:20,26.0
03/02/06 12:25,25.9
03/02/06 12:30,25.6
03/02/06 12:35,25.3
03/02/06 12:40,25.0
03/02/06 12:45,24.9
03/02/06 12:50,24.9
03/02/06 12:55,24.9
03/02/06 13:00,24.9
03/02/06 13:05,24.8
03/02/06 13:10,24.6
03/02/06 13:15,24.5
03/02/06 13:20,23.9
03/02/06 13:25,23.5
03/02/06 13:30,22.9
03/02/06 13:35,22.2
03/02/06 13:40,21.4
03/02/06 13:45,21.0
03/02/06 13:50,21.0
03/02/06 13:55,21.2
03/02/06 14:00,20.6
03/02/06 14:05,19.8
03/02/06 14:10,19.2
03/02/06 14:15,19.4
03/02/06 14:20,19.5
03/02/06 14:25,19.5
03/02/06 14:30,19.5
03/02/06 14:35,19.2
03/02/06 14:40,19.0
03/02/06 14:45,18.7
03/02/06 14:50,18.6
03/02/06 14:55,18.7
03/02/06 15:00,18.4
03/02/06 15:05,17.8
03/02/06 15:10,17.3
03/02/06 15:15,16.6
03/02/06 15:20,14.7
03/02/06 15:25,14.0
03/02/06 15:30,14.3
03/02/06 15:35,14.1
03/02/06 15:40,13.5
03/02/06 15:45,12.8
03/02/06 15:50,12.1
03/02/06 15:55,11.3
03/02/06 16:00,10.9
03/02/06 16:05,10.2
03/02/06 16:10,9.2
03/02/06 16:15,8.4
03/02/06 16:20,8.0
03/02/06 16:25,7.4
03/02/06 16:30,6.8
03/02/06 16:35,6.3
03/02/06 16:40,5.7
03/02/06 16:45,5.1
03/02/06 16:50,4.4
03/02/06 16:55,3.8
03/02/06 17:00,2.8
03/02/06 17:05,1.7
03/02/06 17:10,0.8
03/02/06 17:15,0.3
03/02/06 17:20,0.1
03/02/06 17:25,0.0
03/02/06 17:30,0.0
03/02/06 17:35,0.0
03/02/06 17:40,0.0
03/02/06 17:45,0.0
03/02/06 17:50,0.0
03/02/06 17:55,0.0
03/02/06 18:00,0.0
03/02/06 18:05,0.0
03/02/06 18:10,0.0
03/02/06 18:15,0.0
03/02/06 18:20,0.0
03/02/06 18:25,0.0
03/02/06 18:30,0.0
03/02/06 18:35,0.0
03/02/06 18:40,0.0
03/02/06 18:45,0.0
03/02/06 18:50,0.0
03/02/06 18:55,0.0
03/02/06 19:00,0.0
03/02/06 19:05,0.0
03/02/06 19:10,0.0
03/02/06 19:15,0.0
03/02/06 19:20,0.0
03/02/06 19:25,0.0
03/02/06 19:30,0.0
03/02/06 19:35,0.0
03/02/06 19:40,0.0
03/02/06 19:45,0.0
03/02/06 19:50,0.0
03/02/06 19:55,0.0
03/02/06 20:00,0.0
03/02/06 20:05,0.0
03/02/06 20:10,0.0
03/02/06 20:15,0.0
03/02/06 20:20,0.0
03/02/06 20:25,0.0
03/02/06 20:30,0.0
03/02/06 20:35,0.0
03/02/06 20:40,0.0
03/02/06 20:45,0.0
03/02/06 20:50,0.0
03/02/06 20:55,0.0
03/02/06 21:00,0.0
03/02/06 21:05,0.0
03/02/06 21:10,0.0
03/02/06 21:15,0.0
03/02/06 21:20,0.0
03/02/06 21:25,0.0
03/02/06 21:30,0.0
03/02/06 21:35,0.0
03/02/06 21:40,0.0
03/02/06 21:45,0.0
03/02/06 21:50,0.0
03/02/06 21:55,0.0
03/02/06 22:00,0.0
03/02/06 22:05,0.0
03/02/06 22:10,0.0
03/02/06 22:15,0.0
03/02/06 22:20,0.0
03/02/06 22:25,0.0
03/02/06 22:30,0.0
03/02/06 22:35,0.0
03/02/06 22:40,0.0
03/02/06 22:45,0.0
03/02/06 22:50,0.0
03/02/06 22:55,0.0
03/02/06 23:00,0.0
03/02/06 23:05,0.0
03/02/06 23:10,0.0
03/02/06 23:15,0.0
03/02/06 23:20,0.0
03/02/06 23:25,0.0
03/02/06 23:30,0.0
03/02/06 23:35,0.0
03/02/06 23:40,0.0
03/02/06 23:45,0.0
03/02/06 23:50,0.0
03/02/06 23:55,0.0
03/03/06 00:00,0.0
03/03/06 00:05,0.0
03/03/06 00:10,0.0
03/03/06 00:15,0.0
03/03/06 00:20,0.0
03/03/06 00:25,0.0
03/03/06 00:30,0.0
03/03/06 00:35,0.0
03/03/06 00:40,0.0
03/03/06 00:45,0.0
03/03/06 00:50,0.0
03/03/06 00:55,0.0
03/03/06 01:00,0.0
03/03/06 01:05,0.0
03/03/06 01:10,0.0
03/03/06 01:15,0.0
03/03/06 01:20,0.0
03/03/06 01:25,0.0
03/03/06 01:30,0.0
03/03/06 01:35,0.0
03/03/06 01:40,0.0
03/03/06 01:45,0.0
03/03/06 01:50,0.0
03/03/06 01:55,0.0
03/03/06 02:00,0.0
03/03/06 02:05,0.0
03/03/06 02:10,0.0
03/03/06 02:15,0.0
03/03/06 02:20,0.0
03/03/06 02:25,0.0
03/03/06 02:30,0.0
03/03/06 02:35,0.0
03/03/06 02:40,0.0
03/03/06 02:45,0.0
03/03/06 02:50,0.0
03/03/06 02:55,0.0
03/03/06 03:00,0.0
03/03/06 03:05,0.0
03/03/06 03:10,0.0
03/03/06 03:15,0.0
03/03/06 03:20,0.0
03/03/06 03:25,0.0
03/03/06 03:30,0.0
03/03/06 03:35,0.0
03/03/06 03:40,0.0
03/03/06 03:45,0.0
03/03/06 03:50,0.0
03/03/06 03:55,0.0
03/03/06 04:00,0.0
03/03/06 04:05,0.0
03/03/06 04:10,0.0
03/03/06 04:15,0.0
03/03/06 04:20,0.0
03/03/06 04:25,0.0
03/03/06 04:30,0.0
03/03/06 04:35,0.0
03/03/06 04:40,0.0
03/03/06 04:45,0.0
03/03/06 04:50,0.0
03/03/06 04:55,0.0
03/03/06 05:00,0.0
03/03/06 05:05,0.0
03/03/06 05:10,0.0
03/03/06 05:15,0.0
03/03/06 05:20,0.0
03/03/06 05:25,0.0
03/03/06 05:30,0.0
03/03/06 05:35,0.0
03/03/06 05:40,0.0
03/03/06 05:45,0.0
03/03/06 05:50,0.0
03/03/06 05:55,0.0
03/03/06 06:00,0.0
03/03/06 06:05,0.0
03/03/06 06:10,0.0
03/03/06 06:15,0.0
03/03/06 06:20,0.0
03/03/06 06:25,0.0
03/03/06 06:30,0.0
03/03/06 06:35,0.0
03/03/06 06:40,0.0
03/03/06 06:45,0.0
03/03/06 06:50,0.0
03/03/06 06:55,0.0
03/03/06 07:00,0.2
03/03/06 07:05,0.7
03/03/06 07:10,2.1
03/03/06 07:15,3.9
03/03/06 07:20,4.7
03/03/06 07:25,5.4
03/03/06 07:30,6.1
03/03/06 07:35,6.8
03/03/06 07:40,7.5
03/03/06 07:45,8.2
03/03/06 07:50,8.9
03/03/06 07:55,9.5
03/03/06 08:00,10.1
03/03/06 08:05,10.6
03/03/06 08:10,11.2
03/03/06 08:15,12.0
03/03/06 08:20,12.9
03/03/06 08:25,13.8
03/03/06 08:30,14.6
03/03/06 08:35,15.4
03/03/06 08:40,16.1
03/03/06 08:45,16.6
03/03/06 08:50,17.2
03/03/06 08:55,17.7
03/03/06 09:00,18.0
03/03/06 09:05,18.4
03/03/06 09:10,18.6
03/03/06 09:15,19.2
03/03/06 09:20,19.9
03/03/06 09:25,20.6
03/03/06 09:30,21.3
03/03/06 09:35,21.8
03/03/06 09:40,22.0
03/03/06 09:45,21.8
03/03/06 09:50,21.5
03/03/06 09:55,21.4
03/03/06 10:00,21.9
03/03/06 10:05,22.1
03/03/06 10:10,22.9
03/03/06 10:15,23.7
03/03/06 10:20,24.3
03/03/06 10:25,24.9
03/03/06 10:30,25.4
03/03/06 10:35,25.8
03/03/06 10:40,26.2
03/03/06 10:45,26.5
03/03/06 10:50,26.6
03/03/06 10:55,26.8
03/03/06 11:00,26.8
03/03/06 11:05,26.9
03/03/06 11:10,27.0
03/03/06 11:15,27.0
03/03/06 11:20,26.7
03/03/06 11:25,26.9
03/03/06 11:30,26.5
03/03/06 11:35,26.4
03/03/06 11:40,26.0
03/03/06 11:45,25.9
03/03/06 11:50,24.8
03/03/06 11:55,25.0
03/03/06 12:00,25.7
03/03/06 12:05,25.9
03/03/06 12:10,26.5
03/03/06 12:15,27.1
03/03/06 12:20,27.2
03/03/06 12:25,27.3
03/03/06 12:30,27.3
03/03/06 12:35,27.9
03/03/06 12:40,28.7
03/03/06 12:45,29.1
03/03/06 12:50,28.9
03/03/06 12:55,28.8
03/03/06 13:00,28.7
03/03/06 13:05,27.9
03/03/06 13:10,27.6
03/03/06 13:15,27.2
03/03/06 13:20,26.7
03/03/06 13:25,26.4
03/03/06 13:30,26.1
03/03/06 13:35,25.7
03/03/06 13:40,25.5
03/03/06 13:45,25.3
03/03/06 13:50,25.0
03/03/06 13:55,24.7
03/03/06 14:00,24.4
03/03/06 14:05,24.0
03/03/06 14:10,23.6
03/03/06 14:15,23.1
03/03/06 14:20,22.7
03/03/06 14:25,22.2
03/03/06 14:30,21.8
03/03/06 14:35,21.5
03/03/06 14:40,21.1
03/03/06 14:45,20.7
03/03/06 14:50,20.2
03/03/06 14:55,19.8
03/03/06 15:00,19.3
03/03/06 15:05,18.5
03/03/06 15:10,17.9
03/03/06 15:15,17.3
03/03/06 15:20,16.7
03/03/06 15:25,16.2
03/03/06 15:30,15.6
03/03/06 15:35,14.9
03/03/06 15:40,14.2
03/03/06 15:45,13.4
03/03/06 15:50,12.8
03/03/06 15:55,12.3
03/03/06 16:00,11.7
03/03/06 16:05,11.0
03/03/06 16:10,10.1
03/03/06 16:15,9.2
03/03/06 16:20,8.4
03/03/06 16:25,7.6
03/03/06 16:30,6.8
03/03/06 16:35,6.1
03/03/06 16:40,5.3
03/03/06 16:45,4.6
03/03/06 16:50,3.9
03/03/06 16:55,2.7
03/03/06 17:00,1.5
03/03/06 17:05,0.8
03/03/06 17:10,0.3
03/03/06 17:15,0.1
03/03/06 17:20,0.0
03/03/06 17:25,0.0
03/03/06 17:30,0.0
03/03/06 17:35,0.0
03/03/06 17:40,0.0
03/03/06 17:45,0.0
03/03/06 17:50,0.0
03/03/06 17:55,0.0
03/03/06 18:00,0.0
03/03/06 18:05,0.0
03/03/06 18:10,0.0
03/03/06 18:15,0.0
03/03/06 18:20,0.0
03/03/06 18:25,0.0
03/03/06 18:30,0.0
03/03/06 18:35,0.0
03/03/06 18:40,0.0
03/03/06 18:45,0.0
03/03/06 18:50,0.0
03/03/06 18:55,0.0
03/03/06 19:00,0.0
03/03/06 19:05,0.0
03/03/06 19:10,0.0
03/03/06 19:15,0.0
03/03/06 19:20,0.0
03/03/06 19:25,0.0
03/03/06 19:30,0.0
03/03/06 19:35,0.0
03/03/06 19:40,0.0
03/03/06 19:45,0.0
03/03/06 19:50,0.0
03/03/06 19:55,0.0
03/03/06 20:00,0.0
03/03/06 20:05,0.0
03/03/06 20:10,0.0
03/03/06 20:15,0.0
03/03/06 20:20,0.0
03/03/06 20:25,0.0
03/03/06 20:30,0.0
03/03/06 20:35,0.0
03/03/06 20:40,0.0
03/03/06 20:45,0.0
03/03/06 20:50,0.0
03/03/06 20:55,0.0
03/03/06 21:00,0.0
03/03/06 21:05,0.0
03/03/06 21:10,0.0
03/03/06 21:15,0.0
03/03/06 21:20,0.0
03/03/06 21:25,0.0
03/03/06 21:30,0.0
03/03/06 21:35,0.0
03/03/06 21:40,0.0
03/03/06 21:45,0.0
03/03/06 21:50,0.0
03/03/06 21:55,0.0
03/03/06 22:00,0.0
03/03/06 22:05,0.0
03/03/06 22:10,0.0
03/03/06 22:15,0.0
03/03/06 22:20,0.0
03/03/06 22:25,0.0
03/03/06 22:30,0.0
03/03/06 22:35,0.0
03/03/06 22:40,0.0
03/03/06 22:45,0.0
03/03/06 22:50,0.0
03/03/06 22:55,0.0
03/03/06 23:00,0.0
03/03/06 23:05,0.0
03/03/06 23:10,0.0
03/03/06 23:15,0.0
03/03/06 23:20,0.0
03/03/06 23:25,0.0
03/03/06 23:30,0.0
03/03/06 23:35,0.0
03/03/06 23:40,0.0
03/03/06 23:45,0.0
03/03/06 23:50,0.0
03/03/06 23:55,0.0
03/04/06 00:00,0.0
03/04/06 00:05,0.0
03/04/06 00:10,0.0
03/04/06 00:15,0.0
03/04/06 00:20,0.0
03/04/06 00:25,0.0
03/04/06 00:30,0.0
03/04/06 00:35,0.0
03/04/06 00:40,0.0
03/04/06 00:45,0.0
03/04/06 00:50,0.0
03/04/06 00:55,0.0
03/04/06 01:00,0.0
03/04/06 01:05,0.0
03/04/06 01:10,0.0
03/04/06 01:15,0.0
03/04/06 01:20,0.0
03/04/06 01:25,0.0
03/04/06 01:30,0.0
03/04/06 01:35,0.0
03/04/06 01:40,0.0
03/04/06 01:45,0.0
03/04/06 01:50,0.0
03/04/06 01:55,0.0
03/04/06 02:00,0.0
03/04/06 02:05,0.0
03/04/06 02:10,0.0
03/04/06 02:15,0.0
03/04/06 02:20,0.0
03/04/06 02:25,0.0
03/04/06 02:30,0.0
03/04/06 02:35,0.0
03/04/06 02:40,0.0
03/04/06 02:45,0.0
03/04/06 02:50,0.0
03/04/06 02:55,0.0
03/04/06 03:00,0.0
03/04/06 03:05,0.0
03/04/06 03:10,0.0
03/04/06 03:15,0.0
03/04/06 03:20,0.0
03/04/06 03:25,0.0
03/04/06 03:30,0.0
03/04/06 03:35,0.0
03/04/06 03:40,0.0
03/04/06 03:45,0.0
03/04/06 03:50,0.0
03/04/06 03:55,0.0
03/04/06 04:00,0.0
03/04/06 04:05,0.0
03/04/06 04:10,0.0
03/04/06 04:15,0.0
03/04/06 04:20,0.0
03/04/06 04:25,0.0
03/04/06 04:30,0.0
03/04/06 04:35,0.0
03/04/06 04:40,0.0
03/04/06 04:45,0.0
03/04/06 04:50,0.0
03/04/06 04:55,0.0
03/04/06 05:00,0.0
03/04/06 05:05,0.0
03/04/06 05:10,0.0
03/04/06 05:15,0.0
03/04/06 05:20,0.0
03/04/06 05:25,0.0
03/04/06 05:30,0.0
03/04/06 05:35,0.0
03/04/06 05:40,0.0
03/04/06 05:45,0.0
03/04/06 05:50,0.0
03/04/06 05:55,0.0
03/04/06 06:00,0.0
03/04/06 06:05,0.0
03/04/06 06:10,0.0
03/04/06 06:15,0.0
03/04/06 06:20,0.0
03/04/06 06:25,0.0
03/04/06 06:30,0.0
03/04/06 06:35,0.0
03/04/06 06:40,0.0
03/04/06 06:45,0.0
03/04/06 06:50,0.0
03/04/06 06:55,0.1
03/04/06 07:00,0.3
03/04/06 07:05,1.1
03/04/06 07:10,3.2
03/04/06 07:15,4.3
03/04/06 07:20,5.1
03/04/06 07:25,5.8
03/04/06 07:30,6.6
03/04/06 07:35,7.3
03/04/06 07:40,8.0
03/04/06 07:45,8.8
03/04/06 07:50,9.5
03/04/06 07:55,10.2
03/04/06 08:00,10.9
03/04/06 08:05,11.5
03/04/06 08:10,12.1
03/04/06 08:15,12.9
03/04/06 08:20,13.8
03/04/06 08:25,14.7
03/04/06 08:30,15.5
03/04/06 08:35,16.3
03/04/06 08:40,16.9
03/04/06 08:45,17.6
03/04/06 08:50,18.2
03/04/06 08:55,18.9
03/04/06 09:00,19.5
03/04/06 09:05,20.2
03/04/06 09:10,20.9
03/04/06 09:15,21.3
03/04/06 09:20,21.6
03/04/06 09:25,21.8
03/04/06 09:30,22.1
03/04/06 09:35,22.6
03/04/06 09:40,23.0
03/04/06 09:45,23.4
03/04/06 09:50,23.7
03/04/06 09:55,23.9
03/04/06 10:00,24.2
03/04/06 10:05,24.5
03/04/06 10:10,24.8
03/04/06 10:15,25.2
03/04/06 10:20,25.4
03/04/06 10:25,25.5
03/04/06 10:30,25.5
03/04/06 10:35,25.5
03/04/06 10:40,25.3
03/04/06 10:45,25.3
03/04/06 10:50,25.3
03/04/06 10:55,25.2
03/04/06 11:00,25.1
03/04/06 11:05,25.2
03/04/06 11:10,25.4
03/04/06 11:15,25.9
03/04/06 11:20,26.3
03/04/06 11:25,26.5
03/04/06 11:30,27.0
03/04/06 11:35,27.4
03/04/06 11:40,27.7
03/04/06 11:45,28.3
03/04/06 11:50,28.8
03/04/06 11:55,29.2
03/04/06 12:00,29.4
03/04/06 12:05,29.3
03/04/06 12:10,29.6
03/04/06 12:15,29.2
03/04/06 12:20,28.7
03/04/06 12:25,28.5
03/04/06 12:30,28.3
03/04/06 12:35,28.2
03/04/06 12:40,28.1
03/04/06 12:45,27.9
03/04/06 12:50,27.8
03/04/06 12:55,27.7
03/04/06 13:00,27.5
03/04/06 13:05,27.5
03/04/06 13:10,27.4
03/04/06 13:15,26.8
03/04/06 13:20,25.5
03/04/06 13:25,24.5
03/04/06 13:30,23.8
03/04/06 13:35,23.5
03/04/06 13:40,23.2
03/04/06 13:45,22.9
03/04/06 13:50,22.9
03/04/06 13:55,23.0
03/04/06 14:00,23.1
03/04/06 14:05,23.5
03/04/06 14:10,23.9
03/04/06 14:15,23.4
03/04/06 14:20,22.7
03/04/06 14:25,22.2
03/04/06 14:30,21.6
03/04/06 14:35,21.1
03/04/06 14:40,20.8
03/04/06 14:45,20.5
03/04/06 14:50,20.0
03/04/06 14:55,19.5
03/04/06 15:00,19.1
03/04/06 15:05,18.4
03/04/06 15:10,17.7
03/04/06 15:15,17.2
03/04/06 15:20,16.7
03/04/06 15:25,16.2
03/04/06 15:30,15.6
03/04/06 15:35,14.8
03/04/06 15:40,14.1
03/04/06 15:45,13.4
03/04/06 15:50,12.6
03/04/06 15:55,11.9
03/04/06 16:00,11.2
03/04/06 16:05,10.4
03/04/06 16:10,9.6
03/04/06 16:15,9.0
03/04/06 16:20,8.5
03/04/06 16:25,8.0
03/04/06 16:30,7.3
03/04/06 16:35,6.7
03/04/06 16:40,6.0
03/04/06 16:45,5.4
03/04/06 16:50,4.8
03/04/06 16:55,4.2
03/04/06 17:00,3.5
03/04/06 17:05,1.9
03/04/06 17:10,0.9
03/04/06 17:15,0.4
03/04/06 17:20,0.1
03/04/06 17:25,0.0
03/04/06 17:30,0.0
03/04/06 17:35,0.0
03/04/06 17:40,0.0
03/04/06 17:45,0.0
03/04/06 17:50,0.0
03/04/06 17:55,0.0
03/04/06 18:00,0.0
03/04/06 18:05,0.0
03/04/06 18:10,0.0
03/04/06 18:15,0.0
03/04/06 18:20,0.0
03/04/06 18:25,0.0
03/04/06 18:30,0.0
03/04/06 18:35,0.0
03/04/06 18:40,0.0
03/04/06 18:45,0.0
03/04/06 18:50,0.0
03/04/06 18:55,0.0
03/04/06 19:00,0.0
03/04/06 19:05,0.0
03/04/06 19:10,0.0
03/04/06 19:15,0.0
03/04/06 19:20,0.0
03/04/06 19:25,0.0
03/04/06 19:30,0.0
03/04/06 19:35,0.0
03/04/06 19:40,0.0
03/04/06 19:45,0.0
03/04/06 19:50,0.0
03/04/06 19:55,0.0
03/04/06 20:00,0.0
03/04/06 20:05,0.0
03/04/06 20:10,0.0
03/04/06 20:15,0.0
03/04/06 20:20,0.0
03/04/06 20:25,0.0
03/04/06 20:30,0.0
03/04/06 20:35,0.0
03/04/06 20:40,0.0
03/04/06 20:45,0.0
03/04/06 20:50,0.0
03/04/06 20:55,0.0
03/04/06 21:00,0.0
03/04/06 21:05,0.0
03/04/06 21:10,0.0
03/04/06 21:15,0.0
03/04/06 21:20,0.0
03/04/06 21:25,0.0
03/04/06 21:30,0.0
03/04/06 21:35,0.0
03/04/06 21:40,0.0
03/04/06 21:45,0.0
03/04/06 21:50,0.0
03/04/06 21:55,0.0
03/04/06 22:00,0.0
03/04/06 22:05,0.0
03/04/06 22:10,0.0
03/04/06 22:15,0.0
03/04/06 22:20,0.0
03/04/06 22:25,0.0
03/04/06 22:30,0.0
03/04/06 22:35,0.0
03/04/06 22:40,0.0
03/04/06 22:45,0.0
03/04/06 22:50,0.0
03/04/06 22:55,0.0
03/04/06 23:00,0.0
03/04/06 23:05,0.0
03/04/06 23:10,0.0
03/04/06 23:15,0.0
03/04/06 23:20,0.0
03/04/06 23:25,0.0
03/04/06 23:30,0.0
03/04/06 23:35,0.0
03/04/06 23:40,0.0
03/04/06 23:45,0.0
03/04/06 23:50,0.0
03/04/06 23:55,0.0
03/05/06 00:00,0.0
03/05/06 00:05,0.0
03/05/06 00:10,0.0
03/05/06 00:15,0.0
03/05/06 00:20,0.0
03/05/06 00:25,0.0
03/05/06 00:30,0.0
03/05/06 00:35,0.0
03/05/06 00:40,0.0
03/05/06 00:45,0.0
03/05/06 00:50,0.0
03/05/06 00:55,0.0
03/05/06 01:00,0.0
03/05/06 01:05,0.0
03/05/06 01:10,0.0
03/05/06 01:15,0.0
03/05/06 01:20,0.0
03/05/06 01:25,0.0
03/05/06 01:30,0.0
03/05/06 01:35,0.0
03/05/06 01:40,0.0
03/05/06 01:45,0.0
03/05/06 01:50,0.0
03/05/06 01:55,0.0
03/05/06 02:00,0.0
03/05/06 02:05,0.0
03/05/06 02:10,0.0
03/05/06 02:15,0.0
03/05/06 02:20,0.0
03/05/06 02:25,0.0
03/05/06 02:30,0.0
03/05/06 02:35,0.0
03/05/06 02:40,0.0
03/05/06 02:45,0.0
03/05/06 02:50,0.0
03/05/06 02:55,0.0
03/05/06 03:00,0.0
03/05/06 03:05,0.0
03/05/06 03:10,0.0
03/05/06 03:15,0.0
03/05/06 03:20,0.0
03/05/06 03:25,0.0
03/05/06 03:30,0.0
03/05/06 03:35,0.0
03/05/06 03:40,0.0
03/05/06 03:45,0.0
03/05/06 03:50,0.0
03/05/06 03:55,0.0
03/05/06 04:00,0.0
03/05/06 04:05,0.0
03/05/06 04:10,0.0
03/05/06 04:15,0.0
03/05/06 04:20,0.0
03/05/06 04:25,0.0
03/05/06 04:30,0.0
03/05/06 04:35,0.0
03/05/06 04:40,0.0
03/05/06 04:45,0.0
03/05/06 04:50,0.0
03/05/06 04:55,0.0
03/05/06 05:00,0.0
03/05/06 05:05,0.0
03/05/06 05:10,0.0
03/05/06 05:15,0.0
03/05/06 05:20,0.0
03/05/06 05:25,0.0
03/05/06 05:30,0.0
03/05/06 05:35,0.0
03/05/06 05:40,0.0
03/05/06 05:45,0.0
03/05/06 05:50,0.0
03/05/06 05:55,0.0
03/05/06 06:00,0.0
03/05/06 06:05,0.0
03/05/06 06:10,0.0
03/05/06 06:15,0.0
03/05/06 06:20,0.0
03/05/06 06:25,0.0
03/05/06 06:30,0.0
03/05/06 06:35,0.0
03/05/06 06:40,0.0
03/05/06 06:45,0.0
03/05/06 06:50,0.0
03/05/06 06:55,0.1
03/05/06 07:00,0.3
03/05/06 07:05,0.9
03/05/06 07:10,2.4
03/05/06 07:15,4.1
03/05/06 07:20,4.9
03/05/06 07:25,5.5
03/05/06 07:30,6.2
03/05/06 07:35,6.9
03/05/06 07:40,7.6
03/05/06 07:45,8.3
03/05/06 07:50,9.0
03/05/06 07:55,9.7
03/05/06 08:00,10.4
03/05/06 08:05,11.2
03/05/06 08:10,11.9
03/05/06 08:15,12.6
03/05/06 08:20,13.3
03/05/06 08:25,13.2
03/05/06 08:30,11.8
03/05/06 08:35,10.5
03/05/06 08:40,12.7
03/05/06 08:45,14.6
03/05/06 08:50,15.8
03/05/06 08:55,17.2
03/05/06 09:00,18.5
03/05/06 09:05,19.6
03/05/06 09:10,18.5
03/05/06 09:15,18.4
03/05/06 09:20,19.7
03/05/06 09:25,20.8
03/05/06 09:30,21.7
03/05/06 09:35,22.4
03/05/06 09:40,23.0
03/05/06 09:45,23.4
03/05/06 09:50,23.9
03/05/06 09:55,24.3
03/05/06 10:00,24.6
03/05/06 10:05,24.8
03/05/06 10:10,25.0
03/05/06 10:15,25.1
03/05/06 10:20,25.3
03/05/06 10:25,25.2
03/05/06 10:30,25.3
03/05/06 10:35,25.3
03/05/06 10:40,25.5
03/05/06 10:45,25.7
03/05/06 10:50,25.9
03/05/06 10:55,26.0
03/05/06 11:00,26.2
03/05/06 11:05,26.4
03/05/06 11:10,26.7
03/05/06 11:15,26.8
03/05/06 11:20,26.9
03/05/06 11:25,27.1
03/05/06 11:30,27.2
03/05/06 11:35,27.4
03/05/06 11:40,27.4
03/05/06 11:45,27.3
03/05/06 11:50,27.1
03/05/06 11:55,26.9
03/05/06 12:00,26.9
03/05/06 12:05,26.9
03/05/06 12:10,26.9
03/05/06 12:15,26.9
03/05/06 12:20,26.7
03/05/06 12:25,26.4
03/05/06 12:30,26.1
03/05/06 12:35,26.0
03/05/06 12:40,25.9
03/05/06 12:45,26.0
03/05/06 12:50,26.3
03/05/06 12:55,26.3
03/05/06 13:00,26.2
03/05/06 13:05,25.9
03/05/06 13:10,25.7
03/05/06 13:15,25.6
03/05/06 13:20,25.6
03/05/06 13:25,25.4
03/05/06 13:30,25.3
03/05/06 13:35,25.2
03/05/06 13:40,24.9
03/05/06 13:45,24.5
03/05/06 13:50,24.1
03/05/06 13:55,23.8
03/05/06 14:00,23.6
03/05/06 14:05,23.4
03/05/06 14:10,23.1
03/05/06 14:15,22.8
03/05/06 14:20,22.5
03/05/06 14:25,22.0
03/05/06 14:30,21.6
03/05/06 14:35,21.1
03/05/06 14:40,20.6
03/05/06 14:45,20.2
03/05/06 14:50,19.7
03/05/06 14:55,19.2
03/05/06 15:00,18.7
03/05/06 15:05,18.0
03/05/06 15:10,17.4
03/05/06 15:15,16.9
03/05/06 15:20,16.5
03/05/06 15:25,16.0
03/05/06 15:30,15.5
03/05/06 15:35,15.0
03/05/06 15:40,14.4
03/05/06 15:45,13.7
03/05/06 15:50,13.0
03/05/06 15:55,12.4
03/05/06 16:00,11.8
03/05/06 16:05,11.2
03/05/06 16:10,10.5
03/05/06 16:15,9.6
03/05/06 16:20,8.7
03/05/06 16:25,7.9
03/05/06 16:30,7.2
03/05/06 16:35,6.6
03/05/06 16:40,6.0
03/05/06 16:45,5.4
03/05/06 16:50,4.8
03/05/06 16:55,4.1
03/05/06 17:00,3.5
03/05/06 17:05,2.2
03/05/06 17:10,1.3
03/05/06 17:15,0.5
03/05/06 17:20,0.2
03/05/06 17:25,0.0
03/05/06 17:30,0.0
03/05/06 17:35,0.0
03/05/06 17:40,0.0
03/05/06 17:45,0.0
03/05/06 17:50,0.0
03/05/06 17:55,0.0
03/05/06 18:00,0.0
03/05/06 18:05,0.0
03/05/06 18:10,0.0
03/05/06 18:15,0.0
03/05/06 18:20,0.0
03/05/06 18:25,0.0
03/05/06 18:30,0.0
03/05/06 18:35,0.0
03/05/06 18:40,0.0
03/05/06 18:45,0.0
03/05/06 18:50,0.0
03/05/06 18:55,0.0
03/05/06 19:00,0.0
03/05/06 19:05,0.0
03/05/06 19:10,0.0
03/05/06 19:15,0.0
03/05/06 19:20,0.0
03/05/06 19:25,0.0
03/05/06 19:30,0.0
03/05/06 19:35,0.0
03/05/06 19:40,0.0
03/05/06 19:45,0.0
03/05/06 19:50,0.0
03/05/06 19:55,0.0
03/05/06 20:00,0.0
03/05/06 20:05,0.0
03/05/06 20:10,0.0
03/05/06 20:15,0.0
03/05/06 20:20,0.0
03/05/06 20:25,0.0
03/05/06 20:30,0.0
03/05/06 20:35,0.0
03/05/06 20:40,0.0
03/05/06 20:45,0.0
03/05/06 20:50,0.0
03/05/06 20:55,0.0
03/05/06 21:00,0.0
03/05/06 21:05,0.0
03/05/06 21:10,0.0
03/05/06 21:15,0.0
03/05/06 21:20,0.0
03/05/06 21:25,0.0
03/05/06 21:30,0.0
03/05/06 21:35,0.0
03/05/06 21:40,0.0
03/05/06 21:45,0.0
03/05/06 21:50,0.0
03/05/06 21:55,0.0
03/05/06 22:00,0.0
03/05/06 22:05,0.0
03/05/06 22:10,0.0
03/05/06 22:15,0.0
03/05/06 22:20,0.0
03/05/06 22:25,0.0
03/05/06 22:30,0.0
03/05/06 22:35,0.0
03/05/06 22:40,0.0
03/05/06 22:45,0.0
03/05/06 22:50,0.0
03/05/06 22:55,0.0
03/05/06 23:00,0.0
03/05/06 23:05,0.0
03/05/06 23:10,0.0
03/05/06 23:15,0.0
03/05/06 23:20,0.0
03/05/06 23:25,0.0
03/05/06 23:30,0.0
03/05/06 23:35,0.0
03/05/06 23:40,0.0
03/05/06 23:45,0.0
03/05/06 23:50,0.0
03/05/06 23:55,0.0
03/06/06 00:00,0.0
03/06/06 00:05,0.0
03/06/06 00:10,0.0
03/06/06 00:15,0.0
03/06/06 00:20,0.0
03/06/06 00:25,0.0
03/06/06 00:30,0.0
03/06/06 00:35,0.0
03/06/06 00:40,0.0
03/06/06 00:45,0.0
03/06/06 00:50,0.0
03/06/06 00:55,0.0
03/06/06 01:00,0.0
03/06/06 01:05,0.0
03/06/06 01:10,0.0
03/06/06 01:15,0.0
03/06/06 01:20,0.0
03/06/06 01:25,0.0
03/06/06 01:30,0.0
03/06/06 01:35,0.0
03/06/06 01:40,0.0
03/06/06 01:45,0.0
03/06/06 01:50,0.0
03/06/06 01:55,0.0
03/06/06 02:00,0.0
03/06/06 02:05,0.0
03/06/06 02:10,0.0
03/06/06 02:15,0.0
03/06/06 02:20,0.0
03/06/06 02:25,0.0
03/06/06 02:30,0.0
03/06/06 02:35,0.0
03/06/06 02:40,0.0
03/06/06 02:45,0.0
03/06/06 02:50,0.0
03/06/06 02:55,0.0
03/06/06 03:00,0.0
03/06/06 03:05,0.0
03/06/06 03:10,0.0
03/06/06 03:15,0.0
03/06/06 03:20,0.0
03/06/06 03:25,0.0
03/06/06 03:30,0.0
03/06/06 03:35,0.0
03/06/06 03:40,0.0
03/06/06 03:45,0.0
03/06/06 03:50,0.0
03/06/06 03:55,0.0
03/06/06 04:00,0.0
03/06/06 04:05,0.0
03/06/06 04:10,0.0
03/06/06 04:15,0.0
03/06/06 04:20,0.0
03/06/06 04:25,0.0
03/06/06 04:30,0.0
03/06/06 04:35,0.0
03/06/06 04:40,0.0
03/06/06 04:45,0.0
03/06/06 04:50,0.0
03/06/06 04:55,0.0
03/06/06 05:00,0.0
03/06/06 05:05,0.0
03/06/06 05:10,0.0
03/06/06 05:15,0.0
03/06/06 05:20,0.0
03/06/06 05:25,0.0
03/06/06 05:30,0.0
03/06/06 05:35,0.0
03/06/06 05:40,0.0
03/06/06 05:45,0.0
03/06/06 05:50,0.0
03/06/06 05:55,0.0
03/06/06 06:00,0.0
03/06/06 06:05,0.0
03/06/06 06:10,0.0
03/06/06 06:15,0.0
03/06/06 06:20,0.0
03/06/06 06:25,0.0
03/06/06 06:30,0.0
03/06/06 06:35,0.0
03/06/06 06:40,0.0
03/06/06 06:45,0.0
03/06/06 06:50,0.0
03/06/06 06:55,0.0
03/06/06 07:00,0.1
03/06/06 07:05,0.3
03/06/06 07:10,0.9
03/06/06 07:15,2.3
03/06/06 07:20,4.0
03/06/06 07:25,4.7
03/06/06 07:30,5.4
03/06/06 07:35,6.0
03/06/06 07:40,6.5
03/06/06 07:45,7.1
03/06/06 07:50,7.6
03/06/06 07:55,8.1
03/06/06 08:00,8.6
03/06/06 08:05,9.4
03/06/06 08:10,10.1
03/06/06 08:15,10.6
03/06/06 08:20,11.0
03/06/06 08:25,11.0
03/06/06 08:30,11.0
03/06/06 08:35,11.2
03/06/06 08:40,11.7
03/06/06 08:45,12.8
03/06/06 08:50,14.3
03/06/06 08:55,15.6
03/06/06 09:00,16.8
03/06/06 09:05,17.8
03/06/06 09:10,18.9
03/06/06 09:15,19.6
03/06/06 09:20,19.8
03/06/06 09:25,20.1
03/06/06 09:30,20.3
03/06/06 09:35,20.7
03/06/06 09:40,21.2
03/06/06 09:45,21.5
03/06/06 09:50,21.8
03/06/06 09:55,22.1
03/06/06 10:00,22.5
03/06/06 10:05,22.9
03/06/06 10:10,23.3
03/06/06 10:15,23.6
03/06/06 10:20,24.0
03/06/06 10:25,24.3
03/06/06 10:30,24.5
03/06/06 10:35,24.8
03/06/06 10:40,25.2
03/06/06 10:45,25.7
03/06/06 10:50,26.1
03/06/06 10:55,26.4
03/06/06 11:00,26.8
03/06/06 11:05,27.1
03/06/06 11:10,27.4
03/06/06 11:15,27.2
03/06/06 11:20,26.7
03/06/06 11:25,26.2
03/06/06 11:30,25.6
03/06/06 11:35,25.0
03/06/06 11:40,24.2
03/06/06 11:45,23.2
03/06/06 11:50,22.4
03/06/06 11:55,22.1
03/06/06 12:00,21.9
03/06/06 12:05,21.3
03/06/06 12:10,21.4
03/06/06 12:15,21.9
03/06/06 12:20,21.9
03/06/06 12:25,20.5
03/06/06 12:30,19.9
03/06/06 12:35,21.2
03/06/06 12:40,21.0
03/06/06 12:45,21.6
03/06/06 12:50,21.6
03/06/06 12:55,20.0
03/06/06 13:00,19.4
03/06/06 13:05,19.5
03/06/06 13:10,18.7
03/06/06 13:15,17.7
03/06/06 13:20,17.3
03/06/06 13:25,18.1
03/06/06 13:30,18.4
03/06/06 13:35,17.0
03/06/06 13:40,17.7
03/06/06 13:45,18.6
03/06/06 13:50,19.1
03/06/06 13:55,18.6
03/06/06 14:00,17.6
03/06/06 14:05,16.1
03/06/06 14:10,15.1
03/06/06 14:15,16.6
03/06/06 14:20,17.2
03/06/06 14:25,17.2
03/06/06 14:30,16.9
03/06/06 14:35,16.4
03/06/06 14:40,15.8
03/06/06 14:45,15.2
03/06/06 14:50,14.5
03/06/06 14:55,13.9
03/06/06 15:00,13.2
03/06/06 15:05,12.4
03/06/06 15:10,11.6
03/06/06 15:15,10.8
03/06/06 15:20,10.3
03/06/06 15:25,10.0
03/06/06 15:30,9.9
03/06/06 15:35,9.8
03/06/06 15:40,9.7
03/06/06 15:45,9.7
03/06/06 15:50,9.7
03/06/06 15:55,9.6
03/06/06 16:00,9.4
03/06/06 16:05,9.1
03/06/06 16:10,8.9
03/06/06 16:15,8.5
03/06/06 16:20,8.0
03/06/06 16:25,7.4
03/06/06 16:30,6.8
03/06/06 16:35,6.1
03/06/06 16:40,5.5
03/06/06 16:45,4.9
03/06/06 16:50,4.4
03/06/06 16:55,3.8
03/06/06 17:00,2.4
03/06/06 17:05,1.2
03/06/06 17:10,0.5
03/06/06 17:15,0.2
03/06/06 17:20,0.0
03/06/06 17:25,0.0
03/06/06 17:30,0.0
03/06/06 17:35,0.0
03/06/06 17:40,0.0
03/06/06 17:45,0.0
03/06/06 17:50,0.0
03/06/06 17:55,0.0
03/06/06 18:00,0.0
03/06/06 18:05,0.0
03/06/06 18:10,0.0
03/06/06 18:15,0.0
03/06/06 18:20,0.0
03/06/06 18:25,0.0
03/06/06 18:30,0.0
03/06/06 18:35,0.0
03/06/06 18:40,0.0
03/06/06 18:45,0.0
03/06/06 18:50,0.0
03/06/06 18:55,0.0
03/06/06 19:00,0.0
03/06/06 19:05,0.0
03/06/06 19:10,0.0
03/06/06 19:15,0.0
03/06/06 19:20,0.0
03/06/06 19:25,0.0
03/06/06 19:30,0.0
03/06/06 19:35,0.0
03/06/06 19:40,0.0
03/06/06 19:45,0.0
03/06/06 19:50,0.0
03/06/06 19:55,0.0
03/06/06 20:00,0.0
03/06/06 20:05,0.0
03/06/06 20:10,0.0
03/06/06 20:15,0.0
03/06/06 20:20,0.0
03/06/06 20:25,0.0
03/06/06 20:30,0.0
03/06/06 20:35,0.0
03/06/06 20:40,0.0
03/06/06 20:45,0.0
03/06/06 20:50,0.0
03/06/06 20:55,0.0
03/06/06 21:00,0.0
03/06/06 21:05,0.0
03/06/06 21:10,0.0
03/06/06 21:15,0.0
03/06/06 21:20,0.0
03/06/06 21:25,0.0
03/06/06 21:30,0.0
03/06/06 21:35,0.0
03/06/06 21:40,0.0
03/06/06 21:45,0.0
03/06/06 21:50,0.0
03/06/06 21:55,0.0
03/06/06 22:00,0.0
03/06/06 22:05,0.0
03/06/06 22:10,0.0
03/06/06 22:15,0.0
03/06/06 22:20,0.0
03/06/06 22:25,0.0
03/06/06 22:30,0.0
03/06/06 22:35,0.0
03/06/06 22:40,0.0
03/06/06 22:45,0.0
03/06/06 22:50,0.0
03/06/06 22:55,0.0
03/06/06 23:00,0.0
03/06/06 23:05,0.0
03/06/06 23:10,0.0
03/06/06 23:15,0.0
03/06/06 23:20,0.0
03/06/06 23:25,0.0
03/06/06 23:30,0.0
03/06/06 23:35,0.0
03/06/06 23:40,0.0
03/06/06 23:45,0.0
03/06/06 23:50,0.0
03/06/06 23:55,0.0
03/07/06 00:00,0.0
03/07/06 00:05,0.0
03/07/06 00:10,0.0
03/07/06 00:15,0.0
03/07/06 00:20,0.0
03/07/06 00:25,0.0
03/07/06 00:30,0.0
03/07/06 00:35,0.0
03/07/06 00:40,0.0
03/07/06 00:45,0.0
03/07/06 00:50,0.0
03/07/06 00:55,0.0
03/07/06 01:00,0.0
03/07/06 01:05,0.0
03/07/06 01:10,0.0
03/07/06 01:15,0.0
03/07/06 01:20,0.0
03/07/06 01:25,0.0
03/07/06 01:30,0.0
03/07/06 01:35,0.0
03/07/06 01:40,0.0
03/07/06 01:45,0.0
03/07/06 01:50,0.0
03/07/06 01:55,0.0
03/07/06 02:00,0.0
03/07/06 02:05,0.0
03/07/06 02:10,0.0
03/07/06 02:15,0.0
03/07/06 02:20,0.0
03/07/06 02:25,0.0
03/07/06 02:30,0.0
03/07/06 02:35,0.0
03/07/06 02:40,0.0
03/07/06 02:45,0.0
03/07/06 02:50,0.0
03/07/06 02:55,0.0
03/07/06 03:00,0.0
03/07/06 03:05,0.0
03/07/06 03:10,0.0
03/07/06 03:15,0.0
03/07/06 03:20,0.0
03/07/06 03:25,0.0
03/07/06 03:30,0.0
03/07/06 03:35,0.0
03/07/06 03:40,0.0
03/07/06 03:45,0.0
03/07/06 03:50,0.0
03/07/06 03:55,0.0
03/07/06 04:00,0.0
03/07/06 04:05,0.0
03/07/06 04:10,0.0
03/07/06 04:15,0.0
03/07/06 04:20,0.0
03/07/06 04:25,0.0
03/07/06 04:30,0.0
03/07/06 04:35,0.0
03/07/06 04:40,0.0
03/07/06 04:45,0.0
03/07/06 04:50,0.0
03/07/06 04:55,0.0
03/07/06 05:00,0.0
03/07/06 05:05,0.0
03/07/06 05:10,0.0
03/07/06 05:15,0.0
03/07/06 05:20,0.0
03/07/06 05:25,0.0
03/07/06 05:30,0.0
03/07/06 05:35,0.0
03/07/06 05:40,0.0
03/07/06 05:45,0.0
03/07/06 05:50,0.0
03/07/06 05:55,0.0
03/07/06 06:00,0.0
03/07/06 06:05,0.0
03/07/06 06:10,0.0
03/07/06 06:15,0.0
03/07/06 06:20,0.0
03/07/06 06:25,0.0
03/07/06 06:30,0.0
03/07/06 06:35,0.0
03/07/06 06:40,0.0
03/07/06 06:45,0.0
03/07/06 06:50,0.0
03/07/06 06:55,0.1
03/07/06 07:00,0.4
03/07/06 07:05,1.0
03/07/06 07:10,2.8
03/07/06 07:15,4.2
03/07/06 07:20,5.0
03/07/06 07:25,5.9
03/07/06 07:30,6.7
03/07/06 07:35,7.5
03/07/06 07:40,8.4
03/07/06 07:45,9.2
03/07/06 07:50,10.0
03/07/06 07:55,10.9
03/07/06 08:00,11.7
03/07/06 08:05,12.6
03/07/06 08:10,13.4
03/07/06 08:15,14.1
03/07/06 08:20,14.5
03/07/06 08:25,15.1
03/07/06 08:30,15.6
03/07/06 08:35,16.2
03/07/06 08:40,16.6
03/07/06 08:45,17.0
03/07/06 08:50,17.5
03/07/06 08:55,18.1
03/07/06 09:00,18.8
03/07/06 09:05,19.3
03/07/06 09:10,19.8
03/07/06 09:15,20.3
03/07/06 09:20,20.8
03/07/06 09:25,21.3
03/07/06 09:30,21.8
03/07/06 09:35,22.2
03/07/06 09:40,22.7
03/07/06 09:45,23.1
03/07/06 09:50,23.4
03/07/06 09:55,23.7
03/07/06 10:00,24.0
03/07/06 10:05,24.2
03/07/06 10:10,24.4
03/07/06 10:15,24.7
03/07/06 10:20,25.0
03/07/06 10:25,25.4
03/07/06 10:30,25.7
03/07/06 10:35,26.0
03/07/06 10:40,26.2
03/07/06 10:45,26.3
03/07/06 10:50,26.3
03/07/06 10:55,26.4
03/07/06 11:00,26.6
03/07/06 11:05,26.6
03/07/06 11:10,26.7
03/07/06 11:15,26.8
03/07/06 11:20,26.9
03/07/06 11:25,26.6
03/07/06 11:30,26.3
03/07/06 11:35,26.1
03/07/06 11:40,26.1
03/07/06 11:45,26.1
03/07/06 11:50,26.2
03/07/06 11:55,26.4
03/07/06 12:00,26.6
03/07/06 12:05,27.0
03/07/06 12:10,27.6
03/07/06 12:15,27.5
03/07/06 12:20,27.2
03/07/06 12:25,26.9
03/07/06 12:30,26.8
03/07/06 12:35,26.7
03/07/06 12:40,26.5
03/07/06 12:45,26.5
03/07/06 12:50,26.3
03/07/06 12:55,26.1
03/07/06 13:00,26.0
03/07/06 13:05,26.1
03/07/06 13:10,26.1
03/07/06 13:15,25.9
03/07/06 13:20,25.6
03/07/06 13:25,25.4
03/07/06 13:30,25.3
03/07/06 13:35,24.9
03/07/06 13:40,24.4
03/07/06 13:45,24.0
03/07/06 13:50,23.6
03/07/06 13:55,23.2
03/07/06 14:00,23.0
03/07/06 14:05,22.8
03/07/06 14:10,22.6
03/07/06 14:15,22.3
03/07/06 14:20,22.0
03/07/06 14:25,21.7
03/07/06 14:30,21.3
03/07/06 14:35,21.0
03/07/06 14:40,20.6
03/07/06 14:45,20.2
03/07/06 14:50,19.7
03/07/06 14:55,19.2
03/07/06 15:00,18.7
03/07/06 15:05,18.2
03/07/06 15:10,17.5
03/07/06 15:15,16.9
03/07/06 15:20,16.5
03/07/06 15:25,15.9
03/07/06 15:30,15.3
03/07/06 15:35,14.9
03/07/06 15:40,14.5
03/07/06 15:45,13.9
03/07/06 15:50,13.4
03/07/06 15:55,12.8
03/07/06 16:00,12.2
03/07/06 16:05,11.5
03/07/06 16:10,10.8
03/07/06 16:15,9.9
03/07/06 16:20,9.0
03/07/06 16:25,8.1
03/07/06 16:30,7.3
03/07/06 16:35,6.5
03/07/06 16:40,5.7
03/07/06 16:45,5.1
03/07/06 16:50,4.4
03/07/06 16:55,3.8
03/07/06 17:00,2.7
03/07/06 17:05,1.5
03/07/06 17:10,0.8
03/07/06 17:15,0.4
03/07/06 17:20,0.2
03/07/06 17:25,0.0
03/07/06 17:30,0.0
03/07/06 17:35,0.0
03/07/06 17:40,0.0
03/07/06 17:45,0.0
03/07/06 17:50,0.0
03/07/06 17:55,0.0
03/07/06 18:00,0.0
03/07/06 18:05,0.0
03/07/06 18:10,0.0
03/07/06 18:15,0.0
03/07/06 18:20,0.0
03/07/06 18:25,0.0
03/07/06 18:30,0.0
03/07/06 18:35,0.0
03/07/06 18:40,0.0
03/07/06 18:45,0.0
03/07/06 18:50,0.0
03/07/06 18:55,0.0
03/07/06 19:00,0.0
03/07/06 19:05,0.0
03/07/06 19:10,0.0
03/07/06 19:15,0.0
03/07/06 19:20,0.0
03/07/06 19:25,0.0
03/07/06 19:30,0.0
03/07/06 19:35,0.0
03/07/06 19:40,0.0
03/07/06 19:45,0.0
03/07/06 19:50,0.0
03/07/06 19:55,0.0
03/07/06 20:00,0.0
03/07/06 20:05,0.0
03/07/06 20:10,0.0
03/07/06 20:15,0.0
03/07/06 20:20,0.0
03/07/06 20:25,0.0
03/07/06 20:30,0.0
03/07/06 20:35,0.0
03/07/06 20:40,0.0
03/07/06 20:45,0.0
03/07/06 20:50,0.0
03/07/06 20:55,0.0
03/07/06 21:00,0.0
03/07/06 21:05,0.0
03/07/06 21:10,0.0
03/07/06 21:15,0.0
03/07/06 21:20,0.0
03/07/06 21:25,0.0
03/07/06 21:30,0.0
03/07/06 21:35,0.0
03/07/06 21:40,0.0
03/07/06 21:45,0.0
03/07/06 21:50,0.0
03/07/06 21:55,0.0
03/07/06 22:00,0.0
03/07/06 22:05,0.0
03/07/06 22:10,0.0
03/07/06 22:15,0.0
03/07/06 22:20,0.0
03/07/06 22:25,0.0
03/07/06 22:30,0.0
03/07/06 22:35,0.0
03/07/06 22:40,0.0
03/07/06 22:45,0.0
03/07/06 22:50,0.0
03/07/06 22:55,0.0
03/07/06 23:00,0.0
03/07/06 23:05,0.0
03/07/06 23:10,0.0
03/07/06 23:15,0.0
03/07/06 23:20,0.0
03/07/06 23:25,0.0
03/07/06 23:30,0.0
03/07/06 23:35,0.0
03/07/06 23:40,0.0
03/07/06 23:45,0.0
03/07/06 23:50,0.0
03/07/06 23:55,0.0
03/08/06 00:00,0.0
03/08/06 00:05,0.0
03/08/06 00:10,0.0
03/08/06 00:15,0.0
03/08/06 00:20,0.0
03/08/06 00:25,0.0
03/08/06 00:30,0.0
03/08/06 00:35,0.0
03/08/06 00:40,0.0
03/08/06 00:45,0.0
03/08/06 00:50,0.0
03/08/06 00:55,0.0
03/08/06 01:00,0.0
03/08/06 01:05,0.0
03/08/06 01:10,0.0
03/08/06 01:15,0.0
03/08/06 01:20,0.0
03/08/06 01:25,0.0
03/08/06 01:30,0.0
03/08/06 01:35,0.0
03/08/06 01:40,0.0
03/08/06 01:45,0.0
03/08/06 01:50,0.0
03/08/06 01:55,0.0
03/08/06 02:00,0.0
03/08/06 02:05,0.0
03/08/06 02:10,0.0
03/08/06 02:15,0.0
03/08/06 02:20,0.0
03/08/06 02:25,0.0
03/08/06 02:30,0.0
03/08/06 02:35,0.0
03/08/06 02:40,0.0
03/08/06 02:45,0.0
03/08/06 02:50,0.0
03/08/06 02:55,0.0
03/08/06 03:00,0.0
03/08/06 03:05,0.0
03/08/06 03:10,0.0
03/08/06 03:15,0.0
03/08/06 03:20,0.0
03/08/06 03:25,0.0
03/08/06 03:30,0.0
03/08/06 03:35,0.0
03/08/06 03:40,0.0
03/08/06 03:45,0.0
03/08/06 03:50,0.0
03/08/06 03:55,0.0
03/08/06 04:00,0.0
03/08/06 04:05,0.0
03/08/06 04:10,0.0
03/08/06 04:15,0.0
03/08/06 04:20,0.0
03/08/06 04:25,0.0
03/08/06 04:30,0.0
03/08/06 04:35,0.0
03/08/06 04:40,0.0
03/08/06 04:45,0.0
03/08/06 04:50,0.0
03/08/06 04:55,0.0
03/08/06 05:00,0.0
03/08/06 05:05,0.0
03/08/06 05:10,0.0
03/08/06 05:15,0.0
03/08/06 05:20,0.0
03/08/06 05:25,0.0
03/08/06 05:30,0.0
03/08/06 05:35,0.0
03/08/06 05:40,0.0
03/08/06 05:45,0.0
03/08/06 05:50,0.0
03/08/06 05:55,0.0
03/08/06 06:00,0.0
03/08/06 06:05,0.0
03/08/06 06:10,0.0
03/08/06 06:15,0.0
03/08/06 06:20,0.0
03/08/06 06:25,0.0
03/08/06 06:30,0.0
03/08/06 06:35,0.0
03/08/06 06:40,0.0
03/08/06 06:45,0.0
03/08/06 06:50,0.0
03/08/06 06:55,0.1
03/08/06 07:00,0.4
03/08/06 07:05,1.4
03/08/06 07:10,3.4
03/08/06 07:15,4.4
03/08/06 07:20,5.2
03/08/06 07:25,6.0
03/08/06 07:30,6.8
03/08/06 07:35,7.6
03/08/06 07:40,8.3
03/08/06 07:45,9.1
03/08/06 07:50,9.8
03/08/06 07:55,10.5
03/08/06 08:00,11.2
03/08/06 08:05,11.9
03/08/06 08:10,12.6
03/08/06 08:15,13.3
03/08/06 08:20,14.1
03/08/06 08:25,14.8
03/08/06 08:30,15.6
03/08/06 08:35,16.3
03/08/06 08:40,17.1
03/08/06 08:45,17.8
03/08/06 08:50,18.5
03/08/06 08:55,19.1
03/08/06 09:00,19.9
03/08/06 09:05,20.4
03/08/06 09:10,20.9
03/08/06 09:15,21.2
03/08/06 09:20,21.1
03/08/06 09:25,21.3
03/08/06 09:30,21.7
03/08/06 09:35,22.2
03/08/06 09:40,23.0
03/08/06 09:45,24.0
03/08/06 09:50,24.9
03/08/06 09:55,25.4
03/08/06 10:00,26.0
03/08/06 10:05,26.8
03/08/06 10:10,27.5
03/08/06 10:15,27.1
03/08/06 10:20,26.4
03/08/06 10:25,26.1
03/08/06 10:30,25.9
03/08/06 10:35,25.9
03/08/06 10:40,26.0
03/08/06 10:45,26.0
03/08/06 10:50,26.0
03/08/06 10:55,25.9
03/08/06 11:00,26.0
03/08/06 11:05,26.1
03/08/06 11:10,26.0
03/08/06 11:15,26.4
03/08/06 11:20,27.2
03/08/06 11:25,27.7
03/08/06 11:30,28.0
03/08/06 11:35,27.9
03/08/06 11:40,27.9
03/08/06 11:45,28.0
03/08/06 11:50,28.4
03/08/06 11:55,28.9
03/08/06 12:00,29.1
03/08/06 12:05,29.2
03/08/06 12:10,29.7
03/08/06 12:15,29.6
03/08/06 12:20,29.0
03/08/06 12:25,28.6
03/08/06 12:30,28.4
03/08/06 12:35,28.1
03/08/06 12:40,27.9
03/08/06 12:45,27.6
03/08/06 12:50,27.5
03/08/06 12:55,27.3
03/08/06 13:00,27.1
03/08/06 13:05,27.0
03/08/06 13:10,27.0
03/08/06 13:15,26.9
03/08/06 13:20,26.7
03/08/06 13:25,26.6
03/08/06 13:30,26.4
03/08/06 13:35,26.3
03/08/06 13:40,26.0
03/08/06 13:45,25.7
03/08/06 13:50,25.4
03/08/06 13:55,25.1
03/08/06 14:00,24.8
03/08/06 14:05,24.4
03/08/06 14:10,24.1
03/08/06 14:15,23.8
03/08/06 14:20,23.3
03/08/06 14:25,22.9
03/08/06 14:30,22.4
03/08/06 14:35,21.8
03/08/06 14:40,21.2
03/08/06 14:45,20.6
03/08/06 14:50,20.1
03/08/06 14:55,19.5
03/08/06 15:00,19.0
03/08/06 15:05,18.3
03/08/06 15:10,17.5
03/08/06 15:15,16.9
03/08/06 15:20,16.7
03/08/06 15:25,16.7
03/08/06 15:30,16.2
03/08/06 15:35,15.3
03/08/06 15:40,14.7
03/08/06 15:45,14.7
03/08/06 15:50,14.3
03/08/06 15:55,13.8
03/08/06 16:00,12.8
03/08/06 16:05,12.2
03/08/06 16:10,11.6
03/08/06 16:15,10.5
03/08/06 16:20,9.2
03/08/06 16:25,8.1
03/08/06 16:30,7.3
03/08/06 16:35,6.6
03/08/06 16:40,6.0
03/08/06 16:45,5.4
03/08/06 16:50,4.7
03/08/06 16:55,4.2
03/08/06 17:00,3.6
03/08/06 17:05,2.1
03/08/06 17:10,1.0
03/08/06 17:15,0.5
03/08/06 17:20,0.2
03/08/06 17:25,0.1
03/08/06 17:30,0.0
03/08/06 17:35,0.0
03/08/06 17:40,0.0
03/08/06 17:45,0.0
03/08/06 17:50,0.0
03/08/06 17:55,0.0
03/08/06 18:00,0.0
03/08/06 18:05,0.0
03/08/06 18:10,0.0
03/08/06 18:15,0.0
03/08/06 18:20,0.0
03/08/06 18:25,0.0
03/08/06 18:30,0.0
03/08/06 18:35,0.0
03/08/06 18:40,0.0
03/08/06 18:45,0.0
03/08/06 18:50,0.0
03/08/06 18:55,0.0
03/08/06 19:00,0.0
03/08/06 19:05,0.0
03/08/06 19:10,0.0
03/08/06 19:15,0.0
03/08/06 19:20,0.0
03/08/06 19:25,0.0
03/08/06 19:30,0.0
03/08/06 19:35,0.0
03/08/06 19:40,0.0
03/08/06 19:45,0.0
03/08/06 19:50,0.0
03/08/06 19:55,0.0
03/08/06 20:00,0.0
03/08/06 20:05,0.0
03/08/06 20:10,0.0
03/08/06 20:15,0.0
03/08/06 20:20,0.0
03/08/06 20:25,0.0
03/08/06 20:30,0.0
03/08/06 20:35,0.0
03/08/06 20:40,0.0
03/08/06 20:45,0.0
03/08/06 20:50,0.0
03/08/06 20:55,0.0
03/08/06 21:00,0.0
03/08/06 21:05,0.0
03/08/06 21:10,0.0
03/08/06 21:15,0.0
03/08/06 21:20,0.0
03/08/06 21:25,0.0
03/08/06 21:30,0.0
03/08/06 21:35,0.0
03/08/06 21:40,0.0
03/08/06 21:45,0.0
03/08/06 21:50,0.0
03/08/06 21:55,0.0
03/08/06 22:00,0.0
03/08/06 22:05,0.0
03/08/06 22:10,0.0
03/08/06 22:15,0.0
03/08/06 22:20,0.0
03/08/06 22:25,0.0
03/08/06 22:30,0.0
03/08/06 22:35,0.0
03/08/06 22:40,0.0
03/08/06 22:45,0.0
03/08/06 22:50,0.0
03/08/06 22:55,0.0
03/08/06 23:00,0.0
03/08/06 23:05,0.0
03/08/06 23:10,0.0
03/08/06 23:15,0.0
03/08/06 23:20,0.0
03/08/06 23:25,0.0
03/08/06 23:30,0.0
03/08/06 23:35,0.0
03/08/06 23:40,0.0
03/08/06 23:45,0.0
03/08/06 23:50,0.0
03/08/06 23:55,0.0
03/09/06 00:00,0.0
03/09/06 00:05,0.0
03/09/06 00:10,0.0
03/09/06 00:15,0.0
03/09/06 00:20,0.0
03/09/06 00:25,0.0
03/09/06 00:30,0.0
03/09/06 00:35,0.0
03/09/06 00:40,0.0
03/09/06 00:45,0.0
03/09/06 00:50,0.0
03/09/06 00:55,0.0
03/09/06 01:00,0.0
03/09/06 01:05,0.0
03/09/06 01:10,0.0
03/09/06 01:15,0.0
03/09/06 01:20,0.0
03/09/06 01:25,0.0
03/09/06 01:30,0.0
03/09/06 01:35,0.0
03/09/06 01:40,0.0
03/09/06 01:45,0.0
03/09/06 01:50,0.0
03/09/06 01:55,0.0
03/09/06 02:00,0.0
03/09/06 02:05,0.0
03/09/06 02:10,0.0
03/09/06 02:15,0.0
03/09/06 02:20,0.0
03/09/06 02:25,0.0
03/09/06 02:30,0.0
03/09/06 02:35,0.0
03/09/06 02:40,0.0
03/09/06 02:45,0.0
03/09/06 02:50,0.0
03/09/06 02:55,0.0
03/09/06 03:00,0.0
03/09/06 03:05,0.0
03/09/06 03:10,0.0
03/09/06 03:15,0.0
03/09/06 03:20,0.0
03/09/06 03:25,0.0
03/09/06 03:30,0.0
03/09/06 03:35,0.0
03/09/06 03:40,0.0
03/09/06 03:45,0.0
03/09/06 03:50,0.0
03/09/06 03:55,0.0
03/09/06 04:00,0.0
03/09/06 04:05,0.0
03/09/06 04:10,0.0
03/09/06 04:15,0.0
03/09/06 04:20,0.0
03/09/06 04:25,0.0
03/09/06 04:30,0.0
03/09/06 04:35,0.0
03/09/06 04:40,0.0
03/09/06 04:45,0.0
03/09/06 04:50,0.0
03/09/06 04:55,0.0
03/09/06 05:00,0.0
03/09/06 05:05,0.0
03/09/06 05:10,0.0
03/09/06 05:15,0.0
03/09/06 05:20,0.0
03/09/06 05:25,0.0
03/09/06 05:30,0.0
03/09/06 05:35,0.0
03/09/06 05:40,0.0
03/09/06 05:45,0.0
03/09/06 05:50,0.0
03/09/06 05:55,0.0
03/09/06 06:00,0.0
03/09/06 06:05,0.0
03/09/06 06:10,0.0
03/09/06 06:15,0.0
03/09/06 06:20,0.0
03/09/06 06:25,0.0
03/09/06 06:30,0.0
03/09/06 06:35,0.0
03/09/06 06:40,0.0
03/09/06 06:45,0.0
03/09/06 06:50,0.0
03/09/06 06:55,0.0
03/09/06 07:00,0.1
03/09/06 07:05,0.2
03/09/06 07:10,0.7
03/09/06 07:15,0.8
03/09/06 07:20,0.6
03/09/06 07:25,0.6
03/09/06 07:30,1.1
03/09/06 07:35,1.7
03/09/06 07:40,2.0
03/09/06 07:45,2.3
03/09/06 07:50,2.6
03/09/06 07:55,2.8
03/09/06 08:00,2.6
03/09/06 08:05,2.4
03/09/06 08:10,2.4
03/09/06 08:15,3.8
03/09/06 08:20,5.6
03/09/06 08:25,7.4
03/09/06 08:30,8.6
03/09/06 08:35,9.4
03/09/06 08:40,10.7
03/09/06 08:45,11.6
03/09/06 08:50,12.3
03/09/06 08:55,13.0
03/09/06 09:00,11.9
03/09/06 09:05,10.8
03/09/06 09:10,11.2
03/09/06 09:15,13.2
03/09/06 09:20,14.5
03/09/06 09:25,14.9
03/09/06 09:30,14.7
03/09/06 09:35,14.0
03/09/06 09:40,13.8
03/09/06 09:45,13.8
03/09/06 09:50,14.8
03/09/06 09:55,16.0
03/09/06 10:00,16.8
03/09/06 10:05,17.2
03/09/06 10:10,17.5
03/09/06 10:15,16.0
03/09/06 10:20,13.1
03/09/06 10:25,11.8
03/09/06 10:30,11.4
03/09/06 10:35,11.6
03/09/06 10:40,11.7
03/09/06 10:45,11.9
03/09/06 10:50,11.5
03/09/06 10:55,11.5
03/09/06 11:00,10.8
03/09/06 11:05,10.2
03/09/06 11:10,10.0
03/09/06 11:15,10.6
03/09/06 11:20,11.3
03/09/06 11:25,12.3
03/09/06 11:30,12.8
03/09/06 11:35,12.3
03/09/06 11:40,10.7
03/09/06 11:45,8.4
03/09/06 11:50,7.4
03/09/06 11:55,6.8
03/09/06 12:00,7.1
03/09/06 12:05,7.4
03/09/06 12:10,7.3
03/09/06 12:15,6.8
03/09/06 12:20,6.6
03/09/06 12:25,7.4
03/09/06 12:30,8.3
03/09/06 12:35,9.2
03/09/06 12:40,10.3
03/09/06 12:45,12.1
03/09/06 12:50,13.5
03/09/06 12:55,14.5
03/09/06 13:00,15.7
03/09/06 13:05,16.7
03/09/06 13:10,17.7
03/09/06 13:15,17.7
03/09/06 13:20,15.2
03/09/06 13:25,13.4
03/09/06 13:30,12.0
03/09/06 13:35,10.6
03/09/06 13:40,9.8
03/09/06 13:45,9.0
03/09/06 13:50,9.2
03/09/06 13:55,8.5
03/09/06 14:00,8.1
03/09/06 14:05,7.8
03/09/06 14:10,9.6
03/09/06 14:15,10.7
03/09/06 14:20,13.0
03/09/06 14:25,14.4
03/09/06 14:30,13.3
03/09/06 14:35,14.0
03/09/06 14:40,15.3
03/09/06 14:45,13.7
03/09/06 14:50,10.6
03/09/06 14:55,8.2
03/09/06 15:00,10.3
03/09/06 15:05,12.3
03/09/06 15:10,10.3
03/09/06 15:15,10.6
03/09/06 15:20,11.2
03/09/06 15:25,11.6
03/09/06 15:30,11.3
03/09/06 15:35,10.5
03/09/06 15:40,9.9
03/09/06 15:45,9.2
03/09/06 15:50,8.4
03/09/06 15:55,7.6
03/09/06 16:00,6.6
03/09/06 16:05,5.6
03/09/06 16:10,4.8
03/09/06 16:15,4.0
03/09/06 16:20,3.6
03/09/06 16:25,2.5
03/09/06 16:30,1.4
03/09/06 16:35,0.9
03/09/06 16:40,0.6
03/09/06 16:45,0.3
03/09/06 16:50,0.2
03/09/06 16:55,0.1
03/09/06 17:00,0.0
03/09/06 17:05,0.0
03/09/06 17:10,0.0
03/09/06 17:15,0.0
03/09/06 17:20,0.0
03/09/06 17:25,0.0
03/09/06 17:30,0.0
03/09/06 17:35,0.0
03/09/06 17:40,0.0
03/09/06 17:45,0.0
03/09/06 17:50,0.0
03/09/06 17:55,0.0
03/09/06 18:00,0.0
03/09/06 18:05,0.0
03/09/06 18:10,0.0
03/09/06 18:15,0.0
03/09/06 18:20,0.0
03/09/06 18:25,0.0
03/09/06 18:30,0.0
03/09/06 18:35,0.0
03/09/06 18:40,0.0
03/09/06 18:45,0.0
03/09/06 18:50,0.0
03/09/06 18:55,0.0
03/09/06 19:00,0.0
03/09/06 19:05,0.0
03/09/06 19:10,0.0
03/09/06 19:15,0.0
03/09/06 19:20,0.0
03/09/06 19:25,0.0
03/09/06 19:30,0.0
03/09/06 19:35,0.0
03/09/06 19:40,0.0
03/09/06 19:45,0.0
03/09/06 19:50,0.0
03/09/06 19:55,0.0
03/09/06 20:00,0.0
03/09/06 20:05,0.0
03/09/06 20:10,0.0
03/09/06 20:15,0.0
03/09/06 20:20,0.0
03/09/06 20:25,0.0
03/09/06 20:30,0.0
03/09/06 20:35,0.0
03/09/06 20:40,0.0
03/09/06 20:45,0.0
03/09/06 20:50,0.0
03/09/06 20:55,0.0
03/09/06 21:00,0.0
03/09/06 21:05,0.0
03/09/06 21:10,0.0
03/09/06 21:15,0.0
03/09/06 21:20,0.0
03/09/06 21:25,0.0
03/09/06 21:30,0.0
03/09/06 21:35,0.0
03/09/06 21:40,0.0
03/09/06 21:45,0.0
03/09/06 21:50,0.0
03/09/06 21:55,0.0
03/09/06 22:00,0.0
03/09/06 22:05,0.0
03/09/06 22:10,0.0
03/09/06 22:15,0.0
03/09/06 22:20,0.0
03/09/06 22:25,0.0
03/09/06 22:30,0.0
03/09/06 22:35,0.0
03/09/06 22:40,0.0
03/09/06 22:45,0.0
03/09/06 22:50,0.0
03/09/06 22:55,0.0
03/09/06 23:00,0.0
03/09/06 23:05,0.0
03/09/06 23:10,0.0
03/09/06 23:15,0.0
03/09/06 23:20,0.0
03/09/06 23:25,0.0
03/09/06 23:30,0.0
03/09/06 23:35,0.0
03/09/06 23:40,0.0
03/09/06 23:45,0.0
03/09/06 23:50,0.0
03/09/06 23:55,0.0
03/10/06 00:00,0.0
03/10/06 00:05,0.0
03/10/06 00:10,0.0
03/10/06 00:15,0.0
03/10/06 00:20,0.0
03/10/06 00:25,0.0
03/10/06 00:30,0.0
03/10/06 00:35,0.0
03/10/06 00:40,0.0
03/10/06 00:45,0.0
03/10/06 00:50,0.0
03/10/06 00:55,0.0
03/10/06 01:00,0.0
03/10/06 01:05,0.0
03/10/06 01:10,0.0
03/10/06 01:15,0.0
03/10/06 01:20,0.0
03/10/06 01:25,0.0
03/10/06 01:30,0.0
03/10/06 01:35,0.0
03/10/06 01:40,0.0
03/10/06 01:45,0.0
03/10/06 01:50,0.0
03/10/06 01:55,0.0
03/10/06 02:00,0.0
03/10/06 02:05,0.0
03/10/06 02:10,0.0
03/10/06 02:15,0.0
03/10/06 02:20,0.0
03/10/06 02:25,0.0
03/10/06 02:30,0.0
03/10/06 02:35,0.0
03/10/06 02:40,0.0
03/10/06 02:45,0.0
03/10/06 02:50,0.0
03/10/06 02:55,0.0
03/10/06 03:00,0.0
03/10/06 03:05,0.0
03/10/06 03:10,0.0
03/10/06 03:15,0.0
03/10/06 03:20,0.0
03/10/06 03:25,0.0
03/10/06 03:30,0.0
03/10/06 03:35,0.0
03/10/06 03:40,0.0
03/10/06 03:45,0.0
03/10/06 03:50,0.0
03/10/06 03:55,0.0
03/10/06 04:00,0.0
03/10/06 04:05,0.0
03/10/06 04:10,0.0
03/10/06 04:15,0.0
03/10/06 04:20,0.0
03/10/06 04:25,0.0
03/10/06 04:30,0.0
03/10/06 04:35,0.0
03/10/06 04:40,0.0
03/10/06 04:45,0.0
03/10/06 04:50,0.0
03/10/06 04:55,0.0
03/10/06 05:00,0.0
03/10/06 05:05,0.0
03/10/06 05:10,0.0
03/10/06 05:15,0.0
03/10/06 05:20,0.0
03/10/06 05:25,0.0
03/10/06 05:30,0.0
03/10/06 05:35,0.0
03/10/06 05:40,0.0
03/10/06 05:45,0.0
03/10/06 05:50,0.0
03/10/06 05:55,0.0
03/10/06 06:00,0.0
03/10/06 06:05,0.0
03/10/06 06:10,0.0
03/10/06 06:15,0.0
03/10/06 06:20,0.0
03/10/06 06:25,0.0
03/10/06 06:30,0.0
03/10/06 06:35,0.0
03/10/06 06:40,0.0
03/10/06 06:45,0.0
03/10/06 06:50,0.0
03/10/06 06:55,0.0
03/10/06 07:00,0.0
03/10/06 07:05,0.0
03/10/06 07:10,0.0
03/10/06 07:15,0.1
03/10/06 07:20,0.3
03/10/06 07:25,0.7
03/10/06 07:30,1.4
03/10/06 07:35,3.0
03/10/06 07:40,3.9
03/10/06 07:45,4.5
03/10/06 07:50,5.0
03/10/06 07:55,5.7
03/10/06 08:00,6.4
03/10/06 08:05,6.8
03/10/06 08:10,6.7
03/10/06 08:15,6.0
03/10/06 08:20,5.3
03/10/06 08:25,5.4
03/10/06 08:30,4.9
03/10/06 08:35,4.6
03/10/06 08:40,4.5
03/10/06 08:45,4.6
03/10/06 08:50,5.4
03/10/06 08:55,5.9
03/10/06 09:00,6.2
03/10/06 09:05,6.5
03/10/06 09:10,6.8
03/10/06 09:15,6.5
03/10/06 09:20,6.5
03/10/06 09:25,6.6
03/10/06 09:30,6.5
03/10/06 09:35,6.2
03/10/06 09:40,5.8
03/10/06 09:45,5.4
03/10/06 09:50,5.1
03/10/06 09:55,4.9
03/10/06 10:00,5.1
03/10/06 10:05,6.9
03/10/06 10:10,8.2
03/10/06 10:15,11.7
03/10/06 10:20,17.4
03/10/06 10:25,20.4
03/10/06 10:30,21.2
03/10/06 10:35,19.7
03/10/06 10:40,18.9
03/10/06 10:45,18.1
03/10/06 10:50,18.2
03/10/06 10:55,19.9
03/10/06 11:00,19.8
03/10/06 11:05,20.2
03/10/06 11:10,20.7
03/10/06 11:15,20.0
03/10/06 11:20,18.6
03/10/06 11:25,16.3
03/10/06 11:30,14.2
03/10/06 11:35,11.9
03/10/06 11:40,11.6
03/10/06 11:45,12.1
03/10/06 11:50,12.4
03/10/06 11:55,11.0
03/10/06 12:00,8.8
03/10/06 12:05,7.3
03/10/06 12:10,6.1
03/10/06 12:15,5.5
03/10/06 12:20,5.5
03/10/06 12:25,5.4
03/10/06 12:30,5.2
03/10/06 12:35,5.9
03/10/06 12:40,6.3
03/10/06 12:45,6.5
03/10/06 12:50,6.5
03/10/06 12:55,6.2
03/10/06 13:00,5.8
03/10/06 13:05,5.5
03/10/06 13:10,6.1
03/10/06 13:15,10.9
03/10/06 13:20,14.8
03/10/06 13:25,16.8
03/10/06 13:30,17.4
03/10/06 13:35,17.3
03/10/06 13:40,16.8
03/10/06 13:45,16.3
03/10/06 13:50,15.7
03/10/06 13:55,15.1
03/10/06 14:00,14.3
03/10/06 14:05,13.4
03/10/06 14:10,12.7
03/10/06 14:15,11.9
03/10/06 14:20,11.0
03/10/06 14:25,10.1
03/10/06 14:30,9.5
03/10/06 14:35,8.9
03/10/06 14:40,8.1
03/10/06 14:45,7.5
03/10/06 14:50,6.8
03/10/06 14:55,6.3
03/10/06 15:00,5.9
03/10/06 15:05,5.5
03/10/06 15:10,5.1
03/10/06 15:15,4.7
03/10/06 15:20,4.5
03/10/06 15:25,5.3
03/10/06 15:30,6.9
03/10/06 15:35,8.4
03/10/06 15:40,8.2
03/10/06 15:45,8.6
03/10/06 15:50,8.8
03/10/06 15:55,9.2
03/10/06 16:00,9.3
03/10/06 16:05,8.9
03/10/06 16:10,8.2
03/10/06 16:15,7.0
03/10/06 16:20,7.0
03/10/06 16:25,6.6
03/10/06 16:30,5.8
03/10/06 16:35,5.5
03/10/06 16:40,5.7
03/10/06 16:45,4.9
03/10/06 16:50,3.2
03/10/06 16:55,1.0
03/10/06 17:00,0.4
03/10/06 17:05,0.5
03/10/06 17:10,0.3
03/10/06 17:15,0.3
03/10/06 17:20,0.1
03/10/06 17:25,0.0
03/10/06 17:30,0.0
03/10/06 17:35,0.0
03/10/06 17:40,0.0
03/10/06 17:45,0.0
03/10/06 17:50,0.0
03/10/06 17:55,0.0
03/10/06 18:00,0.0
03/10/06 18:05,0.0
03/10/06 18:10,0.0
03/10/06 18:15,0.0
03/10/06 18:20,0.0
03/10/06 18:25,0.0
03/10/06 18:30,0.0
03/10/06 18:35,0.0
03/10/06 18:40,0.0
03/10/06 18:45,0.0
03/10/06 18:50,0.0
03/10/06 18:55,0.0
03/10/06 19:00,0.0
03/10/06 19:05,0.0
03/10/06 19:10,0.0
03/10/06 19:15,0.0
03/10/06 19:20,0.0
03/10/06 19:25,0.0
03/10/06 19:30,0.0
03/10/06 19:35,0.0
03/10/06 19:40,0.0
03/10/06 19:45,0.0
03/10/06 19:50,0.0
03/10/06 19:55,0.0
03/10/06 20:00,0.0
03/10/06 20:05,0.0
03/10/06 20:10,0.0
03/10/06 20:15,0.0
03/10/06 20:20,0.0
03/10/06 20:25,0.0
03/10/06 20:30,0.0
03/10/06 20:35,0.0
03/10/06 20:40,0.0
03/10/06 20:45,0.0
03/10/06 20:50,0.0
03/10/06 20:55,0.0
03/10/06 21:00,0.0
03/10/06 21:05,0.0
03/10/06 21:10,0.0
03/10/06 21:15,0.0
03/10/06 21:20,0.0
03/10/06 21:25,0.0
03/10/06 21:30,0.0
03/10/06 21:35,0.0
03/10/06 21:40,0.0
03/10/06 21:45,0.0
03/10/06 21:50,0.0
03/10/06 21:55,0.0
03/10/06 22:00,0.0
03/10/06 22:05,0.0
03/10/06 22:10,0.0
03/10/06 22:15,0.0
03/10/06 22:20,0.0
03/10/06 22:25,0.0
03/10/06 22:30,0.0
03/10/06 22:35,0.0
03/10/06 22:40,0.0
03/10/06 22:45,0.0
03/10/06 22:50,0.0
03/10/06 22:55,0.0
03/10/06 23:00,0.0
03/10/06 23:05,0.0
03/10/06 23:10,0.0
03/10/06 23:15,0.0
03/10/06 23:20,0.0
03/10/06 23:25,0.0
03/10/06 23:30,0.0
03/10/06 23:35,0.0
03/10/06 23:40,0.0
03/10/06 23:45,0.0
03/10/06 23:50,0.0
03/10/06 23:55,0.0
03/11/06 00:00,0.0
03/11/06 00:05,0.0
03/11/06 00:10,0.0
03/11/06 00:15,0.0
03/11/06 00:20,0.0
03/11/06 00:25,0.0
03/11/06 00:30,0.0
03/11/06 00:35,0.0
03/11/06 00:40,0.0
03/11/06 00:45,0.0
03/11/06 00:50,0.0
03/11/06 00:55,0.0
03/11/06 01:00,0.0
03/11/06 01:05,0.0
03/11/06 01:10,0.0
03/11/06 01:15,0.0
03/11/06 01:20,0.0
03/11/06 01:25,0.0
03/11/06 01:30,0.0
03/11/06 01:35,0.0
03/11/06 01:40,0.0
03/11/06 01:45,0.0
03/11/06 01:50,0.0
03/11/06 01:55,0.0
03/11/06 02:00,0.0
03/11/06 02:05,0.0
03/11/06 02:10,0.0
03/11/06 02:15,0.0
03/11/06 02:20,0.0
03/11/06 02:25,0.0
03/11/06 02:30,0.0
03/11/06 02:35,0.0
03/11/06 02:40,0.0
03/11/06 02:45,0.0
03/11/06 02:50,0.0
03/11/06 02:55,0.0
03/11/06 03:00,0.0
03/11/06 03:05,0.0
03/11/06 03:10,0.0
03/11/06 03:15,0.0
03/11/06 03:20,0.0
03/11/06 03:25,0.0
03/11/06 03:30,0.0
03/11/06 03:35,0.0
03/11/06 03:40,0.0
03/11/06 03:45,0.0
03/11/06 03:50,0.0
03/11/06 03:55,0.0
03/11/06 04:00,0.0
03/11/06 04:05,0.0
03/11/06 04:10,0.0
03/11/06 04:15,0.0
03/11/06 04:20,0.0
03/11/06 04:25,0.0
03/11/06 04:30,0.0
03/11/06 04:35,0.0
03/11/06 04:40,0.0
03/11/06 04:45,0.0
03/11/06 04:50,0.0
03/11/06 04:55,0.0
03/11/06 05:00,0.0
03/11/06 05:05,0.0
03/11/06 05:10,0.0
03/11/06 05:15,0.0
03/11/06 05:20,0.0
03/11/06 05:25,0.0
03/11/06 05:30,0.0
03/11/06 05:35,0.0
03/11/06 05:40,0.0
03/11/06 05:45,0.0
03/11/06 05:50,0.0
03/11/06 05:55,0.0
03/11/06 06:00,0.0
03/11/06 06:05,0.0
03/11/06 06:10,0.0
03/11/06 06:15,0.0
03/11/06 06:20,0.0
03/11/06 06:25,0.0
03/11/06 06:30,0.0
03/11/06 06:35,0.0
03/11/06 06:40,0.0
03/11/06 06:45,0.0
03/11/06 06:50,0.1
03/11/06 06:55,0.1
03/11/06 07:00,0.2
03/11/06 07:05,1.0
03/11/06 07:10,3.3
03/11/06 07:15,3.7
03/11/06 07:20,3.5
03/11/06 07:25,3.6
03/11/06 07:30,4.2
03/11/06 07:35,4.8
03/11/06 07:40,5.2
03/11/06 07:45,5.7
03/11/06 07:50,6.4
03/11/06 07:55,6.9
03/11/06 08:00,7.4
03/11/06 08:05,7.6
03/11/06 08:10,9.2
03/11/06 08:15,9.4
03/11/06 08:20,9.2
03/11/06 08:25,8.1
03/11/06 08:30,8.5
03/11/06 08:35,9.2
03/11/06 08:40,8.4
03/11/06 08:45,7.3
03/11/06 08:50,6.8
03/11/06 08:55,8.5
03/11/06 09:00,12.4
03/11/06 09:05,12.7
03/11/06 09:10,12.7
03/11/06 09:15,11.5
03/11/06 09:20,9.9
03/11/06 09:25,9.6
03/11/06 09:30,10.3
03/11/06 09:35,10.9
03/11/06 09:40,11.2
03/11/06 09:45,11.7
03/11/06 09:50,13.0
03/11/06 09:55,12.8
03/11/06 10:00,12.6
03/11/06 10:05,12.1
03/11/06 10:10,10.0
03/11/06 10:15,10.3
03/11/06 10:20,9.1
03/11/06 10:25,7.0
03/11/06 10:30,6.7
03/11/06 10:35,11.7
03/11/06 10:40,11.7
03/11/06 10:45,8.6
03/11/06 10:50,9.5
03/11/06 10:55,11.3
03/11/06 11:00,12.9
03/11/06 11:05,13.7
03/11/06 11:10,12.4
03/11/06 11:15,12.2
03/11/06 11:20,13.3
03/11/06 11:25,14.0
03/11/06 11:30,15.0
03/11/06 11:35,15.6
03/11/06 11:40,16.2
03/11/06 11:45,17.0
03/11/06 11:50,17.8
03/11/06 11:55,18.7
03/11/06 12:00,19.2
03/11/06 12:05,19.6
03/11/06 12:10,20.1
03/11/06 12:15,20.7
03/11/06 12:20,20.7
03/11/06 12:25,19.8
03/11/06 12:30,18.2
03/11/06 12:35,19.5
03/11/06 12:40,21.4
03/11/06 12:45,21.3
03/11/06 12:50,21.8
03/11/06 12:55,22.1
03/11/06 13:00,20.8
03/11/06 13:05,20.3
03/11/06 13:10,20.7
03/11/06 13:15,19.7
03/11/06 13:20,17.8
03/11/06 13:25,16.0
03/11/06 13:30,14.4
03/11/06 13:35,13.2
03/11/06 13:40,12.6
03/11/06 13:45,11.8
03/11/06 13:50,10.9
03/11/06 13:55,9.8
03/11/06 14:00,9.0
03/11/06 14:05,8.4
03/11/06 14:10,8.0
03/11/06 14:15,7.3
03/11/06 14:20,6.6
03/11/06 14:25,6.1
03/11/06 14:30,6.1
03/11/06 14:35,6.6
03/11/06 14:40,7.1
03/11/06 14:45,7.7
03/11/06 14:50,8.3
03/11/06 14:55,8.9
03/11/06 15:00,9.9
03/11/06 15:05,10.3
03/11/06 15:10,10.5
03/11/06 15:15,10.3
03/11/06 15:20,9.5
03/11/06 15:25,10.8
03/11/06 15:30,11.4
03/11/06 15:35,11.9
03/11/06 15:40,11.1
03/11/06 15:45,9.6
03/11/06 15:50,9.3
03/11/06 15:55,8.6
03/11/06 16:00,8.2
03/11/06 16:05,8.3
03/11/06 16:10,8.2
03/11/06 16:15,7.3
03/11/06 16:20,6.4
03/11/06 16:25,5.7
03/11/06 16:30,5.1
03/11/06 16:35,4.7
03/11/06 16:40,4.3
03/11/06 16:45,3.9
03/11/06 16:50,3.5
03/11/06 16:55,2.4
03/11/06 17:00,1.5
03/11/06 17:05,1.0
03/11/06 17:10,0.6
03/11/06 17:15,0.3
03/11/06 17:20,0.1
03/11/06 17:25,0.1
03/11/06 17:30,0.0
03/11/06 17:35,0.0
03/11/06 17:40,0.0
03/11/06 17:45,0.0
03/11/06 17:50,0.0
03/11/06 17:55,0.0
03/11/06 18:00,0.0
03/11/06 18:05,0.0
03/11/06 18:10,0.0
03/11/06 18:15,0.0
03/11/06 18:20,0.0
03/11/06 18:25,0.0
03/11/06 18:30,0.0
03/11/06 18:35,0.0
03/11/06 18:40,0.0
03/11/06 18:45,0.0
03/11/06 18:50,0.0
03/11/06 18:55,0.0
03/11/06 19:00,0.0
03/11/06 19:05,0.0
03/11/06 19:10,0.0
03/11/06 19:15,0.0
03/11/06 19:20,0.0
03/11/06 19:25,0.0
03/11/06 19:30,0.0
03/11/06 19:35,0.0
03/11/06 19:40,0.0
03/11/06 19:45,0.0
03/11/06 19:50,0.0
03/11/06 19:55,0.0
03/11/06 20:00,0.0
03/11/06 20:05,0.0
03/11/06 20:10,0.0
03/11/06 20:15,0.0
03/11/06 20:20,0.0
03/11/06 20:25,0.0
03/11/06 20:30,0.0
03/11/06 20:35,0.0
03/11/06 20:40,0.0
03/11/06 20:45,0.0
03/11/06 20:50,0.0
03/11/06 20:55,0.0
03/11/06 21:00,0.0
03/11/06 21:05,0.0
03/11/06 21:10,0.0
03/11/06 21:15,0.0
03/11/06 21:20,0.0
03/11/06 21:25,0.0
03/11/06 21:30,0.0
03/11/06 21:35,0.0
03/11/06 21:40,0.0
03/11/06 21:45,0.0
03/11/06 21:50,0.0
03/11/06 21:55,0.0
03/11/06 22:00,0.0
03/11/06 22:05,0.0
03/11/06 22:10,0.0
03/11/06 22:15,0.0
03/11/06 22:20,0.0
03/11/06 22:25,0.0
03/11/06 22:30,0.0
03/11/06 22:35,0.0
03/11/06 22:40,0.0
03/11/06 22:45,0.0
03/11/06 22:50,0.0
03/11/06 22:55,0.0
03/11/06 23:00,0.0
03/11/06 23:05,0.0
03/11/06 23:10,0.0
03/11/06 23:15,0.0
03/11/06 23:20,0.0
03/11/06 23:25,0.0
03/11/06 23:30,0.0
03/11/06 23:35,0.0
03/11/06 23:40,0.0
03/11/06 23:45,0.0
03/11/06 23:50,0.0
03/11/06 23:55,0.0
03/12/06 00:00,0.0
03/12/06 00:05,0.0
03/12/06 00:10,0.0
03/12/06 00:15,0.0
03/12/06 00:20,0.0
03/12/06 00:25,0.0
03/12/06 00:30,0.0
03/12/06 00:35,0.0
03/12/06 00:40,0.0
03/12/06 00:45,0.0
03/12/06 00:50,0.0
03/12/06 00:55,0.0
03/12/06 01:00,0.0
03/12/06 01:05,0.0
03/12/06 01:10,0.0
03/12/06 01:15,0.0
03/12/06 01:20,0.0
03/12/06 01:25,0.0
03/12/06 01:30,0.0
03/12/06 01:35,0.0
03/12/06 01:40,0.0
03/12/06 01:45,0.0
03/12/06 01:50,0.0
03/12/06 01:55,0.0
03/12/06 02:00,0.0
03/12/06 02:05,0.0
03/12/06 02:10,0.0
03/12/06 02:15,0.0
03/12/06 02:20,0.0
03/12/06 02:25,0.0
03/12/06 02:30,0.0
03/12/06 02:35,0.0
03/12/06 02:40,0.0
03/12/06 02:45,0.0
03/12/06 02:50,0.0
03/12/06 02:55,0.0
03/12/06 03:00,0.0
03/12/06 03:05,0.0
03/12/06 03:10,0.0
03/12/06 03:15,0.0
03/12/06 03:20,0.0
03/12/06 03:25,0.0
03/12/06 03:30,0.0
03/12/06 03:35,0.0
03/12/06 03:40,0.0
03/12/06 03:45,0.0
03/12/06 03:50,0.0
03/12/06 03:55,0.0
03/12/06 04:00,0.0
03/12/06 04:05,0.0
03/12/06 04:10,0.0
03/12/06 04:15,0.0
03/12/06 04:20,0.0
03/12/06 04:25,0.0
03/12/06 04:30,0.0
03/12/06 04:35,0.0
03/12/06 04:40,0.0
03/12/06 04:45,0.0
03/12/06 04:50,0.0
03/12/06 04:55,0.0
03/12/06 05:00,0.0
03/12/06 05:05,0.0
03/12/06 05:10,0.0
03/12/06 05:15,0.0
03/12/06 05:20,0.0
03/12/06 05:25,0.0
03/12/06 05:30,0.0
03/12/06 05:35,0.0
03/12/06 05:40,0.0
03/12/06 05:45,0.0
03/12/06 05:50,0.0
03/12/06 05:55,0.0
03/12/06 06:00,0.0
03/12/06 06:05,0.0
03/12/06 06:10,0.0
03/12/06 06:15,0.0
03/12/06 06:20,0.0
03/12/06 06:25,0.0
03/12/06 06:30,0.0
03/12/06 06:35,0.0
03/12/06 06:40,0.1
03/12/06 06:45,0.2
03/12/06 06:50,0.7
03/12/06 06:55,1.1
03/12/06 07:00,1.1
03/12/06 07:05,2.0
03/12/06 07:10,4.0
03/12/06 07:15,4.1
03/12/06 07:20,4.2
03/12/06 07:25,4.5
03/12/06 07:30,4.9
03/12/06 07:35,5.3
03/12/06 07:40,5.7
03/12/06 07:45,6.0
03/12/06 07:50,6.0
03/12/06 07:55,6.0
03/12/06 08:00,6.0
03/12/06 08:05,5.5
03/12/06 08:10,5.3
03/12/06 08:15,6.3
03/12/06 08:20,8.3
03/12/06 08:25,9.9
03/12/06 08:30,11.0
03/12/06 08:35,12.0
03/12/06 08:40,12.9
03/12/06 08:45,13.8
03/12/06 08:50,14.6
03/12/06 08:55,15.4
03/12/06 09:00,16.0
03/12/06 09:05,16.4
03/12/06 09:10,16.8
03/12/06 09:15,17.9
03/12/06 09:20,18.7
03/12/06 09:25,18.3
03/12/06 09:30,17.6
03/12/06 09:35,17.6
03/12/06 09:40,18.2
03/12/06 09:45,19.6
03/12/06 09:50,20.1
03/12/06 09:55,21.1
03/12/06 10:00,21.7
03/12/06 10:05,21.6
03/12/06 10:10,21.9
03/12/06 10:15,21.9
03/12/06 10:20,21.2
03/12/06 10:25,21.7
03/12/06 10:30,22.6
03/12/06 10:35,22.4
03/12/06 10:40,22.3
03/12/06 10:45,22.7
03/12/06 10:50,22.0
03/12/06 10:55,20.4
03/12/06 11:00,20.9
03/12/06 11:05,22.2
03/12/06 11:10,23.5
03/12/06 11:15,24.5
03/12/06 11:20,24.4
03/12/06 11:25,23.3
03/12/06 11:30,22.3
03/12/06 11:35,21.4
03/12/06 11:40,20.8
03/12/06 11:45,21.4
03/12/06 11:50,22.0
03/12/06 11:55,22.2
03/12/06 12:00,22.1
03/12/06 12:05,22.0
03/12/06 12:10,21.3
03/12/06 12:15,21.8
03/12/06 12:20,22.8
03/12/06 12:25,24.4
03/12/06 12:30,25.7
03/12/06 12:35,26.6
03/12/06 12:40,27.1
03/12/06 12:45,27.5
03/12/06 12:50,27.8
03/12/06 12:55,27.9
03/12/06 13:00,27.8
03/12/06 13:05,27.7
03/12/06 13:10,27.4
03/12/06 13:15,26.9
03/12/06 13:20,26.4
03/12/06 13:25,26.0
03/12/06 13:30,25.6
03/12/06 13:35,25.2
03/12/06 13:40,24.7
03/12/06 13:45,24.4
03/12/06 13:50,24.2
03/12/06 13:55,23.9
03/12/06 14:00,23.6
03/12/06 14:05,23.2
03/12/06 14:10,22.8
03/12/06 14:15,22.7
03/12/06 14:20,22.8
03/12/06 14:25,22.8
03/12/06 14:30,23.2
03/12/06 14:35,23.1
03/12/06 14:40,22.6
03/12/06 14:45,22.4
03/12/06 14:50,22.1
03/12/06 14:55,21.5
03/12/06 15:00,20.9
03/12/06 15:05,20.6
03/12/06 15:10,20.0
03/12/06 15:15,18.9
03/12/06 15:20,17.6
03/12/06 15:25,16.8
03/12/06 15:30,16.2
03/12/06 15:35,15.5
03/12/06 15:40,14.8
03/12/06 15:45,13.6
03/12/06 15:50,12.2
03/12/06 15:55,10.8
03/12/06 16:00,9.2
03/12/06 16:05,7.7
03/12/06 16:10,6.9
03/12/06 16:15,6.4
03/12/06 16:20,6.2
03/12/06 16:25,6.1
03/12/06 16:30,5.9
03/12/06 16:35,5.6
03/12/06 16:40,5.1
03/12/06 16:45,4.8
03/12/06 16:50,4.3
03/12/06 16:55,3.9
03/12/06 17:00,3.3
03/12/06 17:05,1.8
03/12/06 17:10,0.8
03/12/06 17:15,0.3
03/12/06 17:20,0.1
03/12/06 17:25,0.0
03/12/06 17:30,0.0
03/12/06 17:35,0.0
03/12/06 17:40,0.0
03/12/06 17:45,0.0
03/12/06 17:50,0.0
03/12/06 17:55,0.0
03/12/06 18:00,0.0
03/12/06 18:05,0.0
03/12/06 18:10,0.0
03/12/06 18:15,0.0
03/12/06 18:20,0.0
03/12/06 18:25,0.0
03/12/06 18:30,0.0
03/12/06 18:35,0.0
03/12/06 18:40,0.0
03/12/06 18:45,0.0
03/12/06 18:50,0.0
03/12/06 18:55,0.0
03/12/06 19:00,0.0
03/12/06 19:05,0.0
03/12/06 19:10,0.0
03/12/06 19:15,0.0
03/12/06 19:20,0.0
03/12/06 19:25,0.0
03/12/06 19:30,0.0
03/12/06 19:35,0.0
03/12/06 19:40,0.0
03/12/06 19:45,0.0
03/12/06 19:50,0.0
03/12/06 19:55,0.0
03/12/06 20:00,0.0
03/12/06 20:05,0.0
03/12/06 20:10,0.0
03/12/06 20:15,0.0
03/12/06 20:20,0.0
03/12/06 20:25,0.0
03/12/06 20:30,0.0
03/12/06 20:35,0.0
03/12/06 20:40,0.0
03/12/06 20:45,0.0
03/12/06 20:50,0.0
03/12/06 20:55,0.0
03/12/06 21:00,0.0
03/12/06 21:05,0.0
03/12/06 21:10,0.0
03/12/06 21:15,0.0
03/12/06 21:20,0.0
03/12/06 21:25,0.0
03/12/06 21:30,0.0
03/12/06 21:35,0.0
03/12/06 21:40,0.0
03/12/06 21:45,0.0
03/12/06 21:50,0.0
03/12/06 21:55,0.0
03/12/06 22:00,0.0
03/12/06 22:05,0.0
03/12/06 22:10,0.0
03/12/06 22:15,0.0
03/12/06 22:20,0.0
03/12/06 22:25,0.0
03/12/06 22:30,0.0
03/12/06 22:35,0.0
03/12/06 22:40,0.0
03/12/06 22:45,0.0
03/12/06 22:50,0.0
03/12/06 22:55,0.0
03/12/06 23:00,0.0
03/12/06 23:05,0.0
03/12/06 23:10,0.0
03/12/06 23:15,0.0
03/12/06 23:20,0.0
03/12/06 23:25,0.0
03/12/06 23:30,0.0
03/12/06 23:35,0.0
03/12/06 23:40,0.0
03/12/06 23:45,0.0
03/12/06 23:50,0.0
03/12/06 23:55,0.0
03/13/06 00:00,0.0
03/13/06 00:05,0.0
03/13/06 00:10,0.0
03/13/06 00:15,0.0
03/13/06 00:20,0.0
03/13/06 00:25,0.0
03/13/06 00:30,0.0
03/13/06 00:35,0.0
03/13/06 00:40,0.0
03/13/06 00:45,0.0
03/13/06 00:50,0.0
03/13/06 00:55,0.0
03/13/06 01:00,0.0
03/13/06 01:05,0.0
03/13/06 01:10,0.0
03/13/06 01:15,0.0
03/13/06 01:20,0.0
03/13/06 01:25,0.0
03/13/06 01:30,0.0
03/13/06 01:35,0.0
03/13/06 01:40,0.0
03/13/06 01:45,0.0
03/13/06 01:50,0.0
03/13/06 01:55,0.0
03/13/06 02:00,0.0
03/13/06 02:05,0.0
03/13/06 02:10,0.0
03/13/06 02:15,0.0
03/13/06 02:20,0.0
03/13/06 02:25,0.0
03/13/06 02:30,0.0
03/13/06 02:35,0.0
03/13/06 02:40,0.0
03/13/06 02:45,0.0
03/13/06 02:50,0.0
03/13/06 02:55,0.0
03/13/06 03:00,0.0
03/13/06 03:05,0.0
03/13/06 03:10,0.0
03/13/06 03:15,0.0
03/13/06 03:20,0.0
03/13/06 03:25,0.0
03/13/06 03:30,0.0
03/13/06 03:35,0.0
03/13/06 03:40,0.0
03/13/06 03:45,0.0
03/13/06 03:50,0.0
03/13/06 03:55,0.0
03/13/06 04:00,0.0
03/13/06 04:05,0.0
03/13/06 04:10,0.0
03/13/06 04:15,0.0
03/13/06 04:20,0.0
03/13/06 04:25,0.0
03/13/06 04:30,0.0
03/13/06 04:35,0.0
03/13/06 04:40,0.0
03/13/06 04:45,0.0
03/13/06 04:50,0.0
03/13/06 04:55,0.0
03/13/06 05:00,0.0
03/13/06 05:05,0.0
03/13/06 05:10,0.0
03/13/06 05:15,0.0
03/13/06 05:20,0.0
03/13/06 05:25,0.0
03/13/06 05:30,0.0
03/13/06 05:35,0.0
03/13/06 05:40,0.0
03/13/06 05:45,0.0
03/13/06 05:50,0.0
03/13/06 05:55,0.0
03/13/06 06:00,0.0
03/13/06 06:05,0.0
03/13/06 06:10,0.0
03/13/06 06:15,0.0
03/13/06 06:20,0.0
03/13/06 06:25,0.0
03/13/06 06:30,0.0
03/13/06 06:35,0.0
03/13/06 06:40,0.0
03/13/06 06:45,0.0
03/13/06 06:50,0.3
03/13/06 06:55,0.6
03/13/06 07:00,0.9
03/13/06 07:05,1.1
03/13/06 07:10,1.9
03/13/06 07:15,1.9
03/13/06 07:20,1.8
03/13/06 07:25,2.1
03/13/06 07:30,2.8
03/13/06 07:35,3.6
03/13/06 07:40,4.0
03/13/06 07:45,4.5
03/13/06 07:50,5.0
03/13/06 07:55,5.6
03/13/06 08:00,6.3
03/13/06 08:05,6.9
03/13/06 08:10,7.5
03/13/06 08:15,8.0
03/13/06 08:20,7.6
03/13/06 08:25,7.0
03/13/06 08:30,7.1
03/13/06 08:35,7.3
03/13/06 08:40,8.0
03/13/06 08:45,8.0
03/13/06 08:50,7.3
03/13/06 08:55,6.2
03/13/06 09:00,5.3
03/13/06 09:05,4.6
03/13/06 09:10,4.3
03/13/06 09:15,5.6
03/13/06 09:20,7.3
03/13/06 09:25,9.4
03/13/06 09:30,10.4
03/13/06 09:35,14.3
03/13/06 09:40,15.8
03/13/06 09:45,13.2
03/13/06 09:50,10.8
03/13/06 09:55,11.9
03/13/06 10:00,14.1
03/13/06 10:05,13.4
03/13/06 10:10,12.9
03/13/06 10:15,12.5
03/13/06 10:20,12.7
03/13/06 10:25,12.7
03/13/06 10:30,12.9
03/13/06 10:35,13.2
03/13/06 10:40,13.5
03/13/06 10:45,13.5
03/13/06 10:50,14.1
03/13/06 10:55,15.0
03/13/06 11:00,15.5
03/13/06 11:05,15.7
03/13/06 11:10,15.6
03/13/06 11:15,15.3
03/13/06 11:20,15.5
03/13/06 11:25,14.8
03/13/06 11:30,14.7
03/13/06 11:35,14.7
03/13/06 11:40,15.1
03/13/06 11:45,15.1
03/13/06 11:50,15.5
03/13/06 11:55,17.1
03/13/06 12:00,18.6
03/13/06 12:05,19.6
03/13/06 12:10,19.8
03/13/06 12:15,17.6
03/13/06 12:20,13.1
03/13/06 12:25,9.5
03/13/06 12:30,7.1
03/13/06 12:35,6.3
03/13/06 12:40,8.4
03/13/06 12:45,6.8
03/13/06 12:50,7.2
03/13/06 12:55,7.4
03/13/06 13:00,7.7
03/13/06 13:05,7.9
03/13/06 13:10,9.3
03/13/06 13:15,9.8
03/13/06 13:20,9.0
03/13/06 13:25,7.5
03/13/06 13:30,6.6
03/13/06 13:35,5.4
03/13/06 13:40,4.5
03/13/06 13:45,4.0
03/13/06 13:50,3.8
03/13/06 13:55,3.7
03/13/06 14:00,4.9
03/13/06 14:05,5.4
03/13/06 14:10,5.6
03/13/06 14:15,5.7
03/13/06 14:20,5.5
03/13/06 14:25,5.1
03/13/06 14:30,4.4
03/13/06 14:35,4.0
03/13/06 14:40,3.9
03/13/06 14:45,3.7
03/13/06 14:50,3.1
03/13/06 14:55,1.9
03/13/06 15:00,1.3
03/13/06 15:05,0.9
03/13/06 15:10,0.4
03/13/06 15:15,0.2
03/13/06 15:20,0.2
03/13/06 15:25,0.4
03/13/06 15:30,0.7
03/13/06 15:35,1.5
03/13/06 15:40,2.8
03/13/06 15:45,3.6
03/13/06 15:50,4.1
03/13/06 15:55,4.7
03/13/06 16:00,5.0
03/13/06 16:05,4.9
03/13/06 16:10,4.9
03/13/06 16:15,4.6
03/13/06 16:20,4.2
03/13/06 16:25,3.7
03/13/06 16:30,2.6
03/13/06 16:35,1.6
03/13/06 16:40,0.9
03/13/06 16:45,0.4
03/13/06 16:50,0.2
03/13/06 16:55,0.1
03/13/06 17:00,0.1
03/13/06 17:05,0.0
03/13/06 17:10,0.0
03/13/06 17:15,0.0
03/13/06 17:20,0.0
03/13/06 17:25,0.0
03/13/06 17:30,0.0
03/13/06 17:35,0.0
03/13/06 17:40,0.0
03/13/06 17:45,0.0
03/13/06 17:50,0.0
03/13/06 17:55,0.0
03/13/06 18:00,0.0
03/13/06 18:05,0.0
03/13/06 18:10,0.0
03/13/06 18:15,0.0
03/13/06 18:20,0.0
03/13/06 18:25,0.0
03/13/06 18:30,0.0
03/13/06 18:35,0.0
03/13/06 18:40,0.0
03/13/06 18:45,0.0
03/13/06 18:50,0.0
03/13/06 18:55,0.0
03/13/06 19:00,0.0
03/13/06 19:05,0.0
03/13/06 19:10,0.0
03/13/06 19:15,0.0
03/13/06 19:20,0.0
03/13/06 19:25,0.0
03/13/06 19:30,0.0
03/13/06 19:35,0.0
03/13/06 19:40,0.0
03/13/06 19:45,0.0
03/13/06 19:50,0.0
03/13/06 19:55,0.0
03/13/06 20:00,0.0
03/13/06 20:05,0.0
03/13/06 20:10,0.0
03/13/06 20:15,0.0
03/13/06 20:20,0.0
03/13/06 20:25,0.0
03/13/06 20:30,0.0
03/13/06 20:35,0.0
03/13/06 20:40,0.0
03/13/06 20:45,0.0
03/13/06 20:50,0.0
03/13/06 20:55,0.0
03/13/06 21:00,0.0
03/13/06 21:05,0.0
03/13/06 21:10,0.0
03/13/06 21:15,0.0
03/13/06 21:20,0.0
03/13/06 21:25,0.0
03/13/06 21:30,0.0
03/13/06 21:35,0.0
03/13/06 21:40,0.0
03/13/06 21:45,0.0
03/13/06 21:50,0.0
03/13/06 21:55,0.0
03/13/06 22:00,0.0
03/13/06 22:05,0.0
03/13/06 22:10,0.0
03/13/06 22:15,0.0
03/13/06 22:20,0.0
03/13/06 22:25,0.0
03/13/06 22:30,0.0
03/13/06 22:35,0.0
03/13/06 22:40,0.0
03/13/06 22:45,0.0
03/13/06 22:50,0.0
03/13/06 22:55,0.0
03/13/06 23:00,0.0
03/13/06 23:05,0.0
03/13/06 23:10,0.0
03/13/06 23:15,0.0
03/13/06 23:20,0.0
03/13/06 23:25,0.0
03/13/06 23:30,0.0
03/13/06 23:35,0.0
03/13/06 23:40,0.0
03/13/06 23:45,0.0
03/13/06 23:50,0.0
03/13/06 23:55,0.0
03/14/06 00:00,0.0
03/14/06 00:05,0.0
03/14/06 00:10,0.0
03/14/06 00:15,0.0
03/14/06 00:20,0.0
03/14/06 00:25,0.0
03/14/06 00:30,0.0
03/14/06 00:35,0.0
03/14/06 00:40,0.0
03/14/06 00:45,0.0
03/14/06 00:50,0.0
03/14/06 00:55,0.0
03/14/06 01:00,0.0
03/14/06 01:05,0.0
03/14/06 01:10,0.0
03/14/06 01:15,0.0
03/14/06 01:20,0.0
03/14/06 01:25,0.0
03/14/06 01:30,0.0
03/14/06 01:35,0.0
03/14/06 01:40,0.0
03/14/06 01:45,0.0
03/14/06 01:50,0.0
03/14/06 01:55,0.0
03/14/06 02:00,0.0
03/14/06 02:05,0.0
03/14/06 02:10,0.0
03/14/06 02:15,0.0
03/14/06 02:20,0.0
03/14/06 02:25,0.0
03/14/06 02:30,0.0
03/14/06 02:35,0.0
03/14/06 02:40,0.0
03/14/06 02:45,0.0
03/14/06 02:50,0.0
03/14/06 02:55,0.0
03/14/06 03:00,0.0
03/14/06 03:05,0.0
03/14/06 03:10,0.0
03/14/06 03:15,0.0
03/14/06 03:20,0.0
03/14/06 03:25,0.0
03/14/06 03:30,0.0
03/14/06 03:35,0.0
03/14/06 03:40,0.0
03/14/06 03:45,0.0
03/14/06 03:50,0.0
03/14/06 03:55,0.0
03/14/06 04:00,0.0
03/14/06 04:05,0.0
03/14/06 04:10,0.0
03/14/06 04:15,0.0
03/14/06 04:20,0.0
03/14/06 04:25,0.0
03/14/06 04:30,0.0
03/14/06 04:35,0.0
03/14/06 04:40,0.0
03/14/06 04:45,0.0
03/14/06 04:50,0.0
03/14/06 04:55,0.0
03/14/06 05:00,0.0
03/14/06 05:05,0.0
03/14/06 05:10,0.0
03/14/06 05:15,0.0
03/14/06 05:20,0.0
03/14/06 05:25,0.0
03/14/06 05:30,0.0
03/14/06 05:35,0.0
03/14/06 05:40,0.0
03/14/06 05:45,0.0
03/14/06 05:50,0.0
03/14/06 05:55,0.0
03/14/06 06:00,0.0
03/14/06 06:05,0.0
03/14/06 06:10,0.0
03/14/06 06:15,0.0
03/14/06 06:20,0.0
03/14/06 06:25,0.0
03/14/06 06:30,0.0
03/14/06 06:35,0.1
03/14/06 06:40,0.3
03/14/06 06:45,0.8
03/14/06 06:50,0.9
03/14/06 06:55,0.5
03/14/06 07:00,0.2
03/14/06 07:05,0.1
03/14/06 07:10,0.1
03/14/06 07:15,0.7
03/14/06 07:20,0.9
03/14/06 07:25,3.8
03/14/06 07:30,5.7
03/14/06 07:35,6.9
03/14/06 07:40,7.3
03/14/06 07:45,7.1
03/14/06 07:50,7.4
03/14/06 07:55,8.9
03/14/06 08:00,9.3
03/14/06 08:05,10.0
03/14/06 08:10,10.4
03/14/06 08:15,10.5
03/14/06 08:20,10.2
03/14/06 08:25,10.0
03/14/06 08:30,10.4
03/14/06 08:35,12.6
03/14/06 08:40,14.2
03/14/06 08:45,10.4
03/14/06 08:50,8.5
03/14/06 08:55,9.7
03/14/06 09:00,12.9
03/14/06 09:05,16.2
03/14/06 09:10,17.4
03/14/06 09:15,17.9
03/14/06 09:20,18.9
03/14/06 09:25,19.7
03/14/06 09:30,20.4
03/14/06 09:35,21.0
03/14/06 09:40,21.5
03/14/06 09:45,21.9
03/14/06 09:50,22.5
03/14/06 09:55,23.2
03/14/06 10:00,23.7
03/14/06 10:05,24.3
03/14/06 10:10,24.9
03/14/06 10:15,25.7
03/14/06 10:20,26.3
03/14/06 10:25,26.9
03/14/06 10:30,27.5
03/14/06 10:35,27.7
03/14/06 10:40,28.0
03/14/06 10:45,28.3
03/14/06 10:50,28.5
03/14/06 10:55,28.6
03/14/06 11:00,28.8
03/14/06 11:05,29.1
03/14/06 11:10,29.3
03/14/06 11:15,29.3
03/14/06 11:20,29.2
03/14/06 11:25,29.4
03/14/06 11:30,29.5
03/14/06 11:35,29.6
03/14/06 11:40,29.9
03/14/06 11:45,30.0
03/14/06 11:50,30.0
03/14/06 11:55,30.1
03/14/06 12:00,30.2
03/14/06 12:05,30.3
03/14/06 12:10,30.3
03/14/06 12:15,30.0
03/14/06 12:20,29.2
03/14/06 12:25,28.7
03/14/06 12:30,28.2
03/14/06 12:35,27.9
03/14/06 12:40,27.8
03/14/06 12:45,27.6
03/14/06 12:50,27.5
03/14/06 12:55,27.2
03/14/06 13:00,26.9
03/14/06 13:05,26.7
03/14/06 13:10,26.6
03/14/06 13:15,26.8
03/14/06 13:20,26.9
03/14/06 13:25,27.0
03/14/06 13:30,26.9
03/14/06 13:35,26.8
03/14/06 13:40,26.6
03/14/06 13:45,26.3
03/14/06 13:50,26.0
03/14/06 13:55,25.7
03/14/06 14:00,25.3
03/14/06 14:05,25.0
03/14/06 14:10,24.5
03/14/06 14:15,24.0
03/14/06 14:20,23.6
03/14/06 14:25,23.3
03/14/06 14:30,22.9
03/14/06 14:35,22.5
03/14/06 14:40,22.1
03/14/06 14:45,21.6
03/14/06 14:50,21.2
03/14/06 14:55,20.7
03/14/06 15:00,20.2
03/14/06 15:05,19.6
03/14/06 15:10,18.8
03/14/06 15:15,18.1
03/14/06 15:20,17.7
03/14/06 15:25,17.2
03/14/06 15:30,16.7
03/14/06 15:35,16.1
03/14/06 15:40,15.4
03/14/06 15:45,14.8
03/14/06 15:50,14.1
03/14/06 15:55,13.4
03/14/06 16:00,12.6
03/14/06 16:05,11.9
03/14/06 16:10,11.1
03/14/06 16:15,10.3
03/14/06 16:20,9.4
03/14/06 16:25,8.5
03/14/06 16:30,7.7
03/14/06 16:35,7.0
03/14/06 16:40,6.3
03/14/06 16:45,5.6
03/14/06 16:50,5.0
03/14/06 16:55,4.4
03/14/06 17:00,3.9
03/14/06 17:05,2.9
03/14/06 17:10,1.6
03/14/06 17:15,0.8
03/14/06 17:20,0.3
03/14/06 17:25,0.1
03/14/06 17:30,0.0
03/14/06 17:35,0.0
03/14/06 17:40,0.0
03/14/06 17:45,0.0
03/14/06 17:50,0.0
03/14/06 17:55,0.0
03/14/06 18:00,0.0
03/14/06 18:05,0.0
03/14/06 18:10,0.0
03/14/06 18:15,0.0
03/14/06 18:20,0.0
03/14/06 18:25,0.0
03/14/06 18:30,0.0
03/14/06 18:35,0.0
03/14/06 18:40,0.0
03/14/06 18:45,0.0
03/14/06 18:50,0.0
03/14/06 18:55,0.0
03/14/06 19:00,0.0
03/14/06 19:05,0.0
03/14/06 19:10,0.0
03/14/06 19:15,0.0
03/14/06 19:20,0.0
03/14/06 19:25,0.0
03/14/06 19:30,0.0
03/14/06 19:35,0.0
03/14/06 19:40,0.0
03/14/06 19:45,0.0
03/14/06 19:50,0.0
03/14/06 19:55,0.0
03/14/06 20:00,0.0
03/14/06 20:05,0.0
03/14/06 20:10,0.0
03/14/06 20:15,0.0
03/14/06 20:20,0.0
03/14/06 20:25,0.0
03/14/06 20:30,0.0
03/14/06 20:35,0.0
03/14/06 20:40,0.0
03/14/06 20:45,0.0
03/14/06 20:50,0.0
03/14/06 20:55,0.0
03/14/06 21:00,0.0
03/14/06 21:05,0.0
03/14/06 21:10,0.0
03/14/06 21:15,0.0
03/14/06 21:20,0.0
03/14/06 21:25,0.0
03/14/06 21:30,0.0
03/14/06 21:35,0.0
03/14/06 21:40,0.0
03/14/06 21:45,0.0
03/14/06 21:50,0.0
03/14/06 21:55,0.0
03/14/06 22:00,0.0
03/14/06 22:05,0.0
03/14/06 22:10,0.0
03/14/06 22:15,0.0
03/14/06 22:20,0.0
03/14/06 22:25,0.0
03/14/06 22:30,0.0
03/14/06 22:35,0.0
03/14/06 22:40,0.0
03/14/06 22:45,0.0
03/14/06 22:50,0.0
03/14/06 22:55,0.0
03/14/06 23:00,0.0
03/14/06 23:05,0.0
03/14/06 23:10,0.0
03/14/06 23:15,0.0
03/14/06 23:20,0.0
03/14/06 23:25,0.0
03/14/06 23:30,0.0
03/14/06 23:35,0.0
03/14/06 23:40,0.0
03/14/06 23:45,0.0
03/14/06 23:50,0.0
03/14/06 23:55,0.0
03/15/06 00:00,0.0
03/15/06 00:05,0.0
03/15/06 00:10,0.0
03/15/06 00:15,0.0
03/15/06 00:20,0.0
03/15/06 00:25,0.0
03/15/06 00:30,0.0
03/15/06 00:35,0.0
03/15/06 00:40,0.0
03/15/06 00:45,0.0
03/15/06 00:50,0.0
03/15/06 00:55,0.0
03/15/06 01:00,0.0
03/15/06 01:05,0.0
03/15/06 01:10,0.0
03/15/06 01:15,0.0
03/15/06 01:20,0.0
03/15/06 01:25,0.0
03/15/06 01:30,0.0
03/15/06 01:35,0.0
03/15/06 01:40,0.0
03/15/06 01:45,0.0
03/15/06 01:50,0.0
03/15/06 01:55,0.0
03/15/06 02:00,0.0
03/15/06 02:05,0.0
03/15/06 02:10,0.0
03/15/06 02:15,0.0
03/15/06 02:20,0.0
03/15/06 02:25,0.0
03/15/06 02:30,0.0
03/15/06 02:35,0.0
03/15/06 02:40,0.0
03/15/06 02:45,0.0
03/15/06 02:50,0.0
03/15/06 02:55,0.0
03/15/06 03:00,0.0
03/15/06 03:05,0.0
03/15/06 03:10,0.0
03/15/06 03:15,0.0
03/15/06 03:20,0.0
03/15/06 03:25,0.0
03/15/06 03:30,0.0
03/15/06 03:35,0.0
03/15/06 03:40,0.0
03/15/06 03:45,0.0
03/15/06 03:50,0.0
03/15/06 03:55,0.0
03/15/06 04:00,0.0
03/15/06 04:05,0.0
03/15/06 04:10,0.0
03/15/06 04:15,0.0
03/15/06 04:20,0.0
03/15/06 04:25,0.0
03/15/06 04:30,0.0
03/15/06 04:35,0.0
03/15/06 04:40,0.0
03/15/06 04:45,0.0
03/15/06 04:50,0.0
03/15/06 04:55,0.0
03/15/06 05:00,0.0
03/15/06 05:05,0.0
03/15/06 05:10,0.0
03/15/06 05:15,0.0
03/15/06 05:20,0.0
03/15/06 05:25,0.0
03/15/06 05:30,0.0
03/15/06 05:35,0.0
03/15/06 05:40,0.0
03/15/06 05:45,0.0
03/15/06 05:50,0.0
03/15/06 05:55,0.0
03/15/06 06:00,0.0
03/15/06 06:05,0.0
03/15/06 06:10,0.0
03/15/06 06:15,0.0
03/15/06 06:20,0.0
03/15/06 06:25,0.0
03/15/06 06:30,0.0
03/15/06 06:35,0.1
03/15/06 06:40,0.2
03/15/06 06:45,0.3
03/15/06 06:50,0.4
03/15/06 06:55,0.5
03/15/06 07:00,0.5
03/15/06 07:05,1.1
03/15/06 07:10,3.8
03/15/06 07:15,5.0
03/15/06 07:20,6.2
03/15/06 07:25,7.1
03/15/06 07:30,8.0
03/15/06 07:35,8.9
03/15/06 07:40,9.7
03/15/06 07:45,10.4
03/15/06 07:50,11.2
03/15/06 07:55,12.0
03/15/06 08:00,12.7
03/15/06 08:05,13.4
03/15/06 08:10,14.1
03/15/06 08:15,14.9
03/15/06 08:20,15.7
03/15/06 08:25,16.5
03/15/06 08:30,17.3
03/15/06 08:35,18.1
03/15/06 08:40,18.8
03/15/06 08:45,19.4
03/15/06 08:50,20.0
03/15/06 08:55,20.9
03/15/06 09:00,21.5
03/15/06 09:05,22.1
03/15/06 09:10,22.7
03/15/06 09:15,23.0
03/15/06 09:20,23.1
03/15/06 09:25,23.2
03/15/06 09:30,23.1
03/15/06 09:35,23.1
03/15/06 09:40,23.1
03/15/06 09:45,23.4
03/15/06 09:50,24.0
03/15/06 09:55,24.5
03/15/06 10:00,25.1
03/15/06 10:05,25.7
03/15/06 10:10,26.2
03/15/06 10:15,26.5
03/15/06 10:20,26.7
03/15/06 10:25,26.7
03/15/06 10:30,27.0
03/15/06 10:35,27.2
03/15/06 10:40,27.4
03/15/06 10:45,27.5
03/15/06 10:50,27.5
03/15/06 10:55,27.6
03/15/06 11:00,27.7
03/15/06 11:05,27.9
03/15/06 11:10,28.0
03/15/06 11:15,28.1
03/15/06 11:20,28.2
03/15/06 11:25,28.4
03/15/06 11:30,28.4
03/15/06 11:35,28.5
03/15/06 11:40,28.6
03/15/06 11:45,28.6
03/15/06 11:50,28.7
03/15/06 11:55,28.7
03/15/06 12:00,28.7
03/15/06 12:05,28.7
03/15/06 12:10,28.7
03/15/06 12:15,28.6
03/15/06 12:20,28.6
03/15/06 12:25,28.7
03/15/06 12:30,28.6
03/15/06 12:35,28.4
03/15/06 12:40,28.3
03/15/06 12:45,28.2
03/15/06 12:50,28.1
03/15/06 12:55,27.9
03/15/06 13:00,27.7
03/15/06 13:05,27.5
03/15/06 13:10,27.4
03/15/06 13:15,27.1
03/15/06 13:20,26.7
03/15/06 13:25,26.4
03/15/06 13:30,26.1
03/15/06 13:35,25.8
03/15/06 13:40,25.4
03/15/06 13:45,25.1
03/15/06 13:50,24.7
03/15/06 13:55,24.4
03/15/06 14:00,24.0
03/15/06 14:05,23.6
03/15/06 14:10,23.3
03/15/06 14:15,22.9
03/15/06 14:20,22.7
03/15/06 14:25,22.3
03/15/06 14:30,21.9
03/15/06 14:35,21.4
03/15/06 14:40,21.0
03/15/06 14:45,20.5
03/15/06 14:50,20.1
03/15/06 14:55,19.6
03/15/06 15:00,19.1
03/15/06 15:05,18.5
03/15/06 15:10,17.7
03/15/06 15:15,17.1
03/15/06 15:20,16.9
03/15/06 15:25,16.6
03/15/06 15:30,16.1
03/15/06 15:35,15.4
03/15/06 15:40,14.8
03/15/06 15:45,14.2
03/15/06 15:50,13.5
03/15/06 15:55,12.8
03/15/06 16:00,12.1
03/15/06 16:05,11.7
03/15/06 16:10,11.1
03/15/06 16:15,10.3
03/15/06 16:20,9.4
03/15/06 16:25,8.7
03/15/06 16:30,8.0
03/15/06 16:35,7.3
03/15/06 16:40,6.5
03/15/06 16:45,5.9
03/15/06 16:50,5.3
03/15/06 16:55,4.7
03/15/06 17:00,4.1
03/15/06 17:05,3.6
03/15/06 17:10,2.1
03/15/06 17:15,1.1
03/15/06 17:20,0.4
03/15/06 17:25,0.1
03/15/06 17:30,0.0
03/15/06 17:35,0.0
03/15/06 17:40,0.0
03/15/06 17:45,0.0
03/15/06 17:50,0.0
03/15/06 17:55,0.0
03/15/06 18:00,0.0
03/15/06 18:05,0.0
03/15/06 18:10,0.0
03/15/06 18:15,0.0
03/15/06 18:20,0.0
03/15/06 18:25,0.0
03/15/06 18:30,0.0
03/15/06 18:35,0.0
03/15/06 18:40,0.0
03/15/06 18:45,0.0
03/15/06 18:50,0.0
03/15/06 18:55,0.0
03/15/06 19:00,0.0
03/15/06 19:05,0.0
03/15/06 19:10,0.0
03/15/06 19:15,0.0
03/15/06 19:20,0.0
03/15/06 19:25,0.0
03/15/06 19:30,0.0
03/15/06 19:35,0.0
03/15/06 19:40,0.0
03/15/06 19:45,0.0
03/15/06 19:50,0.0
03/15/06 19:55,0.0
03/15/06 20:00,0.0
03/15/06 20:05,0.0
03/15/06 20:10,0.0
03/15/06 20:15,0.0
03/15/06 20:20,0.0
03/15/06 20:25,0.0
03/15/06 20:30,0.0
03/15/06 20:35,0.0
03/15/06 20:40,0.0
03/15/06 20:45,0.0
03/15/06 20:50,0.0
03/15/06 20:55,0.0
03/15/06 21:00,0.0
03/15/06 21:05,0.0
03/15/06 21:10,0.0
03/15/06 21:15,0.0
03/15/06 21:20,0.0
03/15/06 21:25,0.0
03/15/06 21:30,0.0
03/15/06 21:35,0.0
03/15/06 21:40,0.0
03/15/06 21:45,0.0
03/15/06 21:50,0.0
03/15/06 21:55,0.0
03/15/06 22:00,0.0
03/15/06 22:05,0.0
03/15/06 22:10,0.0
03/15/06 22:15,0.0
03/15/06 22:20,0.0
03/15/06 22:25,0.0
03/15/06 22:30,0.0
03/15/06 22:35,0.0
03/15/06 22:40,0.0
03/15/06 22:45,0.0
03/15/06 22:50,0.0
03/15/06 22:55,0.0
03/15/06 23:00,0.0
03/15/06 23:05,0.0
03/15/06 23:10,0.0
03/15/06 23:15,0.0
03/15/06 23:20,0.0
03/15/06 23:25,0.0
03/15/06 23:30,0.0
03/15/06 23:35,0.0
03/15/06 23:40,0.0
03/15/06 23:45,0.0
03/15/06 23:50,0.0
03/15/06 23:55,0.0
03/16/06 00:00,0.0
03/16/06 00:05,0.0
03/16/06 00:10,0.0
03/16/06 00:15,0.0
03/16/06 00:20,0.0
03/16/06 00:25,0.0
03/16/06 00:30,0.0
03/16/06 00:35,0.0
03/16/06 00:40,0.0
03/16/06 00:45,0.0
03/16/06 00:50,0.0
03/16/06 00:55,0.0
03/16/06 01:00,0.0
03/16/06 01:05,0.0
03/16/06 01:10,0.0
03/16/06 01:15,0.0
03/16/06 01:20,0.0
03/16/06 01:25,0.0
03/16/06 01:30,0.0
03/16/06 01:35,0.0
03/16/06 01:40,0.0
03/16/06 01:45,0.0
03/16/06 01:50,0.0
03/16/06 01:55,0.0
03/16/06 02:00,0.0
03/16/06 02:05,0.0
03/16/06 02:10,0.0
03/16/06 02:15,0.0
03/16/06 02:20,0.0
03/16/06 02:25,0.0
03/16/06 02:30,0.0
03/16/06 02:35,0.0
03/16/06 02:40,0.0
03/16/06 02:45,0.0
03/16/06 02:50,0.0
03/16/06 02:55,0.0
03/16/06 03:00,0.0
03/16/06 03:05,0.0
03/16/06 03:10,0.0
03/16/06 03:15,0.0
03/16/06 03:20,0.0
03/16/06 03:25,0.0
03/16/06 03:30,0.0
03/16/06 03:35,0.0
03/16/06 03:40,0.0
03/16/06 03:45,0.0
03/16/06 03:50,0.0
03/16/06 03:55,0.0
03/16/06 04:00,0.0
03/16/06 04:05,0.0
03/16/06 04:10,0.0
03/16/06 04:15,0.0
03/16/06 04:20,0.0
03/16/06 04:25,0.0
03/16/06 04:30,0.0
03/16/06 04:35,0.0
03/16/06 04:40,0.0
03/16/06 04:45,0.0
03/16/06 04:50,0.0
03/16/06 04:55,0.0
03/16/06 05:00,0.0
03/16/06 05:05,0.0
03/16/06 05:10,0.0
03/16/06 05:15,0.0
03/16/06 05:20,0.0
03/16/06 05:25,0.0
03/16/06 05:30,0.0
03/16/06 05:35,0.0
03/16/06 05:40,0.0
03/16/06 05:45,0.0
03/16/06 05:50,0.0
03/16/06 05:55,0.0
03/16/06 06:00,0.0
03/16/06 06:05,0.0
03/16/06 06:10,0.0
03/16/06 06:15,0.0
03/16/06 06:20,0.0
03/16/06 06:25,0.0
03/16/06 06:30,0.0
03/16/06 06:35,0.0
03/16/06 06:40,0.0
03/16/06 06:45,0.1
03/16/06 06:50,0.1
03/16/06 06:55,0.4
03/16/06 07:00,0.8
03/16/06 07:05,2.1
03/16/06 07:10,3.8
03/16/06 07:15,3.8
03/16/06 07:20,3.8
03/16/06 07:25,4.2
03/16/06 07:30,4.7
03/16/06 07:35,4.8
03/16/06 07:40,5.9
03/16/06 07:45,7.7
03/16/06 07:50,7.1
03/16/06 07:55,6.4
03/16/06 08:00,6.9
03/16/06 08:05,6.5
03/16/06 08:10,7.1
03/16/06 08:15,9.3
03/16/06 08:20,10.6
03/16/06 08:25,10.3
03/16/06 08:30,8.4
03/16/06 08:35,8.1
03/16/06 08:40,7.5
03/16/06 08:45,5.7
03/16/06 08:50,6.4
03/16/06 08:55,11.3
03/16/06 09:00,14.1
03/16/06 09:05,16.8
03/16/06 09:10,16.9
03/16/06 09:15,16.4
03/16/06 09:20,16.1
03/16/06 09:25,14.5
03/16/06 09:30,14.1
03/16/06 09:35,14.7
03/16/06 09:40,14.7
03/16/06 09:45,16.9
03/16/06 09:50,17.9
03/16/06 09:55,17.8
03/16/06 10:00,18.0
03/16/06 10:05,15.4
03/16/06 10:10,14.6
03/16/06 10:15,14.7
03/16/06 10:20,15.7
03/16/06 10:25,15.8
03/16/06 10:30,15.6
03/16/06 10:35,15.0
03/16/06 10:40,14.1
03/16/06 10:45,13.0
03/16/06 10:50,11.7
03/16/06 10:55,10.6
03/16/06 11:00,9.5
03/16/06 11:05,8.3
03/16/06 11:10,7.3
03/16/06 11:15,6.8
03/16/06 11:20,7.3
03/16/06 11:25,6.5
03/16/06 11:30,6.3
03/16/06 11:35,6.2
03/16/06 11:40,6.9
03/16/06 11:45,6.7
03/16/06 11:50,5.6
03/16/06 11:55,4.5
03/16/06 12:00,3.9
03/16/06 12:05,3.9
03/16/06 12:10,4.2
03/16/06 12:15,4.8
03/16/06 12:20,5.1
03/16/06 12:25,5.3
03/16/06 12:30,5.4
03/16/06 12:35,5.3
03/16/06 12:40,5.1
03/16/06 12:45,5.0
03/16/06 12:50,4.9
03/16/06 12:55,4.6
03/16/06 13:00,4.4
03/16/06 13:05,4.2
03/16/06 13:10,4.1
03/16/06 13:15,4.1
03/16/06 13:20,6.5
03/16/06 13:25,9.2
03/16/06 13:30,10.7
03/16/06 13:35,12.2
03/16/06 13:40,12.1
03/16/06 13:45,11.8
03/16/06 13:50,11.4
03/16/06 13:55,10.4
03/16/06 14:00,9.6
03/16/06 14:05,9.2
03/16/06 14:10,9.0
03/16/06 14:15,8.9
03/16/06 14:20,8.8
03/16/06 14:25,8.4
03/16/06 14:30,7.5
03/16/06 14:35,7.0
03/16/06 14:40,7.2
03/16/06 14:45,8.0
03/16/06 14:50,8.5
03/16/06 14:55,9.0
03/16/06 15:00,9.0
03/16/06 15:05,8.8
03/16/06 15:10,8.2
03/16/06 15:15,8.2
03/16/06 15:20,8.2
03/16/06 15:25,7.8
03/16/06 15:30,7.3
03/16/06 15:35,6.8
03/16/06 15:40,6.1
03/16/06 15:45,5.5
03/16/06 15:50,4.8
03/16/06 15:55,4.2
03/16/06 16:00,3.6
03/16/06 16:05,2.1
03/16/06 16:10,1.0
03/16/06 16:15,0.4
03/16/06 16:20,0.2
03/16/06 16:25,0.2
03/16/06 16:30,0.1
03/16/06 16:35,0.1
03/16/06 16:40,0.1
03/16/06 16:45,0.1
03/16/06 16:50,0.1
03/16/06 16:55,0.1
03/16/06 17:00,0.1
03/16/06 17:05,0.0
03/16/06 17:10,0.0
03/16/06 17:15,0.0
03/16/06 17:20,0.0
03/16/06 17:25,0.0
03/16/06 17:30,0.0
03/16/06 17:35,0.0
03/16/06 17:40,0.0
03/16/06 17:45,0.0
03/16/06 17:50,0.0
03/16/06 17:55,0.0
03/16/06 18:00,0.0
03/16/06 18:05,0.0
03/16/06 18:10,0.0
03/16/06 18:15,0.0
03/16/06 18:20,0.0
03/16/06 18:25,0.0
03/16/06 18:30,0.0
03/16/06 18:35,0.0
03/16/06 18:40,0.0
03/16/06 18:45,0.0
03/16/06 18:50,0.0
03/16/06 18:55,0.0
03/16/06 19:00,0.0
03/16/06 19:05,0.0
03/16/06 19:10,0.0
03/16/06 19:15,0.0
03/16/06 19:20,0.0
03/16/06 19:25,0.0
03/16/06 19:30,0.0
03/16/06 19:35,0.0
03/16/06 19:40,0.0
03/16/06 19:45,0.0
03/16/06 19:50,0.0
03/16/06 19:55,0.0
03/16/06 20:00,0.0
03/16/06 20:05,0.0
03/16/06 20:10,0.0
03/16/06 20:15,0.0
03/16/06 20:20,0.0
03/16/06 20:25,0.0
03/16/06 20:30,0.0
03/16/06 20:35,0.0
03/16/06 20:40,0.0
03/16/06 20:45,0.0
03/16/06 20:50,0.0
03/16/06 20:55,0.0
03/16/06 21:00,0.0
03/16/06 21:05,0.0
03/16/06 21:10,0.0
03/16/06 21:15,0.0
03/16/06 21:20,0.0
03/16/06 21:25,0.0
03/16/06 21:30,0.0
03/16/06 21:35,0.0
03/16/06 21:40,0.0
03/16/06 21:45,0.0
03/16/06 21:50,0.0
03/16/06 21:55,0.0
03/16/06 22:00,0.0
03/16/06 22:05,0.0
03/16/06 22:10,0.0
03/16/06 22:15,0.0
03/16/06 22:20,0.0
03/16/06 22:25,0.0
03/16/06 22:30,0.0
03/16/06 22:35,0.0
03/16/06 22:40,0.0
03/16/06 22:45,0.0
03/16/06 22:50,0.0
03/16/06 22:55,0.0
03/16/06 23:00,0.0
03/16/06 23:05,0.0
03/16/06 23:10,0.0
03/16/06 23:15,0.0
03/16/06 23:20,0.0
03/16/06 23:25,0.0
03/16/06 23:30,0.0
03/16/06 23:35,0.0
03/16/06 23:40,0.0
03/16/06 23:45,0.0
03/16/06 23:50,0.0
03/16/06 23:55,0.0
03/17/06 00:00,0.0
03/17/06 00:05,0.0
03/17/06 00:10,0.0
03/17/06 00:15,0.0
03/17/06 00:20,0.0
03/17/06 00:25,0.0
03/17/06 00:30,0.0
03/17/06 00:35,0.0
03/17/06 00:40,0.0
03/17/06 00:45,0.0
03/17/06 00:50,0.0
03/17/06 00:55,0.0
03/17/06 01:00,0.0
03/17/06 01:05,0.0
03/17/06 01:10,0.0
03/17/06 01:15,0.0
03/17/06 01:20,0.0
03/17/06 01:25,0.0
03/17/06 01:30,0.0
03/17/06 01:35,0.0
03/17/06 01:40,0.0
03/17/06 01:45,0.0
03/17/06 01:50,0.0
03/17/06 01:55,0.0
03/17/06 02:00,0.0
03/17/06 02:05,0.0
03/17/06 02:10,0.0
03/17/06 02:15,0.0
03/17/06 02:20,0.0
03/17/06 02:25,0.0
03/17/06 02:30,0.0
03/17/06 02:35,0.0
03/17/06 02:40,0.0
03/17/06 02:45,0.0
03/17/06 02:50,0.0
03/17/06 02:55,0.0
03/17/06 03:00,0.0
03/17/06 03:05,0.0
03/17/06 03:10,0.0
03/17/06 03:15,0.0
03/17/06 03:20,0.0
03/17/06 03:25,0.0
03/17/06 03:30,0.0
03/17/06 03:35,0.0
03/17/06 03:40,0.0
03/17/06 03:45,0.0
03/17/06 03:50,0.0
03/17/06 03:55,0.0
03/17/06 04:00,0.0
03/17/06 04:05,0.0
03/17/06 04:10,0.0
03/17/06 04:15,0.0
03/17/06 04:20,0.0
03/17/06 04:25,0.0
03/17/06 04:30,0.0
03/17/06 04:35,0.0
03/17/06 04:40,0.0
03/17/06 04:45,0.0
03/17/06 04:50,0.0
03/17/06 04:55,0.0
03/17/06 05:00,0.0
03/17/06 05:05,0.0
03/17/06 05:10,0.0
03/17/06 05:15,0.0
03/17/06 05:20,0.0
03/17/06 05:25,0.0
03/17/06 05:30,0.0
03/17/06 05:35,0.0
03/17/06 05:40,0.0
03/17/06 05:45,0.0
03/17/06 05:50,0.0
03/17/06 05:55,0.0
03/17/06 06:00,0.0
03/17/06 06:05,0.0
03/17/06 06:10,0.0
03/17/06 06:15,0.0
03/17/06 06:20,0.0
03/17/06 06:25,0.0
03/17/06 06:30,0.0
03/17/06 06:35,0.0
03/17/06 06:40,0.1
03/17/06 06:45,0.2
03/17/06 06:50,0.4
03/17/06 06:55,0.8
03/17/06 07:00,1.3
03/17/06 07:05,2.3
03/17/06 07:10,3.5
03/17/06 07:15,3.9
03/17/06 07:20,4.3
03/17/06 07:25,4.6
03/17/06 07:30,4.9
03/17/06 07:35,5.2
03/17/06 07:40,5.5
03/17/06 07:45,5.7
03/17/06 07:50,5.9
03/17/06 07:55,6.2
03/17/06 08:00,6.4
03/17/06 08:05,6.5
03/17/06 08:10,6.7
03/17/06 08:15,7.0
03/17/06 08:20,7.7
03/17/06 08:25,8.8
03/17/06 08:30,10.0
03/17/06 08:35,11.5
03/17/06 08:40,12.6
03/17/06 08:45,13.8
03/17/06 08:50,15.3
03/17/06 08:55,16.7
03/17/06 09:00,18.2
03/17/06 09:05,19.7
03/17/06 09:10,21.2
03/17/06 09:15,21.8
03/17/06 09:20,21.8
03/17/06 09:25,21.9
03/17/06 09:30,22.1
03/17/06 09:35,21.7
03/17/06 09:40,20.8
03/17/06 09:45,20.2
03/17/06 09:50,19.7
03/17/06 09:55,19.0
03/17/06 10:00,19.0
03/17/06 10:05,19.5
03/17/06 10:10,19.8
03/17/06 10:15,21.0
03/17/06 10:20,22.9
03/17/06 10:25,24.1
03/17/06 10:30,24.9
03/17/06 10:35,25.4
03/17/06 10:40,25.7
03/17/06 10:45,26.1
03/17/06 10:50,26.4
03/17/06 10:55,26.7
03/17/06 11:00,27.0
03/17/06 11:05,27.2
03/17/06 11:10,27.3
03/17/06 11:15,27.3
03/17/06 11:20,27.4
03/17/06 11:25,27.3
03/17/06 11:30,26.2
03/17/06 11:35,25.6
03/17/06 11:40,25.5
03/17/06 11:45,25.5
03/17/06 11:50,25.1
03/17/06 11:55,24.7
03/17/06 12:00,24.7
03/17/06 12:05,24.9
03/17/06 12:10,24.8
03/17/06 12:15,25.6
03/17/06 12:20,26.4
03/17/06 12:25,26.8
03/17/06 12:30,27.0
03/17/06 12:35,27.2
03/17/06 12:40,27.4
03/17/06 12:45,27.4
03/17/06 12:50,27.3
03/17/06 12:55,27.1
03/17/06 13:00,26.8
03/17/06 13:05,26.7
03/17/06 13:10,26.5
03/17/06 13:15,26.2
03/17/06 13:20,25.8
03/17/06 13:25,25.6
03/17/06 13:30,25.5
03/17/06 13:35,25.4
03/17/06 13:40,25.2
03/17/06 13:45,25.0
03/17/06 13:50,24.8
03/17/06 13:55,24.6
03/17/06 14:00,24.4
03/17/06 14:05,24.1
03/17/06 14:10,23.6
03/17/06 14:15,23.2
03/17/06 14:20,22.7
03/17/06 14:25,22.3
03/17/06 14:30,22.0
03/17/06 14:35,21.7
03/17/06 14:40,21.3
03/17/06 14:45,20.8
03/17/06 14:50,20.2
03/17/06 14:55,19.8
03/17/06 15:00,19.4
03/17/06 15:05,19.0
03/17/06 15:10,18.4
03/17/06 15:15,17.8
03/17/06 15:20,17.2
03/17/06 15:25,16.6
03/17/06 15:30,16.0
03/17/06 15:35,15.3
03/17/06 15:40,14.6
03/17/06 15:45,13.8
03/17/06 15:50,12.9
03/17/06 15:55,12.2
03/17/06 16:00,11.5
03/17/06 16:05,10.8
03/17/06 16:10,10.2
03/17/06 16:15,9.6
03/17/06 16:20,9.0
03/17/06 16:25,8.4
03/17/06 16:30,7.8
03/17/06 16:35,7.1
03/17/06 16:40,6.5
03/17/06 16:45,5.8
03/17/06 16:50,5.2
03/17/06 16:55,4.6
03/17/06 17:00,4.1
03/17/06 17:05,3.5
03/17/06 17:10,2.0
03/17/06 17:15,1.1
03/17/06 17:20,0.5
03/17/06 17:25,0.2
03/17/06 17:30,0.1
03/17/06 17:35,0.0
03/17/06 17:40,0.0
03/17/06 17:45,0.0
03/17/06 17:50,0.0
03/17/06 17:55,0.0
03/17/06 18:00,0.0
03/17/06 18:05,0.0
03/17/06 18:10,0.0
03/17/06 18:15,0.0
03/17/06 18:20,0.0
03/17/06 18:25,0.0
03/17/06 18:30,0.0
03/17/06 18:35,0.0
03/17/06 18:40,0.0
03/17/06 18:45,0.0
03/17/06 18:50,0.0
03/17/06 18:55,0.0
03/17/06 19:00,0.0
03/17/06 19:05,0.0
03/17/06 19:10,0.0
03/17/06 19:15,0.0
03/17/06 19:20,0.0
03/17/06 19:25,0.0
03/17/06 19:30,0.0
03/17/06 19:35,0.0
03/17/06 19:40,0.0
03/17/06 19:45,0.0
03/17/06 19:50,0.0
03/17/06 19:55,0.0
03/17/06 20:00,0.0
03/17/06 20:05,0.0
03/17/06 20:10,0.0
03/17/06 20:15,0.0
03/17/06 20:20,0.0
03/17/06 20:25,0.0
03/17/06 20:30,0.0
03/17/06 20:35,0.0
03/17/06 20:40,0.0
03/17/06 20:45,0.0
03/17/06 20:50,0.0
03/17/06 20:55,0.0
03/17/06 21:00,0.0
03/17/06 21:05,0.0
03/17/06 21:10,0.0
03/17/06 21:15,0.0
03/17/06 21:20,0.0
03/17/06 21:25,0.0
03/17/06 21:30,0.0
03/17/06 21:35,0.0
03/17/06 21:40,0.0
03/17/06 21:45,0.0
03/17/06 21:50,0.0
03/17/06 21:55,0.0
03/17/06 22:00,0.0
03/17/06 22:05,0.0
03/17/06 22:10,0.0
03/17/06 22:15,0.0
03/17/06 22:20,0.0
03/17/06 22:25,0.0
03/17/06 22:30,0.0
03/17/06 22:35,0.0
03/17/06 22:40,0.0
03/17/06 22:45,0.0
03/17/06 22:50,0.0
03/17/06 22:55,0.0
03/17/06 23:00,0.0
03/17/06 23:05,0.0
03/17/06 23:10,0.0
03/17/06 23:15,0.0
03/17/06 23:20,0.0
03/17/06 23:25,0.0
03/17/06 23:30,0.0
03/17/06 23:35,0.0
03/17/06 23:40,0.0
03/17/06 23:45,0.0
03/17/06 23:50,0.0
03/17/06 23:55,0.0
03/18/06 00:00,0.0
03/18/06 00:05,0.0
03/18/06 00:10,0.0
03/18/06 00:15,0.0
03/18/06 00:20,0.0
03/18/06 00:25,0.0
03/18/06 00:30,0.0
03/18/06 00:35,0.0
03/18/06 00:40,0.0
03/18/06 00:45,0.0
03/18/06 00:50,0.0
03/18/06 00:55,0.0
03/18/06 01:00,0.0
03/18/06 01:05,0.0
03/18/06 01:10,0.0
03/18/06 01:15,0.0
03/18/06 01:20,0.0
03/18/06 01:25,0.0
03/18/06 01:30,0.0
03/18/06 01:35,0.0
03/18/06 01:40,0.0
03/18/06 01:45,0.0
03/18/06 01:50,0.0
03/18/06 01:55,0.0
03/18/06 02:00,0.0
03/18/06 02:05,0.0
03/18/06 02:10,0.0
03/18/06 02:15,0.0
03/18/06 02:20,0.0
03/18/06 02:25,0.0
03/18/06 02:30,0.0
03/18/06 02:35,0.0
03/18/06 02:40,0.0
03/18/06 02:45,0.0
03/18/06 02:50,0.0
03/18/06 02:55,0.0
03/18/06 03:00,0.0
03/18/06 03:05,0.0
03/18/06 03:10,0.0
03/18/06 03:15,0.0
03/18/06 03:20,0.0
03/18/06 03:25,0.0
03/18/06 03:30,0.0
03/18/06 03:35,0.0
03/18/06 03:40,0.0
03/18/06 03:45,0.0
03/18/06 03:50,0.0
03/18/06 03:55,0.0
03/18/06 04:00,0.0
03/18/06 04:05,0.0
03/18/06 04:10,0.0
03/18/06 04:15,0.0
03/18/06 04:20,0.0
03/18/06 04:25,0.0
03/18/06 04:30,0.0
03/18/06 04:35,0.0
03/18/06 04:40,0.0
03/18/06 04:45,0.0
03/18/06 04:50,0.0
03/18/06 04:55,0.0
03/18/06 05:00,0.0
03/18/06 05:05,0.0
03/18/06 05:10,0.0
03/18/06 05:15,0.0
03/18/06 05:20,0.0
03/18/06 05:25,0.0
03/18/06 05:30,0.0
03/18/06 05:35,0.0
03/18/06 05:40,0.0
03/18/06 05:45,0.0
03/18/06 05:50,0.0
03/18/06 05:55,0.0
03/18/06 06:00,0.0
03/18/06 06:05,0.0
03/18/06 06:10,0.0
03/18/06 06:15,0.0
03/18/06 06:20,0.0
03/18/06 06:25,0.0
03/18/06 06:30,0.0
03/18/06 06:35,0.1
03/18/06 06:40,0.2
03/18/06 06:45,0.5
03/18/06 06:50,1.2
03/18/06 06:55,1.2
03/18/06 07:00,2.4
03/18/06 07:05,3.7
03/18/06 07:10,4.3
03/18/06 07:15,4.8
03/18/06 07:20,4.9
03/18/06 07:25,5.0
03/18/06 07:30,5.4
03/18/06 07:35,5.4
03/18/06 07:40,5.6
03/18/06 07:45,6.3
03/18/06 07:50,7.2
03/18/06 07:55,8.1
03/18/06 08:00,8.4
03/18/06 08:05,8.8
03/18/06 08:10,9.1
03/18/06 08:15,10.1
03/18/06 08:20,11.8
03/18/06 08:25,13.2
03/18/06 08:30,13.9
03/18/06 08:35,15.4
03/18/06 08:40,16.9
03/18/06 08:45,18.1
03/18/06 08:50,19.0
03/18/06 08:55,19.1
03/18/06 09:00,18.9
03/18/06 09:05,18.5
03/18/06 09:10,19.2
03/18/06 09:15,20.0
03/18/06 09:20,20.7
03/18/06 09:25,21.3
03/18/06 09:30,21.9
03/18/06 09:35,22.5
03/18/06 09:40,22.9
03/18/06 09:45,23.4
03/18/06 09:50,23.9
03/18/06 09:55,24.3
03/18/06 10:00,24.7
03/18/06 10:05,24.9
03/18/06 10:10,25.2
03/18/06 10:15,25.5
03/18/06 10:20,25.7
03/18/06 10:25,25.7
03/18/06 10:30,25.5
03/18/06 10:35,25.1
03/18/06 10:40,24.6
03/18/06 10:45,24.1
03/18/06 10:50,23.5
03/18/06 10:55,23.1
03/18/06 11:00,22.5
03/18/06 11:05,21.9
03/18/06 11:10,21.4
03/18/06 11:15,20.8
03/18/06 11:20,19.9
03/18/06 11:25,19.0
03/18/06 11:30,17.8
03/18/06 11:35,16.1
03/18/06 11:40,14.1
03/18/06 11:45,13.0
03/18/06 11:50,11.9
03/18/06 11:55,10.8
03/18/06 12:00,9.5
03/18/06 12:05,8.2
03/18/06 12:10,6.7
03/18/06 12:15,5.5
03/18/06 12:20,4.8
03/18/06 12:25,4.4
03/18/06 12:30,4.2
03/18/06 12:35,4.1
03/18/06 12:40,4.0
03/18/06 12:45,3.9
03/18/06 12:50,3.9
03/18/06 12:55,3.9
03/18/06 13:00,3.8
03/18/06 13:05,3.7
03/18/06 13:10,3.6
03/18/06 13:15,4.4
03/18/06 13:20,7.1
03/18/06 13:25,9.0
03/18/06 13:30,7.1
03/18/06 13:35,8.1
03/18/06 13:40,8.7
03/18/06 13:45,9.2
03/18/06 13:50,10.2
03/18/06 13:55,8.7
03/18/06 14:00,8.4
03/18/06 14:05,8.2
03/18/06 14:10,8.0
03/18/06 14:15,7.4
03/18/06 14:20,6.8
03/18/06 14:25,6.3
03/18/06 14:30,5.7
03/18/06 14:35,5.0
03/18/06 14:40,4.6
03/18/06 14:45,4.3
03/18/06 14:50,3.6
03/18/06 14:55,2.7
03/18/06 15:00,1.9
03/18/06 15:05,1.4
03/18/06 15:10,1.0
03/18/06 15:15,0.7
03/18/06 15:20,0.5
03/18/06 15:25,0.4
03/18/06 15:30,0.4
03/18/06 15:35,0.4
03/18/06 15:40,0.3
03/18/06 15:45,0.2
03/18/06 15:50,0.2
03/18/06 15:55,0.3
03/18/06 16:00,0.3
03/18/06 16:05,0.3
03/18/06 16:10,0.3
03/18/06 16:15,0.3
03/18/06 16:20,0.3
03/18/06 16:25,0.2
03/18/06 16:30,0.2
03/18/06 16:35,0.1
03/18/06 16:40,0.1
03/18/06 16:45,0.1
03/18/06 16:50,0.1
03/18/06 16:55,0.1
03/18/06 17:00,0.0
03/18/06 17:05,0.0
03/18/06 17:10,0.0
03/18/06 17:15,0.0
03/18/06 17:20,0.0
03/18/06 17:25,0.0
03/18/06 17:30,0.0
03/18/06 17:35,0.0
03/18/06 17:40,0.0
03/18/06 17:45,0.0
03/18/06 17:50,0.0
03/18/06 17:55,0.0
03/18/06 18:00,0.0
03/18/06 18:05,0.0
03/18/06 18:10,0.0
03/18/06 18:15,0.0
03/18/06 18:20,0.0
03/18/06 18:25,0.0
03/18/06 18:30,0.0
03/18/06 18:35,0.0
03/18/06 18:40,0.0
03/18/06 18:45,0.0
03/18/06 18:50,0.0
03/18/06 18:55,0.0
03/18/06 19:00,0.0
03/18/06 19:05,0.0
03/18/06 19:10,0.0
03/18/06 19:15,0.0
03/18/06 19:20,0.0
03/18/06 19:25,0.0
03/18/06 19:30,0.0
03/18/06 19:35,0.0
03/18/06 19:40,0.0
03/18/06 19:45,0.0
03/18/06 19:50,0.0
03/18/06 19:55,0.0
03/18/06 20:00,0.0
03/18/06 20:05,0.0
03/18/06 20:10,0.0
03/18/06 20:15,0.0
03/18/06 20:20,0.0
03/18/06 20:25,0.0
03/18/06 20:30,0.0
03/18/06 20:35,0.0
03/18/06 20:40,0.0
03/18/06 20:45,0.0
03/18/06 20:50,0.0
03/18/06 20:55,0.0
03/18/06 21:00,0.0
03/18/06 21:05,0.0
03/18/06 21:10,0.0
03/18/06 21:15,0.0
03/18/06 21:20,0.0
03/18/06 21:25,0.0
03/18/06 21:30,0.0
03/18/06 21:35,0.0
03/18/06 21:40,0.0
03/18/06 21:45,0.0
03/18/06 21:50,0.0
03/18/06 21:55,0.0
03/18/06 22:00,0.0
03/18/06 22:05,0.0
03/18/06 22:10,0.0
03/18/06 22:15,0.0
03/18/06 22:20,0.0
03/18/06 22:25,0.0
03/18/06 22:30,0.0
03/18/06 22:35,0.0
03/18/06 22:40,0.0
03/18/06 22:45,0.0
03/18/06 22:50,0.0
03/18/06 22:55,0.0
03/18/06 23:00,0.0
03/18/06 23:05,0.0
03/18/06 23:10,0.0
03/18/06 23:15,0.0
03/18/06 23:20,0.0
03/18/06 23:25,0.0
03/18/06 23:30,0.0
03/18/06 23:35,0.0
03/18/06 23:40,0.0
03/18/06 23:45,0.0
03/18/06 23:50,0.0
03/18/06 23:55,0.0
03/19/06 00:00,0.0
03/19/06 00:05,0.0
03/19/06 00:10,0.0
03/19/06 00:15,0.0
03/19/06 00:20,0.0
03/19/06 00:25,0.0
03/19/06 00:30,0.0
03/19/06 00:35,0.0
03/19/06 00:40,0.0
03/19/06 00:45,0.0
03/19/06 00:50,0.0
03/19/06 00:55,0.0
03/19/06 01:00,0.0
03/19/06 01:05,0.0
03/19/06 01:10,0.0
03/19/06 01:15,0.0
03/19/06 01:20,0.0
03/19/06 01:25,0.0
03/19/06 01:30,0.0
03/19/06 01:35,0.0
03/19/06 01:40,0.0
03/19/06 01:45,0.0
03/19/06 01:50,0.0
03/19/06 01:55,0.0
03/19/06 02:00,0.0
03/19/06 02:05,0.0
03/19/06 02:10,0.0
03/19/06 02:15,0.0
03/19/06 02:20,0.0
03/19/06 02:25,0.0
03/19/06 02:30,0.0
03/19/06 02:35,0.0
03/19/06 02:40,0.0
03/19/06 02:45,0.0
03/19/06 02:50,0.0
03/19/06 02:55,0.0
03/19/06 03:00,0.0
03/19/06 03:05,0.0
03/19/06 03:10,0.0
03/19/06 03:15,0.0
03/19/06 03:20,0.0
03/19/06 03:25,0.0
03/19/06 03:30,0.0
03/19/06 03:35,0.0
03/19/06 03:40,0.0
03/19/06 03:45,0.0
03/19/06 03:50,0.0
03/19/06 03:55,0.0
03/19/06 04:00,0.0
03/19/06 04:05,0.0
03/19/06 04:10,0.0
03/19/06 04:15,0.0
03/19/06 04:20,0.0
03/19/06 04:25,0.0
03/19/06 04:30,0.0
03/19/06 04:35,0.0
03/19/06 04:40,0.0
03/19/06 04:45,0.0
03/19/06 04:50,0.0
03/19/06 04:55,0.0
03/19/06 05:00,0.0
03/19/06 05:05,0.0
03/19/06 05:10,0.0
03/19/06 05:15,0.0
03/19/06 05:20,0.0
03/19/06 05:25,0.0
03/19/06 05:30,0.0
03/19/06 05:35,0.0
03/19/06 05:40,0.0
03/19/06 05:45,0.0
03/19/06 05:50,0.0
03/19/06 05:55,0.0
03/19/06 06:00,0.0
03/19/06 06:05,0.0
03/19/06 06:10,0.0
03/19/06 06:15,0.0
03/19/06 06:20,0.0
03/19/06 06:25,0.0
03/19/06 06:30,0.0
03/19/06 06:35,0.0
03/19/06 06:40,0.0
03/19/06 06:45,0.0
03/19/06 06:50,0.0
03/19/06 06:55,0.0
03/19/06 07:00,0.1
03/19/06 07:05,0.1
03/19/06 07:10,0.1
03/19/06 07:15,0.2
03/19/06 07:20,0.3
03/19/06 07:25,0.7
03/19/06 07:30,1.5
03/19/06 07:35,3.0
03/19/06 07:40,4.1
03/19/06 07:45,5.0
03/19/06 07:50,6.1
03/19/06 07:55,7.4
03/19/06 08:00,8.6
03/19/06 08:05,9.7
03/19/06 08:10,10.9
03/19/06 08:15,12.2
03/19/06 08:20,13.0
03/19/06 08:25,13.4
03/19/06 08:30,13.5
03/19/06 08:35,13.4
03/19/06 08:40,13.0
03/19/06 08:45,12.7
03/19/06 08:50,12.6
03/19/06 08:55,12.3
03/19/06 09:00,12.0
03/19/06 09:05,11.4
03/19/06 09:10,10.7
03/19/06 09:15,9.4
03/19/06 09:20,8.5
03/19/06 09:25,8.2
03/19/06 09:30,8.4
03/19/06 09:35,8.7
03/19/06 09:40,8.9
03/19/06 09:45,9.0
03/19/06 09:50,8.9
03/19/06 09:55,9.1
03/19/06 10:00,9.3
03/19/06 10:05,9.2
03/19/06 10:10,9.6
03/19/06 10:15,10.0
03/19/06 10:20,10.5
03/19/06 10:25,10.6
03/19/06 10:30,10.4
03/19/06 10:35,9.8
03/19/06 10:40,9.6
03/19/06 10:45,9.3
03/19/06 10:50,9.1
03/19/06 10:55,8.8
03/19/06 11:00,8.6
03/19/06 11:05,8.2
03/19/06 11:10,7.4
03/19/06 11:15,6.7
03/19/06 11:20,6.3
03/19/06 11:25,6.1
03/19/06 11:30,6.0
03/19/06 11:35,5.9
03/19/06 11:40,5.7
03/19/06 11:45,5.4
03/19/06 11:50,5.0
03/19/06 11:55,4.9
03/19/06 12:00,5.1
03/19/06 12:05,5.5
03/19/06 12:10,5.4
03/19/06 12:15,5.9
03/19/06 12:20,7.0
03/19/06 12:25,7.6
03/19/06 12:30,8.0
03/19/06 12:35,8.6
03/19/06 12:40,9.2
03/19/06 12:45,9.9
03/19/06 12:50,10.7
03/19/06 12:55,11.1
03/19/06 13:00,11.8
03/19/06 13:05,12.2
03/19/06 13:10,12.6
03/19/06 13:15,12.5
03/19/06 13:20,11.7
03/19/06 13:25,10.9
03/19/06 13:30,9.9
03/19/06 13:35,9.3
03/19/06 13:40,8.9
03/19/06 13:45,8.7
03/19/06 13:50,8.5
03/19/06 13:55,8.8
03/19/06 14:00,9.2
03/19/06 14:05,9.0
03/19/06 14:10,8.4
03/19/06 14:15,8.1
03/19/06 14:20,7.6
03/19/06 14:25,7.1
03/19/06 14:30,6.2
03/19/06 14:35,5.1
03/19/06 14:40,4.2
03/19/06 14:45,3.7
03/19/06 14:50,2.9
03/19/06 14:55,2.4
03/19/06 15:00,2.0
03/19/06 15:05,2.0
03/19/06 15:10,2.1
03/19/06 15:15,1.7
03/19/06 15:20,1.2
03/19/06 15:25,0.8
03/19/06 15:30,0.7
03/19/06 15:35,0.8
03/19/06 15:40,1.0
03/19/06 15:45,1.4
03/19/06 15:50,1.8
03/19/06 15:55,2.0
03/19/06 16:00,2.0
03/19/06 16:05,1.7
03/19/06 16:10,1.2
03/19/06 16:15,1.2
03/19/06 16:20,1.2
03/19/06 16:25,0.9
03/19/06 16:30,0.6
03/19/06 16:35,0.4
03/19/06 16:40,0.2
03/19/06 16:45,0.1
03/19/06 16:50,0.1
03/19/06 16:55,0.1
03/19/06 17:00,0.0
03/19/06 17:05,0.0
03/19/06 17:10,0.0
03/19/06 17:15,0.0
03/19/06 17:20,0.0
03/19/06 17:25,0.0
03/19/06 17:30,0.0
03/19/06 17:35,0.0
03/19/06 17:40,0.0
03/19/06 17:45,0.0
03/19/06 17:50,0.0
03/19/06 17:55,0.0
03/19/06 18:00,0.0
03/19/06 18:05,0.0
03/19/06 18:10,0.0
03/19/06 18:15,0.0
03/19/06 18:20,0.0
03/19/06 18:25,0.0
03/19/06 18:30,0.0
03/19/06 18:35,0.0
03/19/06 18:40,0.0
03/19/06 18:45,0.0
03/19/06 18:50,0.0
03/19/06 18:55,0.0
03/19/06 19:00,0.0
03/19/06 19:05,0.0
03/19/06 19:10,0.0
03/19/06 19:15,0.0
03/19/06 19:20,0.0
03/19/06 19:25,0.0
03/19/06 19:30,0.0
03/19/06 19:35,0.0
03/19/06 19:40,0.0
03/19/06 19:45,0.0
03/19/06 19:50,0.0
03/19/06 19:55,0.0
03/19/06 20:00,0.0
03/19/06 20:05,0.0
03/19/06 20:10,0.0
03/19/06 20:15,0.0
03/19/06 20:20,0.0
03/19/06 20:25,0.0
03/19/06 20:30,0.0
03/19/06 20:35,0.0
03/19/06 20:40,0.0
03/19/06 20:45,0.0
03/19/06 20:50,0.0
03/19/06 20:55,0.0
03/19/06 21:00,0.0
03/19/06 21:05,0.0
03/19/06 21:10,0.0
03/19/06 21:15,0.0
03/19/06 21:20,0.0
03/19/06 21:25,0.0
03/19/06 21:30,0.0
03/19/06 21:35,0.0
03/19/06 21:40,0.0
03/19/06 21:45,0.0
03/19/06 21:50,0.0
03/19/06 21:55,0.0
03/19/06 22:00,0.0
03/19/06 22:05,0.0
03/19/06 22:10,0.0
03/19/06 22:15,0.0
03/19/06 22:20,0.0
03/19/06 22:25,0.0
03/19/06 22:30,0.0
03/19/06 22:35,0.0
03/19/06 22:40,0.0
03/19/06 22:45,0.0
03/19/06 22:50,0.0
03/19/06 22:55,0.0
03/19/06 23:00,0.0
03/19/06 23:05,0.0
03/19/06 23:10,0.0
03/19/06 23:15,0.0
03/19/06 23:20,0.0
03/19/06 23:25,0.0
03/19/06 23:30,0.0
03/19/06 23:35,0.0
03/19/06 23:40,0.0
03/19/06 23:45,0.0
03/19/06 23:50,0.0
03/19/06 23:55,0.0
03/20/06 00:00,0.0
03/20/06 00:05,0.0
03/20/06 00:10,0.0
03/20/06 00:15,0.0
03/20/06 00:20,0.0
03/20/06 00:25,0.0
03/20/06 00:30,0.0
03/20/06 00:35,0.0
03/20/06 00:40,0.0
03/20/06 00:45,0.0
03/20/06 00:50,0.0
03/20/06 00:55,0.0
03/20/06 01:00,0.0
03/20/06 01:05,0.0
03/20/06 01:10,0.0
03/20/06 01:15,0.0
03/20/06 01:20,0.0
03/20/06 01:25,0.0
03/20/06 01:30,0.0
03/20/06 01:35,0.0
03/20/06 01:40,0.0
03/20/06 01:45,0.0
03/20/06 01:50,0.0
03/20/06 01:55,0.0
03/20/06 02:00,0.0
03/20/06 02:05,0.0
03/20/06 02:10,0.0
03/20/06 02:15,0.0
03/20/06 02:20,0.0
03/20/06 02:25,0.0
03/20/06 02:30,0.0
03/20/06 02:35,0.0
03/20/06 02:40,0.0
03/20/06 02:45,0.0
03/20/06 02:50,0.0
03/20/06 02:55,0.0
03/20/06 03:00,0.0
03/20/06 03:05,0.0
03/20/06 03:10,0.0
03/20/06 03:15,0.0
03/20/06 03:20,0.0
03/20/06 03:25,0.0
03/20/06 03:30,0.0
03/20/06 03:35,0.0
03/20/06 03:40,0.0
03/20/06 03:45,0.0
03/20/06 03:50,0.0
03/20/06 03:55,0.0
03/20/06 04:00,0.0
03/20/06 04:05,0.0
03/20/06 04:10,0.0
03/20/06 04:15,0.0
03/20/06 04:20,0.0
03/20/06 04:25,0.0
03/20/06 04:30,0.0
03/20/06 04:35,0.0
03/20/06 04:40,0.0
03/20/06 04:45,0.0
03/20/06 04:50,0.0
03/20/06 04:55,0.0
03/20/06 05:00,0.0
03/20/06 05:05,0.0
03/20/06 05:10,0.0
03/20/06 05:15,0.0
03/20/06 05:20,0.0
03/20/06 05:25,0.0
03/20/06 05:30,0.0
03/20/06 05:35,0.0
03/20/06 05:40,0.0
03/20/06 05:45,0.0
03/20/06 05:50,0.0
03/20/06 05:55,0.0
03/20/06 06:00,0.0
03/20/06 06:05,0.0
03/20/06 06:10,0.0
03/20/06 06:15,0.0
03/20/06 06:20,0.0
03/20/06 06:25,0.0
03/20/06 06:30,0.0
03/20/06 06:35,0.1
03/20/06 06:40,0.2
03/20/06 06:45,0.4
03/20/06 06:50,0.9
03/20/06 06:55,1.8
03/20/06 07:00,3.1
03/20/06 07:05,3.9
03/20/06 07:10,4.4
03/20/06 07:15,4.7
03/20/06 07:20,5.0
03/20/06 07:25,5.2
03/20/06 07:30,5.5
03/20/06 07:35,5.8
03/20/06 07:40,5.9
03/20/06 07:45,6.3
03/20/06 07:50,6.5
03/20/06 07:55,6.7
03/20/06 08:00,7.1
03/20/06 08:05,7.5
03/20/06 08:10,7.7
03/20/06 08:15,8.2
03/20/06 08:20,8.8
03/20/06 08:25,9.0
03/20/06 08:30,9.1
03/20/06 08:35,9.2
03/20/06 08:40,9.1
03/20/06 08:45,8.9
03/20/06 08:50,8.4
03/20/06 08:55,7.9
03/20/06 09:00,7.4
03/20/06 09:05,6.7
03/20/06 09:10,6.1
03/20/06 09:15,5.3
03/20/06 09:20,4.6
03/20/06 09:25,4.2
03/20/06 09:30,3.9
03/20/06 09:35,3.9
03/20/06 09:40,4.0
03/20/06 09:45,4.2
03/20/06 09:50,4.4
03/20/06 09:55,4.6
03/20/06 10:00,4.8
03/20/06 10:05,4.9
03/20/06 10:10,5.1
03/20/06 10:15,5.5
03/20/06 10:20,6.0
03/20/06 10:25,6.2
03/20/06 10:30,6.2
03/20/06 10:35,6.1
03/20/06 10:40,6.2
03/20/06 10:45,7.2
03/20/06 10:50,8.2
03/20/06 10:55,9.0
03/20/06 11:00,10.4
03/20/06 11:05,10.5
03/20/06 11:10,11.7
03/20/06 11:15,12.4
03/20/06 11:20,12.0
03/20/06 11:25,11.6
03/20/06 11:30,11.1
03/20/06 11:35,10.3
03/20/06 11:40,9.6
03/20/06 11:45,8.7
03/20/06 11:50,8.4
03/20/06 11:55,7.8
03/20/06 12:00,7.5
03/20/06 12:05,6.9
03/20/06 12:10,6.2
03/20/06 12:15,5.7
03/20/06 12:20,5.4
03/20/06 12:25,5.7
03/20/06 12:30,6.0
03/20/06 12:35,6.8
03/20/06 12:40,7.3
03/20/06 12:45,7.8
03/20/06 12:50,8.3
03/20/06 12:55,9.2
03/20/06 13:00,10.1
03/20/06 13:05,11.1
03/20/06 13:10,11.5
03/20/06 13:15,10.9
03/20/06 13:20,9.2
03/20/06 13:25,10.6
03/20/06 13:30,11.3
03/20/06 13:35,14.4
03/20/06 13:40,16.4
03/20/06 13:45,17.7
03/20/06 13:50,15.0
03/20/06 13:55,11.8
03/20/06 14:00,12.3
03/20/06 14:05,13.7
03/20/06 14:10,16.7
03/20/06 14:15,14.6
03/20/06 14:20,13.1
03/20/06 14:25,12.2
03/20/06 14:30,11.5
03/20/06 14:35,11.0
03/20/06 14:40,10.7
03/20/06 14:45,10.4
03/20/06 14:50,10.3
03/20/06 14:55,10.1
03/20/06 15:00,9.9
03/20/06 15:05,9.6
03/20/06 15:10,9.4
03/20/06 15:15,9.0
03/20/06 15:20,8.4
03/20/06 15:25,8.0
03/20/06 15:30,8.0
03/20/06 15:35,8.1
03/20/06 15:40,8.2
03/20/06 15:45,7.7
03/20/06 15:50,6.4
03/20/06 15:55,5.4
03/20/06 16:00,4.4
03/20/06 16:05,3.8
03/20/06 16:10,2.0
03/20/06 16:15,0.7
03/20/06 16:20,0.4
03/20/06 16:25,0.2
03/20/06 16:30,0.1
03/20/06 16:35,0.1
03/20/06 16:40,0.1
03/20/06 16:45,0.1
03/20/06 16:50,0.1
03/20/06 16:55,0.2
03/20/06 17:00,0.1
03/20/06 17:05,0.0
03/20/06 17:10,0.0
03/20/06 17:15,0.0
03/20/06 17:20,0.0
03/20/06 17:25,0.0
03/20/06 17:30,0.0
03/20/06 17:35,0.0
03/20/06 17:40,0.0
03/20/06 17:45,0.0
03/20/06 17:50,0.0
03/20/06 17:55,0.0
03/20/06 18:00,0.0
03/20/06 18:05,0.0
03/20/06 18:10,0.0
03/20/06 18:15,0.0
03/20/06 18:20,0.0
03/20/06 18:25,0.0
03/20/06 18:30,0.0
03/20/06 18:35,0.0
03/20/06 18:40,0.0
03/20/06 18:45,0.0
03/20/06 18:50,0.0
03/20/06 18:55,0.0
03/20/06 19:00,0.0
03/20/06 19:05,0.0
03/20/06 19:10,0.0
03/20/06 19:15,0.0
03/20/06 19:20,0.0
03/20/06 19:25,0.0
03/20/06 19:30,0.0
03/20/06 19:35,0.0
03/20/06 19:40,0.0
03/20/06 19:45,0.0
03/20/06 19:50,0.0
03/20/06 19:55,0.0
03/20/06 20:00,0.0
03/20/06 20:05,0.0
03/20/06 20:10,0.0
03/20/06 20:15,0.0
03/20/06 20:20,0.0
03/20/06 20:25,0.0
03/20/06 20:30,0.0
03/20/06 20:35,0.0
03/20/06 20:40,0.0
03/20/06 20:45,0.0
03/20/06 20:50,0.0
03/20/06 20:55,0.0
03/20/06 21:00,0.0
03/20/06 21:05,0.0
03/20/06 21:10,0.0
03/20/06 21:15,0.0
03/20/06 21:20,0.0
03/20/06 21:25,0.0
03/20/06 21:30,0.0
03/20/06 21:35,0.0
03/20/06 21:40,0.0
03/20/06 21:45,0.0
03/20/06 21:50,0.0
03/20/06 21:55,0.0
03/20/06 22:00,0.0
03/20/06 22:05,0.0
03/20/06 22:10,0.0
03/20/06 22:15,0.0
03/20/06 22:20,0.0
03/20/06 22:25,0.0
03/20/06 22:30,0.0
03/20/06 22:35,0.0
03/20/06 22:40,0.0
03/20/06 22:45,0.0
03/20/06 22:50,0.0
03/20/06 22:55,0.0
03/20/06 23:00,0.0
03/20/06 23:05,0.0
03/20/06 23:10,0.0
03/20/06 23:15,0.0
03/20/06 23:20,0.0
03/20/06 23:25,0.0
03/20/06 23:30,0.0
03/20/06 23:35,0.0
03/20/06 23:40,0.0
03/20/06 23:45,0.0
03/20/06 23:50,0.0
03/20/06 23:55,0.0
03/21/06 00:00,0.0
03/21/06 00:05,0.0
03/21/06 00:10,0.0
03/21/06 00:15,0.0
03/21/06 00:20,0.0
03/21/06 00:25,0.0
03/21/06 00:30,0.0
03/21/06 00:35,0.0
03/21/06 00:40,0.0
03/21/06 00:45,0.0
03/21/06 00:50,0.0
03/21/06 00:55,0.0
03/21/06 01:00,0.0
03/21/06 01:05,0.0
03/21/06 01:10,0.0
03/21/06 01:15,0.0
03/21/06 01:20,0.0
03/21/06 01:25,0.0
03/21/06 01:30,0.0
03/21/06 01:35,0.0
03/21/06 01:40,0.0
03/21/06 01:45,0.0
03/21/06 01:50,0.0
03/21/06 01:55,0.0
03/21/06 02:00,0.0
03/21/06 02:05,0.0
03/21/06 02:10,0.0
03/21/06 02:15,0.0
03/21/06 02:20,0.0
03/21/06 02:25,0.0
03/21/06 02:30,0.0
03/21/06 02:35,0.0
03/21/06 02:40,0.0
03/21/06 02:45,0.0
03/21/06 02:50,0.0
03/21/06 02:55,0.0
03/21/06 03:00,0.0
03/21/06 03:05,0.0
03/21/06 03:10,0.0
03/21/06 03:15,0.0
03/21/06 03:20,0.0
03/21/06 03:25,0.0
03/21/06 03:30,0.0
03/21/06 03:35,0.0
03/21/06 03:40,0.0
03/21/06 03:45,0.0
03/21/06 03:50,0.0
03/21/06 03:55,0.0
03/21/06 04:00,0.0
03/21/06 04:05,0.0
03/21/06 04:10,0.0
03/21/06 04:15,0.0
03/21/06 04:20,0.0
03/21/06 04:25,0.0
03/21/06 04:30,0.0
03/21/06 04:35,0.0
03/21/06 04:40,0.0
03/21/06 04:45,0.0
03/21/06 04:50,0.0
03/21/06 04:55,0.0
03/21/06 05:00,0.0
03/21/06 05:05,0.0
03/21/06 05:10,0.0
03/21/06 05:15,0.0
03/21/06 05:20,0.0
03/21/06 05:25,0.0
03/21/06 05:30,0.0
03/21/06 05:35,0.0
03/21/06 05:40,0.0
03/21/06 05:45,0.0
03/21/06 05:50,0.0
03/21/06 05:55,0.0
03/21/06 06:00,0.0
03/21/06 06:05,0.0
03/21/06 06:10,0.0
03/21/06 06:15,0.0
03/21/06 06:20,0.0
03/21/06 06:25,0.0
03/21/06 06:30,0.1
03/21/06 06:35,0.3
03/21/06 06:40,0.8
03/21/06 06:45,1.5
03/21/06 06:50,2.9
03/21/06 06:55,3.9
03/21/06 07:00,4.4
03/21/06 07:05,4.9
03/21/06 07:10,5.4
03/21/06 07:15,6.1
03/21/06 07:20,7.0
03/21/06 07:25,7.9
03/21/06 07:30,8.7
03/21/06 07:35,9.5
03/21/06 07:40,10.3
03/21/06 07:45,11.0
03/21/06 07:50,11.8
03/21/06 07:55,12.5
03/21/06 08:00,13.3
03/21/06 08:05,14.0
03/21/06 08:10,14.6
03/21/06 08:15,15.2
03/21/06 08:20,15.8
03/21/06 08:25,16.3
03/21/06 08:30,16.9
03/21/06 08:35,17.3
03/21/06 08:40,17.8
03/21/06 08:45,18.6
03/21/06 08:50,19.1
03/21/06 08:55,19.7
03/21/06 09:00,20.4
03/21/06 09:05,21.0
03/21/06 09:10,21.4
03/21/06 09:15,21.8
03/21/06 09:20,22.3
03/21/06 09:25,22.7
03/21/06 09:30,22.9
03/21/06 09:35,23.3
03/21/06 09:40,23.6
03/21/06 09:45,23.9
03/21/06 09:50,24.3
03/21/06 09:55,25.0
03/21/06 10:00,25.4
03/21/06 10:05,25.7
03/21/06 10:10,25.9
03/21/06 10:15,26.0
03/21/06 10:20,26.1
03/21/06 10:25,26.2
03/21/06 10:30,26.6
03/21/06 10:35,27.4
03/21/06 10:40,28.3
03/21/06 10:45,28.8
03/21/06 10:50,28.5
03/21/06 10:55,27.9
03/21/06 11:00,27.5
03/21/06 11:05,27.2
03/21/06 11:10,27.1
03/21/06 11:15,27.4
03/21/06 11:20,27.9
03/21/06 11:25,28.3
03/21/06 11:30,28.6
03/21/06 11:35,28.8
03/21/06 11:40,29.0
03/21/06 11:45,29.1
03/21/06 11:50,29.2
03/21/06 11:55,29.4
03/21/06 12:00,29.7
03/21/06 12:05,29.7
03/21/06 12:10,29.8
03/21/06 12:15,29.7
03/21/06 12:20,29.1
03/21/06 12:25,28.8
03/21/06 12:30,28.6
03/21/06 12:35,28.6
03/21/06 12:40,28.7
03/21/06 12:45,28.9
03/21/06 12:50,28.8
03/21/06 12:55,28.7
03/21/06 13:00,28.6
03/21/06 13:05,28.5
03/21/06 13:10,28.3
03/21/06 13:15,27.9
03/21/06 13:20,27.5
03/21/06 13:25,27.1
03/21/06 13:30,26.7
03/21/06 13:35,26.3
03/21/06 13:40,25.7
03/21/06 13:45,25.2
03/21/06 13:50,24.9
03/21/06 13:55,24.7
03/21/06 14:00,24.3
03/21/06 14:05,23.8
03/21/06 14:10,23.3
03/21/06 14:15,23.0
03/21/06 14:20,22.8
03/21/06 14:25,22.7
03/21/06 14:30,22.7
03/21/06 14:35,22.6
03/21/06 14:40,22.4
03/21/06 14:45,22.2
03/21/06 14:50,21.7
03/21/06 14:55,21.3
03/21/06 15:00,20.8
03/21/06 15:05,20.2
03/21/06 15:10,19.6
03/21/06 15:15,18.7
03/21/06 15:20,18.0
03/21/06 15:25,17.2
03/21/06 15:30,16.5
03/21/06 15:35,15.7
03/21/06 15:40,15.0
03/21/06 15:45,14.4
03/21/06 15:50,13.7
03/21/06 15:55,13.0
03/21/06 16:00,12.2
03/21/06 16:05,11.5
03/21/06 16:10,10.7
03/21/06 16:15,10.0
03/21/06 16:20,9.4
03/21/06 16:25,8.8
03/21/06 16:30,8.1
03/21/06 16:35,7.5
03/21/06 16:40,6.9
03/21/06 16:45,6.3
03/21/06 16:50,5.7
03/21/06 16:55,5.1
03/21/06 17:00,4.5
03/21/06 17:05,3.9
03/21/06 17:10,3.1
03/21/06 17:15,1.6
03/21/06 17:20,0.7
03/21/06 17:25,0.3
03/21/06 17:30,0.1
03/21/06 17:35,0.0
03/21/06 17:40,0.0
03/21/06 17:45,0.0
03/21/06 17:50,0.0
03/21/06 17:55,0.0
03/21/06 18:00,0.0
03/21/06 18:05,0.0
03/21/06 18:10,0.0
03/21/06 18:15,0.0
03/21/06 18:20,0.0
03/21/06 18:25,0.0
03/21/06 18:30,0.0
03/21/06 18:35,0.0
03/21/06 18:40,0.0
03/21/06 18:45,0.0
03/21/06 18:50,0.0
03/21/06 18:55,0.0
03/21/06 19:00,0.0
03/21/06 19:05,0.0
03/21/06 19:10,0.0
03/21/06 19:15,0.0
03/21/06 19:20,0.0
03/21/06 19:25,0.0
03/21/06 19:30,0.0
03/21/06 19:35,0.0
03/21/06 19:40,0.0
03/21/06 19:45,0.0
03/21/06 19:50,0.0
03/21/06 19:55,0.0
03/21/06 20:00,0.0
03/21/06 20:05,0.0
03/21/06 20:10,0.0
03/21/06 20:15,0.0
03/21/06 20:20,0.0
03/21/06 20:25,0.0
03/21/06 20:30,0.0
03/21/06 20:35,0.0
03/21/06 20:40,0.0
03/21/06 20:45,0.0
03/21/06 20:50,0.0
03/21/06 20:55,0.0
03/21/06 21:00,0.0
03/21/06 21:05,0.0
03/21/06 21:10,0.0
03/21/06 21:15,0.0
03/21/06 21:20,0.0
03/21/06 21:25,0.0
03/21/06 21:30,0.0
03/21/06 21:35,0.0
03/21/06 21:40,0.0
03/21/06 21:45,0.0
03/21/06 21:50,0.0
03/21/06 21:55,0.0
03/21/06 22:00,0.0
03/21/06 22:05,0.0
03/21/06 22:10,0.0
03/21/06 22:15,0.0
03/21/06 22:20,0.0
03/21/06 22:25,0.0
03/21/06 22:30,0.0
03/21/06 22:35,0.0
03/21/06 22:40,0.0
03/21/06 22:45,0.0
03/21/06 22:50,0.0
03/21/06 22:55,0.0
03/21/06 23:00,0.0
03/21/06 23:05,0.0
03/21/06 23:10,0.0
03/21/06 23:15,0.0
03/21/06 23:20,0.0
03/21/06 23:25,0.0
03/21/06 23:30,0.0
03/21/06 23:35,0.0
03/21/06 23:40,0.0
03/21/06 23:45,0.0
03/21/06 23:50,0.0
03/21/06 23:55,0.0
03/22/06 00:00,0.0
03/22/06 00:05,0.0
03/22/06 00:10,0.0
03/22/06 00:15,0.0
03/22/06 00:20,0.0
03/22/06 00:25,0.0
03/22/06 00:30,0.0
03/22/06 00:35,0.0
03/22/06 00:40,0.0
03/22/06 00:45,0.0
03/22/06 00:50,0.0
03/22/06 00:55,0.0
03/22/06 01:00,0.0
03/22/06 01:05,0.0
03/22/06 01:10,0.0
03/22/06 01:15,0.0
03/22/06 01:20,0.0
03/22/06 01:25,0.0
03/22/06 01:30,0.0
03/22/06 01:35,0.0
03/22/06 01:40,0.0
03/22/06 01:45,0.0
03/22/06 01:50,0.0
03/22/06 01:55,0.0
03/22/06 02:00,0.0
03/22/06 02:05,0.0
03/22/06 02:10,0.0
03/22/06 02:15,0.0
03/22/06 02:20,0.0
03/22/06 02:25,0.0
03/22/06 02:30,0.0
03/22/06 02:35,0.0
03/22/06 02:40,0.0
03/22/06 02:45,0.0
03/22/06 02:50,0.0
03/22/06 02:55,0.0
03/22/06 03:00,0.0
03/22/06 03:05,0.0
03/22/06 03:10,0.0
03/22/06 03:15,0.0
03/22/06 03:20,0.0
03/22/06 03:25,0.0
03/22/06 03:30,0.0
03/22/06 03:35,0.0
03/22/06 03:40,0.0
03/22/06 03:45,0.0
03/22/06 03:50,0.0
03/22/06 03:55,0.0
03/22/06 04:00,0.0
03/22/06 04:05,0.0
03/22/06 04:10,0.0
03/22/06 04:15,0.0
03/22/06 04:20,0.0
03/22/06 04:25,0.0
03/22/06 04:30,0.0
03/22/06 04:35,0.0
03/22/06 04:40,0.0
03/22/06 04:45,0.0
03/22/06 04:50,0.0
03/22/06 04:55,0.0
03/22/06 05:00,0.0
03/22/06 05:05,0.0
03/22/06 05:10,0.0
03/22/06 05:15,0.0
03/22/06 05:20,0.0
03/22/06 05:25,0.0
03/22/06 05:30,0.0
03/22/06 05:35,0.0
03/22/06 05:40,0.0
03/22/06 05:45,0.0
03/22/06 05:50,0.0
03/22/06 05:55,0.0
03/22/06 06:00,0.0
03/22/06 06:05,0.0
03/22/06 06:10,0.0
03/22/06 06:15,0.0
03/22/06 06:20,0.0
03/22/06 06:25,0.1
03/22/06 06:30,0.3
03/22/06 06:35,0.7
03/22/06 06:40,1.6
03/22/06 06:45,3.6
03/22/06 06:50,4.5
03/22/06 06:55,5.3
03/22/06 07:00,6.2
03/22/06 07:05,6.9
03/22/06 07:10,7.9
03/22/06 07:15,8.5
03/22/06 07:20,8.8
03/22/06 07:25,9.3
03/22/06 07:30,9.7
03/22/06 07:35,9.9
03/22/06 07:40,10.1
03/22/06 07:45,10.5
03/22/06 07:50,11.3
03/22/06 07:55,12.2
03/22/06 08:00,13.0
03/22/06 08:05,13.9
03/22/06 08:10,15.1
03/22/06 08:15,15.9
03/22/06 08:20,16.6
03/22/06 08:25,17.2
03/22/06 08:30,17.8
03/22/06 08:35,18.3
03/22/06 08:40,18.7
03/22/06 08:45,19.3
03/22/06 08:50,20.2
03/22/06 08:55,21.1
03/22/06 09:00,21.9
03/22/06 09:05,22.7
03/22/06 09:10,23.1
03/22/06 09:15,23.3
03/22/06 09:20,23.6
03/22/06 09:25,24.1
03/22/06 09:30,24.6
03/22/06 09:35,24.6
03/22/06 09:40,24.6
03/22/06 09:45,24.7
03/22/06 09:50,25.0
03/22/06 09:55,25.5
03/22/06 10:00,26.1
03/22/06 10:05,26.6
03/22/06 10:10,26.9
03/22/06 10:15,27.1
03/22/06 10:20,27.2
03/22/06 10:25,27.0
03/22/06 10:30,26.9
03/22/06 10:35,26.9
03/22/06 10:40,27.0
03/22/06 10:45,27.2
03/22/06 10:50,27.4
03/22/06 10:55,27.4
03/22/06 11:00,27.5
03/22/06 11:05,27.8
03/22/06 11:10,28.0
03/22/06 11:15,28.3
03/22/06 11:20,28.4
03/22/06 11:25,28.6
03/22/06 11:30,28.8
03/22/06 11:35,29.0
03/22/06 11:40,29.1
03/22/06 11:45,29.2
03/22/06 11:50,29.3
03/22/06 11:55,29.2
03/22/06 12:00,29.0
03/22/06 12:05,28.9
03/22/06 12:10,28.8
03/22/06 12:15,28.6
03/22/06 12:20,28.3
03/22/06 12:25,27.9
03/22/06 12:30,27.5
03/22/06 12:35,27.0
03/22/06 12:40,26.7
03/22/06 12:45,26.5
03/22/06 12:50,26.4
03/22/06 12:55,26.2
03/22/06 13:00,26.0
03/22/06 13:05,26.0
03/22/06 13:10,26.1
03/22/06 13:15,26.2
03/22/06 13:20,26.1
03/22/06 13:25,26.0
03/22/06 13:30,26.0
03/22/06 13:35,26.0
03/22/06 13:40,26.0
03/22/06 13:45,25.8
03/22/06 13:50,25.7
03/22/06 13:55,25.8
03/22/06 14:00,25.7
03/22/06 14:05,25.6
03/22/06 14:10,25.4
03/22/06 14:15,24.9
03/22/06 14:20,24.3
03/22/06 14:25,23.7
03/22/06 14:30,23.2
03/22/06 14:35,22.8
03/22/06 14:40,22.4
03/22/06 14:45,21.9
03/22/06 14:50,21.3
03/22/06 14:55,20.6
03/22/06 15:00,19.7
03/22/06 15:05,19.0
03/22/06 15:10,18.3
03/22/06 15:15,17.8
03/22/06 15:20,17.5
03/22/06 15:25,17.1
03/22/06 15:30,16.6
03/22/06 15:35,16.0
03/22/06 15:40,15.3
03/22/06 15:45,14.6
03/22/06 15:50,14.0
03/22/06 15:55,13.2
03/22/06 16:00,12.4
03/22/06 16:05,11.7
03/22/06 16:10,10.9
03/22/06 16:15,10.2
03/22/06 16:20,9.4
03/22/06 16:25,8.6
03/22/06 16:30,7.9
03/22/06 16:35,7.2
03/22/06 16:40,6.5
03/22/06 16:45,5.9
03/22/06 16:50,5.3
03/22/06 16:55,4.7
03/22/06 17:00,4.1
03/22/06 17:05,3.6
03/22/06 17:10,2.3
03/22/06 17:15,1.2
03/22/06 17:20,0.6
03/22/06 17:25,0.2
03/22/06 17:30,0.1
03/22/06 17:35,0.0
03/22/06 17:40,0.0
03/22/06 17:45,0.0
03/22/06 17:50,0.0
03/22/06 17:55,0.0
03/22/06 18:00,0.0
03/22/06 18:05,0.0
03/22/06 18:10,0.0
03/22/06 18:15,0.0
03/22/06 18:20,0.0
03/22/06 18:25,0.0
03/22/06 18:30,0.0
03/22/06 18:35,0.0
03/22/06 18:40,0.0
03/22/06 18:45,0.0
03/22/06 18:50,0.0
03/22/06 18:55,0.0
03/22/06 19:00,0.0
03/22/06 19:05,0.0
03/22/06 19:10,0.0
03/22/06 19:15,0.0
03/22/06 19:20,0.0
03/22/06 19:25,0.0
03/22/06 19:30,0.0
03/22/06 19:35,0.0
03/22/06 19:40,0.0
03/22/06 19:45,0.0
03/22/06 19:50,0.0
03/22/06 19:55,0.0
03/22/06 20:00,0.0
03/22/06 20:05,0.0
03/22/06 20:10,0.0
03/22/06 20:15,0.0
03/22/06 20:20,0.0
03/22/06 20:25,0.0
03/22/06 20:30,0.0
03/22/06 20:35,0.0
03/22/06 20:40,0.0
03/22/06 20:45,0.0
03/22/06 20:50,0.0
03/22/06 20:55,0.0
03/22/06 21:00,0.0
03/22/06 21:05,0.0
03/22/06 21:10,0.0
03/22/06 21:15,0.0
03/22/06 21:20,0.0
03/22/06 21:25,0.0
03/22/06 21:30,0.0
03/22/06 21:35,0.0
03/22/06 21:40,0.0
03/22/06 21:45,0.0
03/22/06 21:50,0.0
03/22/06 21:55,0.0
03/22/06 22:00,0.0
03/22/06 22:05,0.0
03/22/06 22:10,0.0
03/22/06 22:15,0.0
03/22/06 22:20,0.0
03/22/06 22:25,0.0
03/22/06 22:30,0.0
03/22/06 22:35,0.0
03/22/06 22:40,0.0
03/22/06 22:45,0.0
03/22/06 22:50,0.0
03/22/06 22:55,0.0
03/22/06 23:00,0.0
03/22/06 23:05,0.0
03/22/06 23:10,0.0
03/22/06 23:15,0.0
03/22/06 23:20,0.0
03/22/06 23:25,0.0
03/22/06 23:30,0.0
03/22/06 23:35,0.0
03/22/06 23:40,0.0
03/22/06 23:45,0.0
03/22/06 23:50,0.0
03/22/06 23:55,0.0
03/23/06 00:00,0.0
03/23/06 00:05,0.0
03/23/06 00:10,0.0
03/23/06 00:15,0.0
03/23/06 00:20,0.0
03/23/06 00:25,0.0
03/23/06 00:30,0.0
03/23/06 00:35,0.0
03/23/06 00:40,0.0
03/23/06 00:45,0.0
03/23/06 00:50,0.0
03/23/06 00:55,0.0
03/23/06 01:00,0.0
03/23/06 01:05,0.0
03/23/06 01:10,0.0
03/23/06 01:15,0.0
03/23/06 01:20,0.0
03/23/06 01:25,0.0
03/23/06 01:30,0.0
03/23/06 01:35,0.0
03/23/06 01:40,0.0
03/23/06 01:45,0.0
03/23/06 01:50,0.0
03/23/06 01:55,0.0
03/23/06 02:00,0.0
03/23/06 02:05,0.0
03/23/06 02:10,0.0
03/23/06 02:15,0.0
03/23/06 02:20,0.0
03/23/06 02:25,0.0
03/23/06 02:30,0.0
03/23/06 02:35,0.0
03/23/06 02:40,0.0
03/23/06 02:45,0.0
03/23/06 02:50,0.0
03/23/06 02:55,0.0
03/23/06 03:00,0.0
03/23/06 03:05,0.0
03/23/06 03:10,0.0
03/23/06 03:15,0.0
03/23/06 03:20,0.0
03/23/06 03:25,0.0
03/23/06 03:30,0.0
03/23/06 03:35,0.0
03/23/06 03:40,0.0
03/23/06 03:45,0.0
03/23/06 03:50,0.0
03/23/06 03:55,0.0
03/23/06 04:00,0.0
03/23/06 04:05,0.0
03/23/06 04:10,0.0
03/23/06 04:15,0.0
03/23/06 04:20,0.0
03/23/06 04:25,0.0
03/23/06 04:30,0.0
03/23/06 04:35,0.0
03/23/06 04:40,0.0
03/23/06 04:45,0.0
03/23/06 04:50,0.0
03/23/06 04:55,0.0
03/23/06 05:00,0.0
03/23/06 05:05,0.0
03/23/06 05:10,0.0
03/23/06 05:15,0.0
03/23/06 05:20,0.0
03/23/06 05:25,0.0
03/23/06 05:30,0.0
03/23/06 05:35,0.0
03/23/06 05:40,0.0
03/23/06 05:45,0.0
03/23/06 05:50,0.0
03/23/06 05:55,0.0
03/23/06 06:00,0.0
03/23/06 06:05,0.0
03/23/06 06:10,0.0
03/23/06 06:15,0.0
03/23/06 06:20,0.0
03/23/06 06:25,0.0
03/23/06 06:30,0.0
03/23/06 06:35,0.0
03/23/06 06:40,0.1
03/23/06 06:45,0.2
03/23/06 06:50,0.4
03/23/06 06:55,0.7
03/23/06 07:00,1.3
03/23/06 07:05,2.0
03/23/06 07:10,3.0
03/23/06 07:15,3.8
03/23/06 07:20,4.2
03/23/06 07:25,4.6
03/23/06 07:30,4.9
03/23/06 07:35,5.1
03/23/06 07:40,5.9
03/23/06 07:45,6.5
03/23/06 07:50,6.8
03/23/06 07:55,6.4
03/23/06 08:00,5.4
03/23/06 08:05,4.8
03/23/06 08:10,4.6
03/23/06 08:15,5.7
03/23/06 08:20,5.3
03/23/06 08:25,6.2
03/23/06 08:30,6.8
03/23/06 08:35,6.8
03/23/06 08:40,7.2
03/23/06 08:45,7.8
03/23/06 08:50,8.5
03/23/06 08:55,8.9
03/23/06 09:00,9.3
03/23/06 09:05,9.4
03/23/06 09:10,9.5
03/23/06 09:15,9.5
03/23/06 09:20,10.8
03/23/06 09:25,13.1
03/23/06 09:30,14.6
03/23/06 09:35,15.4
03/23/06 09:40,14.0
03/23/06 09:45,12.7
03/23/06 09:50,11.8
03/23/06 09:55,11.1
03/23/06 10:00,10.6
03/23/06 10:05,9.8
03/23/06 10:10,9.7
03/23/06 10:15,12.1
03/23/06 10:20,15.4
03/23/06 10:25,17.6
03/23/06 10:30,17.9
03/23/06 10:35,17.4
03/23/06 10:40,15.9
03/23/06 10:45,19.2
03/23/06 10:50,18.7
03/23/06 10:55,15.7
03/23/06 11:00,17.6
03/23/06 11:05,20.9
03/23/06 11:10,23.5
03/23/06 11:15,25.1
03/23/06 11:20,26.2
03/23/06 11:25,27.2
03/23/06 11:30,27.8
03/23/06 11:35,28.6
03/23/06 11:40,29.1
03/23/06 11:45,29.6
03/23/06 11:50,29.8
03/23/06 11:55,30.0
03/23/06 12:00,30.2
03/23/06 12:05,30.2
03/23/06 12:10,30.2
03/23/06 12:15,30.1
03/23/06 12:20,29.7
03/23/06 12:25,29.6
03/23/06 12:30,29.8
03/23/06 12:35,29.7
03/23/06 12:40,29.5
03/23/06 12:45,28.9
03/23/06 12:50,28.4
03/23/06 12:55,27.8
03/23/06 13:00,27.3
03/23/06 13:05,26.7
03/23/06 13:10,26.3
03/23/06 13:15,25.9
03/23/06 13:20,26.1
03/23/06 13:25,24.2
03/23/06 13:30,17.8
03/23/06 13:35,13.4
03/23/06 13:40,13.9
03/23/06 13:45,11.9
03/23/06 13:50,9.1
03/23/06 13:55,7.2
03/23/06 14:00,10.5
03/23/06 14:05,16.5
03/23/06 14:10,19.6
03/23/06 14:15,21.1
03/23/06 14:20,21.6
03/23/06 14:25,21.7
03/23/06 14:30,21.7
03/23/06 14:35,21.5
03/23/06 14:40,21.1
03/23/06 14:45,20.6
03/23/06 14:50,20.1
03/23/06 14:55,19.6
03/23/06 15:00,19.0
03/23/06 15:05,18.5
03/23/06 15:10,18.0
03/23/06 15:15,17.6
03/23/06 15:20,17.3
03/23/06 15:25,16.8
03/23/06 15:30,16.2
03/23/06 15:35,15.5
03/23/06 15:40,14.7
03/23/06 15:45,13.9
03/23/06 15:50,13.1
03/23/06 15:55,12.4
03/23/06 16:00,11.8
03/23/06 16:05,11.2
03/23/06 16:10,10.6
03/23/06 16:15,10.0
03/23/06 16:20,9.5
03/23/06 16:25,9.0
03/23/06 16:30,8.3
03/23/06 16:35,7.7
03/23/06 16:40,7.1
03/23/06 16:45,6.4
03/23/06 16:50,5.8
03/23/06 16:55,5.2
03/23/06 17:00,4.6
03/23/06 17:05,4.0
03/23/06 17:10,3.2
03/23/06 17:15,1.8
03/23/06 17:20,0.8
03/23/06 17:25,0.3
03/23/06 17:30,0.1
03/23/06 17:35,0.0
03/23/06 17:40,0.0
03/23/06 17:45,0.0
03/23/06 17:50,0.0
03/23/06 17:55,0.0
03/23/06 18:00,0.0
03/23/06 18:05,0.0
03/23/06 18:10,0.0
03/23/06 18:15,0.0
03/23/06 18:20,0.0
03/23/06 18:25,0.0
03/23/06 18:30,0.0
03/23/06 18:35,0.0
03/23/06 18:40,0.0
03/23/06 18:45,0.0
03/23/06 18:50,0.0
03/23/06 18:55,0.0
03/23/06 19:00,0.0
03/23/06 19:05,0.0
03/23/06 19:10,0.0
03/23/06 19:15,0.0
03/23/06 19:20,0.0
03/23/06 19:25,0.0
03/23/06 19:30,0.0
03/23/06 19:35,0.0
03/23/06 19:40,0.0
03/23/06 19:45,0.0
03/23/06 19:50,0.0
03/23/06 19:55,0.0
03/23/06 20:00,0.0
03/23/06 20:05,0.0
03/23/06 20:10,0.0
03/23/06 20:15,0.0
03/23/06 20:20,0.0
03/23/06 20:25,0.0
03/23/06 20:30,0.0
03/23/06 20:35,0.0
03/23/06 20:40,0.0
03/23/06 20:45,0.0
03/23/06 20:50,0.0
03/23/06 20:55,0.0
03/23/06 21:00,0.0
03/23/06 21:05,0.0
03/23/06 21:10,0.0
03/23/06 21:15,0.0
03/23/06 21:20,0.0
03/23/06 21:25,0.0
03/23/06 21:30,0.0
03/23/06 21:35,0.0
03/23/06 21:40,0.0
03/23/06 21:45,0.0
03/23/06 21:50,0.0
03/23/06 21:55,0.0
03/23/06 22:00,0.0
03/23/06 22:05,0.0
03/23/06 22:10,0.0
03/23/06 22:15,0.0
03/23/06 22:20,0.0
03/23/06 22:25,0.0
03/23/06 22:30,0.0
03/23/06 22:35,0.0
03/23/06 22:40,0.0
03/23/06 22:45,0.0
03/23/06 22:50,0.0
03/23/06 22:55,0.0
03/23/06 23:00,0.0
03/23/06 23:05,0.0
03/23/06 23:10,0.0
03/23/06 23:15,0.0
03/23/06 23:20,0.0
03/23/06 23:25,0.0
03/23/06 23:30,0.0
03/23/06 23:35,0.0
03/23/06 23:40,0.0
03/23/06 23:45,0.0
03/23/06 23:50,0.0
03/23/06 23:55,0.0
03/24/06 00:00,0.0
03/24/06 00:05,0.0
03/24/06 00:10,0.0
03/24/06 00:15,0.0
03/24/06 00:20,0.0
03/24/06 00:25,0.0
03/24/06 00:30,0.0
03/24/06 00:35,0.0
03/24/06 00:40,0.0
03/24/06 00:45,0.0
03/24/06 00:50,0.0
03/24/06 00:55,0.0
03/24/06 01:00,0.0
03/24/06 01:05,0.0
03/24/06 01:10,0.0
03/24/06 01:15,0.0
03/24/06 01:20,0.0
03/24/06 01:25,0.0
03/24/06 01:30,0.0
03/24/06 01:35,0.0
03/24/06 01:40,0.0
03/24/06 01:45,0.0
03/24/06 01:50,0.0
03/24/06 01:55,0.0
03/24/06 02:00,0.0
03/24/06 02:05,0.0
03/24/06 02:10,0.0
03/24/06 02:15,0.0
03/24/06 02:20,0.0
03/24/06 02:25,0.0
03/24/06 02:30,0.0
03/24/06 02:35,0.0
03/24/06 02:40,0.0
03/24/06 02:45,0.0
03/24/06 02:50,0.0
03/24/06 02:55,0.0
03/24/06 03:00,0.0
03/24/06 03:05,0.0
03/24/06 03:10,0.0
03/24/06 03:15,0.0
03/24/06 03:20,0.0
03/24/06 03:25,0.0
03/24/06 03:30,0.0
03/24/06 03:35,0.0
03/24/06 03:40,0.0
03/24/06 03:45,0.0
03/24/06 03:50,0.0
03/24/06 03:55,0.0
03/24/06 04:00,0.0
03/24/06 04:05,0.0
03/24/06 04:10,0.0
03/24/06 04:15,0.0
03/24/06 04:20,0.0
03/24/06 04:25,0.0
03/24/06 04:30,0.0
03/24/06 04:35,0.0
03/24/06 04:40,0.0
03/24/06 04:45,0.0
03/24/06 04:50,0.0
03/24/06 04:55,0.0
03/24/06 05:00,0.0
03/24/06 05:05,0.0
03/24/06 05:10,0.0
03/24/06 05:15,0.0
03/24/06 05:20,0.0
03/24/06 05:25,0.0
03/24/06 05:30,0.0
03/24/06 05:35,0.0
03/24/06 05:40,0.0
03/24/06 05:45,0.0
03/24/06 05:50,0.0
03/24/06 05:55,0.0
03/24/06 06:00,0.0
03/24/06 06:05,0.0
03/24/06 06:10,0.0
03/24/06 06:15,0.0
03/24/06 06:20,0.0
03/24/06 06:25,0.1
03/24/06 06:30,0.3
03/24/06 06:35,0.7
03/24/06 06:40,1.6
03/24/06 06:45,3.3
03/24/06 06:50,4.2
03/24/06 06:55,4.9
03/24/06 07:00,5.6
03/24/06 07:05,6.3
03/24/06 07:10,7.0
03/24/06 07:15,7.8
03/24/06 07:20,8.5
03/24/06 07:25,9.4
03/24/06 07:30,10.2
03/24/06 07:35,10.9
03/24/06 07:40,11.6
03/24/06 07:45,12.3
03/24/06 07:50,13.0
03/24/06 07:55,13.7
03/24/06 08:00,14.3
03/24/06 08:05,14.9
03/24/06 08:10,15.5
03/24/06 08:15,16.3
03/24/06 08:20,17.1
03/24/06 08:25,17.9
03/24/06 08:30,18.7
03/24/06 08:35,19.4
03/24/06 08:40,20.0
03/24/06 08:45,20.8
03/24/06 08:50,21.4
03/24/06 08:55,22.0
03/24/06 09:00,22.7
03/24/06 09:05,23.3
03/24/06 09:10,24.0
03/24/06 09:15,24.4
03/24/06 09:20,24.7
03/24/06 09:25,25.1
03/24/06 09:30,25.5
03/24/06 09:35,26.0
03/24/06 09:40,26.5
03/24/06 09:45,27.0
03/24/06 09:50,27.4
03/24/06 09:55,27.9
03/24/06 10:00,28.3
03/24/06 10:05,28.7
03/24/06 10:10,29.2
03/24/06 10:15,29.4
03/24/06 10:20,29.4
03/24/06 10:25,29.3
03/24/06 10:30,29.3
03/24/06 10:35,29.4
03/24/06 10:40,29.5
03/24/06 10:45,29.8
03/24/06 10:50,30.0
03/24/06 10:55,30.1
03/24/06 11:00,30.2
03/24/06 11:05,30.4
03/24/06 11:10,30.4
03/24/06 11:15,30.4
03/24/06 11:20,30.5
03/24/06 11:25,30.6
03/24/06 11:30,30.9
03/24/06 11:35,31.1
03/24/06 11:40,31.3
03/24/06 11:45,31.2
03/24/06 11:50,31.0
03/24/06 11:55,30.8
03/24/06 12:00,30.7
03/24/06 12:05,30.8
03/24/06 12:10,30.8
03/24/06 12:15,30.7
03/24/06 12:20,30.7
03/24/06 12:25,30.7
03/24/06 12:30,30.6
03/24/06 12:35,30.7
03/24/06 12:40,30.9
03/24/06 12:45,30.8
03/24/06 12:50,30.7
03/24/06 12:55,30.5
03/24/06 13:00,30.3
03/24/06 13:05,30.0
03/24/06 13:10,29.4
03/24/06 13:15,29.0
03/24/06 13:20,28.6
03/24/06 13:25,28.2
03/24/06 13:30,27.7
03/24/06 13:35,27.3
03/24/06 13:40,26.9
03/24/06 13:45,26.6
03/24/06 13:50,26.4
03/24/06 13:55,26.0
03/24/06 14:00,25.6
03/24/06 14:05,25.2
03/24/06 14:10,24.9
03/24/06 14:15,24.7
03/24/06 14:20,24.6
03/24/06 14:25,24.5
03/24/06 14:30,24.2
03/24/06 14:35,23.8
03/24/06 14:40,23.3
03/24/06 14:45,22.7
03/24/06 14:50,22.1
03/24/06 14:55,21.5
03/24/06 15:00,21.0
03/24/06 15:05,20.6
03/24/06 15:10,20.1
03/24/06 15:15,19.4
03/24/06 15:20,18.6
03/24/06 15:25,18.2
03/24/06 15:30,17.9
03/24/06 15:35,17.5
03/24/06 15:40,16.8
03/24/06 15:45,15.9
03/24/06 15:50,15.0
03/24/06 15:55,14.3
03/24/06 16:00,13.5
03/24/06 16:05,12.7
03/24/06 16:10,12.0
03/24/06 16:15,11.0
03/24/06 16:20,10.1
03/24/06 16:25,9.3
03/24/06 16:30,8.6
03/24/06 16:35,7.9
03/24/06 16:40,7.2
03/24/06 16:45,6.4
03/24/06 16:50,5.7
03/24/06 16:55,5.1
03/24/06 17:00,4.5
03/24/06 17:05,3.9
03/24/06 17:10,2.8
03/24/06 17:15,1.6
03/24/06 17:20,0.8
03/24/06 17:25,0.4
03/24/06 17:30,0.2
03/24/06 17:35,0.1
03/24/06 17:40,0.0
03/24/06 17:45,0.0
03/24/06 17:50,0.0
03/24/06 17:55,0.0
03/24/06 18:00,0.0
03/24/06 18:05,0.0
03/24/06 18:10,0.0
03/24/06 18:15,0.0
03/24/06 18:20,0.0
03/24/06 18:25,0.0
03/24/06 18:30,0.0
03/24/06 18:35,0.0
03/24/06 18:40,0.0
03/24/06 18:45,0.0
03/24/06 18:50,0.0
03/24/06 18:55,0.0
03/24/06 19:00,0.0
03/24/06 19:05,0.0
03/24/06 19:10,0.0
03/24/06 19:15,0.0
03/24/06 19:20,0.0
03/24/06 19:25,0.0
03/24/06 19:30,0.0
03/24/06 19:35,0.0
03/24/06 19:40,0.0
03/24/06 19:45,0.0
03/24/06 19:50,0.0
03/24/06 19:55,0.0
03/24/06 20:00,0.0
03/24/06 20:05,0.0
03/24/06 20:10,0.0
03/24/06 20:15,0.0
03/24/06 20:20,0.0
03/24/06 20:25,0.0
03/24/06 20:30,0.0
03/24/06 20:35,0.0
03/24/06 20:40,0.0
03/24/06 20:45,0.0
03/24/06 20:50,0.0
03/24/06 20:55,0.0
03/24/06 21:00,0.0
03/24/06 21:05,0.0
03/24/06 21:10,0.0
03/24/06 21:15,0.0
03/24/06 21:20,0.0
03/24/06 21:25,0.0
03/24/06 21:30,0.0
03/24/06 21:35,0.0
03/24/06 21:40,0.0
03/24/06 21:45,0.0
03/24/06 21:50,0.0
03/24/06 21:55,0.0
03/24/06 22:00,0.0
03/24/06 22:05,0.0
03/24/06 22:10,0.0
03/24/06 22:15,0.0
03/24/06 22:20,0.0
03/24/06 22:25,0.0
03/24/06 22:30,0.0
03/24/06 22:35,0.0
03/24/06 22:40,0.0
03/24/06 22:45,0.0
03/24/06 22:50,0.0
03/24/06 22:55,0.0
03/24/06 23:00,0.0
03/24/06 23:05,0.0
03/24/06 23:10,0.0
03/24/06 23:15,0.0
03/24/06 23:20,0.0
03/24/06 23:25,0.0
03/24/06 23:30,0.0
03/24/06 23:35,0.0
03/24/06 23:40,0.0
03/24/06 23:45,0.0
03/24/06 23:50,0.0
03/24/06 23:55,0.0
03/25/06 00:00,0.0
03/25/06 00:05,0.0
03/25/06 00:10,0.0
03/25/06 00:15,0.0
03/25/06 00:20,0.0
03/25/06 00:25,0.0
03/25/06 00:30,0.0
03/25/06 00:35,0.0
03/25/06 00:40,0.0
03/25/06 00:45,0.0
03/25/06 00:50,0.0
03/25/06 00:55,0.0
03/25/06 01:00,0.0
03/25/06 01:05,0.0
03/25/06 01:10,0.0
03/25/06 01:15,0.0
03/25/06 01:20,0.0
03/25/06 01:25,0.0
03/25/06 01:30,0.0
03/25/06 01:35,0.0
03/25/06 01:40,0.0
03/25/06 01:45,0.0
03/25/06 01:50,0.0
03/25/06 01:55,0.0
03/25/06 02:00,0.0
03/25/06 02:05,0.0
03/25/06 02:10,0.0
03/25/06 02:15,0.0
03/25/06 02:20,0.0
03/25/06 02:25,0.0
03/25/06 02:30,0.0
03/25/06 02:35,0.0
03/25/06 02:40,0.0
03/25/06 02:45,0.0
03/25/06 02:50,0.0
03/25/06 02:55,0.0
03/25/06 03:00,0.0
03/25/06 03:05,0.0
03/25/06 03:10,0.0
03/25/06 03:15,0.0
03/25/06 03:20,0.0
03/25/06 03:25,0.0
03/25/06 03:30,0.0
03/25/06 03:35,0.0
03/25/06 03:40,0.0
03/25/06 03:45,0.0
03/25/06 03:50,0.0
03/25/06 03:55,0.0
03/25/06 04:00,0.0
03/25/06 04:05,0.0
03/25/06 04:10,0.0
03/25/06 04:15,0.0
03/25/06 04:20,0.0
03/25/06 04:25,0.0
03/25/06 04:30,0.0
03/25/06 04:35,0.0
03/25/06 04:40,0.0
03/25/06 04:45,0.0
03/25/06 04:50,0.0
03/25/06 04:55,0.0
03/25/06 05:00,0.0
03/25/06 05:05,0.0
03/25/06 05:10,0.0
03/25/06 05:15,0.0
03/25/06 05:20,0.0
03/25/06 05:25,0.0
03/25/06 05:30,0.0
03/25/06 05:35,0.0
03/25/06 05:40,0.0
03/25/06 05:45,0.0
03/25/06 05:50,0.0
03/25/06 05:55,0.0
03/25/06 06:00,0.0
03/25/06 06:05,0.0
03/25/06 06:10,0.0
03/25/06 06:15,0.0
03/25/06 06:20,0.0
03/25/06 06:25,0.1
03/25/06 06:30,0.3
03/25/06 06:35,0.8
03/25/06 06:40,1.7
03/25/06 06:45,3.2
03/25/06 06:50,4.1
03/25/06 06:55,4.7
03/25/06 07:00,5.2
03/25/06 07:05,5.7
03/25/06 07:10,6.3
03/25/06 07:15,7.1
03/25/06 07:20,7.9
03/25/06 07:25,8.7
03/25/06 07:30,9.5
03/25/06 07:35,10.4
03/25/06 07:40,11.1
03/25/06 07:45,11.9
03/25/06 07:50,12.7
03/25/06 07:55,13.5
03/25/06 08:00,14.2
03/25/06 08:05,14.9
03/25/06 08:10,15.5
03/25/06 08:15,16.1
03/25/06 08:20,16.6
03/25/06 08:25,17.2
03/25/06 08:30,17.8
03/25/06 08:35,18.3
03/25/06 08:40,18.8
03/25/06 08:45,19.4
03/25/06 08:50,20.0
03/25/06 08:55,20.6
03/25/06 09:00,21.3
03/25/06 09:05,21.9
03/25/06 09:10,22.5
03/25/06 09:15,22.9
03/25/06 09:20,23.2
03/25/06 09:25,23.3
03/25/06 09:30,23.6
03/25/06 09:35,23.8
03/25/06 09:40,24.1
03/25/06 09:45,24.4
03/25/06 09:50,24.7
03/25/06 09:55,25.0
03/25/06 10:00,25.3
03/25/06 10:05,25.7
03/25/06 10:10,26.2
03/25/06 10:15,26.6
03/25/06 10:20,27.2
03/25/06 10:25,27.9
03/25/06 10:30,28.4
03/25/06 10:35,28.9
03/25/06 10:40,29.3
03/25/06 10:45,29.9
03/25/06 10:50,30.4
03/25/06 10:55,30.9
03/25/06 11:00,31.6
03/25/06 11:05,31.8
03/25/06 11:10,32.1
03/25/06 11:15,31.7
03/25/06 11:20,30.9
03/25/06 11:25,30.5
03/25/06 11:30,30.0
03/25/06 11:35,29.5
03/25/06 11:40,29.0
03/25/06 11:45,28.6
03/25/06 11:50,28.3
03/25/06 11:55,28.1
03/25/06 12:00,27.9
03/25/06 12:05,27.6
03/25/06 12:10,27.5
03/25/06 12:15,27.8
03/25/06 12:20,28.1
03/25/06 12:25,28.3
03/25/06 12:30,28.4
03/25/06 12:35,28.6
03/25/06 12:40,28.8
03/25/06 12:45,28.9
03/25/06 12:50,29.1
03/25/06 12:55,29.0
03/25/06 13:00,29.0
03/25/06 13:05,28.9
03/25/06 13:10,28.7
03/25/06 13:15,28.4
03/25/06 13:20,28.0
03/25/06 13:25,27.7
03/25/06 13:30,27.5
03/25/06 13:35,27.3
03/25/06 13:40,27.3
03/25/06 13:45,27.4
03/25/06 13:50,27.4
03/25/06 13:55,27.3
03/25/06 14:00,27.0
03/25/06 14:05,26.6
03/25/06 14:10,26.2
03/25/06 14:15,25.6
03/25/06 14:20,25.0
03/25/06 14:25,24.6
03/25/06 14:30,24.1
03/25/06 14:35,23.8
03/25/06 14:40,23.5
03/25/06 14:45,23.2
03/25/06 14:50,22.8
03/25/06 14:55,22.2
03/25/06 15:00,21.7
03/25/06 15:05,21.0
03/25/06 15:10,20.3
03/25/06 15:15,19.3
03/25/06 15:20,18.4
03/25/06 15:25,17.6
03/25/06 15:30,16.9
03/25/06 15:35,16.2
03/25/06 15:40,15.7
03/25/06 15:45,15.0
03/25/06 15:50,14.2
03/25/06 15:55,13.4
03/25/06 16:00,12.7
03/25/06 16:05,12.0
03/25/06 16:10,11.3
03/25/06 16:15,10.6
03/25/06 16:20,9.9
03/25/06 16:25,9.3
03/25/06 16:30,8.6
03/25/06 16:35,7.9
03/25/06 16:40,7.2
03/25/06 16:45,6.5
03/25/06 16:50,5.8
03/25/06 16:55,5.1
03/25/06 17:00,4.5
03/25/06 17:05,4.0
03/25/06 17:10,3.2
03/25/06 17:15,1.9
03/25/06 17:20,0.9
03/25/06 17:25,0.4
03/25/06 17:30,0.1
03/25/06 17:35,0.0
03/25/06 17:40,0.0
03/25/06 17:45,0.0
03/25/06 17:50,0.0
03/25/06 17:55,0.0
03/25/06 18:00,0.0
03/25/06 18:05,0.0
03/25/06 18:10,0.0
03/25/06 18:15,0.0
03/25/06 18:20,0.0
03/25/06 18:25,0.0
03/25/06 18:30,0.0
03/25/06 18:35,0.0
03/25/06 18:40,0.0
03/25/06 18:45,0.0
03/25/06 18:50,0.0
03/25/06 18:55,0.0
03/25/06 19:00,0.0
03/25/06 19:05,0.0
03/25/06 19:10,0.0
03/25/06 19:15,0.0
03/25/06 19:20,0.0
03/25/06 19:25,0.0
03/25/06 19:30,0.0
03/25/06 19:35,0.0
03/25/06 19:40,0.0
03/25/06 19:45,0.0
03/25/06 19:50,0.0
03/25/06 19:55,0.0
03/25/06 20:00,0.0
03/25/06 20:05,0.0
03/25/06 20:10,0.0
03/25/06 20:15,0.0
03/25/06 20:20,0.0
03/25/06 20:25,0.0
03/25/06 20:30,0.0
03/25/06 20:35,0.0
03/25/06 20:40,0.0
03/25/06 20:45,0.0
03/25/06 20:50,0.0
03/25/06 20:55,0.0
03/25/06 21:00,0.0
03/25/06 21:05,0.0
03/25/06 21:10,0.0
03/25/06 21:15,0.0
03/25/06 21:20,0.0
03/25/06 21:25,0.0
03/25/06 21:30,0.0
03/25/06 21:35,0.0
03/25/06 21:40,0.0
03/25/06 21:45,0.0
03/25/06 21:50,0.0
03/25/06 21:55,0.0
03/25/06 22:00,0.0
03/25/06 22:05,0.0
03/25/06 22:10,0.0
03/25/06 22:15,0.0
03/25/06 22:20,0.0
03/25/06 22:25,0.0
03/25/06 22:30,0.0
03/25/06 22:35,0.0
03/25/06 22:40,0.0
03/25/06 22:45,0.0
03/25/06 22:50,0.0
03/25/06 22:55,0.0
03/25/06 23:00,0.0
03/25/06 23:05,0.0
03/25/06 23:10,0.0
03/25/06 23:15,0.0
03/25/06 23:20,0.0
03/25/06 23:25,0.0
03/25/06 23:30,0.0
03/25/06 23:35,0.0
03/25/06 23:40,0.0
03/25/06 23:45,0.0
03/25/06 23:50,0.0
03/25/06 23:55,0.0
03/26/06 00:00,0.0
03/26/06 00:05,0.0
03/26/06 00:10,0.0
03/26/06 00:15,0.0
03/26/06 00:20,0.0
03/26/06 00:25,0.0
03/26/06 00:30,0.0
03/26/06 00:35,0.0
03/26/06 00:40,0.0
03/26/06 00:45,0.0
03/26/06 00:50,0.0
03/26/06 00:55,0.0
03/26/06 01:00,0.0
03/26/06 01:05,0.0
03/26/06 01:10,0.0
03/26/06 01:15,0.0
03/26/06 01:20,0.0
03/26/06 01:25,0.0
03/26/06 01:30,0.0
03/26/06 01:35,0.0
03/26/06 01:40,0.0
03/26/06 01:45,0.0
03/26/06 01:50,0.0
03/26/06 01:55,0.0
03/26/06 02:00,0.0
03/26/06 02:05,0.0
03/26/06 02:10,0.0
03/26/06 02:15,0.0
03/26/06 02:20,0.0
03/26/06 02:25,0.0
03/26/06 02:30,0.0
03/26/06 02:35,0.0
03/26/06 02:40,0.0
03/26/06 02:45,0.0
03/26/06 02:50,0.0
03/26/06 02:55,0.0
03/26/06 03:00,0.0
03/26/06 03:05,0.0
03/26/06 03:10,0.0
03/26/06 03:15,0.0
03/26/06 03:20,0.0
03/26/06 03:25,0.0
03/26/06 03:30,0.0
03/26/06 03:35,0.0
03/26/06 03:40,0.0
03/26/06 03:45,0.0
03/26/06 03:50,0.0
03/26/06 03:55,0.0
03/26/06 04:00,0.0
03/26/06 04:05,0.0
03/26/06 04:10,0.0
03/26/06 04:15,0.0
03/26/06 04:20,0.0
03/26/06 04:25,0.0
03/26/06 04:30,0.0
03/26/06 04:35,0.0
03/26/06 04:40,0.0
03/26/06 04:45,0.0
03/26/06 04:50,0.0
03/26/06 04:55,0.0
03/26/06 05:00,0.0
03/26/06 05:05,0.0
03/26/06 05:10,0.0
03/26/06 05:15,0.0
03/26/06 05:20,0.0
03/26/06 05:25,0.0
03/26/06 05:30,0.0
03/26/06 05:35,0.0
03/26/06 05:40,0.0
03/26/06 05:45,0.0
03/26/06 05:50,0.0
03/26/06 05:55,0.0
03/26/06 06:00,0.0
03/26/06 06:05,0.0
03/26/06 06:10,0.0
03/26/06 06:15,0.0
03/26/06 06:20,0.1
03/26/06 06:25,0.2
03/26/06 06:30,0.4
03/26/06 06:35,0.9
03/26/06 06:40,2.0
03/26/06 06:45,3.8
03/26/06 06:50,4.5
03/26/06 06:55,5.2
03/26/06 07:00,5.9
03/26/06 07:05,6.7
03/26/06 07:10,7.5
03/26/06 07:15,8.2
03/26/06 07:20,8.8
03/26/06 07:25,9.3
03/26/06 07:30,10.0
03/26/06 07:35,10.7
03/26/06 07:40,11.3
03/26/06 07:45,11.9
03/26/06 07:50,12.6
03/26/06 07:55,13.2
03/26/06 08:00,13.9
03/26/06 08:05,14.6
03/26/06 08:10,15.3
03/26/06 08:15,16.1
03/26/06 08:20,16.8
03/26/06 08:25,17.5
03/26/06 08:30,18.2
03/26/06 08:35,18.9
03/26/06 08:40,19.4
03/26/06 08:45,20.1
03/26/06 08:50,20.7
03/26/06 08:55,21.2
03/26/06 09:00,21.6
03/26/06 09:05,22.0
03/26/06 09:10,22.4
03/26/06 09:15,22.9
03/26/06 09:20,23.4
03/26/06 09:25,23.9
03/26/06 09:30,24.4
03/26/06 09:35,24.8
03/26/06 09:40,25.1
03/26/06 09:45,25.5
03/26/06 09:50,25.7
03/26/06 09:55,25.9
03/26/06 10:00,26.3
03/26/06 10:05,26.7
03/26/06 10:10,27.0
03/26/06 10:15,27.3
03/26/06 10:20,27.7
03/26/06 10:25,28.1
03/26/06 10:30,28.5
03/26/06 10:35,28.8
03/26/06 10:40,29.3
03/26/06 10:45,29.7
03/26/06 10:50,30.0
03/26/06 10:55,30.3
03/26/06 11:00,30.5
03/26/06 11:05,30.8
03/26/06 11:10,31.1
03/26/06 11:15,30.8
03/26/06 11:20,30.1
03/26/06 11:25,29.7
03/26/06 11:30,29.6
03/26/06 11:35,29.7
03/26/06 11:40,29.8
03/26/06 11:45,29.9
03/26/06 11:50,30.1
03/26/06 11:55,30.2
03/26/06 12:00,30.3
03/26/06 12:05,30.3
03/26/06 12:10,30.2
03/26/06 12:15,30.0
03/26/06 12:20,30.0
03/26/06 12:25,30.1
03/26/06 12:30,30.0
03/26/06 12:35,30.2
03/26/06 12:40,30.1
03/26/06 12:45,30.1
03/26/06 12:50,30.1
03/26/06 12:55,30.1
03/26/06 13:00,30.1
03/26/06 13:05,30.2
03/26/06 13:10,30.1
03/26/06 13:15,29.5
03/26/06 13:20,28.6
03/26/06 13:25,27.6
03/26/06 13:30,27.0
03/26/06 13:35,26.6
03/26/06 13:40,26.2
03/26/06 13:45,25.8
03/26/06 13:50,25.5
03/26/06 13:55,25.2
03/26/06 14:00,24.7
03/26/06 14:05,24.4
03/26/06 14:10,24.0
03/26/06 14:15,23.8
03/26/06 14:20,23.6
03/26/06 14:25,23.3
03/26/06 14:30,23.0
03/26/06 14:35,22.9
03/26/06 14:40,22.5
03/26/06 14:45,22.0
03/26/06 14:50,21.4
03/26/06 14:55,20.6
03/26/06 15:00,19.8
03/26/06 15:05,19.0
03/26/06 15:10,18.3
03/26/06 15:15,17.8
03/26/06 15:20,17.5
03/26/06 15:25,17.0
03/26/06 15:30,16.4
03/26/06 15:35,15.8
03/26/06 15:40,15.2
03/26/06 15:45,14.6
03/26/06 15:50,14.0
03/26/06 15:55,13.3
03/26/06 16:00,12.6
03/26/06 16:05,11.9
03/26/06 16:10,11.2
03/26/06 16:15,10.5
03/26/06 16:20,9.8
03/26/06 16:25,9.1
03/26/06 16:30,8.4
03/26/06 16:35,7.7
03/26/06 16:40,7.0
03/26/06 16:45,6.4
03/26/06 16:50,5.7
03/26/06 16:55,5.1
03/26/06 17:00,4.5
03/26/06 17:05,3.9
03/26/06 17:10,2.8
03/26/06 17:15,1.6
03/26/06 17:20,0.8
03/26/06 17:25,0.3
03/26/06 17:30,0.1
03/26/06 17:35,0.0
03/26/06 17:40,0.0
03/26/06 17:45,0.0
03/26/06 17:50,0.0
03/26/06 17:55,0.0
03/26/06 18:00,0.0
03/26/06 18:05,0.0
03/26/06 18:10,0.0
03/26/06 18:15,0.0
03/26/06 18:20,0.0
03/26/06 18:25,0.0
03/26/06 18:30,0.0
03/26/06 18:35,0.0
03/26/06 18:40,0.0
03/26/06 18:45,0.0
03/26/06 18:50,0.0
03/26/06 18:55,0.0
03/26/06 19:00,0.0
03/26/06 19:05,0.0
03/26/06 19:10,0.0
03/26/06 19:15,0.0
03/26/06 19:20,0.0
03/26/06 19:25,0.0
03/26/06 19:30,0.0
03/26/06 19:35,0.0
03/26/06 19:40,0.0
03/26/06 19:45,0.0
03/26/06 19:50,0.0
03/26/06 19:55,0.0
03/26/06 20:00,0.0
03/26/06 20:05,0.0
03/26/06 20:10,0.0
03/26/06 20:15,0.0
03/26/06 20:20,0.0
03/26/06 20:25,0.0
03/26/06 20:30,0.0
03/26/06 20:35,0.0
03/26/06 20:40,0.0
03/26/06 20:45,0.0
03/26/06 20:50,0.0
03/26/06 20:55,0.0
03/26/06 21:00,0.0
03/26/06 21:05,0.0
03/26/06 21:10,0.0
03/26/06 21:15,0.0
03/26/06 21:20,0.0
03/26/06 21:25,0.0
03/26/06 21:30,0.0
03/26/06 21:35,0.0
03/26/06 21:40,0.0
03/26/06 21:45,0.0
03/26/06 21:50,0.0
03/26/06 21:55,0.0
03/26/06 22:00,0.0
03/26/06 22:05,0.0
03/26/06 22:10,0.0
03/26/06 22:15,0.0
03/26/06 22:20,0.0
03/26/06 22:25,0.0
03/26/06 22:30,0.0
03/26/06 22:35,0.0
03/26/06 22:40,0.0
03/26/06 22:45,0.0
03/26/06 22:50,0.0
03/26/06 22:55,0.0
03/26/06 23:00,0.0
03/26/06 23:05,0.0
03/26/06 23:10,0.0
03/26/06 23:15,0.0
03/26/06 23:20,0.0
03/26/06 23:25,0.0
03/26/06 23:30,0.0
03/26/06 23:35,0.0
03/26/06 23:40,0.0
03/26/06 23:45,0.0
03/26/06 23:50,0.0
03/26/06 23:55,0.0
03/27/06 00:00,0.0
03/27/06 00:05,0.0
03/27/06 00:10,0.0
03/27/06 00:15,0.0
03/27/06 00:20,0.0
03/27/06 00:25,0.0
03/27/06 00:30,0.0
03/27/06 00:35,0.0
03/27/06 00:40,0.0
03/27/06 00:45,0.0
03/27/06 00:50,0.0
03/27/06 00:55,0.0
03/27/06 01:00,0.0
03/27/06 01:05,0.0
03/27/06 01:10,0.0
03/27/06 01:15,0.0
03/27/06 01:20,0.0
03/27/06 01:25,0.0
03/27/06 01:30,0.0
03/27/06 01:35,0.0
03/27/06 01:40,0.0
03/27/06 01:45,0.0
03/27/06 01:50,0.0
03/27/06 01:55,0.0
03/27/06 02:00,0.0
03/27/06 02:05,0.0
03/27/06 02:10,0.0
03/27/06 02:15,0.0
03/27/06 02:20,0.0
03/27/06 02:25,0.0
03/27/06 02:30,0.0
03/27/06 02:35,0.0
03/27/06 02:40,0.0
03/27/06 02:45,0.0
03/27/06 02:50,0.0
03/27/06 02:55,0.0
03/27/06 03:00,0.0
03/27/06 03:05,0.0
03/27/06 03:10,0.0
03/27/06 03:15,0.0
03/27/06 03:20,0.0
03/27/06 03:25,0.0
03/27/06 03:30,0.0
03/27/06 03:35,0.0
03/27/06 03:40,0.0
03/27/06 03:45,0.0
03/27/06 03:50,0.0
03/27/06 03:55,0.0
03/27/06 04:00,0.0
03/27/06 04:05,0.0
03/27/06 04:10,0.0
03/27/06 04:15,0.0
03/27/06 04:20,0.0
03/27/06 04:25,0.0
03/27/06 04:30,0.0
03/27/06 04:35,0.0
03/27/06 04:40,0.0
03/27/06 04:45,0.0
03/27/06 04:50,0.0
03/27/06 04:55,0.0
03/27/06 05:00,0.0
03/27/06 05:05,0.0
03/27/06 05:10,0.0
03/27/06 05:15,0.0
03/27/06 05:20,0.0
03/27/06 05:25,0.0
03/27/06 05:30,0.0
03/27/06 05:35,0.0
03/27/06 05:40,0.0
03/27/06 05:45,0.0
03/27/06 05:50,0.0
03/27/06 05:55,0.0
03/27/06 06:00,0.0
03/27/06 06:05,0.0
03/27/06 06:10,0.0
03/27/06 06:15,0.0
03/27/06 06:20,0.1
03/27/06 06:25,0.2
03/27/06 06:30,0.6
03/27/06 06:35,1.3
03/27/06 06:40,2.5
03/27/06 06:45,3.9
03/27/06 06:50,4.5
03/27/06 06:55,5.1
03/27/06 07:00,5.8
03/27/06 07:05,6.5
03/27/06 07:10,7.3
03/27/06 07:15,8.0
03/27/06 07:20,8.6
03/27/06 07:25,9.3
03/27/06 07:30,10.0
03/27/06 07:35,10.6
03/27/06 07:40,11.2
03/27/06 07:45,11.8
03/27/06 07:50,12.5
03/27/06 07:55,13.1
03/27/06 08:00,13.8
03/27/06 08:05,14.5
03/27/06 08:10,15.2
03/27/06 08:15,15.9
03/27/06 08:20,16.6
03/27/06 08:25,17.2
03/27/06 08:30,17.7
03/27/06 08:35,18.3
03/27/06 08:40,18.9
03/27/06 08:45,19.4
03/27/06 08:50,20.0
03/27/06 08:55,20.8
03/27/06 09:00,21.4
03/27/06 09:05,22.0
03/27/06 09:10,22.5
03/27/06 09:15,22.9
03/27/06 09:20,23.4
03/27/06 09:25,23.7
03/27/06 09:30,24.1
03/27/06 09:35,24.5
03/27/06 09:40,25.0
03/27/06 09:45,25.5
03/27/06 09:50,26.0
03/27/06 09:55,26.7
03/27/06 10:00,27.1
03/27/06 10:05,27.5
03/27/06 10:10,27.8
03/27/06 10:15,27.8
03/27/06 10:20,27.4
03/27/06 10:25,27.1
03/27/06 10:30,27.0
03/27/06 10:35,27.1
03/27/06 10:40,27.1
03/27/06 10:45,27.2
03/27/06 10:50,27.2
03/27/06 10:55,27.3
03/27/06 11:00,27.4
03/27/06 11:05,27.7
03/27/06 11:10,28.0
03/27/06 11:15,28.3
03/27/06 11:20,28.6
03/27/06 11:25,28.6
03/27/06 11:30,28.7
03/27/06 11:35,28.7
03/27/06 11:40,28.7
03/27/06 11:45,28.7
03/27/06 11:50,28.5
03/27/06 11:55,28.3
03/27/06 12:00,28.2
03/27/06 12:05,28.0
03/27/06 12:10,27.8
03/27/06 12:15,28.0
03/27/06 12:20,28.5
03/27/06 12:25,28.7
03/27/06 12:30,28.6
03/27/06 12:35,28.7
03/27/06 12:40,28.6
03/27/06 12:45,28.5
03/27/06 12:50,28.5
03/27/06 12:55,28.5
03/27/06 13:00,28.4
03/27/06 13:05,28.4
03/27/06 13:10,28.3
03/27/06 13:15,28.0
03/27/06 13:20,27.6
03/27/06 13:25,27.2
03/27/06 13:30,26.8
03/27/06 13:35,26.7
03/27/06 13:40,26.8
03/27/06 13:45,26.9
03/27/06 13:50,26.9
03/27/06 13:55,26.8
03/27/06 14:00,26.8
03/27/06 14:05,26.8
03/27/06 14:10,26.5
03/27/06 14:15,25.7
03/27/06 14:20,24.7
03/27/06 14:25,23.8
03/27/06 14:30,23.0
03/27/06 14:35,22.2
03/27/06 14:40,21.6
03/27/06 14:45,21.0
03/27/06 14:50,20.4
03/27/06 14:55,19.8
03/27/06 15:00,19.3
03/27/06 15:05,18.7
03/27/06 15:10,18.0
03/27/06 15:15,17.6
03/27/06 15:20,17.5
03/27/06 15:25,17.3
03/27/06 15:30,17.0
03/27/06 15:35,16.6
03/27/06 15:40,16.1
03/27/06 15:45,15.4
03/27/06 15:50,14.8
03/27/06 15:55,14.2
03/27/06 16:00,13.5
03/27/06 16:05,12.8
03/27/06 16:10,12.1
03/27/06 16:15,11.2
03/27/06 16:20,10.3
03/27/06 16:25,9.5
03/27/06 16:30,8.8
03/27/06 16:35,8.1
03/27/06 16:40,7.4
03/27/06 16:45,6.7
03/27/06 16:50,6.0
03/27/06 16:55,5.3
03/27/06 17:00,4.7
03/27/06 17:05,4.2
03/27/06 17:10,3.7
03/27/06 17:15,2.2
03/27/06 17:20,1.0
03/27/06 17:25,0.4
03/27/06 17:30,0.2
03/27/06 17:35,0.1
03/27/06 17:40,0.0
03/27/06 17:45,0.0
03/27/06 17:50,0.0
03/27/06 17:55,0.0
03/27/06 18:00,0.0
03/27/06 18:05,0.0
03/27/06 18:10,0.0
03/27/06 18:15,0.0
03/27/06 18:20,0.0
03/27/06 18:25,0.0
03/27/06 18:30,0.0
03/27/06 18:35,0.0
03/27/06 18:40,0.0
03/27/06 18:45,0.0
03/27/06 18:50,0.0
03/27/06 18:55,0.0
03/27/06 19:00,0.0
03/27/06 19:05,0.0
03/27/06 19:10,0.0
03/27/06 19:15,0.0
03/27/06 19:20,0.0
03/27/06 19:25,0.0
03/27/06 19:30,0.0
03/27/06 19:35,0.0
03/27/06 19:40,0.0
03/27/06 19:45,0.0
03/27/06 19:50,0.0
03/27/06 19:55,0.0
03/27/06 20:00,0.0
03/27/06 20:05,0.0
03/27/06 20:10,0.0
03/27/06 20:15,0.0
03/27/06 20:20,0.0
03/27/06 20:25,0.0
03/27/06 20:30,0.0
03/27/06 20:35,0.0
03/27/06 20:40,0.0
03/27/06 20:45,0.0
03/27/06 20:50,0.0
03/27/06 20:55,0.0
03/27/06 21:00,0.0
03/27/06 21:05,0.0
03/27/06 21:10,0.0
03/27/06 21:15,0.0
03/27/06 21:20,0.0
03/27/06 21:25,0.0
03/27/06 21:30,0.0
03/27/06 21:35,0.0
03/27/06 21:40,0.0
03/27/06 21:45,0.0
03/27/06 21:50,0.0
03/27/06 21:55,0.0
03/27/06 22:00,0.0
03/27/06 22:05,0.0
03/27/06 22:10,0.0
03/27/06 22:15,0.0
03/27/06 22:20,0.0
03/27/06 22:25,0.0
03/27/06 22:30,0.0
03/27/06 22:35,0.0
03/27/06 22:40,0.0
03/27/06 22:45,0.0
03/27/06 22:50,0.0
03/27/06 22:55,0.0
03/27/06 23:00,0.0
03/27/06 23:05,0.0
03/27/06 23:10,0.0
03/27/06 23:15,0.0
03/27/06 23:20,0.0
03/27/06 23:25,0.0
03/27/06 23:30,0.0
03/27/06 23:35,0.0
03/27/06 23:40,0.0
03/27/06 23:45,0.0
03/27/06 23:50,0.0
03/27/06 23:55,0.0
03/28/06 00:00,0.0
03/28/06 00:05,0.0
03/28/06 00:10,0.0
03/28/06 00:15,0.0
03/28/06 00:20,0.0
03/28/06 00:25,0.0
03/28/06 00:30,0.0
03/28/06 00:35,0.0
03/28/06 00:40,0.0
03/28/06 00:45,0.0
03/28/06 00:50,0.0
03/28/06 00:55,0.0
03/28/06 01:00,0.0
03/28/06 01:05,0.0
03/28/06 01:10,0.0
03/28/06 01:15,0.0
03/28/06 01:20,0.0
03/28/06 01:25,0.0
03/28/06 01:30,0.0
03/28/06 01:35,0.0
03/28/06 01:40,0.0
03/28/06 01:45,0.0
03/28/06 01:50,0.0
03/28/06 01:55,0.0
03/28/06 02:00,0.0
03/28/06 02:05,0.0
03/28/06 02:10,0.0
03/28/06 02:15,0.0
03/28/06 02:20,0.0
03/28/06 02:25,0.0
03/28/06 02:30,0.0
03/28/06 02:35,0.0
03/28/06 02:40,0.0
03/28/06 02:45,0.0
03/28/06 02:50,0.0
03/28/06 02:55,0.0
03/28/06 03:00,0.0
03/28/06 03:05,0.0
03/28/06 03:10,0.0
03/28/06 03:15,0.0
03/28/06 03:20,0.0
03/28/06 03:25,0.0
03/28/06 03:30,0.0
03/28/06 03:35,0.0
03/28/06 03:40,0.0
03/28/06 03:45,0.0
03/28/06 03:50,0.0
03/28/06 03:55,0.0
03/28/06 04:00,0.0
03/28/06 04:05,0.0
03/28/06 04:10,0.0
03/28/06 04:15,0.0
03/28/06 04:20,0.0
03/28/06 04:25,0.0
03/28/06 04:30,0.0
03/28/06 04:35,0.0
03/28/06 04:40,0.0
03/28/06 04:45,0.0
03/28/06 04:50,0.0
03/28/06 04:55,0.0
03/28/06 05:00,0.0
03/28/06 05:05,0.0
03/28/06 05:10,0.0
03/28/06 05:15,0.0
03/28/06 05:20,0.0
03/28/06 05:25,0.0
03/28/06 05:30,0.0
03/28/06 05:35,0.0
03/28/06 05:40,0.0
03/28/06 05:45,0.0
03/28/06 05:50,0.0
03/28/06 05:55,0.0
03/28/06 06:00,0.0
03/28/06 06:05,0.0
03/28/06 06:10,0.0
03/28/06 06:15,0.0
03/28/06 06:20,0.1
03/28/06 06:25,0.1
03/28/06 06:30,0.4
03/28/06 06:35,1.0
03/28/06 06:40,2.1
03/28/06 06:45,3.7
03/28/06 06:50,4.2
03/28/06 06:55,4.9
03/28/06 07:00,5.6
03/28/06 07:05,6.1
03/28/06 07:10,6.7
03/28/06 07:15,7.5
03/28/06 07:20,8.1
03/28/06 07:25,8.7
03/28/06 07:30,9.2
03/28/06 07:35,9.7
03/28/06 07:40,10.3
03/28/06 07:45,10.9
03/28/06 07:50,11.5
03/28/06 07:55,11.9
03/28/06 08:00,12.4
03/28/06 08:05,12.8
03/28/06 08:10,13.1
03/28/06 08:15,13.8
03/28/06 08:20,14.0
03/28/06 08:25,14.7
03/28/06 08:30,15.3
03/28/06 08:35,15.7
03/28/06 08:40,16.0
03/28/06 08:45,16.0
03/28/06 08:50,16.2
03/28/06 08:55,15.6
03/28/06 09:00,16.7
03/28/06 09:05,18.2
03/28/06 09:10,19.8
03/28/06 09:15,19.3
03/28/06 09:20,19.7
03/28/06 09:25,20.1
03/28/06 09:30,20.6
03/28/06 09:35,20.6
03/28/06 09:40,20.3
03/28/06 09:45,21.4
03/28/06 09:50,21.9
03/28/06 09:55,22.2
03/28/06 10:00,21.8
03/28/06 10:05,20.7
03/28/06 10:10,21.9
03/28/06 10:15,22.7
03/28/06 10:20,22.8
03/28/06 10:25,22.4
03/28/06 10:30,22.2
03/28/06 10:35,20.2
03/28/06 10:40,18.8
03/28/06 10:45,19.7
03/28/06 10:50,21.1
03/28/06 10:55,22.3
03/28/06 11:00,23.5
03/28/06 11:05,24.1
03/28/06 11:10,23.9
03/28/06 11:15,23.7
03/28/06 11:20,24.6
03/28/06 11:25,25.5
03/28/06 11:30,25.8
03/28/06 11:35,25.8
03/28/06 11:40,25.7
03/28/06 11:45,25.6
03/28/06 11:50,24.9
03/28/06 11:55,23.4
03/28/06 12:00,21.9
03/28/06 12:05,20.2
03/28/06 12:10,18.8
03/28/06 12:15,19.3
03/28/06 12:20,20.6
03/28/06 12:25,20.8
03/28/06 12:30,20.2
03/28/06 12:35,19.6
03/28/06 12:40,18.6
03/28/06 12:45,17.6
03/28/06 12:50,16.9
03/28/06 12:55,15.8
03/28/06 13:00,14.4
03/28/06 13:05,13.0
03/28/06 13:10,11.6
03/28/06 13:15,10.1
03/28/06 13:20,9.3
03/28/06 13:25,8.9
03/28/06 13:30,8.5
03/28/06 13:35,8.3
03/28/06 13:40,8.2
03/28/06 13:45,9.5
03/28/06 13:50,10.3
03/28/06 13:55,10.9
03/28/06 14:00,10.6
03/28/06 14:05,10.7
03/28/06 14:10,12.4
03/28/06 14:15,13.0
03/28/06 14:20,14.1
03/28/06 14:25,13.9
03/28/06 14:30,12.2
03/28/06 14:35,10.5
03/28/06 14:40,9.2
03/28/06 14:45,7.9
03/28/06 14:50,7.0
03/28/06 14:55,6.5
03/28/06 15:00,6.0
03/28/06 15:05,5.6
03/28/06 15:10,5.4
03/28/06 15:15,6.6
03/28/06 15:20,7.6
03/28/06 15:25,8.0
03/28/06 15:30,7.8
03/28/06 15:35,7.4
03/28/06 15:40,6.9
03/28/06 15:45,6.3
03/28/06 15:50,5.6
03/28/06 15:55,4.9
03/28/06 16:00,4.4
03/28/06 16:05,3.8
03/28/06 16:10,2.4
03/28/06 16:15,1.7
03/28/06 16:20,1.5
03/28/06 16:25,1.4
03/28/06 16:30,1.1
03/28/06 16:35,0.9
03/28/06 16:40,0.5
03/28/06 16:45,0.3
03/28/06 16:50,0.2
03/28/06 16:55,0.1
03/28/06 17:00,0.1
03/28/06 17:05,0.1
03/28/06 17:10,0.1
03/28/06 17:15,0.1
03/28/06 17:20,0.1
03/28/06 17:25,0.1
03/28/06 17:30,0.0
03/28/06 17:35,0.0
03/28/06 17:40,0.0
03/28/06 17:45,0.0
03/28/06 17:50,0.0
03/28/06 17:55,0.0
03/28/06 18:00,0.0
03/28/06 18:05,0.0
03/28/06 18:10,0.0
03/28/06 18:15,0.0
03/28/06 18:20,0.0
03/28/06 18:25,0.0
03/28/06 18:30,0.0
03/28/06 18:35,0.0
03/28/06 18:40,0.0
03/28/06 18:45,0.0
03/28/06 18:50,0.0
03/28/06 18:55,0.0
03/28/06 19:00,0.0
03/28/06 19:05,0.0
03/28/06 19:10,0.0
03/28/06 19:15,0.0
03/28/06 19:20,0.0
03/28/06 19:25,0.0
03/28/06 19:30,0.0
03/28/06 19:35,0.0
03/28/06 19:40,0.0
03/28/06 19:45,0.0
03/28/06 19:50,0.0
03/28/06 19:55,0.0
03/28/06 20:00,0.0
03/28/06 20:05,0.0
03/28/06 20:10,0.0
03/28/06 20:15,0.0
03/28/06 20:20,0.0
03/28/06 20:25,0.0
03/28/06 20:30,0.0
03/28/06 20:35,0.0
03/28/06 20:40,0.0
03/28/06 20:45,0.0
03/28/06 20:50,0.0
03/28/06 20:55,0.0
03/28/06 21:00,0.0
03/28/06 21:05,0.0
03/28/06 21:10,0.0
03/28/06 21:15,0.0
03/28/06 21:20,0.0
03/28/06 21:25,0.0
03/28/06 21:30,0.0
03/28/06 21:35,0.0
03/28/06 21:40,0.0
03/28/06 21:45,0.0
03/28/06 21:50,0.0
03/28/06 21:55,0.0
03/28/06 22:00,0.0
03/28/06 22:05,0.0
03/28/06 22:10,0.0
03/28/06 22:15,0.0
03/28/06 22:20,0.0
03/28/06 22:25,0.0
03/28/06 22:30,0.0
03/28/06 22:35,0.0
03/28/06 22:40,0.0
03/28/06 22:45,0.0
03/28/06 22:50,0.0
03/28/06 22:55,0.0
03/28/06 23:00,0.0
03/28/06 23:05,0.0
03/28/06 23:10,0.0
03/28/06 23:15,0.0
03/28/06 23:20,0.0
03/28/06 23:25,0.0
03/28/06 23:30,0.0
03/28/06 23:35,0.0
03/28/06 23:40,0.0
03/28/06 23:45,0.0
03/28/06 23:50,0.0
03/28/06 23:55,0.0
03/29/06 00:00,0.0
03/29/06 00:05,0.0
03/29/06 00:10,0.0
03/29/06 00:15,0.0
03/29/06 00:20,0.0
03/29/06 00:25,0.0
03/29/06 00:30,0.0
03/29/06 00:35,0.0
03/29/06 00:40,0.0
03/29/06 00:45,0.0
03/29/06 00:50,0.0
03/29/06 00:55,0.0
03/29/06 01:00,0.0
03/29/06 01:05,0.0
03/29/06 01:10,0.0
03/29/06 01:15,0.0
03/29/06 01:20,0.0
03/29/06 01:25,0.0
03/29/06 01:30,0.0
03/29/06 01:35,0.0
03/29/06 01:40,0.0
03/29/06 01:45,0.0
03/29/06 01:50,0.0
03/29/06 01:55,0.0
03/29/06 02:00,0.0
03/29/06 02:05,0.0
03/29/06 02:10,0.0
03/29/06 02:15,0.0
03/29/06 02:20,0.0
03/29/06 02:25,0.0
03/29/06 02:30,0.0
03/29/06 02:35,0.0
03/29/06 02:40,0.0
03/29/06 02:45,0.0
03/29/06 02:50,0.0
03/29/06 02:55,0.0
03/29/06 03:00,0.0
03/29/06 03:05,0.0
03/29/06 03:10,0.0
03/29/06 03:15,0.0
03/29/06 03:20,0.0
03/29/06 03:25,0.0
03/29/06 03:30,0.0
03/29/06 03:35,0.0
03/29/06 03:40,0.0
03/29/06 03:45,0.0
03/29/06 03:50,0.0
03/29/06 03:55,0.0
03/29/06 04:00,0.0
03/29/06 04:05,0.0
03/29/06 04:10,0.0
03/29/06 04:15,0.0
03/29/06 04:20,0.0
03/29/06 04:25,0.0
03/29/06 04:30,0.0
03/29/06 04:35,0.0
03/29/06 04:40,0.0
03/29/06 04:45,0.0
03/29/06 04:50,0.0
03/29/06 04:55,0.0
03/29/06 05:00,0.0
03/29/06 05:05,0.0
03/29/06 05:10,0.0
03/29/06 05:15,0.0
03/29/06 05:20,0.0
03/29/06 05:25,0.0
03/29/06 05:30,0.0
03/29/06 05:35,0.0
03/29/06 05:40,0.0
03/29/06 05:45,0.0
03/29/06 05:50,0.0
03/29/06 05:55,0.0
03/29/06 06:00,0.0
03/29/06 06:05,0.0
03/29/06 06:10,0.0
03/29/06 06:15,0.0
03/29/06 06:20,0.0
03/29/06 06:25,0.1
03/29/06 06:30,0.1
03/29/06 06:35,0.2
03/29/06 06:40,0.3
03/29/06 06:45,0.7
03/29/06 06:50,1.1
03/29/06 06:55,2.5
03/29/06 07:00,3.7
03/29/06 07:05,4.2
03/29/06 07:10,4.5
03/29/06 07:15,4.4
03/29/06 07:20,4.4
03/29/06 07:25,4.3
03/29/06 07:30,4.2
03/29/06 07:35,4.1
03/29/06 07:40,4.1
03/29/06 07:45,4.5
03/29/06 07:50,4.8
03/29/06 07:55,5.0
03/29/06 08:00,5.1
03/29/06 08:05,5.0
03/29/06 08:10,5.2
03/29/06 08:15,5.2
03/29/06 08:20,4.9
03/29/06 08:25,4.7
03/29/06 08:30,4.5
03/29/06 08:35,4.4
03/29/06 08:40,4.4
03/29/06 08:45,4.2
03/29/06 08:50,4.1
03/29/06 08:55,4.0
03/29/06 09:00,3.8
03/29/06 09:05,4.0
03/29/06 09:10,4.6
03/29/06 09:15,5.6
03/29/06 09:20,7.1
03/29/06 09:25,7.5
03/29/06 09:30,6.9
03/29/06 09:35,6.8
03/29/06 09:40,7.3
03/29/06 09:45,8.3
03/29/06 09:50,8.4
03/29/06 09:55,9.7
03/29/06 10:00,10.6
03/29/06 10:05,11.1
03/29/06 10:10,11.0
03/29/06 10:15,10.5
03/29/06 10:20,10.6
03/29/06 10:25,11.2
03/29/06 10:30,10.7
03/29/06 10:35,13.0
03/29/06 10:40,15.5
03/29/06 10:45,15.2
03/29/06 10:50,13.5
03/29/06 10:55,14.2
03/29/06 11:00,14.6
03/29/06 11:05,15.0
03/29/06 11:10,15.3
03/29/06 11:15,17.4
03/29/06 11:20,19.2
03/29/06 11:25,20.5
03/29/06 11:30,21.1
03/29/06 11:35,21.5
03/29/06 11:40,21.4
03/29/06 11:45,20.8
03/29/06 11:50,19.9
03/29/06 11:55,18.9
03/29/06 12:00,18.2
03/29/06 12:05,17.8
03/29/06 12:10,17.6
03/29/06 12:15,17.8
03/29/06 12:20,17.9
03/29/06 12:25,17.5
03/29/06 12:30,17.8
03/29/06 12:35,17.7
03/29/06 12:40,17.1
03/29/06 12:45,16.6
03/29/06 12:50,16.4
03/29/06 12:55,16.3
03/29/06 13:00,16.8
03/29/06 13:05,17.6
03/29/06 13:10,18.3
03/29/06 13:15,18.8
03/29/06 13:20,19.8
03/29/06 13:25,20.8
03/29/06 13:30,21.3
03/29/06 13:35,21.4
03/29/06 13:40,21.5
03/29/06 13:45,21.4
03/29/06 13:50,21.5
03/29/06 13:55,21.8
03/29/06 14:00,19.7
03/29/06 14:05,19.0
03/29/06 14:10,17.6
03/29/06 14:15,18.7
03/29/06 14:20,18.9
03/29/06 14:25,19.3
03/29/06 14:30,19.7
03/29/06 14:35,19.6
03/29/06 14:40,17.0
03/29/06 14:45,13.7
03/29/06 14:50,13.0
03/29/06 14:55,13.9
03/29/06 15:00,12.5
03/29/06 15:05,12.2
03/29/06 15:10,13.7
03/29/06 15:15,13.8
03/29/06 15:20,12.1
03/29/06 15:25,10.3
03/29/06 15:30,9.3
03/29/06 15:35,8.9
03/29/06 15:40,9.3
03/29/06 15:45,9.5
03/29/06 15:50,9.4
03/29/06 15:55,8.7
03/29/06 16:00,7.8
03/29/06 16:05,6.6
03/29/06 16:10,5.5
03/29/06 16:15,5.1
03/29/06 16:20,5.5
03/29/06 16:25,5.0
03/29/06 16:30,4.8
03/29/06 16:35,4.5
03/29/06 16:40,4.3
03/29/06 16:45,4.2
03/29/06 16:50,3.6
03/29/06 16:55,1.5
03/29/06 17:00,0.7
03/29/06 17:05,0.5
03/29/06 17:10,0.6
03/29/06 17:15,0.4
03/29/06 17:20,0.1
03/29/06 17:25,0.1
03/29/06 17:30,0.1
03/29/06 17:35,0.1
03/29/06 17:40,0.0
03/29/06 17:45,0.0
03/29/06 17:50,0.0
03/29/06 17:55,0.0
03/29/06 18:00,0.0
03/29/06 18:05,0.0
03/29/06 18:10,0.0
03/29/06 18:15,0.0
03/29/06 18:20,0.0
03/29/06 18:25,0.0
03/29/06 18:30,0.0
03/29/06 18:35,0.0
03/29/06 18:40,0.0
03/29/06 18:45,0.0
03/29/06 18:50,0.0
03/29/06 18:55,0.0
03/29/06 19:00,0.0
03/29/06 19:05,0.0
03/29/06 19:10,0.0
03/29/06 19:15,0.0
03/29/06 19:20,0.0
03/29/06 19:25,0.0
03/29/06 19:30,0.0
03/29/06 19:35,0.0
03/29/06 19:40,0.0
03/29/06 19:45,0.0
03/29/06 19:50,0.0
03/29/06 19:55,0.0
03/29/06 20:00,0.0
03/29/06 20:05,0.0
03/29/06 20:10,0.0
03/29/06 20:15,0.0
03/29/06 20:20,0.0
03/29/06 20:25,0.0
03/29/06 20:30,0.0
03/29/06 20:35,0.0
03/29/06 20:40,0.0
03/29/06 20:45,0.0
03/29/06 20:50,0.0
03/29/06 20:55,0.0
03/29/06 21:00,0.0
03/29/06 21:05,0.0
03/29/06 21:10,0.0
03/29/06 21:15,0.0
03/29/06 21:20,0.0
03/29/06 21:25,0.0
03/29/06 21:30,0.0
03/29/06 21:35,0.0
03/29/06 21:40,0.0
03/29/06 21:45,0.0
03/29/06 21:50,0.0
03/29/06 21:55,0.0
03/29/06 22:00,0.0
03/29/06 22:05,0.0
03/29/06 22:10,0.0
03/29/06 22:15,0.0
03/29/06 22:20,0.0
03/29/06 22:25,0.0
03/29/06 22:30,0.0
03/29/06 22:35,0.0
03/29/06 22:40,0.0
03/29/06 22:45,0.0
03/29/06 22:50,0.0
03/29/06 22:55,0.0
03/29/06 23:00,0.0
03/29/06 23:05,0.0
03/29/06 23:10,0.0
03/29/06 23:15,0.0
03/29/06 23:20,0.0
03/29/06 23:25,0.0
03/29/06 23:30,0.0
03/29/06 23:35,0.0
03/29/06 23:40,0.0
03/29/06 23:45,0.0
03/29/06 23:50,0.0
03/29/06 23:55,0.0
03/30/06 00:00,0.0
03/30/06 00:05,0.0
03/30/06 00:10,0.0
03/30/06 00:15,0.0
03/30/06 00:20,0.0
03/30/06 00:25,0.0
03/30/06 00:30,0.0
03/30/06 00:35,0.0
03/30/06 00:40,0.0
03/30/06 00:45,0.0
03/30/06 00:50,0.0
03/30/06 00:55,0.0
03/30/06 01:00,0.0
03/30/06 01:05,0.0
03/30/06 01:10,0.0
03/30/06 01:15,0.0
03/30/06 01:20,0.0
03/30/06 01:25,0.0
03/30/06 01:30,0.0
03/30/06 01:35,0.0
03/30/06 01:40,0.0
03/30/06 01:45,0.0
03/30/06 01:50,0.0
03/30/06 01:55,0.0
03/30/06 02:00,0.0
03/30/06 02:05,0.0
03/30/06 02:10,0.0
03/30/06 02:15,0.0
03/30/06 02:20,0.0
03/30/06 02:25,0.0
03/30/06 02:30,0.0
03/30/06 02:35,0.0
03/30/06 02:40,0.0
03/30/06 02:45,0.0
03/30/06 02:50,0.0
03/30/06 02:55,0.0
03/30/06 03:00,0.0
03/30/06 03:05,0.0
03/30/06 03:10,0.0
03/30/06 03:15,0.0
03/30/06 03:20,0.0
03/30/06 03:25,0.0
03/30/06 03:30,0.0
03/30/06 03:35,0.0
03/30/06 03:40,0.0
03/30/06 03:45,0.0
03/30/06 03:50,0.0
03/30/06 03:55,0.0
03/30/06 04:00,0.0
03/30/06 04:05,0.0
03/30/06 04:10,0.0
03/30/06 04:15,0.0
03/30/06 04:20,0.0
03/30/06 04:25,0.0
03/30/06 04:30,0.0
03/30/06 04:35,0.0
03/30/06 04:40,0.0
03/30/06 04:45,0.0
03/30/06 04:50,0.0
03/30/06 04:55,0.0
03/30/06 05:00,0.0
03/30/06 05:05,0.0
03/30/06 05:10,0.0
03/30/06 05:15,0.0
03/30/06 05:20,0.0
03/30/06 05:25,0.0
03/30/06 05:30,0.0
03/30/06 05:35,0.0
03/30/06 05:40,0.0
03/30/06 05:45,0.0
03/30/06 05:50,0.0
03/30/06 05:55,0.0
03/30/06 06:00,0.0
03/30/06 06:05,0.0
03/30/06 06:10,0.0
03/30/06 06:15,0.0
03/30/06 06:20,0.0
03/30/06 06:25,0.1
03/30/06 06:30,0.3
03/30/06 06:35,0.6
03/30/06 06:40,1.1
03/30/06 06:45,1.7
03/30/06 06:50,2.4
03/30/06 06:55,3.4
03/30/06 07:00,3.8
03/30/06 07:05,4.0
03/30/06 07:10,4.3
03/30/06 07:15,5.1
03/30/06 07:20,7.0
03/30/06 07:25,8.8
03/30/06 07:30,10.3
03/30/06 07:35,11.5
03/30/06 07:40,12.5
03/30/06 07:45,13.2
03/30/06 07:50,13.9
03/30/06 07:55,14.2
03/30/06 08:00,13.4
03/30/06 08:05,11.8
03/30/06 08:10,11.3
03/30/06 08:15,10.6
03/30/06 08:20,9.9
03/30/06 08:25,10.0
03/30/06 08:30,10.3
03/30/06 08:35,11.5
03/30/06 08:40,12.3
03/30/06 08:45,13.0
03/30/06 08:50,14.3
03/30/06 08:55,15.6
03/30/06 09:00,17.4
03/30/06 09:05,19.5
03/30/06 09:10,21.1
03/30/06 09:15,19.7
03/30/06 09:20,16.2
03/30/06 09:25,16.9
03/30/06 09:30,17.8
03/30/06 09:35,17.6
03/30/06 09:40,19.5
03/30/06 09:45,21.1
03/30/06 09:50,21.1
03/30/06 09:55,21.6
03/30/06 10:00,22.2
03/30/06 10:05,21.1
03/30/06 10:10,19.7
03/30/06 10:15,21.3
03/30/06 10:20,22.9
03/30/06 10:25,23.4
03/30/06 10:30,23.6
03/30/06 10:35,22.6
03/30/06 10:40,21.1
03/30/06 10:45,21.8
03/30/06 10:50,24.2
03/30/06 10:55,25.1
03/30/06 11:00,26.4
03/30/06 11:05,27.0
03/30/06 11:10,25.8
03/30/06 11:15,25.7
03/30/06 11:20,22.7
03/30/06 11:25,22.3
03/30/06 11:30,21.5
03/30/06 11:35,24.3
03/30/06 11:40,25.5
03/30/06 11:45,25.3
03/30/06 11:50,22.6
03/30/06 11:55,21.1
03/30/06 12:00,22.2
03/30/06 12:05,23.4
03/30/06 12:10,24.0
03/30/06 12:15,23.0
03/30/06 12:20,19.8
03/30/06 12:25,20.0
03/30/06 12:30,21.0
03/30/06 12:35,21.0
03/30/06 12:40,20.6
03/30/06 12:45,22.6
03/30/06 12:50,23.5
03/30/06 12:55,21.3
03/30/06 13:00,20.1
03/30/06 13:05,20.3
03/30/06 13:10,21.0
03/30/06 13:15,19.5
03/30/06 13:20,19.1
03/30/06 13:25,20.3
03/30/06 13:30,20.7
03/30/06 13:35,20.6
03/30/06 13:40,19.7
03/30/06 13:45,19.4
03/30/06 13:50,18.0
03/30/06 13:55,19.7
03/30/06 14:00,20.4
03/30/06 14:05,19.9
03/30/06 14:10,18.6
03/30/06 14:15,15.8
03/30/06 14:20,17.5
03/30/06 14:25,19.2
03/30/06 14:30,20.2
03/30/06 14:35,19.6
03/30/06 14:40,19.3
03/30/06 14:45,18.4
03/30/06 14:50,18.1
03/30/06 14:55,18.3
03/30/06 15:00,18.0
03/30/06 15:05,17.5
03/30/06 15:10,17.2
03/30/06 15:15,16.9
03/30/06 15:20,16.7
03/30/06 15:25,16.3
03/30/06 15:30,15.9
03/30/06 15:35,15.7
03/30/06 15:40,15.6
03/30/06 15:45,15.3
03/30/06 15:50,14.9
03/30/06 15:55,14.4
03/30/06 16:00,13.8
03/30/06 16:05,12.9
03/30/06 16:10,12.1
03/30/06 16:15,11.1
03/30/06 16:20,10.1
03/30/06 16:25,9.2
03/30/06 16:30,8.5
03/30/06 16:35,7.7
03/30/06 16:40,7.1
03/30/06 16:45,6.4
03/30/06 16:50,5.7
03/30/06 16:55,5.0
03/30/06 17:00,4.5
03/30/06 17:05,4.0
03/30/06 17:10,3.5
03/30/06 17:15,1.9
03/30/06 17:20,0.9
03/30/06 17:25,0.2
03/30/06 17:30,0.1
03/30/06 17:35,0.0
03/30/06 17:40,0.0
03/30/06 17:45,0.0
03/30/06 17:50,0.0
03/30/06 17:55,0.0
03/30/06 18:00,0.0
03/30/06 18:05,0.0
03/30/06 18:10,0.0
03/30/06 18:15,0.0
03/30/06 18:20,0.0
03/30/06 18:25,0.0
03/30/06 18:30,0.0
03/30/06 18:35,0.0
03/30/06 18:40,0.0
03/30/06 18:45,0.0
03/30/06 18:50,0.0
03/30/06 18:55,0.0
03/30/06 19:00,0.0
03/30/06 19:05,0.0
03/30/06 19:10,0.0
03/30/06 19:15,0.0
03/30/06 19:20,0.0
03/30/06 19:25,0.0
03/30/06 19:30,0.0
03/30/06 19:35,0.0
03/30/06 19:40,0.0
03/30/06 19:45,0.0
03/30/06 19:50,0.0
03/30/06 19:55,0.0
03/30/06 20:00,0.0
03/30/06 20:05,0.0
03/30/06 20:10,0.0
03/30/06 20:15,0.0
03/30/06 20:20,0.0
03/30/06 20:25,0.0
03/30/06 20:30,0.0
03/30/06 20:35,0.0
03/30/06 20:40,0.0
03/30/06 20:45,0.0
03/30/06 20:50,0.0
03/30/06 20:55,0.0
03/30/06 21:00,0.0
03/30/06 21:05,0.0
03/30/06 21:10,0.0
03/30/06 21:15,0.0
03/30/06 21:20,0.0
03/30/06 21:25,0.0
03/30/06 21:30,0.0
03/30/06 21:35,0.0
03/30/06 21:40,0.0
03/30/06 21:45,0.0
03/30/06 21:50,0.0
03/30/06 21:55,0.0
03/30/06 22:00,0.0
03/30/06 22:05,0.0
03/30/06 22:10,0.0
03/30/06 22:15,0.0
03/30/06 22:20,0.0
03/30/06 22:25,0.0
03/30/06 22:30,0.0
03/30/06 22:35,0.0
03/30/06 22:40,0.0
03/30/06 22:45,0.0
03/30/06 22:50,0.0
03/30/06 22:55,0.0
03/30/06 23:00,0.0
03/30/06 23:05,0.0
03/30/06 23:10,0.0
03/30/06 23:15,0.0
03/30/06 23:20,0.0
03/30/06 23:25,0.0
03/30/06 23:30,0.0
03/30/06 23:35,0.0
03/30/06 23:40,0.0
03/30/06 23:45,0.0
03/30/06 23:50,0.0
03/30/06 23:55,0.0
03/31/06 00:00,0.0
03/31/06 00:05,0.0
03/31/06 00:10,0.0
03/31/06 00:15,0.0
03/31/06 00:20,0.0
03/31/06 00:25,0.0
03/31/06 00:30,0.0
03/31/06 00:35,0.0
03/31/06 00:40,0.0
03/31/06 00:45,0.0
03/31/06 00:50,0.0
03/31/06 00:55,0.0
03/31/06 01:00,0.0
03/31/06 01:05,0.0
03/31/06 01:10,0.0
03/31/06 01:15,0.0
03/31/06 01:20,0.0
03/31/06 01:25,0.0
03/31/06 01:30,0.0
03/31/06 01:35,0.0
03/31/06 01:40,0.0
03/31/06 01:45,0.0
03/31/06 01:50,0.0
03/31/06 01:55,0.0
03/31/06 02:00,0.0
03/31/06 02:05,0.0
03/31/06 02:10,0.0
03/31/06 02:15,0.0
03/31/06 02:20,0.0
03/31/06 02:25,0.0
03/31/06 02:30,0.0
03/31/06 02:35,0.0
03/31/06 02:40,0.0
03/31/06 02:45,0.0
03/31/06 02:50,0.0
03/31/06 02:55,0.0
03/31/06 03:00,0.0
03/31/06 03:05,0.0
03/31/06 03:10,0.0
03/31/06 03:15,0.0
03/31/06 03:20,0.0
03/31/06 03:25,0.0
03/31/06 03:30,0.0
03/31/06 03:35,0.0
03/31/06 03:40,0.0
03/31/06 03:45,0.0
03/31/06 03:50,0.0
03/31/06 03:55,0.0
03/31/06 04:00,0.0
03/31/06 04:05,0.0
03/31/06 04:10,0.0
03/31/06 04:15,0.0
03/31/06 04:20,0.0
03/31/06 04:25,0.0
03/31/06 04:30,0.0
03/31/06 04:35,0.0
03/31/06 04:40,0.0
03/31/06 04:45,0.0
03/31/06 04:50,0.0
03/31/06 04:55,0.0
03/31/06 05:00,0.0
03/31/06 05:05,0.0
03/31/06 05:10,0.0
03/31/06 05:15,0.0
03/31/06 05:20,0.0
03/31/06 05:25,0.0
03/31/06 05:30,0.0
03/31/06 05:35,0.0
03/31/06 05:40,0.0
03/31/06 05:45,0.0
03/31/06 05:50,0.0
03/31/06 05:55,0.0
03/31/06 06:00,0.0
03/31/06 06:05,0.0
03/31/06 06:10,0.0
03/31/06 06:15,0.0
03/31/06 06:20,0.1
03/31/06 06:25,0.1
03/31/06 06:30,0.3
03/31/06 06:35,0.7
03/31/06 06:40,1.5
03/31/06 06:45,2.8
03/31/06 06:50,3.8
03/31/06 06:55,4.3
03/31/06 07:00,4.8
03/31/06 07:05,5.3
03/31/06 07:10,5.9
03/31/06 07:15,6.1
03/31/06 07:20,6.3
03/31/06 07:25,6.3
03/31/06 07:30,6.3
03/31/06 07:35,6.5
03/31/06 07:40,7.5
03/31/06 07:45,7.5
03/31/06 07:50,7.8
03/31/06 07:55,7.8
03/31/06 08:00,7.3
03/31/06 08:05,8.3
03/31/06 08:10,9.5
03/31/06 08:15,10.3
03/31/06 08:20,11.8
03/31/06 08:25,13.6
03/31/06 08:30,14.1
03/31/06 08:35,14.2
03/31/06 08:40,14.4
03/31/06 08:45,15.7
03/31/06 08:50,18.1
03/31/06 08:55,18.3
03/31/06 09:00,16.6
03/31/06 09:05,16.2
03/31/06 09:10,15.6
03/31/06 09:15,14.4
03/31/06 09:20,13.3
03/31/06 09:25,12.1
03/31/06 09:30,10.5
03/31/06 09:35,9.3
03/31/06 09:40,8.7
03/31/06 09:45,9.0
03/31/06 09:50,9.3
03/31/06 09:55,8.6
03/31/06 10:00,8.2
03/31/06 10:05,8.9
03/31/06 10:10,9.5
03/31/06 10:15,12.2
03/31/06 10:20,16.0
03/31/06 10:25,16.6
03/31/06 10:30,16.2
03/31/06 10:35,17.3
03/31/06 10:40,18.9
03/31/06 10:45,21.1
03/31/06 10:50,23.4
03/31/06 10:55,25.1
03/31/06 11:00,26.5
03/31/06 11:05,26.0
03/31/06 11:10,25.8
03/31/06 11:15,24.1
03/31/06 11:20,23.4
03/31/06 11:25,23.9
03/31/06 11:30,24.5
03/31/06 11:35,24.1
03/31/06 11:40,22.0
03/31/06 11:45,22.7
03/31/06 11:50,23.8
03/31/06 11:55,24.5
03/31/06 12:00,25.2
03/31/06 12:05,22.4
03/31/06 12:10,22.9
03/31/06 12:15,22.8
03/31/06 12:20,23.2
03/31/06 12:25,23.2
03/31/06 12:30,22.6
03/31/06 12:35,21.6
03/31/06 12:40,15.9
03/31/06 12:45,17.4
03/31/06 12:50,20.4
03/31/06 12:55,22.3
03/31/06 13:00,23.9
03/31/06 13:05,24.0
03/31/06 13:10,23.7
03/31/06 13:15,23.0
03/31/06 13:20,23.7
03/31/06 13:25,24.0
03/31/06 13:30,23.9
03/31/06 13:35,22.0
03/31/06 13:40,19.0
03/31/06 13:45,20.4
03/31/06 13:50,21.0
03/31/06 13:55,19.9
03/31/06 14:00,20.8
03/31/06 14:05,22.7
03/31/06 14:10,23.2
03/31/06 14:15,21.4
03/31/06 14:20,20.8
03/31/06 14:25,20.6
03/31/06 14:30,20.0
03/31/06 14:35,19.9
03/31/06 14:40,20.0
03/31/06 14:45,19.2
03/31/06 14:50,18.0
03/31/06 14:55,16.7
03/31/06 15:00,13.4
03/31/06 15:05,11.4
03/31/06 15:10,11.1
03/31/06 15:15,12.8
03/31/06 15:20,14.5
03/31/06 15:25,15.0
03/31/06 15:30,15.0
03/31/06 15:35,14.8
03/31/06 15:40,13.7
03/31/06 15:45,12.5
03/31/06 15:50,12.5
03/31/06 15:55,12.3
03/31/06 16:00,11.8
03/31/06 16:05,11.1
03/31/06 16:10,10.0
03/31/06 16:15,9.3
03/31/06 16:20,8.7
03/31/06 16:25,8.2
03/31/06 16:30,7.7
03/31/06 16:35,7.2
03/31/06 16:40,6.7
03/31/06 16:45,6.1
03/31/06 16:50,5.5
03/31/06 16:55,4.9
03/31/06 17:00,4.4
03/31/06 17:05,4.0
03/31/06 17:10,3.5
03/31/06 17:15,2.1
03/31/06 17:20,0.9
03/31/06 17:25,0.5
03/31/06 17:30,0.2
03/31/06 17:35,0.1
03/31/06 17:40,0.0
03/31/06 17:45,0.0
03/31/06 17:50,0.0
03/31/06 17:55,0.0
03/31/06 18:00,0.0
03/31/06 18:05,0.0
03/31/06 18:10,0.0
03/31/06 18:15,0.0
03/31/06 18:20,0.0
03/31/06 18:25,0.0
03/31/06 18:30,0.0
03/31/06 18:35,0.0
03/31/06 18:40,0.0
03/31/06 18:45,0.0
03/31/06 18:50,0.0
03/31/06 18:55,0.0
03/31/06 19:00,0.0
03/31/06 19:05,0.0
03/31/06 19:10,0.0
03/31/06 19:15,0.0
03/31/06 19:20,0.0
03/31/06 19:25,0.0
03/31/06 19:30,0.0
03/31/06 19:35,0.0
03/31/06 19:40,0.0
03/31/06 19:45,0.0
03/31/06 19:50,0.0
03/31/06 19:55,0.0
03/31/06 20:00,0.0
03/31/06 20:05,0.0
03/31/06 20:10,0.0
03/31/06 20:15,0.0
03/31/06 20:20,0.0
03/31/06 20:25,0.0
03/31/06 20:30,0.0
03/31/06 20:35,0.0
03/31/06 20:40,0.0
03/31/06 20:45,0.0
03/31/06 20:50,0.0
03/31/06 20:55,0.0
03/31/06 21:00,0.0
03/31/06 21:05,0.0
03/31/06 21:10,0.0
03/31/06 21:15,0.0
03/31/06 21:20,0.0
03/31/06 21:25,0.0
03/31/06 21:30,0.0
03/31/06 21:35,0.0
03/31/06 21:40,0.0
03/31/06 21:45,0.0
03/31/06 21:50,0.0
03/31/06 21:55,0.0
03/31/06 22:00,0.0
03/31/06 22:05,0.0
03/31/06 22:10,0.0
03/31/06 22:15,0.0
03/31/06 22:20,0.0
03/31/06 22:25,0.0
03/31/06 22:30,0.0
03/31/06 22:35,0.0
03/31/06 22:40,0.0
03/31/06 22:45,0.0
03/31/06 22:50,0.0
03/31/06 22:55,0.0
03/31/06 23:00,0.0
03/31/06 23:05,0.0
03/31/06 23:10,0.0
03/31/06 23:15,0.0
03/31/06 23:20,0.0
03/31/06 23:25,0.0
03/31/06 23:30,0.0
03/31/06 23:35,0.0
03/31/06 23:40,0.0
03/31/06 23:45,0.0
03/31/06 23:50,0.0
03/31/06 23:55,0.0
04/01/06 00:00,0.0
04/01/06 00:05,0.0
04/01/06 00:10,0.0
04/01/06 00:15,0.0
04/01/06 00:20,0.0
04/01/06 00:25,0.0
04/01/06 00:30,0.0
04/01/06 00:35,0.0
04/01/06 00:40,0.0
04/01/06 00:45,0.0
04/01/06 00:50,0.0
04/01/06 00:55,0.0
04/01/06 01:00,0.0
04/01/06 01:05,0.0
04/01/06 01:10,0.0
04/01/06 01:15,0.0
04/01/06 01:20,0.0
04/01/06 01:25,0.0
04/01/06 01:30,0.0
04/01/06 01:35,0.0
04/01/06 01:40,0.0
04/01/06 01:45,0.0
04/01/06 01:50,0.0
04/01/06 01:55,0.0
04/01/06 02:00,0.0
04/01/06 02:05,0.0
04/01/06 02:10,0.0
04/01/06 02:15,0.0
04/01/06 02:20,0.0
04/01/06 02:25,0.0
04/01/06 02:30,0.0
04/01/06 02:35,0.0
04/01/06 02:40,0.0
04/01/06 02:45,0.0
04/01/06 02:50,0.0
04/01/06 02:55,0.0
04/01/06 03:00,0.0
04/01/06 03:05,0.0
04/01/06 03:10,0.0
04/01/06 03:15,0.0
04/01/06 03:20,0.0
04/01/06 03:25,0.0
04/01/06 03:30,0.0
04/01/06 03:35,0.0
04/01/06 03:40,0.0
04/01/06 03:45,0.0
04/01/06 03:50,0.0
04/01/06 03:55,0.0
04/01/06 04:00,0.0
04/01/06 04:05,0.0
04/01/06 04:10,0.0
04/01/06 04:15,0.0
04/01/06 04:20,0.0
04/01/06 04:25,0.0
04/01/06 04:30,0.0
04/01/06 04:35,0.0
04/01/06 04:40,0.0
04/01/06 04:45,0.0
04/01/06 04:50,0.0
04/01/06 04:55,0.0
04/01/06 05:00,0.0
04/01/06 05:05,0.0
04/01/06 05:10,0.0
04/01/06 05:15,0.0
04/01/06 05:20,0.0
04/01/06 05:25,0.0
04/01/06 05:30,0.0
04/01/06 05:35,0.0
04/01/06 05:40,0.0
04/01/06 05:45,0.0
04/01/06 05:50,0.0
04/01/06 05:55,0.0
04/01/06 06:00,0.0
04/01/06 06:05,0.0
04/01/06 06:10,0.0
04/01/06 06:15,0.0
04/01/06 06:20,0.1
04/01/06 06:25,0.1
04/01/06 06:30,0.3
04/01/06 06:35,0.7
04/01/06 06:40,1.2
04/01/06 06:45,1.9
04/01/06 06:50,2.7
04/01/06 06:55,3.4
04/01/06 07:00,3.7
04/01/06 07:05,3.9
04/01/06 07:10,4.1
04/01/06 07:15,4.6
04/01/06 07:20,5.1
04/01/06 07:25,5.6
04/01/06 07:30,6.0
04/01/06 07:35,6.2
04/01/06 07:40,6.4
04/01/06 07:45,6.6
04/01/06 07:50,6.6
04/01/06 07:55,6.5
04/01/06 08:00,6.5
04/01/06 08:05,6.4
04/01/06 08:10,6.2
04/01/06 08:15,5.9
04/01/06 08:20,5.7
04/01/06 08:25,5.7
04/01/06 08:30,5.8
04/01/06 08:35,6.0
04/01/06 08:40,6.2
04/01/06 08:45,6.5
04/01/06 08:50,6.7
04/01/06 08:55,7.2
04/01/06 09:00,7.5
04/01/06 09:05,7.8
04/01/06 09:10,8.3
04/01/06 09:15,9.0
04/01/06 09:20,9.7
04/01/06 09:25,10.7
04/01/06 09:30,11.3
04/01/06 09:35,11.6
04/01/06 09:40,11.4
04/01/06 09:45,11.5
04/01/06 09:50,12.0
04/01/06 09:55,12.6
04/01/06 10:00,13.0
04/01/06 10:05,13.5
04/01/06 10:10,13.8
04/01/06 10:15,14.9
04/01/06 10:20,17.6
04/01/06 10:25,20.0
04/01/06 10:30,20.8
04/01/06 10:35,20.8
04/01/06 10:40,22.2
04/01/06 10:45,23.3
04/01/06 10:50,23.4
04/01/06 10:55,23.9
04/01/06 11:00,24.2
04/01/06 11:05,24.7
04/01/06 11:10,24.9
04/01/06 11:15,25.1
04/01/06 11:20,25.7
04/01/06 11:25,26.6
04/01/06 11:30,26.8
04/01/06 11:35,26.6
04/01/06 11:40,26.4
04/01/06 11:45,26.4
04/01/06 11:50,26.2
04/01/06 11:55,26.2
04/01/06 12:00,26.0
04/01/06 12:05,25.5
04/01/06 12:10,25.0
04/01/06 12:15,25.3
04/01/06 12:20,26.2
04/01/06 12:25,26.8
04/01/06 12:30,27.1
04/01/06 12:35,26.8
04/01/06 12:40,26.0
04/01/06 12:45,25.4
04/01/06 12:50,24.7
04/01/06 12:55,23.9
04/01/06 13:00,23.0
04/01/06 13:05,21.8
04/01/06 13:10,20.4
04/01/06 13:15,19.1
04/01/06 13:20,17.7
04/01/06 13:25,16.5
04/01/06 13:30,15.3
04/01/06 13:35,14.2
04/01/06 13:40,13.0
04/01/06 13:45,11.6
04/01/06 13:50,10.3
04/01/06 13:55,8.8
04/01/06 14:00,7.4
04/01/06 14:05,6.2
04/01/06 14:10,5.2
04/01/06 14:15,5.8
04/01/06 14:20,11.4
04/01/06 14:25,15.1
04/01/06 14:30,17.1
04/01/06 14:35,18.7
04/01/06 14:40,19.7
04/01/06 14:45,18.1
04/01/06 14:50,13.9
04/01/06 14:55,11.3
04/01/06 15:00,10.8
04/01/06 15:05,12.5
04/01/06 15:10,13.8
04/01/06 15:15,11.5
04/01/06 15:20,9.3
04/01/06 15:25,8.0
04/01/06 15:30,7.3
04/01/06 15:35,7.0
04/01/06 15:40,6.9
04/01/06 15:45,7.1
04/01/06 15:50,7.3
04/01/06 15:55,7.4
04/01/06 16:00,7.5
04/01/06 16:05,7.5
04/01/06 16:10,7.5
04/01/06 16:15,7.5
04/01/06 16:20,7.4
04/01/06 16:25,7.0
04/01/06 16:30,6.6
04/01/06 16:35,6.1
04/01/06 16:40,5.6
04/01/06 16:45,4.9
04/01/06 16:50,4.3
04/01/06 16:55,3.8
04/01/06 17:00,2.6
04/01/06 17:05,2.4
04/01/06 17:10,1.9
04/01/06 17:15,1.1
04/01/06 17:20,0.7
04/01/06 17:25,0.3
04/01/06 17:30,0.1
04/01/06 17:35,0.0
04/01/06 17:40,0.0
04/01/06 17:45,0.0
04/01/06 17:50,0.0
04/01/06 17:55,0.0
04/01/06 18:00,0.0
04/01/06 18:05,0.0
04/01/06 18:10,0.0
04/01/06 18:15,0.0
04/01/06 18:20,0.0
04/01/06 18:25,0.0
04/01/06 18:30,0.0
04/01/06 18:35,0.0
04/01/06 18:40,0.0
04/01/06 18:45,0.0
04/01/06 18:50,0.0
04/01/06 18:55,0.0
04/01/06 19:00,0.0
04/01/06 19:05,0.0
04/01/06 19:10,0.0
04/01/06 19:15,0.0
04/01/06 19:20,0.0
04/01/06 19:25,0.0
04/01/06 19:30,0.0
04/01/06 19:35,0.0
04/01/06 19:40,0.0
04/01/06 19:45,0.0
04/01/06 19:50,0.0
04/01/06 19:55,0.0
04/01/06 20:00,0.0
04/01/06 20:05,0.0
04/01/06 20:10,0.0
04/01/06 20:15,0.0
04/01/06 20:20,0.0
04/01/06 20:25,0.0
04/01/06 20:30,0.0
04/01/06 20:35,0.0
04/01/06 20:40,0.0
04/01/06 20:45,0.0
04/01/06 20:50,0.0
04/01/06 20:55,0.0
04/01/06 21:00,0.0
04/01/06 21:05,0.0
04/01/06 21:10,0.0
04/01/06 21:15,0.0
04/01/06 21:20,0.0
04/01/06 21:25,0.0
04/01/06 21:30,0.0
04/01/06 21:35,0.0
04/01/06 21:40,0.0
04/01/06 21:45,0.0
04/01/06 21:50,0.0
04/01/06 21:55,0.0
04/01/06 22:00,0.0
04/01/06 22:05,0.0
04/01/06 22:10,0.0
04/01/06 22:15,0.0
04/01/06 22:20,0.0
04/01/06 22:25,0.0
04/01/06 22:30,0.0
04/01/06 22:35,0.0
04/01/06 22:40,0.0
04/01/06 22:45,0.0
04/01/06 22:50,0.0
04/01/06 22:55,0.0
04/01/06 23:00,0.0
04/01/06 23:05,0.0
04/01/06 23:10,0.0
04/01/06 23:15,0.0
04/01/06 23:20,0.0
04/01/06 23:25,0.0
04/01/06 23:30,0.0
04/01/06 23:35,0.0
04/01/06 23:40,0.0
04/01/06 23:45,0.0
04/01/06 23:50,0.0
04/01/06 23:55,0.0
04/02/06 00:00,0.0
04/02/06 00:05,0.0
04/02/06 00:10,0.0
04/02/06 00:15,0.0
04/02/06 00:20,0.0
04/02/06 00:25,0.0
04/02/06 00:30,0.0
04/02/06 00:35,0.0
04/02/06 00:40,0.0
04/02/06 00:45,0.0
04/02/06 00:50,0.0
04/02/06 00:55,0.0
04/02/06 01:00,0.0
04/02/06 01:05,0.0
04/02/06 01:10,0.0
04/02/06 01:15,0.0
04/02/06 01:20,0.0
04/02/06 01:25,0.0
04/02/06 01:30,0.0
04/02/06 01:35,0.0
04/02/06 01:40,0.0
04/02/06 01:45,0.0
04/02/06 01:50,0.0
04/02/06 01:55,0.0
04/02/06 02:00,0.0
04/02/06 02:05,0.0
04/02/06 02:10,0.0
04/02/06 02:15,0.0
04/02/06 02:20,0.0
04/02/06 02:25,0.0
04/02/06 02:30,0.0
04/02/06 02:35,0.0
04/02/06 02:40,0.0
04/02/06 02:45,0.0
04/02/06 02:50,0.0
04/02/06 02:55,0.0
04/02/06 03:00,0.0
04/02/06 03:05,0.0
04/02/06 03:10,0.0
04/02/06 03:15,0.0
04/02/06 03:20,0.0
04/02/06 03:25,0.0
04/02/06 03:30,0.0
04/02/06 03:35,0.0
04/02/06 03:40,0.0
04/02/06 03:45,0.0
04/02/06 03:50,0.0
04/02/06 03:55,0.0
04/02/06 04:00,0.0
04/02/06 04:05,0.0
04/02/06 04:10,0.0
04/02/06 04:15,0.0
04/02/06 04:20,0.0
04/02/06 04:25,0.0
04/02/06 04:30,0.0
04/02/06 04:35,0.0
04/02/06 04:40,0.0
04/02/06 04:45,0.0
04/02/06 04:50,0.0
04/02/06 04:55,0.0
04/02/06 05:00,0.0
04/02/06 05:05,0.0
04/02/06 05:10,0.0
04/02/06 05:15,0.0
04/02/06 05:20,0.0
04/02/06 05:25,0.0
04/02/06 05:30,0.0
04/02/06 05:35,0.0
04/02/06 05:40,0.0
04/02/06 05:45,0.0
04/02/06 05:50,0.0
04/02/06 05:55,0.0
04/02/06 06:00,0.0
04/02/06 06:05,0.0
04/02/06 06:10,0.0
04/02/06 06:15,0.1
04/02/06 06:20,0.2
04/02/06 06:25,0.4
04/02/06 06:30,1.0
04/02/06 06:35,1.9
04/02/06 06:40,3.3
04/02/06 06:45,3.9
04/02/06 06:50,4.4
04/02/06 06:55,5.0
04/02/06 07:00,5.5
04/02/06 07:05,6.1
04/02/06 07:10,6.7
04/02/06 07:15,7.2
04/02/06 07:20,7.3
04/02/06 07:25,7.0
04/02/06 07:30,7.5
04/02/06 07:35,8.1
04/02/06 07:40,8.3
04/02/06 07:45,9.2
04/02/06 07:50,9.2
04/02/06 07:55,9.0
04/02/06 08:00,9.3
04/02/06 08:05,10.3
04/02/06 08:10,10.6
04/02/06 08:15,11.8
04/02/06 08:20,12.5
04/02/06 08:25,13.2
04/02/06 08:30,13.4
04/02/06 08:35,12.1
04/02/06 08:40,11.1
04/02/06 08:45,10.2
04/02/06 08:50,10.0
04/02/06 08:55,11.6
04/02/06 09:00,11.2
04/02/06 09:05,11.1
04/02/06 09:10,10.6
04/02/06 09:15,12.5
04/02/06 09:20,15.9
04/02/06 09:25,19.4
04/02/06 09:30,20.3
04/02/06 09:35,19.5
04/02/06 09:40,16.2
04/02/06 09:45,13.2
04/02/06 09:50,12.4
04/02/06 09:55,12.6
04/02/06 10:00,9.2
04/02/06 10:05,7.7
04/02/06 10:10,10.6
04/02/06 10:15,14.2
04/02/06 10:20,16.2
04/02/06 10:25,17.7
04/02/06 10:30,18.9
04/02/06 10:35,19.7
04/02/06 10:40,19.8
04/02/06 10:45,20.8
04/02/06 10:50,22.6
04/02/06 10:55,25.6
04/02/06 11:00,27.5
04/02/06 11:05,27.9
04/02/06 11:10,27.7
04/02/06 11:15,27.3
04/02/06 11:20,27.0
04/02/06 11:25,26.9
04/02/06 11:30,27.1
04/02/06 11:35,27.2
04/02/06 11:40,26.8
04/02/06 11:45,26.8
04/02/06 11:50,27.0
04/02/06 11:55,26.9
04/02/06 12:00,26.7
04/02/06 12:05,25.2
04/02/06 12:10,24.0
04/02/06 12:15,24.8
04/02/06 12:20,22.7
04/02/06 12:25,22.9
04/02/06 12:30,23.5
04/02/06 12:35,22.9
04/02/06 12:40,21.3
04/02/06 12:45,22.5
04/02/06 12:50,24.3
04/02/06 12:55,25.3
04/02/06 13:00,25.5
04/02/06 13:05,23.8
04/02/06 13:10,23.9
04/02/06 13:15,24.7
04/02/06 13:20,25.2
04/02/06 13:25,25.3
04/02/06 13:30,25.1
04/02/06 13:35,25.1
04/02/06 13:40,25.4
04/02/06 13:45,25.5
04/02/06 13:50,25.3
04/02/06 13:55,25.1
04/02/06 14:00,24.9
04/02/06 14:05,24.2
04/02/06 14:10,23.7
04/02/06 14:15,23.1
04/02/06 14:20,22.6
04/02/06 14:25,22.4
04/02/06 14:30,22.1
04/02/06 14:35,21.8
04/02/06 14:40,21.5
04/02/06 14:45,21.1
04/02/06 14:50,20.7
04/02/06 14:55,20.2
04/02/06 15:00,19.7
04/02/06 15:05,19.2
04/02/06 15:10,18.7
04/02/06 15:15,18.1
04/02/06 15:20,17.5
04/02/06 15:25,16.8
04/02/06 15:30,16.0
04/02/06 15:35,15.3
04/02/06 15:40,14.6
04/02/06 15:45,13.8
04/02/06 15:50,13.1
04/02/06 15:55,12.4
04/02/06 16:00,11.7
04/02/06 16:05,11.1
04/02/06 16:10,10.4
04/02/06 16:15,9.8
04/02/06 16:20,9.2
04/02/06 16:25,8.6
04/02/06 16:30,7.9
04/02/06 16:35,7.3
04/02/06 16:40,6.6
04/02/06 16:45,6.1
04/02/06 16:50,5.5
04/02/06 16:55,4.9
04/02/06 17:00,4.3
04/02/06 17:05,3.9
04/02/06 17:10,3.3
04/02/06 17:15,2.0
04/02/06 17:20,1.2
04/02/06 17:25,0.6
04/02/06 17:30,0.3
04/02/06 17:35,0.1
04/02/06 17:40,0.0
04/02/06 17:45,0.0
04/02/06 17:50,0.0
04/02/06 17:55,0.0
04/02/06 18:00,0.0
04/02/06 18:05,0.0
04/02/06 18:10,0.0
04/02/06 18:15,0.0
04/02/06 18:20,0.0
04/02/06 18:25,0.0
04/02/06 18:30,0.0
04/02/06 18:35,0.0
04/02/06 18:40,0.0
04/02/06 18:45,0.0
04/02/06 18:50,0.0
04/02/06 18:55,0.0
04/02/06 19:00,0.0
04/02/06 19:05,0.0
04/02/06 19:10,0.0
04/02/06 19:15,0.0
04/02/06 19:20,0.0
04/02/06 19:25,0.0
04/02/06 19:30,0.0
04/02/06 19:35,0.0
04/02/06 19:40,0.0
04/02/06 19:45,0.0
04/02/06 19:50,0.0
04/02/06 19:55,0.0
04/02/06 20:00,0.0
04/02/06 20:05,0.0
04/02/06 20:10,0.0
04/02/06 20:15,0.0
04/02/06 20:20,0.0
04/02/06 20:25,0.0
04/02/06 20:30,0.0
04/02/06 20:35,0.0
04/02/06 20:40,0.0
04/02/06 20:45,0.0
04/02/06 20:50,0.0
04/02/06 20:55,0.0
04/02/06 21:00,0.0
04/02/06 21:05,0.0
04/02/06 21:10,0.0
04/02/06 21:15,0.0
04/02/06 21:20,0.0
04/02/06 21:25,0.0
04/02/06 21:30,0.0
04/02/06 21:35,0.0
04/02/06 21:40,0.0
04/02/06 21:45,0.0
04/02/06 21:50,0.0
04/02/06 21:55,0.0
04/02/06 22:00,0.0
04/02/06 22:05,0.0
04/02/06 22:10,0.0
04/02/06 22:15,0.0
04/02/06 22:20,0.0
04/02/06 22:25,0.0
04/02/06 22:30,0.0
04/02/06 22:35,0.0
04/02/06 22:40,0.0
04/02/06 22:45,0.0
04/02/06 22:50,0.0
04/02/06 22:55,0.0
04/02/06 23:00,0.0
04/02/06 23:05,0.0
04/02/06 23:10,0.0
04/02/06 23:15,0.0
04/02/06 23:20,0.0
04/02/06 23:25,0.0
04/02/06 23:30,0.0
04/02/06 23:35,0.0
04/02/06 23:40,0.0
04/02/06 23:45,0.0
04/02/06 23:50,0.0
04/02/06 23:55,0.0
04/03/06 00:00,0.0
04/03/06 00:05,0.0
04/03/06 00:10,0.0
04/03/06 00:15,0.0
04/03/06 00:20,0.0
04/03/06 00:25,0.0
04/03/06 00:30,0.0
04/03/06 00:35,0.0
04/03/06 00:40,0.0
04/03/06 00:45,0.0
04/03/06 00:50,0.0
04/03/06 00:55,0.0
04/03/06 01:00,0.0
04/03/06 01:05,0.0
04/03/06 01:10,0.0
04/03/06 01:15,0.0
04/03/06 01:20,0.0
04/03/06 01:25,0.0
04/03/06 01:30,0.0
04/03/06 01:35,0.0
04/03/06 01:40,0.0
04/03/06 01:45,0.0
04/03/06 01:50,0.0
04/03/06 01:55,0.0
04/03/06 02:00,0.0
04/03/06 02:05,0.0
04/03/06 02:10,0.0
04/03/06 02:15,0.0
04/03/06 02:20,0.0
04/03/06 02:25,0.0
04/03/06 02:30,0.0
04/03/06 02:35,0.0
04/03/06 02:40,0.0
04/03/06 02:45,0.0
04/03/06 02:50,0.0
04/03/06 02:55,0.0
04/03/06 03:00,0.0
04/03/06 03:05,0.0
04/03/06 03:10,0.0
04/03/06 03:15,0.0
04/03/06 03:20,0.0
04/03/06 03:25,0.0
04/03/06 03:30,0.0
04/03/06 03:35,0.0
04/03/06 03:40,0.0
04/03/06 03:45,0.0
04/03/06 03:50,0.0
04/03/06 03:55,0.0
04/03/06 04:00,0.0
04/03/06 04:05,0.0
04/03/06 04:10,0.0
04/03/06 04:15,0.0
04/03/06 04:20,0.0
04/03/06 04:25,0.0
04/03/06 04:30,0.0
04/03/06 04:35,0.0
04/03/06 04:40,0.0
04/03/06 04:45,0.0
04/03/06 04:50,0.0
04/03/06 04:55,0.0
04/03/06 05:00,0.0
04/03/06 05:05,0.0
04/03/06 05:10,0.0
04/03/06 05:15,0.0
04/03/06 05:20,0.0
04/03/06 05:25,0.0
04/03/06 05:30,0.0
04/03/06 05:35,0.0
04/03/06 05:40,0.0
04/03/06 05:45,0.0
04/03/06 05:50,0.0
04/03/06 05:55,0.0
04/03/06 06:00,0.0
04/03/06 06:05,0.0
04/03/06 06:10,0.0
04/03/06 06:15,0.1
04/03/06 06:20,0.2
04/03/06 06:25,0.5
04/03/06 06:30,0.9
04/03/06 06:35,1.6
04/03/06 06:40,2.8
04/03/06 06:45,3.8
04/03/06 06:50,4.3
04/03/06 06:55,4.7
04/03/06 07:00,5.2
04/03/06 07:05,5.7
04/03/06 07:10,6.2
04/03/06 07:15,6.7
04/03/06 07:20,7.3
04/03/06 07:25,8.0
04/03/06 07:30,8.7
04/03/06 07:35,9.4
04/03/06 07:40,10.1
04/03/06 07:45,10.9
04/03/06 07:50,11.7
04/03/06 07:55,12.5
04/03/06 08:00,13.4
04/03/06 08:05,14.2
04/03/06 08:10,15.1
04/03/06 08:15,15.6
04/03/06 08:20,14.7
04/03/06 08:25,14.9
04/03/06 08:30,15.7
04/03/06 08:35,16.0
04/03/06 08:40,16.1
04/03/06 08:45,16.9
04/03/06 08:50,18.0
04/03/06 08:55,18.1
04/03/06 09:00,18.4
04/03/06 09:05,19.2
04/03/06 09:10,20.1
04/03/06 09:15,20.9
04/03/06 09:20,21.5
04/03/06 09:25,21.8
04/03/06 09:30,22.2
04/03/06 09:35,22.6
04/03/06 09:40,23.1
04/03/06 09:45,23.5
04/03/06 09:50,24.0
04/03/06 09:55,24.5
04/03/06 10:00,24.8
04/03/06 10:05,25.1
04/03/06 10:10,25.3
04/03/06 10:15,24.8
04/03/06 10:20,23.4
04/03/06 10:25,23.2
04/03/06 10:30,22.9
04/03/06 10:35,22.9
04/03/06 10:40,22.8
04/03/06 10:45,22.8
04/03/06 10:50,21.5
04/03/06 10:55,20.1
04/03/06 11:00,18.2
04/03/06 11:05,18.1
04/03/06 11:10,18.7
04/03/06 11:15,19.8
04/03/06 11:20,20.3
04/03/06 11:25,20.7
04/03/06 11:30,19.5
04/03/06 11:35,17.5
04/03/06 11:40,15.7
04/03/06 11:45,15.1
04/03/06 11:50,13.4
04/03/06 11:55,11.3
04/03/06 12:00,15.3
04/03/06 12:05,18.2
04/03/06 12:10,20.9
04/03/06 12:15,21.6
04/03/06 12:20,22.0
04/03/06 12:25,23.6
04/03/06 12:30,25.1
04/03/06 12:35,26.6
04/03/06 12:40,27.1
04/03/06 12:45,26.4
04/03/06 12:50,26.0
04/03/06 12:55,26.0
04/03/06 13:00,24.5
04/03/06 13:05,19.0
04/03/06 13:10,16.9
04/03/06 13:15,19.1
04/03/06 13:20,21.2
04/03/06 13:25,22.3
04/03/06 13:30,22.7
04/03/06 13:35,22.4
04/03/06 13:40,22.0
04/03/06 13:45,21.8
04/03/06 13:50,21.8
04/03/06 13:55,21.5
04/03/06 14:00,21.1
04/03/06 14:05,20.3
04/03/06 14:10,19.7
04/03/06 14:15,19.3
04/03/06 14:20,19.2
04/03/06 14:25,18.9
04/03/06 14:30,18.6
04/03/06 14:35,18.2
04/03/06 14:40,17.2
04/03/06 14:45,16.1
04/03/06 14:50,15.3
04/03/06 14:55,14.5
04/03/06 15:00,13.9
04/03/06 15:05,13.6
04/03/06 15:10,13.2
04/03/06 15:15,12.8
04/03/06 15:20,12.6
04/03/06 15:25,12.3
04/03/06 15:30,12.1
04/03/06 15:35,11.9
04/03/06 15:40,11.6
04/03/06 15:45,11.3
04/03/06 15:50,11.0
04/03/06 15:55,10.8
04/03/06 16:00,10.4
04/03/06 16:05,10.0
04/03/06 16:10,9.5
04/03/06 16:15,9.1
04/03/06 16:20,8.7
04/03/06 16:25,8.2
04/03/06 16:30,7.7
04/03/06 16:35,7.1
04/03/06 16:40,6.4
04/03/06 16:45,5.8
04/03/06 16:50,5.3
04/03/06 16:55,4.9
04/03/06 17:00,4.5
04/03/06 17:05,4.0
04/03/06 17:10,3.6
04/03/06 17:15,2.2
04/03/06 17:20,1.1
04/03/06 17:25,0.5
04/03/06 17:30,0.2
04/03/06 17:35,0.1
04/03/06 17:40,0.0
04/03/06 17:45,0.0
04/03/06 17:50,0.0
04/03/06 17:55,0.0
04/03/06 18:00,0.0
04/03/06 18:05,0.0
04/03/06 18:10,0.0
04/03/06 18:15,0.0
04/03/06 18:20,0.0
04/03/06 18:25,0.0
04/03/06 18:30,0.0
04/03/06 18:35,0.0
04/03/06 18:40,0.0
04/03/06 18:45,0.0
04/03/06 18:50,0.0
04/03/06 18:55,0.0
04/03/06 19:00,0.0
04/03/06 19:05,0.0
04/03/06 19:10,0.0
04/03/06 19:15,0.0
04/03/06 19:20,0.0
04/03/06 19:25,0.0
04/03/06 19:30,0.0
04/03/06 19:35,0.0
04/03/06 19:40,0.0
04/03/06 19:45,0.0
04/03/06 19:50,0.0
04/03/06 19:55,0.0
04/03/06 20:00,0.0
04/03/06 20:05,0.0
04/03/06 20:10,0.0
04/03/06 20:15,0.0
04/03/06 20:20,0.0
04/03/06 20:25,0.0
04/03/06 20:30,0.0
04/03/06 20:35,0.0
04/03/06 20:40,0.0
04/03/06 20:45,0.0
04/03/06 20:50,0.0
04/03/06 20:55,0.0
04/03/06 21:00,0.0
04/03/06 21:05,0.0
04/03/06 21:10,0.0
04/03/06 21:15,0.0
04/03/06 21:20,0.0
04/03/06 21:25,0.0
04/03/06 21:30,0.0
04/03/06 21:35,0.0
04/03/06 21:40,0.0
04/03/06 21:45,0.0
04/03/06 21:50,0.0
04/03/06 21:55,0.0
04/03/06 22:00,0.0
04/03/06 22:05,0.0
04/03/06 22:10,0.0
04/03/06 22:15,0.0
04/03/06 22:20,0.0
04/03/06 22:25,0.0
04/03/06 22:30,0.0
04/03/06 22:35,0.0
04/03/06 22:40,0.0
04/03/06 22:45,0.0
04/03/06 22:50,0.0
04/03/06 22:55,0.0
04/03/06 23:00,0.0
04/03/06 23:05,0.0
04/03/06 23:10,0.0
04/03/06 23:15,0.0
04/03/06 23:20,0.0
04/03/06 23:25,0.0
04/03/06 23:30,0.0
04/03/06 23:35,0.0
04/03/06 23:40,0.0
04/03/06 23:45,0.0
04/03/06 23:50,0.0
04/03/06 23:55,0.0
04/04/06 00:00,0.0
04/04/06 00:05,0.0
04/04/06 00:10,0.0
04/04/06 00:15,0.0
04/04/06 00:20,0.0
04/04/06 00:25,0.0
04/04/06 00:30,0.0
04/04/06 00:35,0.0
04/04/06 00:40,0.0
04/04/06 00:45,0.0
04/04/06 00:50,0.0
04/04/06 00:55,0.0
04/04/06 01:00,0.0
04/04/06 01:05,0.0
04/04/06 01:10,0.0
04/04/06 01:15,0.0
04/04/06 01:20,0.0
04/04/06 01:25,0.0
04/04/06 01:30,0.0
04/04/06 01:35,0.0
04/04/06 01:40,0.0
04/04/06 01:45,0.0
04/04/06 01:50,0.0
04/04/06 01:55,0.0
04/04/06 02:00,0.0
04/04/06 02:05,0.0
04/04/06 02:10,0.0
04/04/06 02:15,0.0
04/04/06 02:20,0.0
04/04/06 02:25,0.0
04/04/06 02:30,0.0
04/04/06 02:35,0.0
04/04/06 02:40,0.0
04/04/06 02:45,0.0
04/04/06 02:50,0.0
04/04/06 02:55,0.0
04/04/06 03:00,0.0
04/04/06 03:05,0.0
04/04/06 03:10,0.0
04/04/06 03:15,0.0
04/04/06 03:20,0.0
04/04/06 03:25,0.0
04/04/06 03:30,0.0
04/04/06 03:35,0.0
04/04/06 03:40,0.0
04/04/06 03:45,0.0
04/04/06 03:50,0.0
04/04/06 03:55,0.0
04/04/06 04:00,0.0
04/04/06 04:05,0.0
04/04/06 04:10,0.0
04/04/06 04:15,0.0
04/04/06 04:20,0.0
04/04/06 04:25,0.0
04/04/06 04:30,0.0
04/04/06 04:35,0.0
04/04/06 04:40,0.0
04/04/06 04:45,0.0
04/04/06 04:50,0.0
04/04/06 04:55,0.0
04/04/06 05:00,0.0
04/04/06 05:05,0.0
04/04/06 05:10,0.0
04/04/06 05:15,0.0
04/04/06 05:20,0.0
04/04/06 05:25,0.0
04/04/06 05:30,0.0
04/04/06 05:35,0.0
04/04/06 05:40,0.0
04/04/06 05:45,0.0
04/04/06 05:50,0.0
04/04/06 05:55,0.0
04/04/06 06:00,0.0
04/04/06 06:05,0.0
04/04/06 06:10,0.1
04/04/06 06:15,0.2
04/04/06 06:20,0.4
04/04/06 06:25,0.7
04/04/06 06:30,1.1
04/04/06 06:35,1.9
04/04/06 06:40,3.4
04/04/06 06:45,4.1
04/04/06 06:50,4.8
04/04/06 06:55,5.4
04/04/06 07:00,6.0
04/04/06 07:05,6.5
04/04/06 07:10,6.9
04/04/06 07:15,7.5
04/04/06 07:20,8.2
04/04/06 07:25,9.0
04/04/06 07:30,9.8
04/04/06 07:35,10.7
04/04/06 07:40,11.6
04/04/06 07:45,12.4
04/04/06 07:50,13.2
04/04/06 07:55,14.0
04/04/06 08:00,14.8
04/04/06 08:05,15.7
04/04/06 08:10,16.6
04/04/06 08:15,17.3
04/04/06 08:20,17.4
04/04/06 08:25,17.6
04/04/06 08:30,17.9
04/04/06 08:35,18.4
04/04/06 08:40,18.7
04/04/06 08:45,19.1
04/04/06 08:50,19.5
04/04/06 08:55,19.9
04/04/06 09:00,20.3
04/04/06 09:05,20.8
04/04/06 09:10,21.4
04/04/06 09:15,22.2
04/04/06 09:20,22.9
04/04/06 09:25,23.6
04/04/06 09:30,24.0
04/04/06 09:35,24.5
04/04/06 09:40,24.8
04/04/06 09:45,25.2
04/04/06 09:50,25.5
04/04/06 09:55,25.8
04/04/06 10:00,26.0
04/04/06 10:05,26.1
04/04/06 10:10,26.1
04/04/06 10:15,26.4
04/04/06 10:20,26.8
04/04/06 10:25,27.2
04/04/06 10:30,27.5
04/04/06 10:35,27.7
04/04/06 10:40,27.8
04/04/06 10:45,27.9
04/04/06 10:50,28.0
04/04/06 10:55,28.2
04/04/06 11:00,28.4
04/04/06 11:05,28.4
04/04/06 11:10,28.4
04/04/06 11:15,28.4
04/04/06 11:20,28.3
04/04/06 11:25,28.3
04/04/06 11:30,28.4
04/04/06 11:35,28.7
04/04/06 11:40,28.9
04/04/06 11:45,29.1
04/04/06 11:50,29.2
04/04/06 11:55,29.2
04/04/06 12:00,29.3
04/04/06 12:05,29.3
04/04/06 12:10,29.3
04/04/06 12:15,29.1
04/04/06 12:20,28.7
04/04/06 12:25,28.5
04/04/06 12:30,28.3
04/04/06 12:35,28.1
04/04/06 12:40,27.8
04/04/06 12:45,27.6
04/04/06 12:50,27.4
04/04/06 12:55,27.3
04/04/06 13:00,27.3
04/04/06 13:05,27.2
04/04/06 13:10,27.3
04/04/06 13:15,27.1
04/04/06 13:20,26.7
04/04/06 13:25,26.4
04/04/06 13:30,26.2
04/04/06 13:35,26.0
04/04/06 13:40,26.0
04/04/06 13:45,25.8
04/04/06 13:50,25.6
04/04/06 13:55,25.2
04/04/06 14:00,24.9
04/04/06 14:05,24.7
04/04/06 14:10,24.4
04/04/06 14:15,23.8
04/04/06 14:20,23.0
04/04/06 14:25,22.1
04/04/06 14:30,21.3
04/04/06 14:35,20.7
04/04/06 14:40,20.3
04/04/06 14:45,19.9
04/04/06 14:50,19.5
04/04/06 14:55,19.1
04/04/06 15:00,18.7
04/04/06 15:05,18.2
04/04/06 15:10,17.7
04/04/06 15:15,17.2
04/04/06 15:20,17.0
04/04/06 15:25,16.7
04/04/06 15:30,16.3
04/04/06 15:35,15.8
04/04/06 15:40,15.2
04/04/06 15:45,14.5
04/04/06 15:50,13.9
04/04/06 15:55,13.2
04/04/06 16:00,12.5
04/04/06 16:05,11.8
04/04/06 16:10,11.1
04/04/06 16:15,10.3
04/04/06 16:20,9.2
04/04/06 16:25,8.3
04/04/06 16:30,7.6
04/04/06 16:35,6.7
04/04/06 16:40,6.2
04/04/06 16:45,5.7
04/04/06 16:50,5.2
04/04/06 16:55,4.7
04/04/06 17:00,4.1
04/04/06 17:05,3.6
04/04/06 17:10,2.5
04/04/06 17:15,1.7
04/04/06 17:20,1.0
04/04/06 17:25,0.5
04/04/06 17:30,0.2
04/04/06 17:35,0.1
04/04/06 17:40,0.0
04/04/06 17:45,0.0
04/04/06 17:50,0.0
04/04/06 17:55,0.0
04/04/06 18:00,0.0
04/04/06 18:05,0.0
04/04/06 18:10,0.0
04/04/06 18:15,0.0
04/04/06 18:20,0.0
04/04/06 18:25,0.0
04/04/06 18:30,0.0
04/04/06 18:35,0.0
04/04/06 18:40,0.0
04/04/06 18:45,0.0
04/04/06 18:50,0.0
04/04/06 18:55,0.0
04/04/06 19:00,0.0
04/04/06 19:05,0.0
04/04/06 19:10,0.0
04/04/06 19:15,0.0
04/04/06 19:20,0.0
04/04/06 19:25,0.0
04/04/06 19:30,0.0
04/04/06 19:35,0.0
04/04/06 19:40,0.0
04/04/06 19:45,0.0
04/04/06 19:50,0.0
04/04/06 19:55,0.0
04/04/06 20:00,0.0
04/04/06 20:05,0.0
04/04/06 20:10,0.0
04/04/06 20:15,0.0
04/04/06 20:20,0.0
04/04/06 20:25,0.0
04/04/06 20:30,0.0
04/04/06 20:35,0.0
04/04/06 20:40,0.0
04/04/06 20:45,0.0
04/04/06 20:50,0.0
04/04/06 20:55,0.0
04/04/06 21:00,0.0
04/04/06 21:05,0.0
04/04/06 21:10,0.0
04/04/06 21:15,0.0
04/04/06 21:20,0.0
04/04/06 21:25,0.0
04/04/06 21:30,0.0
04/04/06 21:35,0.0
04/04/06 21:40,0.0
04/04/06 21:45,0.0
04/04/06 21:50,0.0
04/04/06 21:55,0.0
04/04/06 22:00,0.0
04/04/06 22:05,0.0
04/04/06 22:10,0.0
04/04/06 22:15,0.0
04/04/06 22:20,0.0
04/04/06 22:25,0.0
04/04/06 22:30,0.0
04/04/06 22:35,0.0
04/04/06 22:40,0.0
04/04/06 22:45,0.0
04/04/06 22:50,0.0
04/04/06 22:55,0.0
04/04/06 23:00,0.0
04/04/06 23:05,0.0
04/04/06 23:10,0.0
04/04/06 23:15,0.0
04/04/06 23:20,0.0
04/04/06 23:25,0.0
04/04/06 23:30,0.0
04/04/06 23:35,0.0
04/04/06 23:40,0.0
04/04/06 23:45,0.0
04/04/06 23:50,0.0
04/04/06 23:55,0.0
04/05/06 00:00,0.0
04/05/06 00:05,0.0
04/05/06 00:10,0.0
04/05/06 00:15,0.0
04/05/06 00:20,0.0
04/05/06 00:25,0.0
04/05/06 00:30,0.0
04/05/06 00:35,0.0
04/05/06 00:40,0.0
04/05/06 00:45,0.0
04/05/06 00:50,0.0
04/05/06 00:55,0.0
04/05/06 01:00,0.0
04/05/06 01:05,0.0
04/05/06 01:10,0.0
04/05/06 01:15,0.0
04/05/06 01:20,0.0
04/05/06 01:25,0.0
04/05/06 01:30,0.0
04/05/06 01:35,0.0
04/05/06 01:40,0.0
04/05/06 01:45,0.0
04/05/06 01:50,0.0
04/05/06 01:55,0.0
04/05/06 02:00,0.0
04/05/06 02:05,0.0
04/05/06 02:10,0.0
04/05/06 02:15,0.0
04/05/06 02:20,0.0
04/05/06 02:25,0.0
04/05/06 02:30,0.0
04/05/06 02:35,0.0
04/05/06 02:40,0.0
04/05/06 02:45,0.0
04/05/06 02:50,0.0
04/05/06 02:55,0.0
04/05/06 03:00,0.0
04/05/06 03:05,0.0
04/05/06 03:10,0.0
04/05/06 03:15,0.0
04/05/06 03:20,0.0
04/05/06 03:25,0.0
04/05/06 03:30,0.0
04/05/06 03:35,0.0
04/05/06 03:40,0.0
04/05/06 03:45,0.0
04/05/06 03:50,0.0
04/05/06 03:55,0.0
04/05/06 04:00,0.0
04/05/06 04:05,0.0
04/05/06 04:10,0.0
04/05/06 04:15,0.0
04/05/06 04:20,0.0
04/05/06 04:25,0.0
04/05/06 04:30,0.0
04/05/06 04:35,0.0
04/05/06 04:40,0.0
04/05/06 04:45,0.0
04/05/06 04:50,0.0
04/05/06 04:55,0.0
04/05/06 05:00,0.0
04/05/06 05:05,0.0
04/05/06 05:10,0.0
04/05/06 05:15,0.0
04/05/06 05:20,0.0
04/05/06 05:25,0.0
04/05/06 05:30,0.0
04/05/06 05:35,0.0
04/05/06 05:40,0.0
04/05/06 05:45,0.0
04/05/06 05:50,0.0
04/05/06 05:55,0.0
04/05/06 06:00,0.0
04/05/06 06:05,0.0
04/05/06 06:10,0.1
04/05/06 06:15,0.1
04/05/06 06:20,0.3
04/05/06 06:25,0.7
04/05/06 06:30,1.4
04/05/06 06:35,2.6
04/05/06 06:40,3.8
04/05/06 06:45,4.3
04/05/06 06:50,4.8
04/05/06 06:55,5.4
04/05/06 07:00,5.9
04/05/06 07:05,6.4
04/05/06 07:10,7.0
04/05/06 07:15,7.7
04/05/06 07:20,8.4
04/05/06 07:25,9.3
04/05/06 07:30,10.1
04/05/06 07:35,10.8
04/05/06 07:40,11.6
04/05/06 07:45,12.4
04/05/06 07:50,13.1
04/05/06 07:55,14.0
04/05/06 08:00,14.7
04/05/06 08:05,15.4
04/05/06 08:10,16.1
04/05/06 08:15,16.7
04/05/06 08:20,17.1
04/05/06 08:25,17.6
04/05/06 08:30,18.1
04/05/06 08:35,18.6
04/05/06 08:40,19.1
04/05/06 08:45,19.6
04/05/06 08:50,20.2
04/05/06 08:55,20.8
04/05/06 09:00,21.2
04/05/06 09:05,21.5
04/05/06 09:10,21.9
04/05/06 09:15,22.3
04/05/06 09:20,22.7
04/05/06 09:25,22.9
04/05/06 09:30,23.1
04/05/06 09:35,23.3
04/05/06 09:40,23.4
04/05/06 09:45,23.4
04/05/06 09:50,23.4
04/05/06 09:55,23.5
04/05/06 10:00,23.6
04/05/06 10:05,23.9
04/05/06 10:10,24.1
04/05/06 10:15,24.4
04/05/06 10:20,24.8
04/05/06 10:25,25.2
04/05/06 10:30,25.4
04/05/06 10:35,25.8
04/05/06 10:40,26.3
04/05/06 10:45,26.7
04/05/06 10:50,27.1
04/05/06 10:55,27.4
04/05/06 11:00,27.7
04/05/06 11:05,28.0
04/05/06 11:10,28.2
04/05/06 11:15,28.3
04/05/06 11:20,28.2
04/05/06 11:25,28.0
04/05/06 11:30,28.0
04/05/06 11:35,28.0
04/05/06 11:40,28.1
04/05/06 11:45,28.4
04/05/06 11:50,28.8
04/05/06 11:55,28.8
04/05/06 12:00,29.0
04/05/06 12:05,29.1
04/05/06 12:10,29.1
04/05/06 12:15,28.7
04/05/06 12:20,28.2
04/05/06 12:25,27.8
04/05/06 12:30,27.8
04/05/06 12:35,27.9
04/05/06 12:40,27.9
04/05/06 12:45,27.9
04/05/06 12:50,27.8
04/05/06 12:55,27.7
04/05/06 13:00,27.7
04/05/06 13:05,27.7
04/05/06 13:10,27.8
04/05/06 13:15,27.5
04/05/06 13:20,26.9
04/05/06 13:25,26.5
04/05/06 13:30,26.4
04/05/06 13:35,26.3
04/05/06 13:40,26.1
04/05/06 13:45,25.9
04/05/06 13:50,25.7
04/05/06 13:55,25.6
04/05/06 14:00,25.5
04/05/06 14:05,25.3
04/05/06 14:10,25.1
04/05/06 14:15,24.7
04/05/06 14:20,23.9
04/05/06 14:25,23.2
04/05/06 14:30,22.6
04/05/06 14:35,22.1
04/05/06 14:40,21.7
04/05/06 14:45,21.1
04/05/06 14:50,20.4
04/05/06 14:55,19.9
04/05/06 15:00,19.5
04/05/06 15:05,19.1
04/05/06 15:10,18.5
04/05/06 15:15,17.6
04/05/06 15:20,14.4
04/05/06 15:25,11.6
04/05/06 15:30,9.1
04/05/06 15:35,10.2
04/05/06 15:40,11.0
04/05/06 15:45,10.8
04/05/06 15:50,10.8
04/05/06 15:55,10.8
04/05/06 16:00,8.8
04/05/06 16:05,8.5
04/05/06 16:10,8.8
04/05/06 16:15,8.6
04/05/06 16:20,8.1
04/05/06 16:25,7.7
04/05/06 16:30,7.2
04/05/06 16:35,5.9
04/05/06 16:40,4.1
04/05/06 16:45,4.0
04/05/06 16:50,3.8
04/05/06 16:55,2.3
04/05/06 17:00,1.0
04/05/06 17:05,1.0
04/05/06 17:10,0.6
04/05/06 17:15,0.6
04/05/06 17:20,0.4
04/05/06 17:25,0.2
04/05/06 17:30,0.1
04/05/06 17:35,0.0
04/05/06 17:40,0.0
04/05/06 17:45,0.0
04/05/06 17:50,0.0
04/05/06 17:55,0.0
04/05/06 18:00,0.0
04/05/06 18:05,0.0
04/05/06 18:10,0.0
04/05/06 18:15,0.0
04/05/06 18:20,0.0
04/05/06 18:25,0.0
04/05/06 18:30,0.0
04/05/06 18:35,0.0
04/05/06 18:40,0.0
04/05/06 18:45,0.0
04/05/06 18:50,0.0
04/05/06 18:55,0.0
04/05/06 19:00,0.0
04/05/06 19:05,0.0
04/05/06 19:10,0.0
04/05/06 19:15,0.0
04/05/06 19:20,0.0
04/05/06 19:25,0.0
04/05/06 19:30,0.0
04/05/06 19:35,0.0
04/05/06 19:40,0.0
04/05/06 19:45,0.0
04/05/06 19:50,0.0
04/05/06 19:55,0.0
04/05/06 20:00,0.0
04/05/06 20:05,0.0
04/05/06 20:10,0.0
04/05/06 20:15,0.0
04/05/06 20:20,0.0
04/05/06 20:25,0.0
04/05/06 20:30,0.0
04/05/06 20:35,0.0
04/05/06 20:40,0.0
04/05/06 20:45,0.0
04/05/06 20:50,0.0
04/05/06 20:55,0.0
04/05/06 21:00,0.0
04/05/06 21:05,0.0
04/05/06 21:10,0.0
04/05/06 21:15,0.0
04/05/06 21:20,0.0
04/05/06 21:25,0.0
04/05/06 21:30,0.0
04/05/06 21:35,0.0
04/05/06 21:40,0.0
04/05/06 21:45,0.0
04/05/06 21:50,0.0
04/05/06 21:55,0.0
04/05/06 22:00,0.0
04/05/06 22:05,0.0
04/05/06 22:10,0.0
04/05/06 22:15,0.0
04/05/06 22:20,0.0
04/05/06 22:25,0.0
04/05/06 22:30,0.0
04/05/06 22:35,0.0
04/05/06 22:40,0.0
04/05/06 22:45,0.0
04/05/06 22:50,0.0
04/05/06 22:55,0.0
04/05/06 23:00,0.0
04/05/06 23:05,0.0
04/05/06 23:10,0.0
04/05/06 23:15,0.0
04/05/06 23:20,0.0
04/05/06 23:25,0.0
04/05/06 23:30,0.0
04/05/06 23:35,0.0
04/05/06 23:40,0.0
04/05/06 23:45,0.0
04/05/06 23:50,0.0
04/05/06 23:55,0.0
04/06/06 00:00,0.0
04/06/06 00:05,0.0
04/06/06 00:10,0.0
04/06/06 00:15,0.0
04/06/06 00:20,0.0
04/06/06 00:25,0.0
04/06/06 00:30,0.0
04/06/06 00:35,0.0
04/06/06 00:40,0.0
04/06/06 00:45,0.0
04/06/06 00:50,0.0
04/06/06 00:55,0.0
04/06/06 01:00,0.0
04/06/06 01:05,0.0
04/06/06 01:10,0.0
04/06/06 01:15,0.0
04/06/06 01:20,0.0
04/06/06 01:25,0.0
04/06/06 01:30,0.0
04/06/06 01:35,0.0
04/06/06 01:40,0.0
04/06/06 01:45,0.0
04/06/06 01:50,0.0
04/06/06 01:55,0.0
04/06/06 02:00,0.0
04/06/06 02:05,0.0
04/06/06 02:10,0.0
04/06/06 02:15,0.0
04/06/06 02:20,0.0
04/06/06 02:25,0.0
04/06/06 02:30,0.0
04/06/06 02:35,0.0
04/06/06 02:40,0.0
04/06/06 02:45,0.0
04/06/06 02:50,0.0
04/06/06 02:55,0.0
04/06/06 03:00,0.0
04/06/06 03:05,0.0
04/06/06 03:10,0.0
04/06/06 03:15,0.0
04/06/06 03:20,0.0
04/06/06 03:25,0.0
04/06/06 03:30,0.0
04/06/06 03:35,0.0
04/06/06 03:40,0.0
04/06/06 03:45,0.0
04/06/06 03:50,0.0
04/06/06 03:55,0.0
04/06/06 04:00,0.0
04/06/06 04:05,0.0
04/06/06 04:10,0.0
04/06/06 04:15,0.0
04/06/06 04:20,0.0
04/06/06 04:25,0.0
04/06/06 04:30,0.0
04/06/06 04:35,0.0
04/06/06 04:40,0.0
04/06/06 04:45,0.0
04/06/06 04:50,0.0
04/06/06 04:55,0.0
04/06/06 05:00,0.0
04/06/06 05:05,0.0
04/06/06 05:10,0.0
04/06/06 05:15,0.0
04/06/06 05:20,0.0
04/06/06 05:25,0.0
04/06/06 05:30,0.0
04/06/06 05:35,0.0
04/06/06 05:40,0.0
04/06/06 05:45,0.0
04/06/06 05:50,0.0
04/06/06 05:55,0.0
04/06/06 06:00,0.0
04/06/06 06:05,0.0
04/06/06 06:10,0.1
04/06/06 06:15,0.2
04/06/06 06:20,0.4
04/06/06 06:25,0.9
04/06/06 06:30,1.7
04/06/06 06:35,3.3
04/06/06 06:40,4.1
04/06/06 06:45,4.7
04/06/06 06:50,5.3
04/06/06 06:55,5.9
04/06/06 07:00,6.6
04/06/06 07:05,7.2
04/06/06 07:10,7.9
04/06/06 07:15,8.5
04/06/06 07:20,9.0
04/06/06 07:25,9.5
04/06/06 07:30,10.0
04/06/06 07:35,10.6
04/06/06 07:40,11.2
04/06/06 07:45,11.9
04/06/06 07:50,12.5
04/06/06 07:55,13.1
04/06/06 08:00,13.8
04/06/06 08:05,14.5
04/06/06 08:10,15.2
04/06/06 08:15,15.8
04/06/06 08:20,15.5
04/06/06 08:25,15.9
04/06/06 08:30,16.7
04/06/06 08:35,17.7
04/06/06 08:40,18.6
04/06/06 08:45,19.2
04/06/06 08:50,19.4
04/06/06 08:55,19.5
04/06/06 09:00,19.2
04/06/06 09:05,18.7
04/06/06 09:10,18.6
04/06/06 09:15,19.2
04/06/06 09:20,20.3
04/06/06 09:25,21.3
04/06/06 09:30,21.7
04/06/06 09:35,21.6
04/06/06 09:40,21.7
04/06/06 09:45,22.6
04/06/06 09:50,23.4
04/06/06 09:55,23.6
04/06/06 10:00,23.8
04/06/06 10:05,24.1
04/06/06 10:10,24.2
04/06/06 10:15,24.4
04/06/06 10:20,23.9
04/06/06 10:25,23.4
04/06/06 10:30,21.7
04/06/06 10:35,20.0
04/06/06 10:40,19.4
04/06/06 10:45,21.2
04/06/06 10:50,23.0
04/06/06 10:55,24.3
04/06/06 11:00,25.0
04/06/06 11:05,24.7
04/06/06 11:10,24.6
04/06/06 11:15,25.3
04/06/06 11:20,26.2
04/06/06 11:25,26.7
04/06/06 11:30,27.1
04/06/06 11:35,27.3
04/06/06 11:40,27.5
04/06/06 11:45,27.5
04/06/06 11:50,27.6
04/06/06 11:55,27.7
04/06/06 12:00,27.8
04/06/06 12:05,28.0
04/06/06 12:10,28.1
04/06/06 12:15,27.6
04/06/06 12:20,26.7
04/06/06 12:25,26.0
04/06/06 12:30,25.2
04/06/06 12:35,25.0
04/06/06 12:40,25.0
04/06/06 12:45,24.8
04/06/06 12:50,24.4
04/06/06 12:55,24.2
04/06/06 13:00,23.5
04/06/06 13:05,22.2
04/06/06 13:10,21.0
04/06/06 13:15,19.7
04/06/06 13:20,18.8
04/06/06 13:25,18.9
04/06/06 13:30,20.3
04/06/06 13:35,21.4
04/06/06 13:40,22.0
04/06/06 13:45,23.2
04/06/06 13:50,24.1
04/06/06 13:55,24.0
04/06/06 14:00,23.5
04/06/06 14:05,23.0
04/06/06 14:10,22.5
04/06/06 14:15,22.2
04/06/06 14:20,22.1
04/06/06 14:25,21.9
04/06/06 14:30,21.6
04/06/06 14:35,21.1
04/06/06 14:40,20.6
04/06/06 14:45,20.2
04/06/06 14:50,19.8
04/06/06 14:55,19.4
04/06/06 15:00,19.0
04/06/06 15:05,18.6
04/06/06 15:10,18.2
04/06/06 15:15,17.7
04/06/06 15:20,17.4
04/06/06 15:25,17.0
04/06/06 15:30,16.6
04/06/06 15:35,16.1
04/06/06 15:40,15.5
04/06/06 15:45,14.9
04/06/06 15:50,14.3
04/06/06 15:55,13.6
04/06/06 16:00,12.9
04/06/06 16:05,12.2
04/06/06 16:10,11.5
04/06/06 16:15,10.7
04/06/06 16:20,10.0
04/06/06 16:25,9.1
04/06/06 16:30,8.2
04/06/06 16:35,7.4
04/06/06 16:40,6.5
04/06/06 16:45,5.9
04/06/06 16:50,5.4
04/06/06 16:55,5.0
04/06/06 17:00,4.6
04/06/06 17:05,4.1
04/06/06 17:10,3.6
04/06/06 17:15,2.2
04/06/06 17:20,1.2
04/06/06 17:25,0.6
04/06/06 17:30,0.3
04/06/06 17:35,0.1
04/06/06 17:40,0.0
04/06/06 17:45,0.0
04/06/06 17:50,0.0
04/06/06 17:55,0.0
04/06/06 18:00,0.0
04/06/06 18:05,0.0
04/06/06 18:10,0.0
04/06/06 18:15,0.0
04/06/06 18:20,0.0
04/06/06 18:25,0.0
04/06/06 18:30,0.0
04/06/06 18:35,0.0
04/06/06 18:40,0.0
04/06/06 18:45,0.0
04/06/06 18:50,0.0
04/06/06 18:55,0.0
04/06/06 19:00,0.0
04/06/06 19:05,0.0
04/06/06 19:10,0.0
04/06/06 19:15,0.0
04/06/06 19:20,0.0
04/06/06 19:25,0.0
04/06/06 19:30,0.0
04/06/06 19:35,0.0
04/06/06 19:40,0.0
04/06/06 19:45,0.0
04/06/06 19:50,0.0
04/06/06 19:55,0.0
04/06/06 20:00,0.0
04/06/06 20:05,0.0
04/06/06 20:10,0.0
04/06/06 20:15,0.0
04/06/06 20:20,0.0
04/06/06 20:25,0.0
04/06/06 20:30,0.0
04/06/06 20:35,0.0
04/06/06 20:40,0.0
04/06/06 20:45,0.0
04/06/06 20:50,0.0
04/06/06 20:55,0.0
04/06/06 21:00,0.0
04/06/06 21:05,0.0
04/06/06 21:10,0.0
04/06/06 21:15,0.0
04/06/06 21:20,0.0
04/06/06 21:25,0.0
04/06/06 21:30,0.0
04/06/06 21:35,0.0
04/06/06 21:40,0.0
04/06/06 21:45,0.0
04/06/06 21:50,0.0
04/06/06 21:55,0.0
04/06/06 22:00,0.0
04/06/06 22:05,0.0
04/06/06 22:10,0.0
04/06/06 22:15,0.0
04/06/06 22:20,0.0
04/06/06 22:25,0.0
04/06/06 22:30,0.0
04/06/06 22:35,0.0
04/06/06 22:40,0.0
04/06/06 22:45,0.0
04/06/06 22:50,0.0
04/06/06 22:55,0.0
04/06/06 23:00,0.0
04/06/06 23:05,0.0
04/06/06 23:10,0.0
04/06/06 23:15,0.0
04/06/06 23:20,0.0
04/06/06 23:25,0.0
04/06/06 23:30,0.0
04/06/06 23:35,0.0
04/06/06 23:40,0.0
04/06/06 23:45,0.0
04/06/06 23:50,0.0
04/06/06 23:55,0.0
04/07/06 00:00,0.0
04/07/06 00:05,0.0
04/07/06 00:10,0.0
04/07/06 00:15,0.0
04/07/06 00:20,0.0
04/07/06 00:25,0.0
04/07/06 00:30,0.0
04/07/06 00:35,0.0
04/07/06 00:40,0.0
04/07/06 00:45,0.0
04/07/06 00:50,0.0
04/07/06 00:55,0.0
04/07/06 01:00,0.0
04/07/06 01:05,0.0
04/07/06 01:10,0.0
04/07/06 01:15,0.0
04/07/06 01:20,0.0
04/07/06 01:25,0.0
04/07/06 01:30,0.0
04/07/06 01:35,0.0
04/07/06 01:40,0.0
04/07/06 01:45,0.0
04/07/06 01:50,0.0
04/07/06 01:55,0.0
04/07/06 02:00,0.0
04/07/06 02:05,0.0
04/07/06 02:10,0.0
04/07/06 02:15,0.0
04/07/06 02:20,0.0
04/07/06 02:25,0.0
04/07/06 02:30,0.0
04/07/06 02:35,0.0
04/07/06 02:40,0.0
04/07/06 02:45,0.0
04/07/06 02:50,0.0
04/07/06 02:55,0.0
04/07/06 03:00,0.0
04/07/06 03:05,0.0
04/07/06 03:10,0.0
04/07/06 03:15,0.0
04/07/06 03:20,0.0
04/07/06 03:25,0.0
04/07/06 03:30,0.0
04/07/06 03:35,0.0
04/07/06 03:40,0.0
04/07/06 03:45,0.0
04/07/06 03:50,0.0
04/07/06 03:55,0.0
04/07/06 04:00,0.0
04/07/06 04:05,0.0
04/07/06 04:10,0.0
04/07/06 04:15,0.0
04/07/06 04:20,0.0
04/07/06 04:25,0.0
04/07/06 04:30,0.0
04/07/06 04:35,0.0
04/07/06 04:40,0.0
04/07/06 04:45,0.0
04/07/06 04:50,0.0
04/07/06 04:55,0.0
04/07/06 05:00,0.0
04/07/06 05:05,0.0
04/07/06 05:10,0.0
04/07/06 05:15,0.0
04/07/06 05:20,0.0
04/07/06 05:25,0.0
04/07/06 05:30,0.0
04/07/06 05:35,0.0
04/07/06 05:40,0.0
04/07/06 05:45,0.0
04/07/06 05:50,0.0
04/07/06 05:55,0.0
04/07/06 06:00,0.0
04/07/06 06:05,0.0
04/07/06 06:10,0.0
04/07/06 06:15,0.1
04/07/06 06:20,0.1
04/07/06 06:25,0.3
04/07/06 06:30,0.9
04/07/06 06:35,2.2
04/07/06 06:40,2.2
04/07/06 06:45,2.3
04/07/06 06:50,3.6
04/07/06 06:55,4.1
04/07/06 07:00,3.8
04/07/06 07:05,3.7
04/07/06 07:10,3.9
04/07/06 07:15,4.1
04/07/06 07:20,4.4
04/07/06 07:25,4.9
04/07/06 07:30,5.3
04/07/06 07:35,5.6
04/07/06 07:40,6.1
04/07/06 07:45,6.8
04/07/06 07:50,7.5
04/07/06 07:55,8.3
04/07/06 08:00,9.0
04/07/06 08:05,9.5
04/07/06 08:10,10.0
04/07/06 08:15,10.1
04/07/06 08:20,10.3
04/07/06 08:25,10.3
04/07/06 08:30,10.3
04/07/06 08:35,10.2
04/07/06 08:40,9.8
04/07/06 08:45,9.3
04/07/06 08:50,9.0
04/07/06 08:55,8.6
04/07/06 09:00,8.0
04/07/06 09:05,7.4
04/07/06 09:10,6.9
04/07/06 09:15,7.6
04/07/06 09:20,8.7
04/07/06 09:25,9.2
04/07/06 09:30,9.4
04/07/06 09:35,9.3
04/07/06 09:40,9.3
04/07/06 09:45,9.5
04/07/06 09:50,9.3
04/07/06 09:55,9.1
04/07/06 10:00,8.9
04/07/06 10:05,8.5
04/07/06 10:10,7.8
04/07/06 10:15,7.1
04/07/06 10:20,7.0
04/07/06 10:25,7.4
04/07/06 10:30,7.8
04/07/06 10:35,8.1
04/07/06 10:40,8.6
04/07/06 10:45,9.8
04/07/06 10:50,11.2
04/07/06 10:55,12.3
04/07/06 11:00,13.5
04/07/06 11:05,14.5
04/07/06 11:10,15.3
04/07/06 11:15,16.1
04/07/06 11:20,14.4
04/07/06 11:25,11.2
04/07/06 11:30,10.2
04/07/06 11:35,11.0
04/07/06 11:40,11.8
04/07/06 11:45,12.4
04/07/06 11:50,11.5
04/07/06 11:55,11.1
04/07/06 12:00,11.0
04/07/06 12:05,10.9
04/07/06 12:10,10.3
04/07/06 12:15,10.7
04/07/06 12:20,12.3
04/07/06 12:25,13.4
04/07/06 12:30,14.2
04/07/06 12:35,13.7
04/07/06 12:40,12.2
04/07/06 12:45,11.3
04/07/06 12:50,15.0
04/07/06 12:55,16.0
04/07/06 13:00,14.4
04/07/06 13:05,13.8
04/07/06 13:10,13.5
04/07/06 13:15,15.3
04/07/06 13:20,19.4
04/07/06 13:25,22.6
04/07/06 13:30,22.3
04/07/06 13:35,21.1
04/07/06 13:40,20.2
04/07/06 13:45,20.8
04/07/06 13:50,19.8
04/07/06 13:55,18.9
04/07/06 14:00,20.3
04/07/06 14:05,19.9
04/07/06 14:10,19.2
04/07/06 14:15,16.0
04/07/06 14:20,16.2
04/07/06 14:25,16.4
04/07/06 14:30,15.7
04/07/06 14:35,16.5
04/07/06 14:40,17.6
04/07/06 14:45,19.3
04/07/06 14:50,21.2
04/07/06 14:55,21.8
04/07/06 15:00,21.7
04/07/06 15:05,21.5
04/07/06 15:10,20.4
04/07/06 15:15,18.4
04/07/06 15:20,17.2
04/07/06 15:25,15.9
04/07/06 15:30,15.7
04/07/06 15:35,15.1
04/07/06 15:40,12.7
04/07/06 15:45,11.7
04/07/06 15:50,11.4
04/07/06 15:55,10.9
04/07/06 16:00,9.9
04/07/06 16:05,9.1
04/07/06 16:10,8.1
04/07/06 16:15,8.5
04/07/06 16:20,8.3
04/07/06 16:25,7.2
04/07/06 16:30,6.5
04/07/06 16:35,6.0
04/07/06 16:40,5.1
04/07/06 16:45,4.5
04/07/06 16:50,3.9
04/07/06 16:55,2.4
04/07/06 17:00,1.9
04/07/06 17:05,1.2
04/07/06 17:10,0.7
04/07/06 17:15,0.3
04/07/06 17:20,0.1
04/07/06 17:25,0.0
04/07/06 17:30,0.0
04/07/06 17:35,0.0
04/07/06 17:40,0.0
04/07/06 17:45,0.0
04/07/06 17:50,0.0
04/07/06 17:55,0.0
04/07/06 18:00,0.0
04/07/06 18:05,0.0
04/07/06 18:10,0.0
04/07/06 18:15,0.0
04/07/06 18:20,0.0
04/07/06 18:25,0.0
04/07/06 18:30,0.0
04/07/06 18:35,0.0
04/07/06 18:40,0.0
04/07/06 18:45,0.0
04/07/06 18:50,0.0
04/07/06 18:55,0.0
04/07/06 19:00,0.0
04/07/06 19:05,0.0
04/07/06 19:10,0.0
04/07/06 19:15,0.0
04/07/06 19:20,0.0
04/07/06 19:25,0.0
04/07/06 19:30,0.0
04/07/06 19:35,0.0
04/07/06 19:40,0.0
04/07/06 19:45,0.0
04/07/06 19:50,0.0
04/07/06 19:55,0.0
04/07/06 20:00,0.0
04/07/06 20:05,0.0
04/07/06 20:10,0.0
04/07/06 20:15,0.0
04/07/06 20:20,0.0
04/07/06 20:25,0.0
04/07/06 20:30,0.0
04/07/06 20:35,0.0
04/07/06 20:40,0.0
04/07/06 20:45,0.0
04/07/06 20:50,0.0
04/07/06 20:55,0.0
04/07/06 21:00,0.0
04/07/06 21:05,0.0
04/07/06 21:10,0.0
04/07/06 21:15,0.0
04/07/06 21:20,0.0
04/07/06 21:25,0.0
04/07/06 21:30,0.0
04/07/06 21:35,0.0
04/07/06 21:40,0.0
04/07/06 21:45,0.0
04/07/06 21:50,0.0
04/07/06 21:55,0.0
04/07/06 22:00,0.0
04/07/06 22:05,0.0
04/07/06 22:10,0.0
04/07/06 22:15,0.0
04/07/06 22:20,0.0
04/07/06 22:25,0.0
04/07/06 22:30,0.0
04/07/06 22:35,0.0
04/07/06 22:40,0.0
04/07/06 22:45,0.0
04/07/06 22:50,0.0
04/07/06 22:55,0.0
04/07/06 23:00,0.0
04/07/06 23:05,0.0
04/07/06 23:10,0.0
04/07/06 23:15,0.0
04/07/06 23:20,0.0
04/07/06 23:25,0.0
04/07/06 23:30,0.0
04/07/06 23:35,0.0
04/07/06 23:40,0.0
04/07/06 23:45,0.0
04/07/06 23:50,0.0
04/07/06 23:55,0.0
04/08/06 00:00,0.0
04/08/06 00:05,0.0
04/08/06 00:10,0.0
04/08/06 00:15,0.0
04/08/06 00:20,0.0
04/08/06 00:25,0.0
04/08/06 00:30,0.0
04/08/06 00:35,0.0
04/08/06 00:40,0.0
04/08/06 00:45,0.0
04/08/06 00:50,0.0
04/08/06 00:55,0.0
04/08/06 01:00,0.0
04/08/06 01:05,0.0
04/08/06 01:10,0.0
04/08/06 01:15,0.0
04/08/06 01:20,0.0
04/08/06 01:25,0.0
04/08/06 01:30,0.0
04/08/06 01:35,0.0
04/08/06 01:40,0.0
04/08/06 01:45,0.0
04/08/06 01:50,0.0
04/08/06 01:55,0.0
04/08/06 02:00,0.0
04/08/06 02:05,0.0
04/08/06 02:10,0.0
04/08/06 02:15,0.0
04/08/06 02:20,0.0
04/08/06 02:25,0.0
04/08/06 02:30,0.0
04/08/06 02:35,0.0
04/08/06 02:40,0.0
04/08/06 02:45,0.0
04/08/06 02:50,0.0
04/08/06 02:55,0.0
04/08/06 03:00,0.0
04/08/06 03:05,0.0
04/08/06 03:10,0.0
04/08/06 03:15,0.0
04/08/06 03:20,0.0
04/08/06 03:25,0.0
04/08/06 03:30,0.0
04/08/06 03:35,0.0
04/08/06 03:40,0.0
04/08/06 03:45,0.0
04/08/06 03:50,0.0
04/08/06 03:55,0.0
04/08/06 04:00,0.0
04/08/06 04:05,0.0
04/08/06 04:10,0.0
04/08/06 04:15,0.0
04/08/06 04:20,0.0
04/08/06 04:25,0.0
04/08/06 04:30,0.0
04/08/06 04:35,0.0
04/08/06 04:40,0.0
04/08/06 04:45,0.0
04/08/06 04:50,0.0
04/08/06 04:55,0.0
04/08/06 05:00,0.0
04/08/06 05:05,0.0
04/08/06 05:10,0.0
04/08/06 05:15,0.0
04/08/06 05:20,0.0
04/08/06 05:25,0.0
04/08/06 05:30,0.0
04/08/06 05:35,0.0
04/08/06 05:40,0.0
04/08/06 05:45,0.0
04/08/06 05:50,0.0
04/08/06 05:55,0.0
04/08/06 06:00,0.0
04/08/06 06:05,0.0
04/08/06 06:10,0.0
04/08/06 06:15,0.0
04/08/06 06:20,0.1
04/08/06 06:25,0.1
04/08/06 06:30,0.2
04/08/06 06:35,1.0
04/08/06 06:40,1.5
04/08/06 06:45,1.6
04/08/06 06:50,0.8
04/08/06 06:55,1.8
04/08/06 07:00,3.6
04/08/06 07:05,4.4
04/08/06 07:10,5.4
04/08/06 07:15,5.6
04/08/06 07:20,7.0
04/08/06 07:25,9.0
04/08/06 07:30,10.5
04/08/06 07:35,11.0
04/08/06 07:40,11.7
04/08/06 07:45,10.9
04/08/06 07:50,11.2
04/08/06 07:55,10.2
04/08/06 08:00,7.8
04/08/06 08:05,7.7
04/08/06 08:10,9.4
04/08/06 08:15,11.3
04/08/06 08:20,12.7
04/08/06 08:25,13.6
04/08/06 08:30,14.1
04/08/06 08:35,14.5
04/08/06 08:40,14.7
04/08/06 08:45,14.8
04/08/06 08:50,14.8
04/08/06 08:55,14.7
04/08/06 09:00,14.5
04/08/06 09:05,14.1
04/08/06 09:10,13.8
04/08/06 09:15,13.2
04/08/06 09:20,12.1
04/08/06 09:25,10.7
04/08/06 09:30,9.9
04/08/06 09:35,9.3
04/08/06 09:40,8.6
04/08/06 09:45,7.3
04/08/06 09:50,6.2
04/08/06 09:55,5.6
04/08/06 10:00,5.3
04/08/06 10:05,4.5
04/08/06 10:10,3.7
04/08/06 10:15,4.4
04/08/06 10:20,6.5
04/08/06 10:25,8.9
04/08/06 10:30,11.4
04/08/06 10:35,13.4
04/08/06 10:40,15.3
04/08/06 10:45,16.9
04/08/06 10:50,18.5
04/08/06 10:55,20.3
04/08/06 11:00,22.2
04/08/06 11:05,23.9
04/08/06 11:10,25.5
04/08/06 11:15,26.6
04/08/06 11:20,27.1
04/08/06 11:25,27.4
04/08/06 11:30,27.6
04/08/06 11:35,27.8
04/08/06 11:40,27.9
04/08/06 11:45,28.0
04/08/06 11:50,28.1
04/08/06 11:55,28.2
04/08/06 12:00,28.4
04/08/06 12:05,28.5
04/08/06 12:10,28.5
04/08/06 12:15,28.3
04/08/06 12:20,28.2
04/08/06 12:25,28.1
04/08/06 12:30,27.9
04/08/06 12:35,27.6
04/08/06 12:40,27.3
04/08/06 12:45,27.2
04/08/06 12:50,27.2
04/08/06 12:55,27.4
04/08/06 13:00,27.7
04/08/06 13:05,27.9
04/08/06 13:10,28.0
04/08/06 13:15,27.7
04/08/06 13:20,27.2
04/08/06 13:25,26.9
04/08/06 13:30,26.6
04/08/06 13:35,26.3
04/08/06 13:40,26.1
04/08/06 13:45,25.8
04/08/06 13:50,25.5
04/08/06 13:55,25.3
04/08/06 14:00,25.1
04/08/06 14:05,24.8
04/08/06 14:10,24.6
04/08/06 14:15,24.2
04/08/06 14:20,23.4
04/08/06 14:25,22.8
04/08/06 14:30,22.5
04/08/06 14:35,22.3
04/08/06 14:40,21.8
04/08/06 14:45,21.3
04/08/06 14:50,20.8
04/08/06 14:55,20.3
04/08/06 15:00,19.9
04/08/06 15:05,19.4
04/08/06 15:10,18.6
04/08/06 15:15,18.0
04/08/06 15:20,17.5
04/08/06 15:25,16.8
04/08/06 15:30,16.3
04/08/06 15:35,15.8
04/08/06 15:40,15.2
04/08/06 15:45,14.6
04/08/06 15:50,14.1
04/08/06 15:55,13.5
04/08/06 16:00,12.8
04/08/06 16:05,12.1
04/08/06 16:10,11.4
04/08/06 16:15,10.6
04/08/06 16:20,9.8
04/08/06 16:25,8.9
04/08/06 16:30,8.2
04/08/06 16:35,7.6
04/08/06 16:40,6.9
04/08/06 16:45,6.3
04/08/06 16:50,5.7
04/08/06 16:55,5.1
04/08/06 17:00,4.6
04/08/06 17:05,4.1
04/08/06 17:10,3.7
04/08/06 17:15,2.5
04/08/06 17:20,1.3
04/08/06 17:25,0.6
04/08/06 17:30,0.3
04/08/06 17:35,0.1
04/08/06 17:40,0.0
04/08/06 17:45,0.0
04/08/06 17:50,0.0
04/08/06 17:55,0.0
04/08/06 18:00,0.0
04/08/06 18:05,0.0
04/08/06 18:10,0.0
04/08/06 18:15,0.0
04/08/06 18:20,0.0
04/08/06 18:25,0.0
04/08/06 18:30,0.0
04/08/06 18:35,0.0
04/08/06 18:40,0.0
04/08/06 18:45,0.0
04/08/06 18:50,0.0
04/08/06 18:55,0.0
04/08/06 19:00,0.0
04/08/06 19:05,0.0
04/08/06 19:10,0.0
04/08/06 19:15,0.0
04/08/06 19:20,0.0
04/08/06 19:25,0.0
04/08/06 19:30,0.0
04/08/06 19:35,0.0
04/08/06 19:40,0.0
04/08/06 19:45,0.0
04/08/06 19:50,0.0
04/08/06 19:55,0.0
04/08/06 20:00,0.0
04/08/06 20:05,0.0
04/08/06 20:10,0.0
04/08/06 20:15,0.0
04/08/06 20:20,0.0
04/08/06 20:25,0.0
04/08/06 20:30,0.0
04/08/06 20:35,0.0
04/08/06 20:40,0.0
04/08/06 20:45,0.0
04/08/06 20:50,0.0
04/08/06 20:55,0.0
04/08/06 21:00,0.0
04/08/06 21:05,0.0
04/08/06 21:10,0.0
04/08/06 21:15,0.0
04/08/06 21:20,0.0
04/08/06 21:25,0.0
04/08/06 21:30,0.0
04/08/06 21:35,0.0
04/08/06 21:40,0.0
04/08/06 21:45,0.0
04/08/06 21:50,0.0
04/08/06 21:55,0.0
04/08/06 22:00,0.0
04/08/06 22:05,0.0
04/08/06 22:10,0.0
04/08/06 22:15,0.0
04/08/06 22:20,0.0
04/08/06 22:25,0.0
04/08/06 22:30,0.0
04/08/06 22:35,0.0
04/08/06 22:40,0.0
04/08/06 22:45,0.0
04/08/06 22:50,0.0
04/08/06 22:55,0.0
04/08/06 23:00,0.0
04/08/06 23:05,0.0
04/08/06 23:10,0.0
04/08/06 23:15,0.0
04/08/06 23:20,0.0
04/08/06 23:25,0.0
04/08/06 23:30,0.0
04/08/06 23:35,0.0
04/08/06 23:40,0.0
04/08/06 23:45,0.0
04/08/06 23:50,0.0
04/08/06 23:55,0.0
04/09/06 00:00,0.0
04/09/06 00:05,0.0
04/09/06 00:10,0.0
04/09/06 00:15,0.0
04/09/06 00:20,0.0
04/09/06 00:25,0.0
04/09/06 00:30,0.0
04/09/06 00:35,0.0
04/09/06 00:40,0.0
04/09/06 00:45,0.0
04/09/06 00:50,0.0
04/09/06 00:55,0.0
04/09/06 01:00,0.0
04/09/06 01:05,0.0
04/09/06 01:10,0.0
04/09/06 01:15,0.0
04/09/06 01:20,0.0
04/09/06 01:25,0.0
04/09/06 01:30,0.0
04/09/06 01:35,0.0
04/09/06 01:40,0.0
04/09/06 01:45,0.0
04/09/06 01:50,0.0
04/09/06 01:55,0.0
04/09/06 02:00,0.0
04/09/06 02:05,0.0
04/09/06 02:10,0.0
04/09/06 02:15,0.0
04/09/06 02:20,0.0
04/09/06 02:25,0.0
04/09/06 02:30,0.0
04/09/06 02:35,0.0
04/09/06 02:40,0.0
04/09/06 02:45,0.0
04/09/06 02:50,0.0
04/09/06 02:55,0.0
04/09/06 03:00,0.0
04/09/06 03:05,0.0
04/09/06 03:10,0.0
04/09/06 03:15,0.0
04/09/06 03:20,0.0
04/09/06 03:25,0.0
04/09/06 03:30,0.0
04/09/06 03:35,0.0
04/09/06 03:40,0.0
04/09/06 03:45,0.0
04/09/06 03:50,0.0
04/09/06 03:55,0.0
04/09/06 04:00,0.0
04/09/06 04:05,0.0
04/09/06 04:10,0.0
04/09/06 04:15,0.0
04/09/06 04:20,0.0
04/09/06 04:25,0.0
04/09/06 04:30,0.0
04/09/06 04:35,0.0
04/09/06 04:40,0.0
04/09/06 04:45,0.0
04/09/06 04:50,0.0
04/09/06 04:55,0.0
04/09/06 05:00,0.0
04/09/06 05:05,0.0
04/09/06 05:10,0.0
04/09/06 05:15,0.0
04/09/06 05:20,0.0
04/09/06 05:25,0.0
04/09/06 05:30,0.0
04/09/06 05:35,0.0
04/09/06 05:40,0.0
04/09/06 05:45,0.0
04/09/06 05:50,0.0
04/09/06 05:55,0.0
04/09/06 06:00,0.0
04/09/06 06:05,0.0
04/09/06 06:10,0.1
04/09/06 06:15,0.3
04/09/06 06:20,0.6
04/09/06 06:25,1.3
04/09/06 06:30,2.5
04/09/06 06:35,3.9
04/09/06 06:40,4.4
04/09/06 06:45,5.0
04/09/06 06:50,5.7
04/09/06 06:55,6.5
04/09/06 07:00,7.3
04/09/06 07:05,8.0
04/09/06 07:10,8.9
04/09/06 07:15,9.6
04/09/06 07:20,10.2
04/09/06 07:25,10.8
04/09/06 07:30,11.4
04/09/06 07:35,11.9
04/09/06 07:40,12.6
04/09/06 07:45,13.3
04/09/06 07:50,14.1
04/09/06 07:55,14.7
04/09/06 08:00,15.1
04/09/06 08:05,15.6
04/09/06 08:10,16.2
04/09/06 08:15,16.9
04/09/06 08:20,17.6
04/09/06 08:25,18.3
04/09/06 08:30,18.9
04/09/06 08:35,19.6
04/09/06 08:40,20.1
04/09/06 08:45,20.3
04/09/06 08:50,20.7
04/09/06 08:55,21.1
04/09/06 09:00,21.5
04/09/06 09:05,22.0
04/09/06 09:10,22.3
04/09/06 09:15,22.8
04/09/06 09:20,23.4
04/09/06 09:25,23.9
04/09/06 09:30,24.3
04/09/06 09:35,24.6
04/09/06 09:40,24.9
04/09/06 09:45,25.1
04/09/06 09:50,25.3
04/09/06 09:55,25.5
04/09/06 10:00,25.7
04/09/06 10:05,26.0
04/09/06 10:10,26.2
04/09/06 10:15,26.5
04/09/06 10:20,26.8
04/09/06 10:25,26.8
04/09/06 10:30,27.0
04/09/06 10:35,27.2
04/09/06 10:40,27.2
04/09/06 10:45,27.3
04/09/06 10:50,27.4
04/09/06 10:55,27.4
04/09/06 11:00,27.7
04/09/06 11:05,28.1
04/09/06 11:10,28.4
04/09/06 11:15,28.6
04/09/06 11:20,28.8
04/09/06 11:25,29.5
04/09/06 11:30,29.9
04/09/06 11:35,29.9
04/09/06 11:40,29.7
04/09/06 11:45,29.2
04/09/06 11:50,28.6
04/09/06 11:55,28.2
04/09/06 12:00,28.1
04/09/06 12:05,28.0
04/09/06 12:10,27.5
04/09/06 12:15,27.5
04/09/06 12:20,28.0
04/09/06 12:25,28.0
04/09/06 12:30,28.2
04/09/06 12:35,28.6
04/09/06 12:40,28.6
04/09/06 12:45,29.4
04/09/06 12:50,30.1
04/09/06 12:55,30.3
04/09/06 13:00,30.1
04/09/06 13:05,30.1
04/09/06 13:10,30.3
04/09/06 13:15,29.4
04/09/06 13:20,28.4
04/09/06 13:25,27.8
04/09/06 13:30,27.4
04/09/06 13:35,27.1
04/09/06 13:40,26.7
04/09/06 13:45,26.2
04/09/06 13:50,25.7
04/09/06 13:55,25.2
04/09/06 14:00,24.6
04/09/06 14:05,24.2
04/09/06 14:10,23.7
04/09/06 14:15,23.3
04/09/06 14:20,23.0
04/09/06 14:25,22.8
04/09/06 14:30,22.4
04/09/06 14:35,22.1
04/09/06 14:40,21.6
04/09/06 14:45,21.0
04/09/06 14:50,20.2
04/09/06 14:55,19.6
04/09/06 15:00,19.0
04/09/06 15:05,18.5
04/09/06 15:10,18.0
04/09/06 15:15,17.6
04/09/06 15:20,17.3
04/09/06 15:25,17.0
04/09/06 15:30,16.5
04/09/06 15:35,16.1
04/09/06 15:40,15.7
04/09/06 15:45,15.1
04/09/06 15:50,14.4
04/09/06 15:55,13.8
04/09/06 16:00,13.0
04/09/06 16:05,12.2
04/09/06 16:10,11.4
04/09/06 16:15,10.6
04/09/06 16:20,9.9
04/09/06 16:25,9.2
04/09/06 16:30,8.5
04/09/06 16:35,7.8
04/09/06 16:40,7.2
04/09/06 16:45,6.6
04/09/06 16:50,6.1
04/09/06 16:55,5.5
04/09/06 17:00,4.9
04/09/06 17:05,4.4
04/09/06 17:10,4.0
04/09/06 17:15,3.3
04/09/06 17:20,1.6
04/09/06 17:25,0.7
04/09/06 17:30,0.3
04/09/06 17:35,0.1
04/09/06 17:40,0.0
04/09/06 17:45,0.0
04/09/06 17:50,0.0
04/09/06 17:55,0.0
04/09/06 18:00,0.0
04/09/06 18:05,0.0
04/09/06 18:10,0.0
04/09/06 18:15,0.0
04/09/06 18:20,0.0
04/09/06 18:25,0.0
04/09/06 18:30,0.0
04/09/06 18:35,0.0
04/09/06 18:40,0.0
04/09/06 18:45,0.0
04/09/06 18:50,0.0
04/09/06 18:55,0.0
04/09/06 19:00,0.0
04/09/06 19:05,0.0
04/09/06 19:10,0.0
04/09/06 19:15,0.0
04/09/06 19:20,0.0
04/09/06 19:25,0.0
04/09/06 19:30,0.0
04/09/06 19:35,0.0
04/09/06 19:40,0.0
04/09/06 19:45,0.0
04/09/06 19:50,0.0
04/09/06 19:55,0.0
04/09/06 20:00,0.0
04/09/06 20:05,0.0
04/09/06 20:10,0.0
04/09/06 20:15,0.0
04/09/06 20:20,0.0
04/09/06 20:25,0.0
04/09/06 20:30,0.0
04/09/06 20:35,0.0
04/09/06 20:40,0.0
04/09/06 20:45,0.0
04/09/06 20:50,0.0
04/09/06 20:55,0.0
04/09/06 21:00,0.0
04/09/06 21:05,0.0
04/09/06 21:10,0.0
04/09/06 21:15,0.0
04/09/06 21:20,0.0
04/09/06 21:25,0.0
04/09/06 21:30,0.0
04/09/06 21:35,0.0
04/09/06 21:40,0.0
04/09/06 21:45,0.0
04/09/06 21:50,0.0
04/09/06 21:55,0.0
04/09/06 22:00,0.0
04/09/06 22:05,0.0
04/09/06 22:10,0.0
04/09/06 22:15,0.0
04/09/06 22:20,0.0
04/09/06 22:25,0.0
04/09/06 22:30,0.0
04/09/06 22:35,0.0
04/09/06 22:40,0.0
04/09/06 22:45,0.0
04/09/06 22:50,0.0
04/09/06 22:55,0.0
04/09/06 23:00,0.0
04/09/06 23:05,0.0
04/09/06 23:10,0.0
04/09/06 23:15,0.0
04/09/06 23:20,0.0
04/09/06 23:25,0.0
04/09/06 23:30,0.0
04/09/06 23:35,0.0
04/09/06 23:40,0.0
04/09/06 23:45,0.0
04/09/06 23:50,0.0
04/09/06 23:55,0.0
04/10/06 00:00,0.0
04/10/06 00:05,0.0
04/10/06 00:10,0.0
04/10/06 00:15,0.0
04/10/06 00:20,0.0
04/10/06 00:25,0.0
04/10/06 00:30,0.0
04/10/06 00:35,0.0
04/10/06 00:40,0.0
04/10/06 00:45,0.0
04/10/06 00:50,0.0
04/10/06 00:55,0.0
04/10/06 01:00,0.0
04/10/06 01:05,0.0
04/10/06 01:10,0.0
04/10/06 01:15,0.0
04/10/06 01:20,0.0
04/10/06 01:25,0.0
04/10/06 01:30,0.0
04/10/06 01:35,0.0
04/10/06 01:40,0.0
04/10/06 01:45,0.0
04/10/06 01:50,0.0
04/10/06 01:55,0.0
04/10/06 02:00,0.0
04/10/06 02:05,0.0
04/10/06 02:10,0.0
04/10/06 02:15,0.0
04/10/06 02:20,0.0
04/10/06 02:25,0.0
04/10/06 02:30,0.0
04/10/06 02:35,0.0
04/10/06 02:40,0.0
04/10/06 02:45,0.0
04/10/06 02:50,0.0
04/10/06 02:55,0.0
04/10/06 03:00,0.0
04/10/06 03:05,0.0
04/10/06 03:10,0.0
04/10/06 03:15,0.0
04/10/06 03:20,0.0
04/10/06 03:25,0.0
04/10/06 03:30,0.0
04/10/06 03:35,0.0
04/10/06 03:40,0.0
04/10/06 03:45,0.0
04/10/06 03:50,0.0
04/10/06 03:55,0.0
04/10/06 04:00,0.0
04/10/06 04:05,0.0
04/10/06 04:10,0.0
04/10/06 04:15,0.0
04/10/06 04:20,0.0
04/10/06 04:25,0.0
04/10/06 04:30,0.0
04/10/06 04:35,0.0
04/10/06 04:40,0.0
04/10/06 04:45,0.0
04/10/06 04:50,0.0
04/10/06 04:55,0.0
04/10/06 05:00,0.0
04/10/06 05:05,0.0
04/10/06 05:10,0.0
04/10/06 05:15,0.0
04/10/06 05:20,0.0
04/10/06 05:25,0.0
04/10/06 05:30,0.0
04/10/06 05:35,0.0
04/10/06 05:40,0.0
04/10/06 05:45,0.0
04/10/06 05:50,0.0
04/10/06 05:55,0.0
04/10/06 06:00,0.0
04/10/06 06:05,0.0
04/10/06 06:10,0.1
04/10/06 06:15,0.3
04/10/06 06:20,0.6
04/10/06 06:25,1.2
04/10/06 06:30,2.2
04/10/06 06:35,3.6
04/10/06 06:40,4.1
04/10/06 06:45,4.6
04/10/06 06:50,5.1
04/10/06 06:55,5.6
04/10/06 07:00,6.1
04/10/06 07:05,6.6
04/10/06 07:10,7.2
04/10/06 07:15,7.8
04/10/06 07:20,8.6
04/10/06 07:25,9.3
04/10/06 07:30,10.1
04/10/06 07:35,10.9
04/10/06 07:40,11.7
04/10/06 07:45,12.4
04/10/06 07:50,13.2
04/10/06 07:55,13.8
04/10/06 08:00,14.4
04/10/06 08:05,14.9
04/10/06 08:10,15.5
04/10/06 08:15,16.0
04/10/06 08:20,16.7
04/10/06 08:25,17.3
04/10/06 08:30,18.1
04/10/06 08:35,18.7
04/10/06 08:40,19.3
04/10/06 08:45,20.1
04/10/06 08:50,20.8
04/10/06 08:55,21.6
04/10/06 09:00,22.2
04/10/06 09:05,22.7
04/10/06 09:10,23.1
04/10/06 09:15,23.6
04/10/06 09:20,23.9
04/10/06 09:25,24.3
04/10/06 09:30,24.6
04/10/06 09:35,24.8
04/10/06 09:40,24.9
04/10/06 09:45,25.0
04/10/06 09:50,25.2
04/10/06 09:55,25.4
04/10/06 10:00,25.8
04/10/06 10:05,26.1
04/10/06 10:10,26.4
04/10/06 10:15,26.5
04/10/06 10:20,26.7
04/10/06 10:25,26.9
04/10/06 10:30,27.0
04/10/06 10:35,27.1
04/10/06 10:40,27.5
04/10/06 10:45,27.8
04/10/06 10:50,28.2
04/10/06 10:55,28.5
04/10/06 11:00,28.7
04/10/06 11:05,28.8
04/10/06 11:10,28.9
04/10/06 11:15,28.7
04/10/06 11:20,28.5
04/10/06 11:25,28.0
04/10/06 11:30,27.8
04/10/06 11:35,27.8
04/10/06 11:40,27.8
04/10/06 11:45,27.8
04/10/06 11:50,27.9
04/10/06 11:55,27.9
04/10/06 12:00,27.8
04/10/06 12:05,27.8
04/10/06 12:10,27.7
04/10/06 12:15,27.6
04/10/06 12:20,27.6
04/10/06 12:25,27.4
04/10/06 12:30,27.2
04/10/06 12:35,26.9
04/10/06 12:40,26.6
04/10/06 12:45,26.2
04/10/06 12:50,25.8
04/10/06 12:55,25.5
04/10/06 13:00,25.2
04/10/06 13:05,25.1
04/10/06 13:10,24.9
04/10/06 13:15,24.9
04/10/06 13:20,24.7
04/10/06 13:25,24.6
04/10/06 13:30,24.5
04/10/06 13:35,24.5
04/10/06 13:40,24.4
04/10/06 13:45,24.3
04/10/06 13:50,24.0
04/10/06 13:55,23.8
04/10/06 14:00,23.6
04/10/06 14:05,23.6
04/10/06 14:10,23.4
04/10/06 14:15,23.0
04/10/06 14:20,22.4
04/10/06 14:25,21.8
04/10/06 14:30,21.3
04/10/06 14:35,20.9
04/10/06 14:40,20.6
04/10/06 14:45,20.2
04/10/06 14:50,19.9
04/10/06 14:55,19.6
04/10/06 15:00,19.4
04/10/06 15:05,19.2
04/10/06 15:10,18.9
04/10/06 15:15,18.3
04/10/06 15:20,17.6
04/10/06 15:25,16.9
04/10/06 15:30,16.3
04/10/06 15:35,15.7
04/10/06 15:40,15.1
04/10/06 15:45,14.6
04/10/06 15:50,14.0
04/10/06 15:55,13.3
04/10/06 16:00,12.6
04/10/06 16:05,11.9
04/10/06 16:10,11.1
04/10/06 16:15,10.4
04/10/06 16:20,9.8
04/10/06 16:25,9.2
04/10/06 16:30,8.5
04/10/06 16:35,7.8
04/10/06 16:40,7.2
04/10/06 16:45,6.6
04/10/06 16:50,6.0
04/10/06 16:55,5.4
04/10/06 17:00,4.9
04/10/06 17:05,4.5
04/10/06 17:10,4.0
04/10/06 17:15,3.3
04/10/06 17:20,1.6
04/10/06 17:25,0.7
04/10/06 17:30,0.3
04/10/06 17:35,0.1
04/10/06 17:40,0.0
04/10/06 17:45,0.0
04/10/06 17:50,0.0
04/10/06 17:55,0.0
04/10/06 18:00,0.0
04/10/06 18:05,0.0
04/10/06 18:10,0.0
04/10/06 18:15,0.0
04/10/06 18:20,0.0
04/10/06 18:25,0.0
04/10/06 18:30,0.0
04/10/06 18:35,0.0
04/10/06 18:40,0.0
04/10/06 18:45,0.0
04/10/06 18:50,0.0
04/10/06 18:55,0.0
04/10/06 19:00,0.0
04/10/06 19:05,0.0
04/10/06 19:10,0.0
04/10/06 19:15,0.0
04/10/06 19:20,0.0
04/10/06 19:25,0.0
04/10/06 19:30,0.0
04/10/06 19:35,0.0
04/10/06 19:40,0.0
04/10/06 19:45,0.0
04/10/06 19:50,0.0
04/10/06 19:55,0.0
04/10/06 20:00,0.0
04/10/06 20:05,0.0
04/10/06 20:10,0.0
04/10/06 20:15,0.0
04/10/06 20:20,0.0
04/10/06 20:25,0.0
04/10/06 20:30,0.0
04/10/06 20:35,0.0
04/10/06 20:40,0.0
04/10/06 20:45,0.0
04/10/06 20:50,0.0
04/10/06 20:55,0.0
04/10/06 21:00,0.0
04/10/06 21:05,0.0
04/10/06 21:10,0.0
04/10/06 21:15,0.0
04/10/06 21:20,0.0
04/10/06 21:25,0.0
04/10/06 21:30,0.0
04/10/06 21:35,0.0
04/10/06 21:40,0.0
04/10/06 21:45,0.0
04/10/06 21:50,0.0
04/10/06 21:55,0.0
04/10/06 22:00,0.0
04/10/06 22:05,0.0
04/10/06 22:10,0.0
04/10/06 22:15,0.0
04/10/06 22:20,0.0
04/10/06 22:25,0.0
04/10/06 22:30,0.0
04/10/06 22:35,0.0
04/10/06 22:40,0.0
04/10/06 22:45,0.0
04/10/06 22:50,0.0
04/10/06 22:55,0.0
04/10/06 23:00,0.0
04/10/06 23:05,0.0
04/10/06 23:10,0.0
04/10/06 23:15,0.0
04/10/06 23:20,0.0
04/10/06 23:25,0.0
04/10/06 23:30,0.0
04/10/06 23:35,0.0
04/10/06 23:40,0.0
04/10/06 23:45,0.0
04/10/06 23:50,0.0
04/10/06 23:55,0.0
04/11/06 00:00,0.0
04/11/06 00:05,0.0
04/11/06 00:10,0.0
04/11/06 00:15,0.0
04/11/06 00:20,0.0
04/11/06 00:25,0.0
04/11/06 00:30,0.0
04/11/06 00:35,0.0
04/11/06 00:40,0.0
04/11/06 00:45,0.0
04/11/06 00:50,0.0
04/11/06 00:55,0.0
04/11/06 01:00,0.0
04/11/06 01:05,0.0
04/11/06 01:10,0.0
04/11/06 01:15,0.0
04/11/06 01:20,0.0
04/11/06 01:25,0.0
04/11/06 01:30,0.0
04/11/06 01:35,0.0
04/11/06 01:40,0.0
04/11/06 01:45,0.0
04/11/06 01:50,0.0
04/11/06 01:55,0.0
04/11/06 02:00,0.0
04/11/06 02:05,0.0
04/11/06 02:10,0.0
04/11/06 02:15,0.0
04/11/06 02:20,0.0
04/11/06 02:25,0.0
04/11/06 02:30,0.0
04/11/06 02:35,0.0
04/11/06 02:40,0.0
04/11/06 02:45,0.0
04/11/06 02:50,0.0
04/11/06 02:55,0.0
04/11/06 03:00,0.0
04/11/06 03:05,0.0
04/11/06 03:10,0.0
04/11/06 03:15,0.0
04/11/06 03:20,0.0
04/11/06 03:25,0.0
04/11/06 03:30,0.0
04/11/06 03:35,0.0
04/11/06 03:40,0.0
04/11/06 03:45,0.0
04/11/06 03:50,0.0
04/11/06 03:55,0.0
04/11/06 04:00,0.0
04/11/06 04:05,0.0
04/11/06 04:10,0.0
04/11/06 04:15,0.0
04/11/06 04:20,0.0
04/11/06 04:25,0.0
04/11/06 04:30,0.0
04/11/06 04:35,0.0
04/11/06 04:40,0.0
04/11/06 04:45,0.0
04/11/06 04:50,0.0
04/11/06 04:55,0.0
04/11/06 05:00,0.0
04/11/06 05:05,0.0
04/11/06 05:10,0.0
04/11/06 05:15,0.0
04/11/06 05:20,0.0
04/11/06 05:25,0.0
04/11/06 05:30,0.0
04/11/06 05:35,0.0
04/11/06 05:40,0.0
04/11/06 05:45,0.0
04/11/06 05:50,0.0
04/11/06 05:55,0.0
04/11/06 06:00,0.1
04/11/06 06:05,0.1
04/11/06 06:10,0.2
04/11/06 06:15,0.5
04/11/06 06:20,1.0
04/11/06 06:25,1.9
04/11/06 06:30,3.4
04/11/06 06:35,4.1
04/11/06 06:40,4.6
04/11/06 06:45,5.2
04/11/06 06:50,5.9
04/11/06 06:55,6.6
04/11/06 07:00,7.3
04/11/06 07:05,7.9
04/11/06 07:10,8.6
04/11/06 07:15,9.3
04/11/06 07:20,10.0
04/11/06 07:25,10.7
04/11/06 07:30,11.4
04/11/06 07:35,12.1
04/11/06 07:40,12.9
04/11/06 07:45,13.8
04/11/06 07:50,14.5
04/11/06 07:55,15.2
04/11/06 08:00,15.9
04/11/06 08:05,16.6
04/11/06 08:10,17.2
04/11/06 08:15,17.7
04/11/06 08:20,18.2
04/11/06 08:25,18.6
04/11/06 08:30,19.3
04/11/06 08:35,19.9
04/11/06 08:40,20.4
04/11/06 08:45,20.9
04/11/06 08:50,21.3
04/11/06 08:55,21.9
04/11/06 09:00,22.5
04/11/06 09:05,23.2
04/11/06 09:10,23.8
04/11/06 09:15,24.0
04/11/06 09:20,24.1
04/11/06 09:25,24.3
04/11/06 09:30,24.6
04/11/06 09:35,25.0
04/11/06 09:40,25.4
04/11/06 09:45,25.9
04/11/06 09:50,26.3
04/11/06 09:55,26.6
04/11/06 10:00,26.9
04/11/06 10:05,27.2
04/11/06 10:10,27.4
04/11/06 10:15,27.2
04/11/06 10:20,26.4
04/11/06 10:25,25.0
04/11/06 10:30,24.9
04/11/06 10:35,24.7
04/11/06 10:40,24.3
04/11/06 10:45,23.5
04/11/06 10:50,24.7
04/11/06 10:55,26.1
04/11/06 11:00,26.2
04/11/06 11:05,25.9
04/11/06 11:10,26.3
04/11/06 11:15,26.4
04/11/06 11:20,26.5
04/11/06 11:25,26.7
04/11/06 11:30,26.9
04/11/06 11:35,26.9
04/11/06 11:40,27.1
04/11/06 11:45,27.5
04/11/06 11:50,28.0
04/11/06 11:55,28.2
04/11/06 12:00,28.5
04/11/06 12:05,28.6
04/11/06 12:10,28.7
04/11/06 12:15,28.6
04/11/06 12:20,28.4
04/11/06 12:25,28.3
04/11/06 12:30,28.3
04/11/06 12:35,28.3
04/11/06 12:40,28.2
04/11/06 12:45,28.0
04/11/06 12:50,27.9
04/11/06 12:55,27.9
04/11/06 13:00,28.0
04/11/06 13:05,28.0
04/11/06 13:10,28.1
04/11/06 13:15,27.7
04/11/06 13:20,27.0
04/11/06 13:25,26.5
04/11/06 13:30,26.1
04/11/06 13:35,25.8
04/11/06 13:40,25.7
04/11/06 13:45,25.4
04/11/06 13:50,25.0
04/11/06 13:55,24.5
04/11/06 14:00,24.0
04/11/06 14:05,23.4
04/11/06 14:10,23.0
04/11/06 14:15,22.7
04/11/06 14:20,22.5
04/11/06 14:25,22.1
04/11/06 14:30,21.6
04/11/06 14:35,21.3
04/11/06 14:40,20.9
04/11/06 14:45,20.7
04/11/06 14:50,20.3
04/11/06 14:55,19.9
04/11/06 15:00,19.6
04/11/06 15:05,19.2
04/11/06 15:10,18.8
04/11/06 15:15,18.3
04/11/06 15:20,17.8
04/11/06 15:25,17.4
04/11/06 15:30,16.9
04/11/06 15:35,16.3
04/11/06 15:40,15.3
04/11/06 15:45,14.3
04/11/06 15:50,13.7
04/11/06 15:55,13.1
04/11/06 16:00,12.6
04/11/06 16:05,11.8
04/11/06 16:10,11.1
04/11/06 16:15,10.5
04/11/06 16:20,9.8
04/11/06 16:25,9.1
04/11/06 16:30,8.3
04/11/06 16:35,7.6
04/11/06 16:40,6.8
04/11/06 16:45,6.2
04/11/06 16:50,5.7
04/11/06 16:55,5.2
04/11/06 17:00,4.7
04/11/06 17:05,4.2
04/11/06 17:10,3.8
04/11/06 17:15,2.8
04/11/06 17:20,1.5
04/11/06 17:25,0.7
04/11/06 17:30,0.3
04/11/06 17:35,0.1
04/11/06 17:40,0.0
04/11/06 17:45,0.0
04/11/06 17:50,0.0
04/11/06 17:55,0.0
04/11/06 18:00,0.0
04/11/06 18:05,0.0
04/11/06 18:10,0.0
04/11/06 18:15,0.0
04/11/06 18:20,0.0
04/11/06 18:25,0.0
04/11/06 18:30,0.0
04/11/06 18:35,0.0
04/11/06 18:40,0.0
04/11/06 18:45,0.0
04/11/06 18:50,0.0
04/11/06 18:55,0.0
04/11/06 19:00,0.0
04/11/06 19:05,0.0
04/11/06 19:10,0.0
04/11/06 19:15,0.0
04/11/06 19:20,0.0
04/11/06 19:25,0.0
04/11/06 19:30,0.0
04/11/06 19:35,0.0
04/11/06 19:40,0.0
04/11/06 19:45,0.0
04/11/06 19:50,0.0
04/11/06 19:55,0.0
04/11/06 20:00,0.0
04/11/06 20:05,0.0
04/11/06 20:10,0.0
04/11/06 20:15,0.0
04/11/06 20:20,0.0
04/11/06 20:25,0.0
04/11/06 20:30,0.0
04/11/06 20:35,0.0
04/11/06 20:40,0.0
04/11/06 20:45,0.0
04/11/06 20:50,0.0
04/11/06 20:55,0.0
04/11/06 21:00,0.0
04/11/06 21:05,0.0
04/11/06 21:10,0.0
04/11/06 21:15,0.0
04/11/06 21:20,0.0
04/11/06 21:25,0.0
04/11/06 21:30,0.0
04/11/06 21:35,0.0
04/11/06 21:40,0.0
04/11/06 21:45,0.0
04/11/06 21:50,0.0
04/11/06 21:55,0.0
04/11/06 22:00,0.0
04/11/06 22:05,0.0
04/11/06 22:10,0.0
04/11/06 22:15,0.0
04/11/06 22:20,0.0
04/11/06 22:25,0.0
04/11/06 22:30,0.0
04/11/06 22:35,0.0
04/11/06 22:40,0.0
04/11/06 22:45,0.0
04/11/06 22:50,0.0
04/11/06 22:55,0.0
04/11/06 23:00,0.0
04/11/06 23:05,0.0
04/11/06 23:10,0.0
04/11/06 23:15,0.0
04/11/06 23:20,0.0
04/11/06 23:25,0.0
04/11/06 23:30,0.0
04/11/06 23:35,0.0
04/11/06 23:40,0.0
04/11/06 23:45,0.0
04/11/06 23:50,0.0
04/11/06 23:55,0.0
04/12/06 00:00,0.0
04/12/06 00:05,0.0
04/12/06 00:10,0.0
04/12/06 00:15,0.0
04/12/06 00:20,0.0
04/12/06 00:25,0.0
04/12/06 00:30,0.0
04/12/06 00:35,0.0
04/12/06 00:40,0.0
04/12/06 00:45,0.0
04/12/06 00:50,0.0
04/12/06 00:55,0.0
04/12/06 01:00,0.0
04/12/06 01:05,0.0
04/12/06 01:10,0.0
04/12/06 01:15,0.0
04/12/06 01:20,0.0
04/12/06 01:25,0.0
04/12/06 01:30,0.0
04/12/06 01:35,0.0
04/12/06 01:40,0.0
04/12/06 01:45,0.0
04/12/06 01:50,0.0
04/12/06 01:55,0.0
04/12/06 02:00,0.0
04/12/06 02:05,0.0
04/12/06 02:10,0.0
04/12/06 02:15,0.0
04/12/06 02:20,0.0
04/12/06 02:25,0.0
04/12/06 02:30,0.0
04/12/06 02:35,0.0
04/12/06 02:40,0.0
04/12/06 02:45,0.0
04/12/06 02:50,0.0
04/12/06 02:55,0.0
04/12/06 03:00,0.0
04/12/06 03:05,0.0
04/12/06 03:10,0.0
04/12/06 03:15,0.0
04/12/06 03:20,0.0
04/12/06 03:25,0.0
04/12/06 03:30,0.0
04/12/06 03:35,0.0
04/12/06 03:40,0.0
04/12/06 03:45,0.0
04/12/06 03:50,0.0
04/12/06 03:55,0.0
04/12/06 04:00,0.0
04/12/06 04:05,0.0
04/12/06 04:10,0.0
04/12/06 04:15,0.0
04/12/06 04:20,0.0
04/12/06 04:25,0.0
04/12/06 04:30,0.0
04/12/06 04:35,0.0
04/12/06 04:40,0.0
04/12/06 04:45,0.0
04/12/06 04:50,0.0
04/12/06 04:55,0.0
04/12/06 05:00,0.0
04/12/06 05:05,0.0
04/12/06 05:10,0.0
04/12/06 05:15,0.0
04/12/06 05:20,0.0
04/12/06 05:25,0.0
04/12/06 05:30,0.0
04/12/06 05:35,0.0
04/12/06 05:40,0.0
04/12/06 05:45,0.0
04/12/06 05:50,0.0
04/12/06 05:55,0.0
04/12/06 06:00,0.0
04/12/06 06:05,0.0
04/12/06 06:10,0.2
04/12/06 06:15,0.4
04/12/06 06:20,0.8
04/12/06 06:25,1.4
04/12/06 06:30,2.4
04/12/06 06:35,3.7
04/12/06 06:40,4.2
04/12/06 06:45,4.7
04/12/06 06:50,5.2
04/12/06 06:55,5.7
04/12/06 07:00,6.3
04/12/06 07:05,6.9
04/12/06 07:10,7.6
04/12/06 07:15,8.1
04/12/06 07:20,8.4
04/12/06 07:25,8.7
04/12/06 07:30,9.1
04/12/06 07:35,9.6
04/12/06 07:40,10.2
04/12/06 07:45,10.7
04/12/06 07:50,11.2
04/12/06 07:55,11.7
04/12/06 08:00,12.2
04/12/06 08:05,12.7
04/12/06 08:10,13.1
04/12/06 08:15,13.6
04/12/06 08:20,14.4
04/12/06 08:25,15.3
04/12/06 08:30,16.3
04/12/06 08:35,17.2
04/12/06 08:40,17.9
04/12/06 08:45,18.5
04/12/06 08:50,19.0
04/12/06 08:55,19.6
04/12/06 09:00,20.3
04/12/06 09:05,21.1
04/12/06 09:10,21.8
04/12/06 09:15,22.4
04/12/06 09:20,22.9
04/12/06 09:25,23.4
04/12/06 09:30,23.7
04/12/06 09:35,23.8
04/12/06 09:40,23.9
04/12/06 09:45,23.9
04/12/06 09:50,24.0
04/12/06 09:55,24.0
04/12/06 10:00,24.1
04/12/06 10:05,24.3
04/12/06 10:10,24.4
04/12/06 10:15,24.6
04/12/06 10:20,25.0
04/12/06 10:25,25.1
04/12/06 10:30,25.3
04/12/06 10:35,25.3
04/12/06 10:40,26.0
04/12/06 10:45,27.2
04/12/06 10:50,27.7
04/12/06 10:55,28.1
04/12/06 11:00,28.2
04/12/06 11:05,28.6
04/12/06 11:10,29.1
04/12/06 11:15,28.6
04/12/06 11:20,27.0
04/12/06 11:25,25.5
04/12/06 11:30,25.1
04/12/06 11:35,26.2
04/12/06 11:40,26.2
04/12/06 11:45,26.0
04/12/06 11:50,25.9
04/12/06 11:55,25.7
04/12/06 12:00,24.2
04/12/06 12:05,23.4
04/12/06 12:10,23.6
04/12/06 12:15,22.8
04/12/06 12:20,22.3
04/12/06 12:25,22.2
04/12/06 12:30,19.7
04/12/06 12:35,16.3
04/12/06 12:40,14.6
04/12/06 12:45,13.6
04/12/06 12:50,14.5
04/12/06 12:55,16.9
04/12/06 13:00,18.9
04/12/06 13:05,20.3
04/12/06 13:10,21.0
04/12/06 13:15,21.9
04/12/06 13:20,22.5
04/12/06 13:25,23.0
04/12/06 13:30,23.4
04/12/06 13:35,23.3
04/12/06 13:40,23.0
04/12/06 13:45,23.1
04/12/06 13:50,23.5
04/12/06 13:55,23.6
04/12/06 14:00,23.7
04/12/06 14:05,24.2
04/12/06 14:10,24.4
04/12/06 14:15,23.3
04/12/06 14:20,21.7
04/12/06 14:25,20.6
04/12/06 14:30,19.6
04/12/06 14:35,18.4
04/12/06 14:40,16.5
04/12/06 14:45,15.6
04/12/06 14:50,16.2
04/12/06 14:55,16.9
04/12/06 15:00,17.3
04/12/06 15:05,17.3
04/12/06 15:10,17.0
04/12/06 15:15,16.1
04/12/06 15:20,15.1
04/12/06 15:25,14.1
04/12/06 15:30,13.3
04/12/06 15:35,12.6
04/12/06 15:40,12.0
04/12/06 15:45,11.5
04/12/06 15:50,10.9
04/12/06 15:55,10.2
04/12/06 16:00,9.6
04/12/06 16:05,8.9
04/12/06 16:10,8.3
04/12/06 16:15,7.8
04/12/06 16:20,8.1
04/12/06 16:25,7.8
04/12/06 16:30,6.7
04/12/06 16:35,6.1
04/12/06 16:40,6.1
04/12/06 16:45,5.1
04/12/06 16:50,4.6
04/12/06 16:55,4.4
04/12/06 17:00,4.0
04/12/06 17:05,3.9
04/12/06 17:10,3.2
04/12/06 17:15,2.2
04/12/06 17:20,1.3
04/12/06 17:25,0.7
04/12/06 17:30,0.3
04/12/06 17:35,0.1
04/12/06 17:40,0.1
04/12/06 17:45,0.0
04/12/06 17:50,0.0
04/12/06 17:55,0.0
04/12/06 18:00,0.0
04/12/06 18:05,0.0
04/12/06 18:10,0.0
04/12/06 18:15,0.0
04/12/06 18:20,0.0
04/12/06 18:25,0.0
04/12/06 18:30,0.0
04/12/06 18:35,0.0
04/12/06 18:40,0.0
04/12/06 18:45,0.0
04/12/06 18:50,0.0
04/12/06 18:55,0.0
04/12/06 19:00,0.0
04/12/06 19:05,0.0
04/12/06 19:10,0.0
04/12/06 19:15,0.0
04/12/06 19:20,0.0
04/12/06 19:25,0.0
04/12/06 19:30,0.0
04/12/06 19:35,0.0
04/12/06 19:40,0.0
04/12/06 19:45,0.0
04/12/06 19:50,0.0
04/12/06 19:55,0.0
04/12/06 20:00,0.0
04/12/06 20:05,0.0
04/12/06 20:10,0.0
04/12/06 20:15,0.0
04/12/06 20:20,0.0
04/12/06 20:25,0.0
04/12/06 20:30,0.0
04/12/06 20:35,0.0
04/12/06 20:40,0.0
04/12/06 20:45,0.0
04/12/06 20:50,0.0
04/12/06 20:55,0.0
04/12/06 21:00,0.0
04/12/06 21:05,0.0
04/12/06 21:10,0.0
04/12/06 21:15,0.0
04/12/06 21:20,0.0
04/12/06 21:25,0.0
04/12/06 21:30,0.0
04/12/06 21:35,0.0
04/12/06 21:40,0.0
04/12/06 21:45,0.0
04/12/06 21:50,0.0
04/12/06 21:55,0.0
04/12/06 22:00,0.0
04/12/06 22:05,0.0
04/12/06 22:10,0.0
04/12/06 22:15,0.0
04/12/06 22:20,0.0
04/12/06 22:25,0.0
04/12/06 22:30,0.0
04/12/06 22:35,0.0
04/12/06 22:40,0.0
04/12/06 22:45,0.0
04/12/06 22:50,0.0
04/12/06 22:55,0.0
04/12/06 23:00,0.0
04/12/06 23:05,0.0
04/12/06 23:10,0.0
04/12/06 23:15,0.0
04/12/06 23:20,0.0
04/12/06 23:25,0.0
04/12/06 23:30,0.0
04/12/06 23:35,0.0
04/12/06 23:40,0.0
04/12/06 23:45,0.0
04/12/06 23:50,0.0
04/12/06 23:55,0.0
04/13/06 00:00,0.0
04/13/06 00:05,0.0
04/13/06 00:10,0.0
04/13/06 00:15,0.0
04/13/06 00:20,0.0
04/13/06 00:25,0.0
04/13/06 00:30,0.0
04/13/06 00:35,0.0
04/13/06 00:40,0.0
04/13/06 00:45,0.0
04/13/06 00:50,0.0
04/13/06 00:55,0.0
04/13/06 01:00,0.0
04/13/06 01:05,0.0
04/13/06 01:10,0.0
04/13/06 01:15,0.0
04/13/06 01:20,0.0
04/13/06 01:25,0.0
04/13/06 01:30,0.0
04/13/06 01:35,0.0
04/13/06 01:40,0.0
04/13/06 01:45,0.0
04/13/06 01:50,0.0
04/13/06 01:55,0.0
04/13/06 02:00,0.0
04/13/06 02:05,0.0
04/13/06 02:10,0.0
04/13/06 02:15,0.0
04/13/06 02:20,0.0
04/13/06 02:25,0.0
04/13/06 02:30,0.0
04/13/06 02:35,0.0
04/13/06 02:40,0.0
04/13/06 02:45,0.0
04/13/06 02:50,0.0
04/13/06 02:55,0.0
04/13/06 03:00,0.0
04/13/06 03:05,0.0
04/13/06 03:10,0.0
04/13/06 03:15,0.0
04/13/06 03:20,0.0
04/13/06 03:25,0.0
04/13/06 03:30,0.0
04/13/06 03:35,0.0
04/13/06 03:40,0.0
04/13/06 03:45,0.0
04/13/06 03:50,0.0
04/13/06 03:55,0.0
04/13/06 04:00,0.0
04/13/06 04:05,0.0
04/13/06 04:10,0.0
04/13/06 04:15,0.0
04/13/06 04:20,0.0
04/13/06 04:25,0.0
04/13/06 04:30,0.0
04/13/06 04:35,0.0
04/13/06 04:40,0.0
04/13/06 04:45,0.0
04/13/06 04:50,0.0
04/13/06 04:55,0.0
04/13/06 05:00,0.0
04/13/06 05:05,0.0
04/13/06 05:10,0.0
04/13/06 05:15,0.0
04/13/06 05:20,0.0
04/13/06 05:25,0.0
04/13/06 05:30,0.0
04/13/06 05:35,0.0
04/13/06 05:40,0.0
04/13/06 05:45,0.0
04/13/06 05:50,0.0
04/13/06 05:55,0.0
04/13/06 06:00,0.0
04/13/06 06:05,0.1
04/13/06 06:10,0.2
04/13/06 06:15,0.5
04/13/06 06:20,1.0
04/13/06 06:25,1.9
04/13/06 06:30,3.5
04/13/06 06:35,4.1
04/13/06 06:40,4.7
04/13/06 06:45,5.4
04/13/06 06:50,6.0
04/13/06 06:55,6.7
04/13/06 07:00,7.3
04/13/06 07:05,8.0
04/13/06 07:10,8.7
04/13/06 07:15,9.4
04/13/06 07:20,10.0
04/13/06 07:25,10.6
04/13/06 07:30,11.2
04/13/06 07:35,11.9
04/13/06 07:40,12.5
04/13/06 07:45,13.2
04/13/06 07:50,13.9
04/13/06 07:55,14.3
04/13/06 08:00,14.9
04/13/06 08:05,15.5
04/13/06 08:10,16.1
04/13/06 08:15,16.7
04/13/06 08:20,17.4
04/13/06 08:25,18.0
04/13/06 08:30,18.7
04/13/06 08:35,19.3
04/13/06 08:40,19.8
04/13/06 08:45,20.3
04/13/06 08:50,20.7
04/13/06 08:55,21.1
04/13/06 09:00,21.5
04/13/06 09:05,22.0
04/13/06 09:10,22.4
04/13/06 09:15,22.7
04/13/06 09:20,22.8
04/13/06 09:25,23.1
04/13/06 09:30,23.3
04/13/06 09:35,23.6
04/13/06 09:40,24.0
04/13/06 09:45,24.4
04/13/06 09:50,24.8
04/13/06 09:55,25.1
04/13/06 10:00,25.5
04/13/06 10:05,25.7
04/13/06 10:10,25.8
04/13/06 10:15,25.9
04/13/06 10:20,25.9
04/13/06 10:25,25.9
04/13/06 10:30,25.8
04/13/06 10:35,25.8
04/13/06 10:40,26.0
04/13/06 10:45,26.2
04/13/06 10:50,26.2
04/13/06 10:55,26.2
04/13/06 11:00,26.2
04/13/06 11:05,26.3
04/13/06 11:10,26.6
04/13/06 11:15,26.8
04/13/06 11:20,26.8
04/13/06 11:25,26.7
04/13/06 11:30,26.7
04/13/06 11:35,26.5
04/13/06 11:40,26.3
04/13/06 11:45,26.4
04/13/06 11:50,26.4
04/13/06 11:55,26.3
04/13/06 12:00,26.1
04/13/06 12:05,26.2
04/13/06 12:10,26.2
04/13/06 12:15,26.0
04/13/06 12:20,25.9
04/13/06 12:25,25.8
04/13/06 12:30,25.8
04/13/06 12:35,25.8
04/13/06 12:40,25.8
04/13/06 12:45,25.6
04/13/06 12:50,25.6
04/13/06 12:55,25.4
04/13/06 13:00,25.2
04/13/06 13:05,25.1
04/13/06 13:10,24.9
04/13/06 13:15,24.6
04/13/06 13:20,24.4
04/13/06 13:25,24.0
04/13/06 13:30,24.9
04/13/06 13:35,25.6
04/13/06 13:40,26.2
04/13/06 13:45,26.4
04/13/06 13:50,25.9
04/13/06 13:55,25.2
04/13/06 14:00,24.0
04/13/06 14:05,22.5
04/13/06 14:10,21.0
04/13/06 14:15,20.7
04/13/06 14:20,21.4
04/13/06 14:25,21.7
04/13/06 14:30,21.8
04/13/06 14:35,21.7
04/13/06 14:40,21.5
04/13/06 14:45,21.2
04/13/06 14:50,20.8
04/13/06 14:55,20.4
04/13/06 15:00,20.0
04/13/06 15:05,19.5
04/13/06 15:10,19.0
04/13/06 15:15,18.3
04/13/06 15:20,17.7
04/13/06 15:25,17.0
04/13/06 15:30,16.5
04/13/06 15:35,15.9
04/13/06 15:40,15.3
04/13/06 15:45,14.7
04/13/06 15:50,14.1
04/13/06 15:55,13.4
04/13/06 16:00,12.7
04/13/06 16:05,11.9
04/13/06 16:10,11.1
04/13/06 16:15,10.4
04/13/06 16:20,9.8
04/13/06 16:25,9.2
04/13/06 16:30,8.6
04/13/06 16:35,8.0
04/13/06 16:40,7.4
04/13/06 16:45,6.8
04/13/06 16:50,6.2
04/13/06 16:55,5.6
04/13/06 17:00,5.1
04/13/06 17:05,4.6
04/13/06 17:10,4.1
04/13/06 17:15,3.6
04/13/06 17:20,1.7
04/13/06 17:25,0.8
04/13/06 17:30,0.3
04/13/06 17:35,0.1
04/13/06 17:40,0.0
04/13/06 17:45,0.0
04/13/06 17:50,0.0
04/13/06 17:55,0.0
04/13/06 18:00,0.0
04/13/06 18:05,0.0
04/13/06 18:10,0.0
04/13/06 18:15,0.0
04/13/06 18:20,0.0
04/13/06 18:25,0.0
04/13/06 18:30,0.0
04/13/06 18:35,0.0
04/13/06 18:40,0.0
04/13/06 18:45,0.0
04/13/06 18:50,0.0
04/13/06 18:55,0.0
04/13/06 19:00,0.0
04/13/06 19:05,0.0
04/13/06 19:10,0.0
04/13/06 19:15,0.0
04/13/06 19:20,0.0
04/13/06 19:25,0.0
04/13/06 19:30,0.0
04/13/06 19:35,0.0
04/13/06 19:40,0.0
04/13/06 19:45,0.0
04/13/06 19:50,0.0
04/13/06 19:55,0.0
04/13/06 20:00,0.0
04/13/06 20:05,0.0
04/13/06 20:10,0.0
04/13/06 20:15,0.0
04/13/06 20:20,0.0
04/13/06 20:25,0.0
04/13/06 20:30,0.0
04/13/06 20:35,0.0
04/13/06 20:40,0.0
04/13/06 20:45,0.0
04/13/06 20:50,0.0
04/13/06 20:55,0.0
04/13/06 21:00,0.0
04/13/06 21:05,0.0
04/13/06 21:10,0.0
04/13/06 21:15,0.0
04/13/06 21:20,0.0
04/13/06 21:25,0.0
04/13/06 21:30,0.0
04/13/06 21:35,0.0
04/13/06 21:40,0.0
04/13/06 21:45,0.0
04/13/06 21:50,0.0
04/13/06 21:55,0.0
04/13/06 22:00,0.0
04/13/06 22:05,0.0
04/13/06 22:10,0.0
04/13/06 22:15,0.0
04/13/06 22:20,0.0
04/13/06 22:25,0.0
04/13/06 22:30,0.0
04/13/06 22:35,0.0
04/13/06 22:40,0.0
04/13/06 22:45,0.0
04/13/06 22:50,0.0
04/13/06 22:55,0.0
04/13/06 23:00,0.0
04/13/06 23:05,0.0
04/13/06 23:10,0.0
04/13/06 23:15,0.0
04/13/06 23:20,0.0
04/13/06 23:25,0.0
04/13/06 23:30,0.0
04/13/06 23:35,0.0
04/13/06 23:40,0.0
04/13/06 23:45,0.0
04/13/06 23:50,0.0
04/13/06 23:55,0.0
04/14/06 00:00,0.0
04/14/06 00:05,0.0
04/14/06 00:10,0.0
04/14/06 00:15,0.0
04/14/06 00:20,0.0
04/14/06 00:25,0.0
04/14/06 00:30,0.0
04/14/06 00:35,0.0
04/14/06 00:40,0.0
04/14/06 00:45,0.0
04/14/06 00:50,0.0
04/14/06 00:55,0.0
04/14/06 01:00,0.0
04/14/06 01:05,0.0
04/14/06 01:10,0.0
04/14/06 01:15,0.0
04/14/06 01:20,0.0
04/14/06 01:25,0.0
04/14/06 01:30,0.0
04/14/06 01:35,0.0
04/14/06 01:40,0.0
04/14/06 01:45,0.0
04/14/06 01:50,0.0
04/14/06 01:55,0.0
04/14/06 02:00,0.0
04/14/06 02:05,0.0
04/14/06 02:10,0.0
04/14/06 02:15,0.0
04/14/06 02:20,0.0
04/14/06 02:25,0.0
04/14/06 02:30,0.0
04/14/06 02:35,0.0
04/14/06 02:40,0.0
04/14/06 02:45,0.0
04/14/06 02:50,0.0
04/14/06 02:55,0.0
04/14/06 03:00,0.0
04/14/06 03:05,0.0
04/14/06 03:10,0.0
04/14/06 03:15,0.0
04/14/06 03:20,0.0
04/14/06 03:25,0.0
04/14/06 03:30,0.0
04/14/06 03:35,0.0
04/14/06 03:40,0.0
04/14/06 03:45,0.0
04/14/06 03:50,0.0
04/14/06 03:55,0.0
04/14/06 04:00,0.0
04/14/06 04:05,0.0
04/14/06 04:10,0.0
04/14/06 04:15,0.0
04/14/06 04:20,0.0
04/14/06 04:25,0.0
04/14/06 04:30,0.0
04/14/06 04:35,0.0
04/14/06 04:40,0.0
04/14/06 04:45,0.0
04/14/06 04:50,0.0
04/14/06 04:55,0.0
04/14/06 05:00,0.0
04/14/06 05:05,0.0
04/14/06 05:10,0.0
04/14/06 05:15,0.0
04/14/06 05:20,0.0
04/14/06 05:25,0.0
04/14/06 05:30,0.0
04/14/06 05:35,0.0
04/14/06 05:40,0.0
04/14/06 05:45,0.0
04/14/06 05:50,0.0
04/14/06 05:55,0.0
04/14/06 06:00,0.0
04/14/06 06:05,0.1
04/14/06 06:10,0.2
04/14/06 06:15,0.5
04/14/06 06:20,1.0
04/14/06 06:25,1.9
04/14/06 06:30,3.4
04/14/06 06:35,4.0
04/14/06 06:40,4.6
04/14/06 06:45,5.2
04/14/06 06:50,5.8
04/14/06 06:55,6.5
04/14/06 07:00,7.2
04/14/06 07:05,7.9
04/14/06 07:10,8.7
04/14/06 07:15,9.4
04/14/06 07:20,10.0
04/14/06 07:25,10.7
04/14/06 07:30,11.3
04/14/06 07:35,12.0
04/14/06 07:40,12.6
04/14/06 07:45,13.3
04/14/06 07:50,13.8
04/14/06 07:55,14.5
04/14/06 08:00,15.2
04/14/06 08:05,15.9
04/14/06 08:10,16.7
04/14/06 08:15,17.2
04/14/06 08:20,17.7
04/14/06 08:25,18.2
04/14/06 08:30,18.9
04/14/06 08:35,19.4
04/14/06 08:40,19.8
04/14/06 08:45,20.2
04/14/06 08:50,20.5
04/14/06 08:55,20.6
04/14/06 09:00,20.8
04/14/06 09:05,20.9
04/14/06 09:10,20.9
04/14/06 09:15,21.4
04/14/06 09:20,22.1
04/14/06 09:25,22.7
04/14/06 09:30,23.3
04/14/06 09:35,23.8
04/14/06 09:40,24.4
04/14/06 09:45,25.0
04/14/06 09:50,25.3
04/14/06 09:55,25.7
04/14/06 10:00,26.1
04/14/06 10:05,26.4
04/14/06 10:10,26.6
04/14/06 10:15,26.6
04/14/06 10:20,26.5
04/14/06 10:25,26.5
04/14/06 10:30,26.6
04/14/06 10:35,26.5
04/14/06 10:40,26.4
04/14/06 10:45,26.4
04/14/06 10:50,26.4
04/14/06 10:55,26.6
04/14/06 11:00,26.9
04/14/06 11:05,26.9
04/14/06 11:10,26.9
04/14/06 11:15,27.2
04/14/06 11:20,27.6
04/14/06 11:25,27.9
04/14/06 11:30,28.4
04/14/06 11:35,28.6
04/14/06 11:40,28.7
04/14/06 11:45,28.8
04/14/06 11:50,28.8
04/14/06 11:55,28.7
04/14/06 12:00,28.7
04/14/06 12:05,28.6
04/14/06 12:10,28.4
04/14/06 12:15,28.2
04/14/06 12:20,28.2
04/14/06 12:25,28.1
04/14/06 12:30,28.0
04/14/06 12:35,27.8
04/14/06 12:40,27.3
04/14/06 12:45,27.1
04/14/06 12:50,26.8
04/14/06 12:55,26.6
04/14/06 13:00,26.5
04/14/06 13:05,26.7
04/14/06 13:10,26.9
04/14/06 13:15,26.8
04/14/06 13:20,26.4
04/14/06 13:25,26.1
04/14/06 13:30,25.9
04/14/06 13:35,25.8
04/14/06 13:40,25.6
04/14/06 13:45,25.3
04/14/06 13:50,25.1
04/14/06 13:55,24.8
04/14/06 14:00,24.6
04/14/06 14:05,24.2
04/14/06 14:10,24.0
04/14/06 14:15,23.6
04/14/06 14:20,23.1
04/14/06 14:25,22.7
04/14/06 14:30,22.2
04/14/06 14:35,21.7
04/14/06 14:40,21.3
04/14/06 14:45,20.9
04/14/06 14:50,20.5
04/14/06 14:55,20.1
04/14/06 15:00,19.5
04/14/06 15:05,18.6
04/14/06 15:10,17.8
04/14/06 15:15,17.3
04/14/06 15:20,16.9
04/14/06 15:25,16.5
04/14/06 15:30,16.0
04/14/06 15:35,15.3
04/14/06 15:40,14.8
04/14/06 15:45,14.2
04/14/06 15:50,13.7
04/14/06 15:55,13.1
04/14/06 16:00,12.5
04/14/06 16:05,11.9
04/14/06 16:10,11.3
04/14/06 16:15,10.6
04/14/06 16:20,9.8
04/14/06 16:25,8.8
04/14/06 16:30,7.8
04/14/06 16:35,6.9
04/14/06 16:40,6.3
04/14/06 16:45,5.8
04/14/06 16:50,5.2
04/14/06 16:55,4.7
04/14/06 17:00,4.1
04/14/06 17:05,3.5
04/14/06 17:10,2.0
04/14/06 17:15,1.3
04/14/06 17:20,0.8
04/14/06 17:25,0.4
04/14/06 17:30,0.3
04/14/06 17:35,0.1
04/14/06 17:40,0.1
04/14/06 17:45,0.0
04/14/06 17:50,0.0
04/14/06 17:55,0.0
04/14/06 18:00,0.0
04/14/06 18:05,0.0
04/14/06 18:10,0.0
04/14/06 18:15,0.0
04/14/06 18:20,0.0
04/14/06 18:25,0.0
04/14/06 18:30,0.0
04/14/06 18:35,0.0
04/14/06 18:40,0.0
04/14/06 18:45,0.0
04/14/06 18:50,0.0
04/14/06 18:55,0.0
04/14/06 19:00,0.0
04/14/06 19:05,0.0
04/14/06 19:10,0.0
04/14/06 19:15,0.0
04/14/06 19:20,0.0
04/14/06 19:25,0.0
04/14/06 19:30,0.0
04/14/06 19:35,0.0
04/14/06 19:40,0.0
04/14/06 19:45,0.0
04/14/06 19:50,0.0
04/14/06 19:55,0.0
04/14/06 20:00,0.0
04/14/06 20:05,0.0
04/14/06 20:10,0.0
04/14/06 20:15,0.0
04/14/06 20:20,0.0
04/14/06 20:25,0.0
04/14/06 20:30,0.0
04/14/06 20:35,0.0
04/14/06 20:40,0.0
04/14/06 20:45,0.0
04/14/06 20:50,0.0
04/14/06 20:55,0.0
04/14/06 21:00,0.0
04/14/06 21:05,0.0
04/14/06 21:10,0.0
04/14/06 21:15,0.0
04/14/06 21:20,0.0
04/14/06 21:25,0.0
04/14/06 21:30,0.0
04/14/06 21:35,0.0
04/14/06 21:40,0.0
04/14/06 21:45,0.0
04/14/06 21:50,0.0
04/14/06 21:55,0.0
04/14/06 22:00,0.0
04/14/06 22:05,0.0
04/14/06 22:10,0.0
04/14/06 22:15,0.0
04/14/06 22:20,0.0
04/14/06 22:25,0.0
04/14/06 22:30,0.0
04/14/06 22:35,0.0
04/14/06 22:40,0.0
04/14/06 22:45,0.0
04/14/06 22:50,0.0
04/14/06 22:55,0.0
04/14/06 23:00,0.0
04/14/06 23:05,0.0
04/14/06 23:10,0.0
04/14/06 23:15,0.0
04/14/06 23:20,0.0
04/14/06 23:25,0.0
04/14/06 23:30,0.0
04/14/06 23:35,0.0
04/14/06 23:40,0.0
04/14/06 23:45,0.0
04/14/06 23:50,0.0
04/14/06 23:55,0.0
04/15/06 00:00,0.0
04/15/06 00:05,0.0
04/15/06 00:10,0.0
04/15/06 00:15,0.0
04/15/06 00:20,0.0
04/15/06 00:25,0.0
04/15/06 00:30,0.0
04/15/06 00:35,0.0
04/15/06 00:40,0.0
04/15/06 00:45,0.0
04/15/06 00:50,0.0
04/15/06 00:55,0.0
04/15/06 01:00,0.0
04/15/06 01:05,0.0
04/15/06 01:10,0.0
04/15/06 01:15,0.0
04/15/06 01:20,0.0
04/15/06 01:25,0.0
04/15/06 01:30,0.0
04/15/06 01:35,0.0
04/15/06 01:40,0.0
04/15/06 01:45,0.0
04/15/06 01:50,0.0
04/15/06 01:55,0.0
04/15/06 02:00,0.0
04/15/06 02:05,0.0
04/15/06 02:10,0.0
04/15/06 02:15,0.0
04/15/06 02:20,0.0
04/15/06 02:25,0.0
04/15/06 02:30,0.0
04/15/06 02:35,0.0
04/15/06 02:40,0.0
04/15/06 02:45,0.0
04/15/06 02:50,0.0
04/15/06 02:55,0.0
04/15/06 03:00,0.0
04/15/06 03:05,0.0
04/15/06 03:10,0.0
04/15/06 03:15,0.0
04/15/06 03:20,0.0
04/15/06 03:25,0.0
04/15/06 03:30,0.0
04/15/06 03:35,0.0
04/15/06 03:40,0.0
04/15/06 03:45,0.0
04/15/06 03:50,0.0
04/15/06 03:55,0.0
04/15/06 04:00,0.0
04/15/06 04:05,0.0
04/15/06 04:10,0.0
04/15/06 04:15,0.0
04/15/06 04:20,0.0
04/15/06 04:25,0.0
04/15/06 04:30,0.0
04/15/06 04:35,0.0
04/15/06 04:40,0.0
04/15/06 04:45,0.0
04/15/06 04:50,0.0
04/15/06 04:55,0.0
04/15/06 05:00,0.0
04/15/06 05:05,0.0
04/15/06 05:10,0.0
04/15/06 05:15,0.0
04/15/06 05:20,0.0
04/15/06 05:25,0.0
04/15/06 05:30,0.0
04/15/06 05:35,0.0
04/15/06 05:40,0.0
04/15/06 05:45,0.0
04/15/06 05:50,0.0
04/15/06 05:55,0.0
04/15/06 06:00,0.0
04/15/06 06:05,0.1
04/15/06 06:10,0.2
04/15/06 06:15,0.5
04/15/06 06:20,1.1
04/15/06 06:25,2.1
04/15/06 06:30,3.6
04/15/06 06:35,4.2
04/15/06 06:40,4.8
04/15/06 06:45,5.4
04/15/06 06:50,6.1
04/15/06 06:55,6.7
04/15/06 07:00,7.3
04/15/06 07:05,8.0
04/15/06 07:10,8.7
04/15/06 07:15,9.3
04/15/06 07:20,10.0
04/15/06 07:25,10.7
04/15/06 07:30,11.5
04/15/06 07:35,12.3
04/15/06 07:40,13.1
04/15/06 07:45,13.8
04/15/06 07:50,14.5
04/15/06 07:55,15.1
04/15/06 08:00,15.8
04/15/06 08:05,16.4
04/15/06 08:10,16.9
04/15/06 08:15,17.4
04/15/06 08:20,17.7
04/15/06 08:25,18.1
04/15/06 08:30,18.6
04/15/06 08:35,19.1
04/15/06 08:40,19.6
04/15/06 08:45,20.1
04/15/06 08:50,20.7
04/15/06 08:55,21.3
04/15/06 09:00,21.8
04/15/06 09:05,22.4
04/15/06 09:10,22.8
04/15/06 09:15,23.0
04/15/06 09:20,23.3
04/15/06 09:25,23.5
04/15/06 09:30,23.7
04/15/06 09:35,24.0
04/15/06 09:40,24.4
04/15/06 09:45,24.7
04/15/06 09:50,24.9
04/15/06 09:55,25.2
04/15/06 10:00,25.5
04/15/06 10:05,25.9
04/15/06 10:10,26.2
04/15/06 10:15,26.4
04/15/06 10:20,26.3
04/15/06 10:25,26.6
04/15/06 10:30,26.9
04/15/06 10:35,27.3
04/15/06 10:40,27.5
04/15/06 10:45,27.9
04/15/06 10:50,28.2
04/15/06 10:55,28.5
04/15/06 11:00,28.8
04/15/06 11:05,29.0
04/15/06 11:10,29.2
04/15/06 11:15,29.1
04/15/06 11:20,28.9
04/15/06 11:25,28.8
04/15/06 11:30,28.8
04/15/06 11:35,28.8
04/15/06 11:40,28.9
04/15/06 11:45,28.7
04/15/06 11:50,28.5
04/15/06 11:55,28.3
04/15/06 12:00,28.3
04/15/06 12:05,28.3
04/15/06 12:10,28.2
04/15/06 12:15,28.2
04/15/06 12:20,28.2
04/15/06 12:25,28.1
04/15/06 12:30,28.0
04/15/06 12:35,27.9
04/15/06 12:40,27.7
04/15/06 12:45,27.4
04/15/06 12:50,27.2
04/15/06 12:55,27.0
04/15/06 13:00,26.9
04/15/06 13:05,26.6
04/15/06 13:10,26.2
04/15/06 13:15,26.2
04/15/06 13:20,26.5
04/15/06 13:25,26.8
04/15/06 13:30,27.2
04/15/06 13:35,27.6
04/15/06 13:40,28.2
04/15/06 13:45,28.5
04/15/06 13:50,28.7
04/15/06 13:55,28.8
04/15/06 14:00,28.7
04/15/06 14:05,28.5
04/15/06 14:10,28.1
04/15/06 14:15,27.0
04/15/06 14:20,25.4
04/15/06 14:25,24.2
04/15/06 14:30,23.4
04/15/06 14:35,22.8
04/15/06 14:40,22.5
04/15/06 14:45,22.1
04/15/06 14:50,21.6
04/15/06 14:55,21.0
04/15/06 15:00,20.3
04/15/06 15:05,19.5
04/15/06 15:10,18.8
04/15/06 15:15,18.2
04/15/06 15:20,17.6
04/15/06 15:25,17.0
04/15/06 15:30,16.3
04/15/06 15:35,15.7
04/15/06 15:40,15.0
04/15/06 15:45,14.3
04/15/06 15:50,13.7
04/15/06 15:55,13.0
04/15/06 16:00,12.3
04/15/06 16:05,11.6
04/15/06 16:10,11.0
04/15/06 16:15,10.4
04/15/06 16:20,9.9
04/15/06 16:25,9.3
04/15/06 16:30,8.7
04/15/06 16:35,8.0
04/15/06 16:40,7.4
04/15/06 16:45,6.8
04/15/06 16:50,6.2
04/15/06 16:55,5.7
04/15/06 17:00,5.2
04/15/06 17:05,4.6
04/15/06 17:10,4.1
04/15/06 17:15,3.6
04/15/06 17:20,2.0
04/15/06 17:25,1.0
04/15/06 17:30,0.4
04/15/06 17:35,0.2
04/15/06 17:40,0.1
04/15/06 17:45,0.0
04/15/06 17:50,0.0
04/15/06 17:55,0.0
04/15/06 18:00,0.0
04/15/06 18:05,0.0
04/15/06 18:10,0.0
04/15/06 18:15,0.0
04/15/06 18:20,0.0
04/15/06 18:25,0.0
04/15/06 18:30,0.0
04/15/06 18:35,0.0
04/15/06 18:40,0.0
04/15/06 18:45,0.0
04/15/06 18:50,0.0
04/15/06 18:55,0.0
04/15/06 19:00,0.0
04/15/06 19:05,0.0
04/15/06 19:10,0.0
04/15/06 19:15,0.0
04/15/06 19:20,0.0
04/15/06 19:25,0.0
04/15/06 19:30,0.0
04/15/06 19:35,0.0
04/15/06 19:40,0.0
04/15/06 19:45,0.0
04/15/06 19:50,0.0
04/15/06 19:55,0.0
04/15/06 20:00,0.0
04/15/06 20:05,0.0
04/15/06 20:10,0.0
04/15/06 20:15,0.0
04/15/06 20:20,0.0
04/15/06 20:25,0.0
04/15/06 20:30,0.0
04/15/06 20:35,0.0
04/15/06 20:40,0.0
04/15/06 20:45,0.0
04/15/06 20:50,0.0
04/15/06 20:55,0.0
04/15/06 21:00,0.0
04/15/06 21:05,0.0
04/15/06 21:10,0.0
04/15/06 21:15,0.0
04/15/06 21:20,0.0
04/15/06 21:25,0.0
04/15/06 21:30,0.0
04/15/06 21:35,0.0
04/15/06 21:40,0.0
04/15/06 21:45,0.0
04/15/06 21:50,0.0
04/15/06 21:55,0.0
04/15/06 22:00,0.0
04/15/06 22:05,0.0
04/15/06 22:10,0.0
04/15/06 22:15,0.0
04/15/06 22:20,0.0
04/15/06 22:25,0.0
04/15/06 22:30,0.0
04/15/06 22:35,0.0
04/15/06 22:40,0.0
04/15/06 22:45,0.0
04/15/06 22:50,0.0
04/15/06 22:55,0.0
04/15/06 23:00,0.0
04/15/06 23:05,0.0
04/15/06 23:10,0.0
04/15/06 23:15,0.0
04/15/06 23:20,0.0
04/15/06 23:25,0.0
04/15/06 23:30,0.0
04/15/06 23:35,0.0
04/15/06 23:40,0.0
04/15/06 23:45,0.0
04/15/06 23:50,0.0
04/15/06 23:55,0.0
04/16/06 00:00,0.0
04/16/06 00:05,0.0
04/16/06 00:10,0.0
04/16/06 00:15,0.0
04/16/06 00:20,0.0
04/16/06 00:25,0.0
04/16/06 00:30,0.0
04/16/06 00:35,0.0
04/16/06 00:40,0.0
04/16/06 00:45,0.0
04/16/06 00:50,0.0
04/16/06 00:55,0.0
04/16/06 01:00,0.0
04/16/06 01:05,0.0
04/16/06 01:10,0.0
04/16/06 01:15,0.0
04/16/06 01:20,0.0
04/16/06 01:25,0.0
04/16/06 01:30,0.0
04/16/06 01:35,0.0
04/16/06 01:40,0.0
04/16/06 01:45,0.0
04/16/06 01:50,0.0
04/16/06 01:55,0.0
04/16/06 02:00,0.0
04/16/06 02:05,0.0
04/16/06 02:10,0.0
04/16/06 02:15,0.0
04/16/06 02:20,0.0
04/16/06 02:25,0.0
04/16/06 02:30,0.0
04/16/06 02:35,0.0
04/16/06 02:40,0.0
04/16/06 02:45,0.0
04/16/06 02:50,0.0
04/16/06 02:55,0.0
04/16/06 03:00,0.0
04/16/06 03:05,0.0
04/16/06 03:10,0.0
04/16/06 03:15,0.0
04/16/06 03:20,0.0
04/16/06 03:25,0.0
04/16/06 03:30,0.0
04/16/06 03:35,0.0
04/16/06 03:40,0.0
04/16/06 03:45,0.0
04/16/06 03:50,0.0
04/16/06 03:55,0.0
04/16/06 04:00,0.0
04/16/06 04:05,0.0
04/16/06 04:10,0.0
04/16/06 04:15,0.0
04/16/06 04:20,0.0
04/16/06 04:25,0.0
04/16/06 04:30,0.0
04/16/06 04:35,0.0
04/16/06 04:40,0.0
04/16/06 04:45,0.0
04/16/06 04:50,0.0
04/16/06 04:55,0.0
04/16/06 05:00,0.0
04/16/06 05:05,0.0
04/16/06 05:10,0.0
04/16/06 05:15,0.0
04/16/06 05:20,0.0
04/16/06 05:25,0.0
04/16/06 05:30,0.0
04/16/06 05:35,0.0
04/16/06 05:40,0.0
04/16/06 05:45,0.0
04/16/06 05:50,0.0
04/16/06 05:55,0.0
04/16/06 06:00,0.0
04/16/06 06:05,0.1
04/16/06 06:10,0.2
04/16/06 06:15,0.5
04/16/06 06:20,0.8
04/16/06 06:25,1.4
04/16/06 06:30,2.3
04/16/06 06:35,3.5
04/16/06 06:40,4.0
04/16/06 06:45,4.4
04/16/06 06:50,4.9
04/16/06 06:55,5.3
04/16/06 07:00,5.7
04/16/06 07:05,6.2
04/16/06 07:10,6.6
04/16/06 07:15,7.1
04/16/06 07:20,7.6
04/16/06 07:25,8.2
04/16/06 07:30,8.9
04/16/06 07:35,9.4
04/16/06 07:40,10.0
04/16/06 07:45,10.5
04/16/06 07:50,11.1
04/16/06 07:55,11.6
04/16/06 08:00,12.1
04/16/06 08:05,12.7
04/16/06 08:10,13.2
04/16/06 08:15,13.5
04/16/06 08:20,14.3
04/16/06 08:25,14.5
04/16/06 08:30,15.7
04/16/06 08:35,16.8
04/16/06 08:40,17.4
04/16/06 08:45,17.9
04/16/06 08:50,18.9
04/16/06 08:55,19.8
04/16/06 09:00,20.8
04/16/06 09:05,21.7
04/16/06 09:10,22.1
04/16/06 09:15,21.1
04/16/06 09:20,20.3
04/16/06 09:25,20.0
04/16/06 09:30,20.3
04/16/06 09:35,20.7
04/16/06 09:40,21.1
04/16/06 09:45,21.6
04/16/06 09:50,22.3
04/16/06 09:55,23.2
04/16/06 10:00,24.1
04/16/06 10:05,25.2
04/16/06 10:10,26.1
04/16/06 10:15,26.7
04/16/06 10:20,27.0
04/16/06 10:25,27.5
04/16/06 10:30,28.1
04/16/06 10:35,28.6
04/16/06 10:40,28.8
04/16/06 10:45,28.9
04/16/06 10:50,29.4
04/16/06 10:55,29.8
04/16/06 11:00,29.9
04/16/06 11:05,30.0
04/16/06 11:10,30.2
04/16/06 11:15,30.0
04/16/06 11:20,29.6
04/16/06 11:25,29.3
04/16/06 11:30,29.1
04/16/06 11:35,29.0
04/16/06 11:40,28.9
04/16/06 11:45,28.7
04/16/06 11:50,28.4
04/16/06 11:55,28.1
04/16/06 12:00,27.9
04/16/06 12:05,27.9
04/16/06 12:10,28.0
04/16/06 12:15,28.0
04/16/06 12:20,28.9
04/16/06 12:25,29.9
04/16/06 12:30,30.6
04/16/06 12:35,30.5
04/16/06 12:40,30.4
04/16/06 12:45,30.1
04/16/06 12:50,29.7
04/16/06 12:55,29.6
04/16/06 13:00,29.5
04/16/06 13:05,29.4
04/16/06 13:10,29.0
04/16/06 13:15,27.9
04/16/06 13:20,26.3
04/16/06 13:25,25.2
04/16/06 13:30,24.5
04/16/06 13:35,24.1
04/16/06 13:40,24.1
04/16/06 13:45,24.0
04/16/06 13:50,24.4
04/16/06 13:55,24.8
04/16/06 14:00,25.3
04/16/06 14:05,24.9
04/16/06 14:10,24.0
04/16/06 14:15,23.5
04/16/06 14:20,22.8
04/16/06 14:25,22.0
04/16/06 14:30,21.6
04/16/06 14:35,21.6
04/16/06 14:40,21.8
04/16/06 14:45,22.0
04/16/06 14:50,22.2
04/16/06 14:55,22.1
04/16/06 15:00,21.9
04/16/06 15:05,21.1
04/16/06 15:10,20.5
04/16/06 15:15,18.9
04/16/06 15:20,17.0
04/16/06 15:25,16.0
04/16/06 15:30,15.3
04/16/06 15:35,14.6
04/16/06 15:40,14.2
04/16/06 15:45,13.3
04/16/06 15:50,12.7
04/16/06 15:55,12.2
04/16/06 16:00,11.1
04/16/06 16:05,9.8
04/16/06 16:10,9.1
04/16/06 16:15,8.6
04/16/06 16:20,8.1
04/16/06 16:25,7.8
04/16/06 16:30,7.7
04/16/06 16:35,7.4
04/16/06 16:40,7.1
04/16/06 16:45,6.6
04/16/06 16:50,6.0
04/16/06 16:55,5.3
04/16/06 17:00,4.6
04/16/06 17:05,4.0
04/16/06 17:10,3.6
04/16/06 17:15,2.2
04/16/06 17:20,1.3
04/16/06 17:25,0.8
04/16/06 17:30,0.5
04/16/06 17:35,0.2
04/16/06 17:40,0.1
04/16/06 17:45,0.0
04/16/06 17:50,0.0
04/16/06 17:55,0.0
04/16/06 18:00,0.0
04/16/06 18:05,0.0
04/16/06 18:10,0.0
04/16/06 18:15,0.0
04/16/06 18:20,0.0
04/16/06 18:25,0.0
04/16/06 18:30,0.0
04/16/06 18:35,0.0
04/16/06 18:40,0.0
04/16/06 18:45,0.0
04/16/06 18:50,0.0
04/16/06 18:55,0.0
04/16/06 19:00,0.0
04/16/06 19:05,0.0
04/16/06 19:10,0.0
04/16/06 19:15,0.0
04/16/06 19:20,0.0
04/16/06 19:25,0.0
04/16/06 19:30,0.0
04/16/06 19:35,0.0
04/16/06 19:40,0.0
04/16/06 19:45,0.0
04/16/06 19:50,0.0
04/16/06 19:55,0.0
04/16/06 20:00,0.0
04/16/06 20:05,0.0
04/16/06 20:10,0.0
04/16/06 20:15,0.0
04/16/06 20:20,0.0
04/16/06 20:25,0.0
04/16/06 20:30,0.0
04/16/06 20:35,0.0
04/16/06 20:40,0.0
04/16/06 20:45,0.0
04/16/06 20:50,0.0
04/16/06 20:55,0.0
04/16/06 21:00,0.0
04/16/06 21:05,0.0
04/16/06 21:10,0.0
04/16/06 21:15,0.0
04/16/06 21:20,0.0
04/16/06 21:25,0.0
04/16/06 21:30,0.0
04/16/06 21:35,0.0
04/16/06 21:40,0.0
04/16/06 21:45,0.0
04/16/06 21:50,0.0
04/16/06 21:55,0.0
04/16/06 22:00,0.0
04/16/06 22:05,0.0
04/16/06 22:10,0.0
04/16/06 22:15,0.0
04/16/06 22:20,0.0
04/16/06 22:25,0.0
04/16/06 22:30,0.0
04/16/06 22:35,0.0
04/16/06 22:40,0.0
04/16/06 22:45,0.0
04/16/06 22:50,0.0
04/16/06 22:55,0.0
04/16/06 23:00,0.0
04/16/06 23:05,0.0
04/16/06 23:10,0.0
04/16/06 23:15,0.0
04/16/06 23:20,0.0
04/16/06 23:25,0.0
04/16/06 23:30,0.0
04/16/06 23:35,0.0
04/16/06 23:40,0.0
04/16/06 23:45,0.0
04/16/06 23:50,0.0
04/16/06 23:55,0.0
04/17/06 00:00,0.0
04/17/06 00:05,0.0
04/17/06 00:10,0.0
04/17/06 00:15,0.0
04/17/06 00:20,0.0
04/17/06 00:25,0.0
04/17/06 00:30,0.0
04/17/06 00:35,0.0
04/17/06 00:40,0.0
04/17/06 00:45,0.0
04/17/06 00:50,0.0
04/17/06 00:55,0.0
04/17/06 01:00,0.0
04/17/06 01:05,0.0
04/17/06 01:10,0.0
04/17/06 01:15,0.0
04/17/06 01:20,0.0
04/17/06 01:25,0.0
04/17/06 01:30,0.0
04/17/06 01:35,0.0
04/17/06 01:40,0.0
04/17/06 01:45,0.0
04/17/06 01:50,0.0
04/17/06 01:55,0.0
04/17/06 02:00,0.0
04/17/06 02:05,0.0
04/17/06 02:10,0.0
04/17/06 02:15,0.0
04/17/06 02:20,0.0
04/17/06 02:25,0.0
04/17/06 02:30,0.0
04/17/06 02:35,0.0
04/17/06 02:40,0.0
04/17/06 02:45,0.0
04/17/06 02:50,0.0
04/17/06 02:55,0.0
04/17/06 03:00,0.0
04/17/06 03:05,0.0
04/17/06 03:10,0.0
04/17/06 03:15,0.0
04/17/06 03:20,0.0
04/17/06 03:25,0.0
04/17/06 03:30,0.0
04/17/06 03:35,0.0
04/17/06 03:40,0.0
04/17/06 03:45,0.0
04/17/06 03:50,0.0
04/17/06 03:55,0.0
04/17/06 04:00,0.0
04/17/06 04:05,0.0
04/17/06 04:10,0.0
04/17/06 04:15,0.0
04/17/06 04:20,0.0
04/17/06 04:25,0.0
04/17/06 04:30,0.0
04/17/06 04:35,0.0
04/17/06 04:40,0.0
04/17/06 04:45,0.0
04/17/06 04:50,0.0
04/17/06 04:55,0.0
04/17/06 05:00,0.0
04/17/06 05:05,0.0
04/17/06 05:10,0.0
04/17/06 05:15,0.0
04/17/06 05:20,0.0
04/17/06 05:25,0.0
04/17/06 05:30,0.0
04/17/06 05:35,0.0
04/17/06 05:40,0.0
04/17/06 05:45,0.0
04/17/06 05:50,0.0
04/17/06 05:55,0.0
04/17/06 06:00,0.0
04/17/06 06:05,0.1
04/17/06 06:10,0.3
04/17/06 06:15,0.7
04/17/06 06:20,1.3
04/17/06 06:25,2.3
04/17/06 06:30,3.6
04/17/06 06:35,4.1
04/17/06 06:40,4.6
04/17/06 06:45,5.1
04/17/06 06:50,5.7
04/17/06 06:55,6.2
04/17/06 07:00,6.9
04/17/06 07:05,7.5
04/17/06 07:10,8.2
04/17/06 07:15,8.9
04/17/06 07:20,9.6
04/17/06 07:25,10.2
04/17/06 07:30,10.9
04/17/06 07:35,11.6
04/17/06 07:40,12.3
04/17/06 07:45,12.9
04/17/06 07:50,13.5
04/17/06 07:55,14.1
04/17/06 08:00,14.7
04/17/06 08:05,15.4
04/17/06 08:10,15.9
04/17/06 08:15,16.5
04/17/06 08:20,17.2
04/17/06 08:25,17.9
04/17/06 08:30,18.8
04/17/06 08:35,19.6
04/17/06 08:40,20.3
04/17/06 08:45,21.0
04/17/06 08:50,21.6
04/17/06 08:55,22.2
04/17/06 09:00,22.7
04/17/06 09:05,23.2
04/17/06 09:10,23.6
04/17/06 09:15,23.7
04/17/06 09:20,23.8
04/17/06 09:25,24.1
04/17/06 09:30,24.2
04/17/06 09:35,24.5
04/17/06 09:40,24.5
04/17/06 09:45,24.5
04/17/06 09:50,24.6
04/17/06 09:55,24.5
04/17/06 10:00,24.6
04/17/06 10:05,25.0
04/17/06 10:10,25.3
04/17/06 10:15,25.7
04/17/06 10:20,26.0
04/17/06 10:25,26.3
04/17/06 10:30,26.6
04/17/06 10:35,26.8
04/17/06 10:40,26.9
04/17/06 10:45,27.1
04/17/06 10:50,27.0
04/17/06 10:55,26.9
04/17/06 11:00,27.0
04/17/06 11:05,27.1
04/17/06 11:10,27.1
04/17/06 11:15,26.7
04/17/06 11:20,26.0
04/17/06 11:25,26.1
04/17/06 11:30,25.9
04/17/06 11:35,25.8
04/17/06 11:40,25.0
04/17/06 11:45,23.8
04/17/06 11:50,22.6
04/17/06 11:55,23.4
04/17/06 12:00,24.0
04/17/06 12:05,24.5
04/17/06 12:10,25.1
04/17/06 12:15,24.8
04/17/06 12:20,22.9
04/17/06 12:25,21.5
04/17/06 12:30,20.8
04/17/06 12:35,24.6
04/17/06 12:40,27.1
04/17/06 12:45,28.7
04/17/06 12:50,29.5
04/17/06 12:55,28.7
04/17/06 13:00,25.3
04/17/06 13:05,21.6
04/17/06 13:10,19.7
04/17/06 13:15,20.4
04/17/06 13:20,22.3
04/17/06 13:25,23.5
04/17/06 13:30,24.4
04/17/06 13:35,24.7
04/17/06 13:40,24.5
04/17/06 13:45,24.3
04/17/06 13:50,24.4
04/17/06 13:55,24.5
04/17/06 14:00,25.0
04/17/06 14:05,25.5
04/17/06 14:10,25.6
04/17/06 14:15,24.7
04/17/06 14:20,23.7
04/17/06 14:25,23.1
04/17/06 14:30,22.8
04/17/06 14:35,22.6
04/17/06 14:40,22.4
04/17/06 14:45,22.1
04/17/06 14:50,21.8
04/17/06 14:55,21.5
04/17/06 15:00,21.0
04/17/06 15:05,20.5
04/17/06 15:10,19.7
04/17/06 15:15,18.8
04/17/06 15:20,18.0
04/17/06 15:25,17.5
04/17/06 15:30,17.0
04/17/06 15:35,16.5
04/17/06 15:40,15.9
04/17/06 15:45,15.3
04/17/06 15:50,14.7
04/17/06 15:55,14.0
04/17/06 16:00,13.3
04/17/06 16:05,12.5
04/17/06 16:10,11.8
04/17/06 16:15,11.0
04/17/06 16:20,10.1
04/17/06 16:25,9.4
04/17/06 16:30,8.7
04/17/06 16:35,8.0
04/17/06 16:40,7.4
04/17/06 16:45,6.8
04/17/06 16:50,6.1
04/17/06 16:55,5.5
04/17/06 17:00,5.0
04/17/06 17:05,4.4
04/17/06 17:10,3.9
04/17/06 17:15,3.2
04/17/06 17:20,1.9
04/17/06 17:25,1.0
04/17/06 17:30,0.5
04/17/06 17:35,0.2
04/17/06 17:40,0.1
04/17/06 17:45,0.0
04/17/06 17:50,0.0
04/17/06 17:55,0.0
04/17/06 18:00,0.0
04/17/06 18:05,0.0
04/17/06 18:10,0.0
04/17/06 18:15,0.0
04/17/06 18:20,0.0
04/17/06 18:25,0.0
04/17/06 18:30,0.0
04/17/06 18:35,0.0
04/17/06 18:40,0.0
04/17/06 18:45,0.0
04/17/06 18:50,0.0
04/17/06 18:55,0.0
04/17/06 19:00,0.0
04/17/06 19:05,0.0
04/17/06 19:10,0.0
04/17/06 19:15,0.0
04/17/06 19:20,0.0
04/17/06 19:25,0.0
04/17/06 19:30,0.0
04/17/06 19:35,0.0
04/17/06 19:40,0.0
04/17/06 19:45,0.0
04/17/06 19:50,0.0
04/17/06 19:55,0.0
04/17/06 20:00,0.0
04/17/06 20:05,0.0
04/17/06 20:10,0.0
04/17/06 20:15,0.0
04/17/06 20:20,0.0
04/17/06 20:25,0.0
04/17/06 20:30,0.0
04/17/06 20:35,0.0
04/17/06 20:40,0.0
04/17/06 20:45,0.0
04/17/06 20:50,0.0
04/17/06 20:55,0.0
04/17/06 21:00,0.0
04/17/06 21:05,0.0
04/17/06 21:10,0.0
04/17/06 21:15,0.0
04/17/06 21:20,0.0
04/17/06 21:25,0.0
04/17/06 21:30,0.0
04/17/06 21:35,0.0
04/17/06 21:40,0.0
04/17/06 21:45,0.0
04/17/06 21:50,0.0
04/17/06 21:55,0.0
04/17/06 22:00,0.0
04/17/06 22:05,0.0
04/17/06 22:10,0.0
04/17/06 22:15,0.0
04/17/06 22:20,0.0
04/17/06 22:25,0.0
04/17/06 22:30,0.0
04/17/06 22:35,0.0
04/17/06 22:40,0.0
04/17/06 22:45,0.0
04/17/06 22:50,0.0
04/17/06 22:55,0.0
04/17/06 23:00,0.0
04/17/06 23:05,0.0
04/17/06 23:10,0.0
04/17/06 23:15,0.0
04/17/06 23:20,0.0
04/17/06 23:25,0.0
04/17/06 23:30,0.0
04/17/06 23:35,0.0
04/17/06 23:40,0.0
04/17/06 23:45,0.0
04/17/06 23:50,0.0
04/17/06 23:55,0.0
04/18/06 00:00,0.0
04/18/06 00:05,0.0
04/18/06 00:10,0.0
04/18/06 00:15,0.0
04/18/06 00:20,0.0
04/18/06 00:25,0.0
04/18/06 00:30,0.0
04/18/06 00:35,0.0
04/18/06 00:40,0.0
04/18/06 00:45,0.0
04/18/06 00:50,0.0
04/18/06 00:55,0.0
04/18/06 01:00,0.0
04/18/06 01:05,0.0
04/18/06 01:10,0.0
04/18/06 01:15,0.0
04/18/06 01:20,0.0
04/18/06 01:25,0.0
04/18/06 01:30,0.0
04/18/06 01:35,0.0
04/18/06 01:40,0.0
04/18/06 01:45,0.0
04/18/06 01:50,0.0
04/18/06 01:55,0.0
04/18/06 02:00,0.0
04/18/06 02:05,0.0
04/18/06 02:10,0.0
04/18/06 02:15,0.0
04/18/06 02:20,0.0
04/18/06 02:25,0.0
04/18/06 02:30,0.0
04/18/06 02:35,0.0
04/18/06 02:40,0.0
04/18/06 02:45,0.0
04/18/06 02:50,0.0
04/18/06 02:55,0.0
04/18/06 03:00,0.0
04/18/06 03:05,0.0
04/18/06 03:10,0.0
04/18/06 03:15,0.0
04/18/06 03:20,0.0
04/18/06 03:25,0.0
04/18/06 03:30,0.0
04/18/06 03:35,0.0
04/18/06 03:40,0.0
04/18/06 03:45,0.0
04/18/06 03:50,0.0
04/18/06 03:55,0.0
04/18/06 04:00,0.0
04/18/06 04:05,0.0
04/18/06 04:10,0.0
04/18/06 04:15,0.0
04/18/06 04:20,0.0
04/18/06 04:25,0.0
04/18/06 04:30,0.0
04/18/06 04:35,0.0
04/18/06 04:40,0.0
04/18/06 04:45,0.0
04/18/06 04:50,0.0
04/18/06 04:55,0.0
04/18/06 05:00,0.0
04/18/06 05:05,0.0
04/18/06 05:10,0.0
04/18/06 05:15,0.0
04/18/06 05:20,0.0
04/18/06 05:25,0.0
04/18/06 05:30,0.0
04/18/06 05:35,0.0
04/18/06 05:40,0.0
04/18/06 05:45,0.0
04/18/06 05:50,0.0
04/18/06 05:55,0.1
04/18/06 06:00,0.2
04/18/06 06:05,0.2
04/18/06 06:10,0.3
04/18/06 06:15,0.4
04/18/06 06:20,0.8
04/18/06 06:25,1.5
04/18/06 06:30,2.1
04/18/06 06:35,3.5
04/18/06 06:40,3.7
04/18/06 06:45,3.9
04/18/06 06:50,4.7
04/18/06 06:55,5.5
04/18/06 07:00,6.5
04/18/06 07:05,6.8
04/18/06 07:10,6.4
04/18/06 07:15,6.4
04/18/06 07:20,6.7
04/18/06 07:25,7.2
04/18/06 07:30,8.5
04/18/06 07:35,9.6
04/18/06 07:40,10.5
04/18/06 07:45,11.3
04/18/06 07:50,12.0
04/18/06 07:55,12.7
04/18/06 08:00,13.4
04/18/06 08:05,14.2
04/18/06 08:10,14.9
04/18/06 08:15,14.5
04/18/06 08:20,14.2
04/18/06 08:25,14.4
04/18/06 08:30,14.9
04/18/06 08:35,15.7
04/18/06 08:40,16.8
04/18/06 08:45,17.6
04/18/06 08:50,18.4
04/18/06 08:55,19.2
04/18/06 09:00,20.1
04/18/06 09:05,21.2
04/18/06 09:10,22.4
04/18/06 09:15,22.9
04/18/06 09:20,23.0
04/18/06 09:25,23.2
04/18/06 09:30,23.4
04/18/06 09:35,23.5
04/18/06 09:40,23.5
04/18/06 09:45,23.5
04/18/06 09:50,23.5
04/18/06 09:55,23.3
04/18/06 10:00,23.4
04/18/06 10:05,23.5
04/18/06 10:10,23.6
04/18/06 10:15,23.8
04/18/06 10:20,24.1
04/18/06 10:25,24.3
04/18/06 10:30,24.5
04/18/06 10:35,24.7
04/18/06 10:40,24.8
04/18/06 10:45,24.9
04/18/06 10:50,25.1
04/18/06 10:55,25.4
04/18/06 11:00,25.9
04/18/06 11:05,26.3
04/18/06 11:10,26.6
04/18/06 11:15,26.9
04/18/06 11:20,27.1
04/18/06 11:25,27.0
04/18/06 11:30,27.0
04/18/06 11:35,27.1
04/18/06 11:40,27.2
04/18/06 11:45,27.1
04/18/06 11:50,27.0
04/18/06 11:55,27.0
04/18/06 12:00,26.9
04/18/06 12:05,26.9
04/18/06 12:10,26.9
04/18/06 12:15,27.0
04/18/06 12:20,27.2
04/18/06 12:25,27.2
04/18/06 12:30,27.2
04/18/06 12:35,27.0
04/18/06 12:40,27.0
04/18/06 12:45,26.9
04/18/06 12:50,26.8
04/18/06 12:55,26.7
04/18/06 13:00,26.5
04/18/06 13:05,26.4
04/18/06 13:10,26.3
04/18/06 13:15,26.1
04/18/06 13:20,25.8
04/18/06 13:25,25.5
04/18/06 13:30,25.2
04/18/06 13:35,24.9
04/18/06 13:40,24.4
04/18/06 13:45,23.9
04/18/06 13:50,23.4
04/18/06 13:55,22.9
04/18/06 14:00,22.4
04/18/06 14:05,21.9
04/18/06 14:10,21.4
04/18/06 14:15,20.9
04/18/06 14:20,20.5
04/18/06 14:25,20.1
04/18/06 14:30,19.7
04/18/06 14:35,19.2
04/18/06 14:40,18.8
04/18/06 14:45,18.6
04/18/06 14:50,18.3
04/18/06 14:55,18.0
04/18/06 15:00,17.6
04/18/06 15:05,17.1
04/18/06 15:10,16.7
04/18/06 15:15,16.2
04/18/06 15:20,15.4
04/18/06 15:25,14.7
04/18/06 15:30,14.3
04/18/06 15:35,14.0
04/18/06 15:40,13.7
04/18/06 15:45,13.3
04/18/06 15:50,12.8
04/18/06 15:55,12.3
04/18/06 16:00,11.8
04/18/06 16:05,11.3
04/18/06 16:10,10.8
04/18/06 16:15,10.3
04/18/06 16:20,9.8
04/18/06 16:25,9.2
04/18/06 16:30,8.6
04/18/06 16:35,8.1
04/18/06 16:40,7.5
04/18/06 16:45,6.9
04/18/06 16:50,6.3
04/18/06 16:55,5.7
04/18/06 17:00,5.2
04/18/06 17:05,4.7
04/18/06 17:10,4.2
04/18/06 17:15,3.7
04/18/06 17:20,2.3
04/18/06 17:25,1.2
04/18/06 17:30,0.6
04/18/06 17:35,0.2
04/18/06 17:40,0.1
04/18/06 17:45,0.0
04/18/06 17:50,0.0
04/18/06 17:55,0.0
04/18/06 18:00,0.0
04/18/06 18:05,0.0
04/18/06 18:10,0.0
04/18/06 18:15,0.0
04/18/06 18:20,0.0
04/18/06 18:25,0.0
04/18/06 18:30,0.0
04/18/06 18:35,0.0
04/18/06 18:40,0.0
04/18/06 18:45,0.0
04/18/06 18:50,0.0
04/18/06 18:55,0.0
04/18/06 19:00,0.0
04/18/06 19:05,0.0
04/18/06 19:10,0.0
04/18/06 19:15,0.0
04/18/06 19:20,0.0
04/18/06 19:25,0.0
04/18/06 19:30,0.0
04/18/06 19:35,0.0
04/18/06 19:40,0.0
04/18/06 19:45,0.0
04/18/06 19:50,0.0
04/18/06 19:55,0.0
04/18/06 20:00,0.0
04/18/06 20:05,0.0
04/18/06 20:10,0.0
04/18/06 20:15,0.0
04/18/06 20:20,0.0
04/18/06 20:25,0.0
04/18/06 20:30,0.0
04/18/06 20:35,0.0
04/18/06 20:40,0.0
04/18/06 20:45,0.0
04/18/06 20:50,0.0
04/18/06 20:55,0.0
04/18/06 21:00,0.0
04/18/06 21:05,0.0
04/18/06 21:10,0.0
04/18/06 21:15,0.0
04/18/06 21:20,0.0
04/18/06 21:25,0.0
04/18/06 21:30,0.0
04/18/06 21:35,0.0
04/18/06 21:40,0.0
04/18/06 21:45,0.0
04/18/06 21:50,0.0
04/18/06 21:55,0.0
04/18/06 22:00,0.0
04/18/06 22:05,0.0
04/18/06 22:10,0.0
04/18/06 22:15,0.0
04/18/06 22:20,0.0
04/18/06 22:25,0.0
04/18/06 22:30,0.0
04/18/06 22:35,0.0
04/18/06 22:40,0.0
04/18/06 22:45,0.0
04/18/06 22:50,0.0
04/18/06 22:55,0.0
04/18/06 23:00,0.0
04/18/06 23:05,0.0
04/18/06 23:10,0.0
04/18/06 23:15,0.0
04/18/06 23:20,0.0
04/18/06 23:25,0.0
04/18/06 23:30,0.0
04/18/06 23:35,0.0
04/18/06 23:40,0.0
04/18/06 23:45,0.0
04/18/06 23:50,0.0
04/18/06 23:55,0.0
04/19/06 00:00,0.0
04/19/06 00:05,0.0
04/19/06 00:10,0.0
04/19/06 00:15,0.0
04/19/06 00:20,0.0
04/19/06 00:25,0.0
04/19/06 00:30,0.0
04/19/06 00:35,0.0
04/19/06 00:40,0.0
04/19/06 00:45,0.0
04/19/06 00:50,0.0
04/19/06 00:55,0.0
04/19/06 01:00,0.0
04/19/06 01:05,0.0
04/19/06 01:10,0.0
04/19/06 01:15,0.0
04/19/06 01:20,0.0
04/19/06 01:25,0.0
04/19/06 01:30,0.0
04/19/06 01:35,0.0
04/19/06 01:40,0.0
04/19/06 01:45,0.0
04/19/06 01:50,0.0
04/19/06 01:55,0.0
04/19/06 02:00,0.0
04/19/06 02:05,0.0
04/19/06 02:10,0.0
04/19/06 02:15,0.0
04/19/06 02:20,0.0
04/19/06 02:25,0.0
04/19/06 02:30,0.0
04/19/06 02:35,0.0
04/19/06 02:40,0.0
04/19/06 02:45,0.0
04/19/06 02:50,0.0
04/19/06 02:55,0.0
04/19/06 03:00,0.0
04/19/06 03:05,0.0
04/19/06 03:10,0.0
04/19/06 03:15,0.0
04/19/06 03:20,0.0
04/19/06 03:25,0.0
04/19/06 03:30,0.0
04/19/06 03:35,0.0
04/19/06 03:40,0.0
04/19/06 03:45,0.0
04/19/06 03:50,0.0
04/19/06 03:55,0.0
04/19/06 04:00,0.0
04/19/06 04:05,0.0
04/19/06 04:10,0.0
04/19/06 04:15,0.0
04/19/06 04:20,0.0
04/19/06 04:25,0.0
04/19/06 04:30,0.0
04/19/06 04:35,0.0
04/19/06 04:40,0.0
04/19/06 04:45,0.0
04/19/06 04:50,0.0
04/19/06 04:55,0.0
04/19/06 05:00,0.0
04/19/06 05:05,0.0
04/19/06 05:10,0.0
04/19/06 05:15,0.0
04/19/06 05:20,0.0
04/19/06 05:25,0.0
04/19/06 05:30,0.0
04/19/06 05:35,0.0
04/19/06 05:40,0.0
04/19/06 05:45,0.0
04/19/06 05:50,0.0
04/19/06 05:55,0.0
04/19/06 06:00,0.1
04/19/06 06:05,0.1
04/19/06 06:10,0.2
04/19/06 06:15,0.4
04/19/06 06:20,0.7
04/19/06 06:25,1.4
04/19/06 06:30,1.8
04/19/06 06:35,2.7
04/19/06 06:40,4.0
04/19/06 06:45,4.7
04/19/06 06:50,5.4
04/19/06 06:55,6.1
04/19/06 07:00,6.7
04/19/06 07:05,6.7
04/19/06 07:10,6.8
04/19/06 07:15,6.8
04/19/06 07:20,6.0
04/19/06 07:25,5.7
04/19/06 07:30,6.1
04/19/06 07:35,7.0
04/19/06 07:40,9.1
04/19/06 07:45,10.9
04/19/06 07:50,12.1
04/19/06 07:55,13.1
04/19/06 08:00,14.2
04/19/06 08:05,14.5
04/19/06 08:10,13.1
04/19/06 08:15,12.7
04/19/06 08:20,12.9
04/19/06 08:25,12.5
04/19/06 08:30,13.2
04/19/06 08:35,14.6
04/19/06 08:40,14.9
04/19/06 08:45,16.2
04/19/06 08:50,15.2
04/19/06 08:55,11.6
04/19/06 09:00,12.7
04/19/06 09:05,14.7
04/19/06 09:10,16.0
04/19/06 09:15,15.3
04/19/06 09:20,15.8
04/19/06 09:25,16.7
04/19/06 09:30,18.1
04/19/06 09:35,19.5
04/19/06 09:40,20.4
04/19/06 09:45,21.0
04/19/06 09:50,21.7
04/19/06 09:55,22.6
04/19/06 10:00,23.8
04/19/06 10:05,25.0
04/19/06 10:10,25.5
04/19/06 10:15,25.0
04/19/06 10:20,24.2
04/19/06 10:25,24.2
04/19/06 10:30,24.4
04/19/06 10:35,24.5
04/19/06 10:40,24.6
04/19/06 10:45,25.1
04/19/06 10:50,25.0
04/19/06 10:55,24.9
04/19/06 11:00,24.5
04/19/06 11:05,24.2
04/19/06 11:10,23.7
04/19/06 11:15,24.4
04/19/06 11:20,25.8
04/19/06 11:25,26.6
04/19/06 11:30,27.0
04/19/06 11:35,27.3
04/19/06 11:40,27.5
04/19/06 11:45,27.5
04/19/06 11:50,27.4
04/19/06 11:55,27.2
04/19/06 12:00,27.0
04/19/06 12:05,26.8
04/19/06 12:10,26.6
04/19/06 12:15,26.3
04/19/06 12:20,25.7
04/19/06 12:25,26.0
04/19/06 12:30,26.2
04/19/06 12:35,26.1
04/19/06 12:40,25.9
04/19/06 12:45,25.4
04/19/06 12:50,24.7
04/19/06 12:55,24.6
04/19/06 13:00,24.5
04/19/06 13:05,24.4
04/19/06 13:10,24.7
04/19/06 13:15,23.8
04/19/06 13:20,22.8
04/19/06 13:25,22.3
04/19/06 13:30,22.1
04/19/06 13:35,22.1
04/19/06 13:40,22.1
04/19/06 13:45,22.4
04/19/06 13:50,22.4
04/19/06 13:55,22.5
04/19/06 14:00,22.5
04/19/06 14:05,22.5
04/19/06 14:10,22.3
04/19/06 14:15,22.0
04/19/06 14:20,21.5
04/19/06 14:25,21.1
04/19/06 14:30,20.9
04/19/06 14:35,20.8
04/19/06 14:40,20.5
04/19/06 14:45,20.2
04/19/06 14:50,20.2
04/19/06 14:55,20.1
04/19/06 15:00,19.7
04/19/06 15:05,19.3
04/19/06 15:10,18.9
04/19/06 15:15,18.3
04/19/06 15:20,17.2
04/19/06 15:25,15.1
04/19/06 15:30,14.3
04/19/06 15:35,11.8
04/19/06 15:40,11.0
04/19/06 15:45,11.6
04/19/06 15:50,8.8
04/19/06 15:55,5.7
04/19/06 16:00,4.7
04/19/06 16:05,7.1
04/19/06 16:10,8.0
04/19/06 16:15,8.6
04/19/06 16:20,8.8
04/19/06 16:25,8.5
04/19/06 16:30,7.8
04/19/06 16:35,7.1
04/19/06 16:40,6.6
04/19/06 16:45,6.1
04/19/06 16:50,5.6
04/19/06 16:55,5.2
04/19/06 17:00,4.8
04/19/06 17:05,4.3
04/19/06 17:10,3.8
04/19/06 17:15,2.3
04/19/06 17:20,1.0
04/19/06 17:25,0.4
04/19/06 17:30,0.2
04/19/06 17:35,0.1
04/19/06 17:40,0.0
04/19/06 17:45,0.0
04/19/06 17:50,0.0
04/19/06 17:55,0.0
04/19/06 18:00,0.0
04/19/06 18:05,0.0
04/19/06 18:10,0.0
04/19/06 18:15,0.0
04/19/06 18:20,0.0
04/19/06 18:25,0.0
04/19/06 18:30,0.0
04/19/06 18:35,0.0
04/19/06 18:40,0.0
04/19/06 18:45,0.0
04/19/06 18:50,0.0
04/19/06 18:55,0.0
04/19/06 19:00,0.0
04/19/06 19:05,0.0
04/19/06 19:10,0.0
04/19/06 19:15,0.0
04/19/06 19:20,0.0
04/19/06 19:25,0.0
04/19/06 19:30,0.0
04/19/06 19:35,0.0
04/19/06 19:40,0.0
04/19/06 19:45,0.0
04/19/06 19:50,0.0
04/19/06 19:55,0.0
04/19/06 20:00,0.0
04/19/06 20:05,0.0
04/19/06 20:10,0.0
04/19/06 20:15,0.0
04/19/06 20:20,0.0
04/19/06 20:25,0.0
04/19/06 20:30,0.0
04/19/06 20:35,0.0
04/19/06 20:40,0.0
04/19/06 20:45,0.0
04/19/06 20:50,0.0
04/19/06 20:55,0.0
04/19/06 21:00,0.0
04/19/06 21:05,0.0
04/19/06 21:10,0.0
04/19/06 21:15,0.0
04/19/06 21:20,0.0
04/19/06 21:25,0.0
04/19/06 21:30,0.0
04/19/06 21:35,0.0
04/19/06 21:40,0.0
04/19/06 21:45,0.0
04/19/06 21:50,0.0
04/19/06 21:55,0.0
04/19/06 22:00,0.0
04/19/06 22:05,0.0
04/19/06 22:10,0.0
04/19/06 22:15,0.0
04/19/06 22:20,0.0
04/19/06 22:25,0.0
04/19/06 22:30,0.0
04/19/06 22:35,0.0
04/19/06 22:40,0.0
04/19/06 22:45,0.0
04/19/06 22:50,0.0
04/19/06 22:55,0.0
04/19/06 23:00,0.0
04/19/06 23:05,0.0
04/19/06 23:10,0.0
04/19/06 23:15,0.0
04/19/06 23:20,0.0
04/19/06 23:25,0.0
04/19/06 23:30,0.0
04/19/06 23:35,0.0
04/19/06 23:40,0.0
04/19/06 23:45,0.0
04/19/06 23:50,0.0
04/19/06 23:55,0.0
04/20/06 00:00,0.0
04/20/06 00:05,0.0
04/20/06 00:10,0.0
04/20/06 00:15,0.0
04/20/06 00:20,0.0
04/20/06 00:25,0.0
04/20/06 00:30,0.0
04/20/06 00:35,0.0
04/20/06 00:40,0.0
04/20/06 00:45,0.0
04/20/06 00:50,0.0
04/20/06 00:55,0.0
04/20/06 01:00,0.0
04/20/06 01:05,0.0
04/20/06 01:10,0.0
04/20/06 01:15,0.0
04/20/06 01:20,0.0
04/20/06 01:25,0.0
04/20/06 01:30,0.0
04/20/06 01:35,0.0
04/20/06 01:40,0.0
04/20/06 01:45,0.0
04/20/06 01:50,0.0
04/20/06 01:55,0.0
04/20/06 02:00,0.0
04/20/06 02:05,0.0
04/20/06 02:10,0.0
04/20/06 02:15,0.0
04/20/06 02:20,0.0
04/20/06 02:25,0.0
04/20/06 02:30,0.0
04/20/06 02:35,0.0
04/20/06 02:40,0.0
04/20/06 02:45,0.0
04/20/06 02:50,0.0
04/20/06 02:55,0.0
04/20/06 03:00,0.0
04/20/06 03:05,0.0
04/20/06 03:10,0.0
04/20/06 03:15,0.0
04/20/06 03:20,0.0
04/20/06 03:25,0.0
04/20/06 03:30,0.0
04/20/06 03:35,0.0
04/20/06 03:40,0.0
04/20/06 03:45,0.0
04/20/06 03:50,0.0
04/20/06 03:55,0.0
04/20/06 04:00,0.0
04/20/06 04:05,0.0
04/20/06 04:10,0.0
04/20/06 04:15,0.0
04/20/06 04:20,0.0
04/20/06 04:25,0.0
04/20/06 04:30,0.0
04/20/06 04:35,0.0
04/20/06 04:40,0.0
04/20/06 04:45,0.0
04/20/06 04:50,0.0
04/20/06 04:55,0.0
04/20/06 05:00,0.0
04/20/06 05:05,0.0
04/20/06 05:10,0.0
04/20/06 05:15,0.0
04/20/06 05:20,0.0
04/20/06 05:25,0.0
04/20/06 05:30,0.0
04/20/06 05:35,0.0
04/20/06 05:40,0.0
04/20/06 05:45,0.0
04/20/06 05:50,0.0
04/20/06 05:55,0.0
04/20/06 06:00,0.0
04/20/06 06:05,0.2
04/20/06 06:10,0.4
04/20/06 06:15,0.8
04/20/06 06:20,1.5
04/20/06 06:25,2.5
04/20/06 06:30,3.7
04/20/06 06:35,4.1
04/20/06 06:40,4.6
04/20/06 06:45,5.1
04/20/06 06:50,5.6
04/20/06 06:55,6.1
04/20/06 07:00,6.7
04/20/06 07:05,7.2
04/20/06 07:10,7.7
04/20/06 07:15,8.3
04/20/06 07:20,8.7
04/20/06 07:25,9.1
04/20/06 07:30,9.5
04/20/06 07:35,9.9
04/20/06 07:40,10.4
04/20/06 07:45,11.0
04/20/06 07:50,11.4
04/20/06 07:55,11.9
04/20/06 08:00,12.8
04/20/06 08:05,13.6
04/20/06 08:10,14.3
04/20/06 08:15,15.2
04/20/06 08:20,16.1
04/20/06 08:25,17.5
04/20/06 08:30,18.4
04/20/06 08:35,19.1
04/20/06 08:40,20.0
04/20/06 08:45,21.3
04/20/06 08:50,22.1
04/20/06 08:55,22.4
04/20/06 09:00,22.8
04/20/06 09:05,23.4
04/20/06 09:10,23.4
04/20/06 09:15,22.4
04/20/06 09:20,20.8
04/20/06 09:25,20.1
04/20/06 09:30,20.0
04/20/06 09:35,20.0
04/20/06 09:40,20.2
04/20/06 09:45,20.7
04/20/06 09:50,21.1
04/20/06 09:55,21.2
04/20/06 10:00,21.4
04/20/06 10:05,21.8
04/20/06 10:10,22.1
04/20/06 10:15,22.6
04/20/06 10:20,23.4
04/20/06 10:25,22.9
04/20/06 10:30,20.5
04/20/06 10:35,21.7
04/20/06 10:40,21.4
04/20/06 10:45,22.7
04/20/06 10:50,23.6
04/20/06 10:55,22.7
04/20/06 11:00,18.1
04/20/06 11:05,13.6
04/20/06 11:10,14.4
04/20/06 11:15,18.5
04/20/06 11:20,20.8
04/20/06 11:25,21.5
04/20/06 11:30,21.1
04/20/06 11:35,19.0
04/20/06 11:40,17.5
04/20/06 11:45,17.4
04/20/06 11:50,17.6
04/20/06 11:55,17.3
04/20/06 12:00,17.3
04/20/06 12:05,17.9
04/20/06 12:10,17.9
04/20/06 12:15,19.9
04/20/06 12:20,23.0
04/20/06 12:25,25.2
04/20/06 12:30,26.4
04/20/06 12:35,27.1
04/20/06 12:40,27.0
04/20/06 12:45,26.6
04/20/06 12:50,26.5
04/20/06 12:55,26.4
04/20/06 13:00,26.4
04/20/06 13:05,26.1
04/20/06 13:10,25.6
04/20/06 13:15,24.4
04/20/06 13:20,22.7
04/20/06 13:25,22.7
04/20/06 13:30,21.3
04/20/06 13:35,19.2
04/20/06 13:40,18.4
04/20/06 13:45,19.3
04/20/06 13:50,19.2
04/20/06 13:55,18.4
04/20/06 14:00,19.5
04/20/06 14:05,17.6
04/20/06 14:10,15.6
04/20/06 14:15,17.9
04/20/06 14:20,19.1
04/20/06 14:25,19.7
04/20/06 14:30,19.9
04/20/06 14:35,20.1
04/20/06 14:40,20.3
04/20/06 14:45,20.0
04/20/06 14:50,19.3
04/20/06 14:55,18.9
04/20/06 15:00,18.5
04/20/06 15:05,18.1
04/20/06 15:10,17.4
04/20/06 15:15,17.2
04/20/06 15:20,16.8
04/20/06 15:25,16.3
04/20/06 15:30,15.7
04/20/06 15:35,15.0
04/20/06 15:40,14.0
04/20/06 15:45,12.9
04/20/06 15:50,11.7
04/20/06 15:55,11.0
04/20/06 16:00,10.6
04/20/06 16:05,10.3
04/20/06 16:10,9.2
04/20/06 16:15,8.6
04/20/06 16:20,8.9
04/20/06 16:25,8.7
04/20/06 16:30,8.4
04/20/06 16:35,8.0
04/20/06 16:40,7.5
04/20/06 16:45,6.8
04/20/06 16:50,6.1
04/20/06 16:55,5.6
04/20/06 17:00,5.1
04/20/06 17:05,4.5
04/20/06 17:10,4.0
04/20/06 17:15,3.5
04/20/06 17:20,2.0
04/20/06 17:25,1.1
04/20/06 17:30,0.5
04/20/06 17:35,0.2
04/20/06 17:40,0.1
04/20/06 17:45,0.0
04/20/06 17:50,0.0
04/20/06 17:55,0.0
04/20/06 18:00,0.0
04/20/06 18:05,0.0
04/20/06 18:10,0.0
04/20/06 18:15,0.0
04/20/06 18:20,0.0
04/20/06 18:25,0.0
04/20/06 18:30,0.0
04/20/06 18:35,0.0
04/20/06 18:40,0.0
04/20/06 18:45,0.0
04/20/06 18:50,0.0
04/20/06 18:55,0.0
04/20/06 19:00,0.0
04/20/06 19:05,0.0
04/20/06 19:10,0.0
04/20/06 19:15,0.0
04/20/06 19:20,0.0
04/20/06 19:25,0.0
04/20/06 19:30,0.0
04/20/06 19:35,0.0
04/20/06 19:40,0.0
04/20/06 19:45,0.0
04/20/06 19:50,0.0
04/20/06 19:55,0.0
04/20/06 20:00,0.0
04/20/06 20:05,0.0
04/20/06 20:10,0.0
04/20/06 20:15,0.0
04/20/06 20:20,0.0
04/20/06 20:25,0.0
04/20/06 20:30,0.0
04/20/06 20:35,0.0
04/20/06 20:40,0.0
04/20/06 20:45,0.0
04/20/06 20:50,0.0
04/20/06 20:55,0.0
04/20/06 21:00,0.0
04/20/06 21:05,0.0
04/20/06 21:10,0.0
04/20/06 21:15,0.0
04/20/06 21:20,0.0
04/20/06 21:25,0.0
04/20/06 21:30,0.0
04/20/06 21:35,0.0
04/20/06 21:40,0.0
04/20/06 21:45,0.0
04/20/06 21:50,0.0
04/20/06 21:55,0.0
04/20/06 22:00,0.0
04/20/06 22:05,0.0
04/20/06 22:10,0.0
04/20/06 22:15,0.0
04/20/06 22:20,0.0
04/20/06 22:25,0.0
04/20/06 22:30,0.0
04/20/06 22:35,0.0
04/20/06 22:40,0.0
04/20/06 22:45,0.0
04/20/06 22:50,0.0
04/20/06 22:55,0.0
04/20/06 23:00,0.0
04/20/06 23:05,0.0
04/20/06 23:10,0.0
04/20/06 23:15,0.0
04/20/06 23:20,0.0
04/20/06 23:25,0.0
04/20/06 23:30,0.0
04/20/06 23:35,0.0
04/20/06 23:40,0.0
04/20/06 23:45,0.0
04/20/06 23:50,0.0
04/20/06 23:55,0.0
04/21/06 00:00,0.0
04/21/06 00:05,0.0
04/21/06 00:10,0.0
04/21/06 00:15,0.0
04/21/06 00:20,0.0
04/21/06 00:25,0.0
04/21/06 00:30,0.0
04/21/06 00:35,0.0
04/21/06 00:40,0.0
04/21/06 00:45,0.0
04/21/06 00:50,0.0
04/21/06 00:55,0.0
04/21/06 01:00,0.0
04/21/06 01:05,0.0
04/21/06 01:10,0.0
04/21/06 01:15,0.0
04/21/06 01:20,0.0
04/21/06 01:25,0.0
04/21/06 01:30,0.0
04/21/06 01:35,0.0
04/21/06 01:40,0.0
04/21/06 01:45,0.0
04/21/06 01:50,0.0
04/21/06 01:55,0.0
04/21/06 02:00,0.0
04/21/06 02:05,0.0
04/21/06 02:10,0.0
04/21/06 02:15,0.0
04/21/06 02:20,0.0
04/21/06 02:25,0.0
04/21/06 02:30,0.0
04/21/06 02:35,0.0
04/21/06 02:40,0.0
04/21/06 02:45,0.0
04/21/06 02:50,0.0
04/21/06 02:55,0.0
04/21/06 03:00,0.0
04/21/06 03:05,0.0
04/21/06 03:10,0.0
04/21/06 03:15,0.0
04/21/06 03:20,0.0
04/21/06 03:25,0.0
04/21/06 03:30,0.0
04/21/06 03:35,0.0
04/21/06 03:40,0.0
04/21/06 03:45,0.0
04/21/06 03:50,0.0
04/21/06 03:55,0.0
04/21/06 04:00,0.0
04/21/06 04:05,0.0
04/21/06 04:10,0.0
04/21/06 04:15,0.0
04/21/06 04:20,0.0
04/21/06 04:25,0.0
04/21/06 04:30,0.0
04/21/06 04:35,0.0
04/21/06 04:40,0.0
04/21/06 04:45,0.0
04/21/06 04:50,0.0
04/21/06 04:55,0.0
04/21/06 05:00,0.0
04/21/06 05:05,0.0
04/21/06 05:10,0.0
04/21/06 05:15,0.0
04/21/06 05:20,0.0
04/21/06 05:25,0.0
04/21/06 05:30,0.0
04/21/06 05:35,0.0
04/21/06 05:40,0.0
04/21/06 05:45,0.0
04/21/06 05:50,0.0
04/21/06 05:55,0.0
04/21/06 06:00,0.1
04/21/06 06:05,0.2
04/21/06 06:10,0.5
04/21/06 06:15,1.0
04/21/06 06:20,1.8
04/21/06 06:25,3.3
04/21/06 06:30,3.9
04/21/06 06:35,4.4
04/21/06 06:40,4.9
04/21/06 06:45,5.4
04/21/06 06:50,5.9
04/21/06 06:55,6.4
04/21/06 07:00,7.0
04/21/06 07:05,7.6
04/21/06 07:10,8.2
04/21/06 07:15,8.9
04/21/06 07:20,9.7
04/21/06 07:25,10.4
04/21/06 07:30,11.2
04/21/06 07:35,11.9
04/21/06 07:40,12.7
04/21/06 07:45,13.4
04/21/06 07:50,14.2
04/21/06 07:55,14.9
04/21/06 08:00,15.7
04/21/06 08:05,16.3
04/21/06 08:10,16.9
04/21/06 08:15,17.2
04/21/06 08:20,17.2
04/21/06 08:25,17.7
04/21/06 08:30,17.5
04/21/06 08:35,17.9
04/21/06 08:40,18.7
04/21/06 08:45,19.1
04/21/06 08:50,19.5
04/21/06 08:55,19.5
04/21/06 09:00,20.0
04/21/06 09:05,20.5
04/21/06 09:10,20.8
04/21/06 09:15,21.2
04/21/06 09:20,21.5
04/21/06 09:25,21.9
04/21/06 09:30,22.6
04/21/06 09:35,23.5
04/21/06 09:40,24.8
04/21/06 09:45,26.1
04/21/06 09:50,26.7
04/21/06 09:55,26.8
04/21/06 10:00,27.5
04/21/06 10:05,28.4
04/21/06 10:10,28.8
04/21/06 10:15,28.1
04/21/06 10:20,27.2
04/21/06 10:25,26.4
04/21/06 10:30,25.9
04/21/06 10:35,25.5
04/21/06 10:40,25.3
04/21/06 10:45,25.0
04/21/06 10:50,24.9
04/21/06 10:55,24.5
04/21/06 11:00,24.0
04/21/06 11:05,23.4
04/21/06 11:10,23.1
04/21/06 11:15,22.6
04/21/06 11:20,22.1
04/21/06 11:25,21.8
04/21/06 11:30,21.6
04/21/06 11:35,21.5
04/21/06 11:40,21.5
04/21/06 11:45,21.6
04/21/06 11:50,21.8
04/21/06 11:55,22.4
04/21/06 12:00,22.8
04/21/06 12:05,23.2
04/21/06 12:10,23.5
04/21/06 12:15,23.5
04/21/06 12:20,21.7
04/21/06 12:25,20.1
04/21/06 12:30,19.6
04/21/06 12:35,20.2
04/21/06 12:40,21.0
04/21/06 12:45,19.3
04/21/06 12:50,17.8
04/21/06 12:55,16.4
04/21/06 13:00,15.2
04/21/06 13:05,14.5
04/21/06 13:10,13.9
04/21/06 13:15,13.4
04/21/06 13:20,12.4
04/21/06 13:25,10.8
04/21/06 13:30,10.2
04/21/06 13:35,11.1
04/21/06 13:40,12.8
04/21/06 13:45,13.1
04/21/06 13:50,13.0
04/21/06 13:55,13.3
04/21/06 14:00,12.9
04/21/06 14:05,15.7
04/21/06 14:10,16.0
04/21/06 14:15,15.0
04/21/06 14:20,13.8
04/21/06 14:25,12.8
04/21/06 14:30,11.8
04/21/06 14:35,10.9
04/21/06 14:40,10.0
04/21/06 14:45,9.2
04/21/06 14:50,8.3
04/21/06 14:55,7.2
04/21/06 15:00,6.4
04/21/06 15:05,5.7
04/21/06 15:10,4.9
04/21/06 15:15,4.3
04/21/06 15:20,4.5
04/21/06 15:25,4.8
04/21/06 15:30,5.0
04/21/06 15:35,4.9
04/21/06 15:40,4.7
04/21/06 15:45,4.6
04/21/06 15:50,4.3
04/21/06 15:55,4.0
04/21/06 16:00,3.8
04/21/06 16:05,3.7
04/21/06 16:10,3.7
04/21/06 16:15,2.7
04/21/06 16:20,1.1
04/21/06 16:25,0.5
04/21/06 16:30,0.2
04/21/06 16:35,0.1
04/21/06 16:40,0.1
04/21/06 16:45,0.1
04/21/06 16:50,0.0
04/21/06 16:55,0.0
04/21/06 17:00,0.0
04/21/06 17:05,0.0
04/21/06 17:10,0.0
04/21/06 17:15,0.0
04/21/06 17:20,0.0
04/21/06 17:25,0.0
04/21/06 17:30,0.0
04/21/06 17:35,0.0
04/21/06 17:40,0.0
04/21/06 17:45,0.0
04/21/06 17:50,0.0
04/21/06 17:55,0.0
04/21/06 18:00,0.0
04/21/06 18:05,0.0
04/21/06 18:10,0.0
04/21/06 18:15,0.0
04/21/06 18:20,0.0
04/21/06 18:25,0.0
04/21/06 18:30,0.0
04/21/06 18:35,0.0
04/21/06 18:40,0.0
04/21/06 18:45,0.0
04/21/06 18:50,0.0
04/21/06 18:55,0.0
04/21/06 19:00,0.0
04/21/06 19:05,0.0
04/21/06 19:10,0.0
04/21/06 19:15,0.0
04/21/06 19:20,0.0
04/21/06 19:25,0.0
04/21/06 19:30,0.0
04/21/06 19:35,0.0
04/21/06 19:40,0.0
04/21/06 19:45,0.0
04/21/06 19:50,0.0
04/21/06 19:55,0.0
04/21/06 20:00,0.0
04/21/06 20:05,0.0
04/21/06 20:10,0.0
04/21/06 20:15,0.0
04/21/06 20:20,0.0
04/21/06 20:25,0.0
04/21/06 20:30,0.0
04/21/06 20:35,0.0
04/21/06 20:40,0.0
04/21/06 20:45,0.0
04/21/06 20:50,0.0
04/21/06 20:55,0.0
04/21/06 21:00,0.0
04/21/06 21:05,0.0
04/21/06 21:10,0.0
04/21/06 21:15,0.0
04/21/06 21:20,0.0
04/21/06 21:25,0.0
04/21/06 21:30,0.0
04/21/06 21:35,0.0
04/21/06 21:40,0.0
04/21/06 21:45,0.0
04/21/06 21:50,0.0
04/21/06 21:55,0.0
04/21/06 22:00,0.0
04/21/06 22:05,0.0
04/21/06 22:10,0.0
04/21/06 22:15,0.0
04/21/06 22:20,0.0
04/21/06 22:25,0.0
04/21/06 22:30,0.0
04/21/06 22:35,0.0
04/21/06 22:40,0.0
04/21/06 22:45,0.0
04/21/06 22:50,0.0
04/21/06 22:55,0.0
04/21/06 23:00,0.0
04/21/06 23:05,0.0
04/21/06 23:10,0.0
04/21/06 23:15,0.0
04/21/06 23:20,0.0
04/21/06 23:25,0.0
04/21/06 23:30,0.0
04/21/06 23:35,0.0
04/21/06 23:40,0.0
04/21/06 23:45,0.0
04/21/06 23:50,0.0
04/21/06 23:55,0.0
04/22/06 00:00,0.0
04/22/06 00:05,0.0
04/22/06 00:10,0.0
04/22/06 00:15,0.0
04/22/06 00:20,0.0
04/22/06 00:25,0.0
04/22/06 00:30,0.0
04/22/06 00:35,0.0
04/22/06 00:40,0.0
04/22/06 00:45,0.0
04/22/06 00:50,0.0
04/22/06 00:55,0.0
04/22/06 01:00,0.0
04/22/06 01:05,0.0
04/22/06 01:10,0.0
04/22/06 01:15,0.0
04/22/06 01:20,0.0
04/22/06 01:25,0.0
04/22/06 01:30,0.0
04/22/06 01:35,0.0
04/22/06 01:40,0.0
04/22/06 01:45,0.0
04/22/06 01:50,0.0
04/22/06 01:55,0.0
04/22/06 02:00,0.0
04/22/06 02:05,0.0
04/22/06 02:10,0.0
04/22/06 02:15,0.0
04/22/06 02:20,0.0
04/22/06 02:25,0.0
04/22/06 02:30,0.0
04/22/06 02:35,0.0
04/22/06 02:40,0.0
04/22/06 02:45,0.0
04/22/06 02:50,0.0
04/22/06 02:55,0.0
04/22/06 03:00,0.0
04/22/06 03:05,0.0
04/22/06 03:10,0.0
04/22/06 03:15,0.0
04/22/06 03:20,0.0
04/22/06 03:25,0.0
04/22/06 03:30,0.0
04/22/06 03:35,0.0
04/22/06 03:40,0.0
04/22/06 03:45,0.0
04/22/06 03:50,0.0
04/22/06 03:55,0.0
04/22/06 04:00,0.0
04/22/06 04:05,0.0
04/22/06 04:10,0.0
04/22/06 04:15,0.0
04/22/06 04:20,0.0
04/22/06 04:25,0.0
04/22/06 04:30,0.0
04/22/06 04:35,0.0
04/22/06 04:40,0.0
04/22/06 04:45,0.0
04/22/06 04:50,0.0
04/22/06 04:55,0.0
04/22/06 05:00,0.0
04/22/06 05:05,0.0
04/22/06 05:10,0.0
04/22/06 05:15,0.0
04/22/06 05:20,0.0
04/22/06 05:25,0.0
04/22/06 05:30,0.0
04/22/06 05:35,0.0
04/22/06 05:40,0.0
04/22/06 05:45,0.0
04/22/06 05:50,0.1
04/22/06 05:55,0.2
04/22/06 06:00,0.3
04/22/06 06:05,0.7
04/22/06 06:10,1.2
04/22/06 06:15,2.1
04/22/06 06:20,3.5
04/22/06 06:25,3.9
04/22/06 06:30,4.2
04/22/06 06:35,4.8
04/22/06 06:40,5.4
04/22/06 06:45,6.0
04/22/06 06:50,6.5
04/22/06 06:55,6.8
04/22/06 07:00,7.0
04/22/06 07:05,7.8
04/22/06 07:10,8.7
04/22/06 07:15,9.5
04/22/06 07:20,9.2
04/22/06 07:25,9.4
04/22/06 07:30,11.0
04/22/06 07:35,11.9
04/22/06 07:40,9.9
04/22/06 07:45,10.1
04/22/06 07:50,10.5
04/22/06 07:55,10.9
04/22/06 08:00,12.8
04/22/06 08:05,14.3
04/22/06 08:10,15.5
04/22/06 08:15,14.6
04/22/06 08:20,13.2
04/22/06 08:25,12.0
04/22/06 08:30,11.3
04/22/06 08:35,10.6
04/22/06 08:40,9.9
04/22/06 08:45,9.2
04/22/06 08:50,8.8
04/22/06 08:55,8.7
04/22/06 09:00,8.6
04/22/06 09:05,8.5
04/22/06 09:10,8.3
04/22/06 09:15,9.2
04/22/06 09:20,8.9
04/22/06 09:25,8.2
04/22/06 09:30,8.2
04/22/06 09:35,9.2
04/22/06 09:40,9.6
04/22/06 09:45,9.6
04/22/06 09:50,9.6
04/22/06 09:55,10.4
04/22/06 10:00,11.6
04/22/06 10:05,10.8
04/22/06 10:10,11.0
04/22/06 10:15,10.3
04/22/06 10:20,9.6
04/22/06 10:25,9.2
04/22/06 10:30,8.7
04/22/06 10:35,8.6
04/22/06 10:40,8.8
04/22/06 10:45,8.9
04/22/06 10:50,8.9
04/22/06 10:55,8.7
04/22/06 11:00,8.7
04/22/06 11:05,9.2
04/22/06 11:10,9.9
04/22/06 11:15,15.5
04/22/06 11:20,20.9
04/22/06 11:25,24.1
04/22/06 11:30,26.2
04/22/06 11:35,27.7
04/22/06 11:40,28.6
04/22/06 11:45,28.9
04/22/06 11:50,29.2
04/22/06 11:55,29.3
04/22/06 12:00,29.4
04/22/06 12:05,29.6
04/22/06 12:10,29.8
04/22/06 12:15,29.5
04/22/06 12:20,28.7
04/22/06 12:25,28.3
04/22/06 12:30,27.9
04/22/06 12:35,27.6
04/22/06 12:40,27.2
04/22/06 12:45,26.9
04/22/06 12:50,26.6
04/22/06 12:55,26.5
04/22/06 13:00,26.3
04/22/06 13:05,26.3
04/22/06 13:10,26.2
04/22/06 13:15,26.2
04/22/06 13:20,26.0
04/22/06 13:25,25.8
04/22/06 13:30,25.5
04/22/06 13:35,25.3
04/22/06 13:40,25.2
04/22/06 13:45,25.1
04/22/06 13:50,24.9
04/22/06 13:55,24.6
04/22/06 14:00,24.3
04/22/06 14:05,24.0
04/22/06 14:10,23.7
04/22/06 14:15,23.3
04/22/06 14:20,22.3
04/22/06 14:25,21.6
04/22/06 14:30,21.2
04/22/06 14:35,20.9
04/22/06 14:40,20.4
04/22/06 14:45,19.6
04/22/06 14:50,18.9
04/22/06 14:55,18.4
04/22/06 15:00,17.8
04/22/06 15:05,16.9
04/22/06 15:10,16.2
04/22/06 15:15,15.5
04/22/06 15:20,14.9
04/22/06 15:25,14.5
04/22/06 15:30,14.1
04/22/06 15:35,13.7
04/22/06 15:40,13.3
04/22/06 15:45,13.0
04/22/06 15:50,12.7
04/22/06 15:55,12.4
04/22/06 16:00,12.2
04/22/06 16:05,12.1
04/22/06 16:10,11.9
04/22/06 16:15,11.3
04/22/06 16:20,10.4
04/22/06 16:25,9.6
04/22/06 16:30,8.9
04/22/06 16:35,8.1
04/22/06 16:40,7.2
04/22/06 16:45,6.2
04/22/06 16:50,5.3
04/22/06 16:55,4.6
04/22/06 17:00,4.1
04/22/06 17:05,3.7
04/22/06 17:10,2.8
04/22/06 17:15,2.2
04/22/06 17:20,1.7
04/22/06 17:25,1.1
04/22/06 17:30,0.6
04/22/06 17:35,0.4
04/22/06 17:40,0.2
04/22/06 17:45,0.1
04/22/06 17:50,0.0
04/22/06 17:55,0.0
04/22/06 18:00,0.0
04/22/06 18:05,0.0
04/22/06 18:10,0.0
04/22/06 18:15,0.0
04/22/06 18:20,0.0
04/22/06 18:25,0.0
04/22/06 18:30,0.0
04/22/06 18:35,0.0
04/22/06 18:40,0.0
04/22/06 18:45,0.0
04/22/06 18:50,0.0
04/22/06 18:55,0.0
04/22/06 19:00,0.0
04/22/06 19:05,0.0
04/22/06 19:10,0.0
04/22/06 19:15,0.0
04/22/06 19:20,0.0
04/22/06 19:25,0.0
04/22/06 19:30,0.0
04/22/06 19:35,0.0
04/22/06 19:40,0.0
04/22/06 19:45,0.0
04/22/06 19:50,0.0
04/22/06 19:55,0.0
04/22/06 20:00,0.0
04/22/06 20:05,0.0
04/22/06 20:10,0.0
04/22/06 20:15,0.0
04/22/06 20:20,0.0
04/22/06 20:25,0.0
04/22/06 20:30,0.0
04/22/06 20:35,0.0
04/22/06 20:40,0.0
04/22/06 20:45,0.0
04/22/06 20:50,0.0
04/22/06 20:55,0.0
04/22/06 21:00,0.0
04/22/06 21:05,0.0
04/22/06 21:10,0.0
04/22/06 21:15,0.0
04/22/06 21:20,0.0
04/22/06 21:25,0.0
04/22/06 21:30,0.0
04/22/06 21:35,0.0
04/22/06 21:40,0.0
04/22/06 21:45,0.0
04/22/06 21:50,0.0
04/22/06 21:55,0.0
04/22/06 22:00,0.0
04/22/06 22:05,0.0
04/22/06 22:10,0.0
04/22/06 22:15,0.0
04/22/06 22:20,0.0
04/22/06 22:25,0.0
04/22/06 22:30,0.0
04/22/06 22:35,0.0
04/22/06 22:40,0.0
04/22/06 22:45,0.0
04/22/06 22:50,0.0
04/22/06 22:55,0.0
04/22/06 23:00,0.0
04/22/06 23:05,0.0
04/22/06 23:10,0.0
04/22/06 23:15,0.0
04/22/06 23:20,0.0
04/22/06 23:25,0.0
04/22/06 23:30,0.0
04/22/06 23:35,0.0
04/22/06 23:40,0.0
04/22/06 23:45,0.0
04/22/06 23:50,0.0
04/22/06 23:55,0.0
04/23/06 00:00,0.0
04/23/06 00:05,0.0
04/23/06 00:10,0.0
04/23/06 00:15,0.0
04/23/06 00:20,0.0
04/23/06 00:25,0.0
04/23/06 00:30,0.0
04/23/06 00:35,0.0
04/23/06 00:40,0.0
04/23/06 00:45,0.0
04/23/06 00:50,0.0
04/23/06 00:55,0.0
04/23/06 01:00,0.0
04/23/06 01:05,0.0
04/23/06 01:10,0.0
04/23/06 01:15,0.0
04/23/06 01:20,0.0
04/23/06 01:25,0.0
04/23/06 01:30,0.0
04/23/06 01:35,0.0
04/23/06 01:40,0.0
04/23/06 01:45,0.0
04/23/06 01:50,0.0
04/23/06 01:55,0.0
04/23/06 02:00,0.0
04/23/06 02:05,0.0
04/23/06 02:10,0.0
04/23/06 02:15,0.0
04/23/06 02:20,0.0
04/23/06 02:25,0.0
04/23/06 02:30,0.0
04/23/06 02:35,0.0
04/23/06 02:40,0.0
04/23/06 02:45,0.0
04/23/06 02:50,0.0
04/23/06 02:55,0.0
04/23/06 03:00,0.0
04/23/06 03:05,0.0
04/23/06 03:10,0.0
04/23/06 03:15,0.0
04/23/06 03:20,0.0
04/23/06 03:25,0.0
04/23/06 03:30,0.0
04/23/06 03:35,0.0
04/23/06 03:40,0.0
04/23/06 03:45,0.0
04/23/06 03:50,0.0
04/23/06 03:55,0.0
04/23/06 04:00,0.0
04/23/06 04:05,0.0
04/23/06 04:10,0.0
04/23/06 04:15,0.0
04/23/06 04:20,0.0
04/23/06 04:25,0.0
04/23/06 04:30,0.0
04/23/06 04:35,0.0
04/23/06 04:40,0.0
04/23/06 04:45,0.0
04/23/06 04:50,0.0
04/23/06 04:55,0.0
04/23/06 05:00,0.0
04/23/06 05:05,0.0
04/23/06 05:10,0.0
04/23/06 05:15,0.0
04/23/06 05:20,0.0
04/23/06 05:25,0.0
04/23/06 05:30,0.0
04/23/06 05:35,0.0
04/23/06 05:40,0.0
04/23/06 05:45,0.0
04/23/06 05:50,0.0
04/23/06 05:55,0.0
04/23/06 06:00,0.1
04/23/06 06:05,0.2
04/23/06 06:10,0.4
04/23/06 06:15,0.9
04/23/06 06:20,1.9
04/23/06 06:25,3.5
04/23/06 06:30,4.1
04/23/06 06:35,4.6
04/23/06 06:40,5.2
04/23/06 06:45,5.8
04/23/06 06:50,6.4
04/23/06 06:55,7.0
04/23/06 07:00,7.6
04/23/06 07:05,8.3
04/23/06 07:10,8.8
04/23/06 07:15,9.5
04/23/06 07:20,10.3
04/23/06 07:25,11.0
04/23/06 07:30,11.7
04/23/06 07:35,12.3
04/23/06 07:40,12.9
04/23/06 07:45,13.5
04/23/06 07:50,14.2
04/23/06 07:55,14.8
04/23/06 08:00,15.3
04/23/06 08:05,15.7
04/23/06 08:10,16.1
04/23/06 08:15,16.5
04/23/06 08:20,17.2
04/23/06 08:25,18.0
04/23/06 08:30,18.7
04/23/06 08:35,19.5
04/23/06 08:40,20.1
04/23/06 08:45,20.7
04/23/06 08:50,21.2
04/23/06 08:55,21.8
04/23/06 09:00,22.2
04/23/06 09:05,22.6
04/23/06 09:10,22.9
04/23/06 09:15,22.9
04/23/06 09:20,22.9
04/23/06 09:25,23.0
04/23/06 09:30,23.1
04/23/06 09:35,23.1
04/23/06 09:40,23.1
04/23/06 09:45,23.1
04/23/06 09:50,23.0
04/23/06 09:55,23.1
04/23/06 10:00,23.4
04/23/06 10:05,23.7
04/23/06 10:10,24.0
04/23/06 10:15,24.5
04/23/06 10:20,25.5
04/23/06 10:25,26.2
04/23/06 10:30,27.2
04/23/06 10:35,27.9
04/23/06 10:40,28.2
04/23/06 10:45,28.4
04/23/06 10:50,28.5
04/23/06 10:55,28.3
04/23/06 11:00,27.7
04/23/06 11:05,27.0
04/23/06 11:10,26.6
04/23/06 11:15,26.7
04/23/06 11:20,26.5
04/23/06 11:25,26.4
04/23/06 11:30,26.7
04/23/06 11:35,26.9
04/23/06 11:40,27.3
04/23/06 11:45,27.5
04/23/06 11:50,27.3
04/23/06 11:55,27.1
04/23/06 12:00,26.6
04/23/06 12:05,26.0
04/23/06 12:10,25.6
04/23/06 12:15,25.5
04/23/06 12:20,25.8
04/23/06 12:25,26.0
04/23/06 12:30,26.0
04/23/06 12:35,26.1
04/23/06 12:40,25.8
04/23/06 12:45,25.3
04/23/06 12:50,24.8
04/23/06 12:55,24.3
04/23/06 13:00,24.1
04/23/06 13:05,24.2
04/23/06 13:10,24.3
04/23/06 13:15,24.5
04/23/06 13:20,24.6
04/23/06 13:25,24.6
04/23/06 13:30,24.5
04/23/06 13:35,24.4
04/23/06 13:40,24.3
04/23/06 13:45,24.1
04/23/06 13:50,23.8
04/23/06 13:55,23.4
04/23/06 14:00,22.8
04/23/06 14:05,22.4
04/23/06 14:10,22.1
04/23/06 14:15,22.0
04/23/06 14:20,22.0
04/23/06 14:25,22.0
04/23/06 14:30,21.9
04/23/06 14:35,21.8
04/23/06 14:40,21.6
04/23/06 14:45,21.2
04/23/06 14:50,20.8
04/23/06 14:55,20.3
04/23/06 15:00,19.9
04/23/06 15:05,19.4
04/23/06 15:10,18.9
04/23/06 15:15,18.3
04/23/06 15:20,17.5
04/23/06 15:25,16.9
04/23/06 15:30,16.4
04/23/06 15:35,15.8
04/23/06 15:40,15.2
04/23/06 15:45,14.7
04/23/06 15:50,14.2
04/23/06 15:55,13.8
04/23/06 16:00,13.3
04/23/06 16:05,12.7
04/23/06 16:10,12.0
04/23/06 16:15,11.3
04/23/06 16:20,10.5
04/23/06 16:25,9.7
04/23/06 16:30,8.9
04/23/06 16:35,8.3
04/23/06 16:40,7.6
04/23/06 16:45,7.0
04/23/06 16:50,6.4
04/23/06 16:55,5.8
04/23/06 17:00,5.3
04/23/06 17:05,4.8
04/23/06 17:10,4.2
04/23/06 17:15,3.7
04/23/06 17:20,2.5
04/23/06 17:25,1.2
04/23/06 17:30,0.6
04/23/06 17:35,0.3
04/23/06 17:40,0.1
04/23/06 17:45,0.0
04/23/06 17:50,0.0
04/23/06 17:55,0.0
04/23/06 18:00,0.0
04/23/06 18:05,0.0
04/23/06 18:10,0.0
04/23/06 18:15,0.0
04/23/06 18:20,0.0
04/23/06 18:25,0.0
04/23/06 18:30,0.0
04/23/06 18:35,0.0
04/23/06 18:40,0.0
04/23/06 18:45,0.0
04/23/06 18:50,0.0
04/23/06 18:55,0.0
04/23/06 19:00,0.0
04/23/06 19:05,0.0
04/23/06 19:10,0.0
04/23/06 19:15,0.0
04/23/06 19:20,0.0
04/23/06 19:25,0.0
04/23/06 19:30,0.0
04/23/06 19:35,0.0
04/23/06 19:40,0.0
04/23/06 19:45,0.0
04/23/06 19:50,0.0
04/23/06 19:55,0.0
04/23/06 20:00,0.0
04/23/06 20:05,0.0
04/23/06 20:10,0.0
04/23/06 20:15,0.0
04/23/06 20:20,0.0
04/23/06 20:25,0.0
04/23/06 20:30,0.0
04/23/06 20:35,0.0
04/23/06 20:40,0.0
04/23/06 20:45,0.0
04/23/06 20:50,0.0
04/23/06 20:55,0.0
04/23/06 21:00,0.0
04/23/06 21:05,0.0
04/23/06 21:10,0.0
04/23/06 21:15,0.0
04/23/06 21:20,0.0
04/23/06 21:25,0.0
04/23/06 21:30,0.0
04/23/06 21:35,0.0
04/23/06 21:40,0.0
04/23/06 21:45,0.0
04/23/06 21:50,0.0
04/23/06 21:55,0.0
04/23/06 22:00,0.0
04/23/06 22:05,0.0
04/23/06 22:10,0.0
04/23/06 22:15,0.0
04/23/06 22:20,0.0
04/23/06 22:25,0.0
04/23/06 22:30,0.0
04/23/06 22:35,0.0
04/23/06 22:40,0.0
04/23/06 22:45,0.0
04/23/06 22:50,0.0
04/23/06 22:55,0.0
04/23/06 23:00,0.0
04/23/06 23:05,0.0
04/23/06 23:10,0.0
04/23/06 23:15,0.0
04/23/06 23:20,0.0
04/23/06 23:25,0.0
04/23/06 23:30,0.0
04/23/06 23:35,0.0
04/23/06 23:40,0.0
04/23/06 23:45,0.0
04/23/06 23:50,0.0
04/23/06 23:55,0.0
04/24/06 00:00,0.0
04/24/06 00:05,0.0
04/24/06 00:10,0.0
04/24/06 00:15,0.0
04/24/06 00:20,0.0
04/24/06 00:25,0.0
04/24/06 00:30,0.0
04/24/06 00:35,0.0
04/24/06 00:40,0.0
04/24/06 00:45,0.0
04/24/06 00:50,0.0
04/24/06 00:55,0.0
04/24/06 01:00,0.0
04/24/06 01:05,0.0
04/24/06 01:10,0.0
04/24/06 01:15,0.0
04/24/06 01:20,0.0
04/24/06 01:25,0.0
04/24/06 01:30,0.0
04/24/06 01:35,0.0
04/24/06 01:40,0.0
04/24/06 01:45,0.0
04/24/06 01:50,0.0
04/24/06 01:55,0.0
04/24/06 02:00,0.0
04/24/06 02:05,0.0
04/24/06 02:10,0.0
04/24/06 02:15,0.0
04/24/06 02:20,0.0
04/24/06 02:25,0.0
04/24/06 02:30,0.0
04/24/06 02:35,0.0
04/24/06 02:40,0.0
04/24/06 02:45,0.0
04/24/06 02:50,0.0
04/24/06 02:55,0.0
04/24/06 03:00,0.0
04/24/06 03:05,0.0
04/24/06 03:10,0.0
04/24/06 03:15,0.0
04/24/06 03:20,0.0
04/24/06 03:25,0.0
04/24/06 03:30,0.0
04/24/06 03:35,0.0
04/24/06 03:40,0.0
04/24/06 03:45,0.0
04/24/06 03:50,0.0
04/24/06 03:55,0.0
04/24/06 04:00,0.0
04/24/06 04:05,0.0
04/24/06 04:10,0.0
04/24/06 04:15,0.0
04/24/06 04:20,0.0
04/24/06 04:25,0.0
04/24/06 04:30,0.0
04/24/06 04:35,0.0
04/24/06 04:40,0.0
04/24/06 04:45,0.0
04/24/06 04:50,0.0
04/24/06 04:55,0.0
04/24/06 05:00,0.0
04/24/06 05:05,0.0
04/24/06 05:10,0.0
04/24/06 05:15,0.0
04/24/06 05:20,0.0
04/24/06 05:25,0.0
04/24/06 05:30,0.0
04/24/06 05:35,0.0
04/24/06 05:40,0.0
04/24/06 05:45,0.0
04/24/06 05:50,0.1
04/24/06 05:55,0.2
04/24/06 06:00,0.3
04/24/06 06:05,0.8
04/24/06 06:10,1.3
04/24/06 06:15,1.9
04/24/06 06:20,2.8
04/24/06 06:25,3.4
04/24/06 06:30,3.8
04/24/06 06:35,4.4
04/24/06 06:40,4.9
04/24/06 06:45,5.5
04/24/06 06:50,6.1
04/24/06 06:55,6.6
04/24/06 07:00,7.0
04/24/06 07:05,7.9
04/24/06 07:10,8.4
04/24/06 07:15,8.9
04/24/06 07:20,9.3
04/24/06 07:25,9.9
04/24/06 07:30,10.5
04/24/06 07:35,11.1
04/24/06 07:40,11.7
04/24/06 07:45,12.3
04/24/06 07:50,13.0
04/24/06 07:55,13.5
04/24/06 08:00,14.0
04/24/06 08:05,14.6
04/24/06 08:10,15.2
04/24/06 08:15,16.0
04/24/06 08:20,16.4
04/24/06 08:25,16.9
04/24/06 08:30,18.5
04/24/06 08:35,20.0
04/24/06 08:40,21.1
04/24/06 08:45,21.5
04/24/06 08:50,21.6
04/24/06 08:55,20.7
04/24/06 09:00,20.3
04/24/06 09:05,19.9
04/24/06 09:10,20.2
04/24/06 09:15,21.2
04/24/06 09:20,22.1
04/24/06 09:25,22.8
04/24/06 09:30,23.4
04/24/06 09:35,23.9
04/24/06 09:40,24.4
04/24/06 09:45,25.1
04/24/06 09:50,25.8
04/24/06 09:55,26.5
04/24/06 10:00,26.9
04/24/06 10:05,27.0
04/24/06 10:10,26.8
04/24/06 10:15,26.7
04/24/06 10:20,26.7
04/24/06 10:25,26.7
04/24/06 10:30,26.8
04/24/06 10:35,26.8
04/24/06 10:40,26.7
04/24/06 10:45,26.6
04/24/06 10:50,26.7
04/24/06 10:55,26.8
04/24/06 11:00,26.8
04/24/06 11:05,26.8
04/24/06 11:10,26.7
04/24/06 11:15,27.0
04/24/06 11:20,27.4
04/24/06 11:25,27.5
04/24/06 11:30,27.6
04/24/06 11:35,27.6
04/24/06 11:40,27.5
04/24/06 11:45,27.5
04/24/06 11:50,27.6
04/24/06 11:55,27.6
04/24/06 12:00,27.7
04/24/06 12:05,27.7
04/24/06 12:10,27.7
04/24/06 12:15,27.8
04/24/06 12:20,28.0
04/24/06 12:25,28.2
04/24/06 12:30,28.1
04/24/06 12:35,28.0
04/24/06 12:40,27.9
04/24/06 12:45,27.8
04/24/06 12:50,27.9
04/24/06 12:55,27.9
04/24/06 13:00,28.1
04/24/06 13:05,28.4
04/24/06 13:10,28.6
04/24/06 13:15,27.8
04/24/06 13:20,24.6
04/24/06 13:25,21.3
04/24/06 13:30,20.1
04/24/06 13:35,20.6
04/24/06 13:40,18.5
04/24/06 13:45,19.0
04/24/06 13:50,21.0
04/24/06 13:55,22.1
04/24/06 14:00,21.2
04/24/06 14:05,21.0
04/24/06 14:10,21.5
04/24/06 14:15,19.4
04/24/06 14:20,20.3
04/24/06 14:25,21.1
04/24/06 14:30,21.2
04/24/06 14:35,21.1
04/24/06 14:40,20.9
04/24/06 14:45,20.7
04/24/06 14:50,20.5
04/24/06 14:55,19.7
04/24/06 15:00,18.6
04/24/06 15:05,18.4
04/24/06 15:10,18.1
04/24/06 15:15,17.7
04/24/06 15:20,17.2
04/24/06 15:25,16.7
04/24/06 15:30,16.2
04/24/06 15:35,15.5
04/24/06 15:40,14.9
04/24/06 15:45,14.2
04/24/06 15:50,13.6
04/24/06 15:55,13.0
04/24/06 16:00,12.5
04/24/06 16:05,11.9
04/24/06 16:10,11.3
04/24/06 16:15,10.6
04/24/06 16:20,9.7
04/24/06 16:25,8.9
04/24/06 16:30,8.2
04/24/06 16:35,7.5
04/24/06 16:40,6.9
04/24/06 16:45,6.2
04/24/06 16:50,5.5
04/24/06 16:55,4.8
04/24/06 17:00,4.2
04/24/06 17:05,3.8
04/24/06 17:10,3.1
04/24/06 17:15,2.5
04/24/06 17:20,1.8
04/24/06 17:25,1.1
04/24/06 17:30,0.6
04/24/06 17:35,0.3
04/24/06 17:40,0.1
04/24/06 17:45,0.0
04/24/06 17:50,0.0
04/24/06 17:55,0.0
04/24/06 18:00,0.0
04/24/06 18:05,0.0
04/24/06 18:10,0.0
04/24/06 18:15,0.0
04/24/06 18:20,0.0
04/24/06 18:25,0.0
04/24/06 18:30,0.0
04/24/06 18:35,0.0
04/24/06 18:40,0.0
04/24/06 18:45,0.0
04/24/06 18:50,0.0
04/24/06 18:55,0.0
04/24/06 19:00,0.0
04/24/06 19:05,0.0
04/24/06 19:10,0.0
04/24/06 19:15,0.0
04/24/06 19:20,0.0
04/24/06 19:25,0.0
04/24/06 19:30,0.0
04/24/06 19:35,0.0
04/24/06 19:40,0.0
04/24/06 19:45,0.0
04/24/06 19:50,0.0
04/24/06 19:55,0.0
04/24/06 20:00,0.0
04/24/06 20:05,0.0
04/24/06 20:10,0.0
04/24/06 20:15,0.0
04/24/06 20:20,0.0
04/24/06 20:25,0.0
04/24/06 20:30,0.0
04/24/06 20:35,0.0
04/24/06 20:40,0.0
04/24/06 20:45,0.0
04/24/06 20:50,0.0
04/24/06 20:55,0.0
04/24/06 21:00,0.0
04/24/06 21:05,0.0
04/24/06 21:10,0.0
04/24/06 21:15,0.0
04/24/06 21:20,0.0
04/24/06 21:25,0.0
04/24/06 21:30,0.0
04/24/06 21:35,0.0
04/24/06 21:40,0.0
04/24/06 21:45,0.0
04/24/06 21:50,0.0
04/24/06 21:55,0.0
04/24/06 22:00,0.0
04/24/06 22:05,0.0
04/24/06 22:10,0.0
04/24/06 22:15,0.0
04/24/06 22:20,0.0
04/24/06 22:25,0.0
04/24/06 22:30,0.0
04/24/06 22:35,0.0
04/24/06 22:40,0.0
04/24/06 22:45,0.0
04/24/06 22:50,0.0
04/24/06 22:55,0.0
04/24/06 23:00,0.0
04/24/06 23:05,0.0
04/24/06 23:10,0.0
04/24/06 23:15,0.0
04/24/06 23:20,0.0
04/24/06 23:25,0.0
04/24/06 23:30,0.0
04/24/06 23:35,0.0
04/24/06 23:40,0.0
04/24/06 23:45,0.0
04/24/06 23:50,0.0
04/24/06 23:55,0.0
04/25/06 00:00,0.0
04/25/06 00:05,0.0
04/25/06 00:10,0.0
04/25/06 00:15,0.0
04/25/06 00:20,0.0
04/25/06 00:25,0.0
04/25/06 00:30,0.0
04/25/06 00:35,0.0
04/25/06 00:40,0.0
04/25/06 00:45,0.0
04/25/06 00:50,0.0
04/25/06 00:55,0.0
04/25/06 01:00,0.0
04/25/06 01:05,0.0
04/25/06 01:10,0.0
04/25/06 01:15,0.0
04/25/06 01:20,0.0
04/25/06 01:25,0.0
04/25/06 01:30,0.0
04/25/06 01:35,0.0
04/25/06 01:40,0.0
04/25/06 01:45,0.0
04/25/06 01:50,0.0
04/25/06 01:55,0.0
04/25/06 02:00,0.0
04/25/06 02:05,0.0
04/25/06 02:10,0.0
04/25/06 02:15,0.0
04/25/06 02:20,0.0
04/25/06 02:25,0.0
04/25/06 02:30,0.0
04/25/06 02:35,0.0
04/25/06 02:40,0.0
04/25/06 02:45,0.0
04/25/06 02:50,0.0
04/25/06 02:55,0.0
04/25/06 03:00,0.0
04/25/06 03:05,0.0
04/25/06 03:10,0.0
04/25/06 03:15,0.0
04/25/06 03:20,0.0
04/25/06 03:25,0.0
04/25/06 03:30,0.0
04/25/06 03:35,0.0
04/25/06 03:40,0.0
04/25/06 03:45,0.0
04/25/06 03:50,0.0
04/25/06 03:55,0.0
04/25/06 04:00,0.0
04/25/06 04:05,0.0
04/25/06 04:10,0.0
04/25/06 04:15,0.0
04/25/06 04:20,0.0
04/25/06 04:25,0.0
04/25/06 04:30,0.0
04/25/06 04:35,0.0
04/25/06 04:40,0.0
04/25/06 04:45,0.0
04/25/06 04:50,0.0
04/25/06 04:55,0.0
04/25/06 05:00,0.0
04/25/06 05:05,0.0
04/25/06 05:10,0.0
04/25/06 05:15,0.0
04/25/06 05:20,0.0
04/25/06 05:25,0.0
04/25/06 05:30,0.0
04/25/06 05:35,0.0
04/25/06 05:40,0.0
04/25/06 05:45,0.0
04/25/06 05:50,0.1
04/25/06 05:55,0.2
04/25/06 06:00,0.5
04/25/06 06:05,1.0
04/25/06 06:10,1.9
04/25/06 06:15,3.0
04/25/06 06:20,3.8
04/25/06 06:25,4.2
04/25/06 06:30,4.5
04/25/06 06:35,5.0
04/25/06 06:40,5.5
04/25/06 06:45,6.0
04/25/06 06:50,6.6
04/25/06 06:55,7.3
04/25/06 07:00,7.8
04/25/06 07:05,8.2
04/25/06 07:10,8.8
04/25/06 07:15,9.5
04/25/06 07:20,10.2
04/25/06 07:25,10.8
04/25/06 07:30,11.5
04/25/06 07:35,12.2
04/25/06 07:40,12.9
04/25/06 07:45,13.7
04/25/06 07:50,14.4
04/25/06 07:55,15.0
04/25/06 08:00,15.6
04/25/06 08:05,16.2
04/25/06 08:10,16.9
04/25/06 08:15,17.0
04/25/06 08:20,13.8
04/25/06 08:25,11.3
04/25/06 08:30,9.4
04/25/06 08:35,7.4
04/25/06 08:40,6.6
04/25/06 08:45,6.3
04/25/06 08:50,6.4
04/25/06 08:55,6.5
04/25/06 09:00,6.5
04/25/06 09:05,6.3
04/25/06 09:10,6.1
04/25/06 09:15,7.2
04/25/06 09:20,8.7
04/25/06 09:25,10.0
04/25/06 09:30,11.9
04/25/06 09:35,14.7
04/25/06 09:40,17.2
04/25/06 09:45,19.5
04/25/06 09:50,21.6
04/25/06 09:55,22.9
04/25/06 10:00,24.7
04/25/06 10:05,26.8
04/25/06 10:10,28.4
04/25/06 10:15,26.6
04/25/06 10:20,23.0
04/25/06 10:25,20.1
04/25/06 10:30,17.5
04/25/06 10:35,18.0
04/25/06 10:40,16.0
04/25/06 10:45,15.5
04/25/06 10:50,17.8
04/25/06 10:55,17.8
04/25/06 11:00,16.5
04/25/06 11:05,17.6
04/25/06 11:10,15.3
04/25/06 11:15,15.0
04/25/06 11:20,14.4
04/25/06 11:25,13.4
04/25/06 11:30,12.5
04/25/06 11:35,11.6
04/25/06 11:40,10.8
04/25/06 11:45,10.1
04/25/06 11:50,9.5
04/25/06 11:55,8.8
04/25/06 12:00,8.1
04/25/06 12:05,6.9
04/25/06 12:10,5.8
04/25/06 12:15,5.0
04/25/06 12:20,4.6
04/25/06 12:25,4.6
04/25/06 12:30,4.7
04/25/06 12:35,6.1
04/25/06 12:40,13.1
04/25/06 12:45,13.6
04/25/06 12:50,10.4
04/25/06 12:55,8.3
04/25/06 13:00,6.8
04/25/06 13:05,5.2
04/25/06 13:10,4.6
04/25/06 13:15,4.5
04/25/06 13:20,4.2
04/25/06 13:25,3.9
04/25/06 13:30,3.7
04/25/06 13:35,3.6
04/25/06 13:40,3.5
04/25/06 13:45,3.4
04/25/06 13:50,3.1
04/25/06 13:55,2.9
04/25/06 14:00,2.6
04/25/06 14:05,2.2
04/25/06 14:10,2.2
04/25/06 14:15,2.6
04/25/06 14:20,3.2
04/25/06 14:25,3.5
04/25/06 14:30,3.5
04/25/06 14:35,3.2
04/25/06 14:40,3.2
04/25/06 14:45,3.3
04/25/06 14:50,3.1
04/25/06 14:55,2.6
04/25/06 15:00,2.5
04/25/06 15:05,2.1
04/25/06 15:10,1.7
04/25/06 15:15,1.4
04/25/06 15:20,1.3
04/25/06 15:25,1.2
04/25/06 15:30,1.2
04/25/06 15:35,1.3
04/25/06 15:40,1.2
04/25/06 15:45,1.1
04/25/06 15:50,0.9
04/25/06 15:55,0.7
04/25/06 16:00,0.6
04/25/06 16:05,0.5
04/25/06 16:10,0.4
04/25/06 16:15,0.3
04/25/06 16:20,0.2
04/25/06 16:25,0.2
04/25/06 16:30,0.2
04/25/06 16:35,0.2
04/25/06 16:40,0.1
04/25/06 16:45,0.1
04/25/06 16:50,0.1
04/25/06 16:55,0.1
04/25/06 17:00,0.1
04/25/06 17:05,0.1
04/25/06 17:10,0.1
04/25/06 17:15,0.0
04/25/06 17:20,0.0
04/25/06 17:25,0.0
04/25/06 17:30,0.0
04/25/06 17:35,0.0
04/25/06 17:40,0.0
04/25/06 17:45,0.0
04/25/06 17:50,0.0
04/25/06 17:55,0.0
04/25/06 18:00,0.0
04/25/06 18:05,0.0
04/25/06 18:10,0.0
04/25/06 18:15,0.0
04/25/06 18:20,0.0
04/25/06 18:25,0.0
04/25/06 18:30,0.0
04/25/06 18:35,0.0
04/25/06 18:40,0.0
04/25/06 18:45,0.0
04/25/06 18:50,0.0
04/25/06 18:55,0.0
04/25/06 19:00,0.0
04/25/06 19:05,0.0
04/25/06 19:10,0.0
04/25/06 19:15,0.0
04/25/06 19:20,0.0
04/25/06 19:25,0.0
04/25/06 19:30,0.0
04/25/06 19:35,0.0
04/25/06 19:40,0.0
04/25/06 19:45,0.0
04/25/06 19:50,0.0
04/25/06 19:55,0.0
04/25/06 20:00,0.0
04/25/06 20:05,0.0
04/25/06 20:10,0.0
04/25/06 20:15,0.0
04/25/06 20:20,0.0
04/25/06 20:25,0.0
04/25/06 20:30,0.0
04/25/06 20:35,0.0
04/25/06 20:40,0.0
04/25/06 20:45,0.0
04/25/06 20:50,0.0
04/25/06 20:55,0.0
04/25/06 21:00,0.0
04/25/06 21:05,0.0
04/25/06 21:10,0.0
04/25/06 21:15,0.0
04/25/06 21:20,0.0
04/25/06 21:25,0.0
04/25/06 21:30,0.0
04/25/06 21:35,0.0
04/25/06 21:40,0.0
04/25/06 21:45,0.0
04/25/06 21:50,0.0
04/25/06 21:55,0.0
04/25/06 22:00,0.0
04/25/06 22:05,0.0
04/25/06 22:10,0.0
04/25/06 22:15,0.0
04/25/06 22:20,0.0
04/25/06 22:25,0.0
04/25/06 22:30,0.0
04/25/06 22:35,0.0
04/25/06 22:40,0.0
04/25/06 22:45,0.0
04/25/06 22:50,0.0
04/25/06 22:55,0.0
04/25/06 23:00,0.0
04/25/06 23:05,0.0
04/25/06 23:10,0.0
04/25/06 23:15,0.0
04/25/06 23:20,0.0
04/25/06 23:25,0.0
04/25/06 23:30,0.0
04/25/06 23:35,0.0
04/25/06 23:40,0.0
04/25/06 23:45,0.0
04/25/06 23:50,0.0
04/25/06 23:55,0.0
04/26/06 00:00,0.0
04/26/06 00:05,0.0
04/26/06 00:10,0.0
04/26/06 00:15,0.0
04/26/06 00:20,0.0
04/26/06 00:25,0.0
04/26/06 00:30,0.0
04/26/06 00:35,0.0
04/26/06 00:40,0.0
04/26/06 00:45,0.0
04/26/06 00:50,0.0
04/26/06 00:55,0.0
04/26/06 01:00,0.0
04/26/06 01:05,0.0
04/26/06 01:10,0.0
04/26/06 01:15,0.0
04/26/06 01:20,0.0
04/26/06 01:25,0.0
04/26/06 01:30,0.0
04/26/06 01:35,0.0
04/26/06 01:40,0.0
04/26/06 01:45,0.0
04/26/06 01:50,0.0
04/26/06 01:55,0.0
04/26/06 02:00,0.0
04/26/06 02:05,0.0
04/26/06 02:10,0.0
04/26/06 02:15,0.0
04/26/06 02:20,0.0
04/26/06 02:25,0.0
04/26/06 02:30,0.0
04/26/06 02:35,0.0
04/26/06 02:40,0.0
04/26/06 02:45,0.0
04/26/06 02:50,0.0
04/26/06 02:55,0.0
04/26/06 03:00,0.0
04/26/06 03:05,0.0
04/26/06 03:10,0.0
04/26/06 03:15,0.0
04/26/06 03:20,0.0
04/26/06 03:25,0.0
04/26/06 03:30,0.0
04/26/06 03:35,0.0
04/26/06 03:40,0.0
04/26/06 03:45,0.0
04/26/06 03:50,0.0
04/26/06 03:55,0.0
04/26/06 04:00,0.0
04/26/06 04:05,0.0
04/26/06 04:10,0.0
04/26/06 04:15,0.0
04/26/06 04:20,0.0
04/26/06 04:25,0.0
04/26/06 04:30,0.0
04/26/06 04:35,0.0
04/26/06 04:40,0.0
04/26/06 04:45,0.0
04/26/06 04:50,0.0
04/26/06 04:55,0.0
04/26/06 05:00,0.0
04/26/06 05:05,0.0
04/26/06 05:10,0.0
04/26/06 05:15,0.0
04/26/06 05:20,0.0
04/26/06 05:25,0.0
04/26/06 05:30,0.0
04/26/06 05:35,0.0
04/26/06 05:40,0.0
04/26/06 05:45,0.0
04/26/06 05:50,0.0
04/26/06 05:55,0.0
04/26/06 06:00,0.0
04/26/06 06:05,0.0
04/26/06 06:10,0.0
04/26/06 06:15,0.0
04/26/06 06:20,0.1
04/26/06 06:25,0.1
04/26/06 06:30,0.1
04/26/06 06:35,0.3
04/26/06 06:40,0.5
04/26/06 06:45,0.7
04/26/06 06:50,1.1
04/26/06 06:55,1.9
04/26/06 07:00,2.6
04/26/06 07:05,2.7
04/26/06 07:10,1.9
04/26/06 07:15,1.7
04/26/06 07:20,2.1
04/26/06 07:25,2.7
04/26/06 07:30,3.6
04/26/06 07:35,3.9
04/26/06 07:40,4.1
04/26/06 07:45,4.3
04/26/06 07:50,4.6
04/26/06 07:55,4.9
04/26/06 08:00,5.4
04/26/06 08:05,5.9
04/26/06 08:10,6.4
04/26/06 08:15,6.5
04/26/06 08:20,6.2
04/26/06 08:25,6.1
04/26/06 08:30,6.0
04/26/06 08:35,5.8
04/26/06 08:40,5.6
04/26/06 08:45,5.6
04/26/06 08:50,5.4
04/26/06 08:55,5.2
04/26/06 09:00,5.0
04/26/06 09:05,4.7
04/26/06 09:10,4.4
04/26/06 09:15,4.3
04/26/06 09:20,4.4
04/26/06 09:25,4.4
04/26/06 09:30,4.4
04/26/06 09:35,4.3
04/26/06 09:40,4.3
04/26/06 09:45,4.3
04/26/06 09:50,4.5
04/26/06 09:55,4.7
04/26/06 10:00,4.6
04/26/06 10:05,4.4
04/26/06 10:10,4.4
04/26/06 10:15,4.4
04/26/06 10:20,4.5
04/26/06 10:25,4.5
04/26/06 10:30,4.6
04/26/06 10:35,4.7
04/26/06 10:40,4.9
04/26/06 10:45,5.0
04/26/06 10:50,5.0
04/26/06 10:55,4.9
04/26/06 11:00,4.7
04/26/06 11:05,4.5
04/26/06 11:10,4.6
04/26/06 11:15,4.7
04/26/06 11:20,5.2
04/26/06 11:25,5.9
04/26/06 11:30,6.4
04/26/06 11:35,7.7
04/26/06 11:40,9.3
04/26/06 11:45,10.6
04/26/06 11:50,11.1
04/26/06 11:55,10.7
04/26/06 12:00,10.9
04/26/06 12:05,12.1
04/26/06 12:10,12.7
04/26/06 12:15,13.1
04/26/06 12:20,17.8
04/26/06 12:25,22.0
04/26/06 12:30,24.2
04/26/06 12:35,23.5
04/26/06 12:40,22.6
04/26/06 12:45,21.2
04/26/06 12:50,17.4
04/26/06 12:55,13.4
04/26/06 13:00,11.6
04/26/06 13:05,10.7
04/26/06 13:10,10.9
04/26/06 13:15,13.2
04/26/06 13:20,14.4
04/26/06 13:25,16.7
04/26/06 13:30,21.0
04/26/06 13:35,23.6
04/26/06 13:40,21.0
04/26/06 13:45,18.5
04/26/06 13:50,17.5
04/26/06 13:55,17.1
04/26/06 14:00,19.1
04/26/06 14:05,19.1
04/26/06 14:10,18.8
04/26/06 14:15,16.9
04/26/06 14:20,15.1
04/26/06 14:25,17.2
04/26/06 14:30,18.9
04/26/06 14:35,18.5
04/26/06 14:40,17.5
04/26/06 14:45,14.7
04/26/06 14:50,13.8
04/26/06 14:55,13.5
04/26/06 15:00,12.5
04/26/06 15:05,14.0
04/26/06 15:10,15.0
04/26/06 15:15,14.0
04/26/06 15:20,13.0
04/26/06 15:25,12.2
04/26/06 15:30,11.4
04/26/06 15:35,10.4
04/26/06 15:40,9.6
04/26/06 15:45,8.9
04/26/06 15:50,8.0
04/26/06 15:55,7.1
04/26/06 16:00,6.2
04/26/06 16:05,5.4
04/26/06 16:10,4.6
04/26/06 16:15,3.7
04/26/06 16:20,2.2
04/26/06 16:25,1.5
04/26/06 16:30,1.3
04/26/06 16:35,1.4
04/26/06 16:40,1.5
04/26/06 16:45,1.7
04/26/06 16:50,1.9
04/26/06 16:55,2.1
04/26/06 17:00,2.3
04/26/06 17:05,2.4
04/26/06 17:10,2.2
04/26/06 17:15,1.8
04/26/06 17:20,1.3
04/26/06 17:25,0.9
04/26/06 17:30,0.6
04/26/06 17:35,0.3
04/26/06 17:40,0.2
04/26/06 17:45,0.1
04/26/06 17:50,0.0
04/26/06 17:55,0.0
04/26/06 18:00,0.0
04/26/06 18:05,0.0
04/26/06 18:10,0.0
04/26/06 18:15,0.0
04/26/06 18:20,0.0
04/26/06 18:25,0.0
04/26/06 18:30,0.0
04/26/06 18:35,0.0
04/26/06 18:40,0.0
04/26/06 18:45,0.0
04/26/06 18:50,0.0
04/26/06 18:55,0.0
04/26/06 19:00,0.0
04/26/06 19:05,0.0
04/26/06 19:10,0.0
04/26/06 19:15,0.0
04/26/06 19:20,0.0
04/26/06 19:25,0.0
04/26/06 19:30,0.0
04/26/06 19:35,0.0
04/26/06 19:40,0.0
04/26/06 19:45,0.0
04/26/06 19:50,0.0
04/26/06 19:55,0.0
04/26/06 20:00,0.0
04/26/06 20:05,0.0
04/26/06 20:10,0.0
04/26/06 20:15,0.0
04/26/06 20:20,0.0
04/26/06 20:25,0.0
04/26/06 20:30,0.0
04/26/06 20:35,0.0
04/26/06 20:40,0.0
04/26/06 20:45,0.0
04/26/06 20:50,0.0
04/26/06 20:55,0.0
04/26/06 21:00,0.0
04/26/06 21:05,0.0
04/26/06 21:10,0.0
04/26/06 21:15,0.0
04/26/06 21:20,0.0
04/26/06 21:25,0.0
04/26/06 21:30,0.0
04/26/06 21:35,0.0
04/26/06 21:40,0.0
04/26/06 21:45,0.0
04/26/06 21:50,0.0
04/26/06 21:55,0.0
04/26/06 22:00,0.0
04/26/06 22:05,0.0
04/26/06 22:10,0.0
04/26/06 22:15,0.0
04/26/06 22:20,0.0
04/26/06 22:25,0.0
04/26/06 22:30,0.0
04/26/06 22:35,0.0
04/26/06 22:40,0.0
04/26/06 22:45,0.0
04/26/06 22:50,0.0
04/26/06 22:55,0.0
04/26/06 23:00,0.0
04/26/06 23:05,0.0
04/26/06 23:10,0.0
04/26/06 23:15,0.0
04/26/06 23:20,0.0
04/26/06 23:25,0.0
04/26/06 23:30,0.0
04/26/06 23:35,0.0
04/26/06 23:40,0.0
04/26/06 23:45,0.0
04/26/06 23:50,0.0
04/26/06 23:55,0.0
04/27/06 00:00,0.0
04/27/06 00:05,0.0
04/27/06 00:10,0.0
04/27/06 00:15,0.0
04/27/06 00:20,0.0
04/27/06 00:25,0.0
04/27/06 00:30,0.0
04/27/06 00:35,0.0
04/27/06 00:40,0.0
04/27/06 00:45,0.0
04/27/06 00:50,0.0
04/27/06 00:55,0.0
04/27/06 01:00,0.0
04/27/06 01:05,0.0
04/27/06 01:10,0.0
04/27/06 01:15,0.0
04/27/06 01:20,0.0
04/27/06 01:25,0.0
04/27/06 01:30,0.0
04/27/06 01:35,0.0
04/27/06 01:40,0.0
04/27/06 01:45,0.0
04/27/06 01:50,0.0
04/27/06 01:55,0.0
04/27/06 02:00,0.0
04/27/06 02:05,0.0
04/27/06 02:10,0.0
04/27/06 02:15,0.0
04/27/06 02:20,0.0
04/27/06 02:25,0.0
04/27/06 02:30,0.0
04/27/06 02:35,0.0
04/27/06 02:40,0.0
04/27/06 02:45,0.0
04/27/06 02:50,0.0
04/27/06 02:55,0.0
04/27/06 03:00,0.0
04/27/06 03:05,0.0
04/27/06 03:10,0.0
04/27/06 03:15,0.0
04/27/06 03:20,0.0
04/27/06 03:25,0.0
04/27/06 03:30,0.0
04/27/06 03:35,0.0
04/27/06 03:40,0.0
04/27/06 03:45,0.0
04/27/06 03:50,0.0
04/27/06 03:55,0.0
04/27/06 04:00,0.0
04/27/06 04:05,0.0
04/27/06 04:10,0.0
04/27/06 04:15,0.0
04/27/06 04:20,0.0
04/27/06 04:25,0.0
04/27/06 04:30,0.0
04/27/06 04:35,0.0
04/27/06 04:40,0.0
04/27/06 04:45,0.0
04/27/06 04:50,0.0
04/27/06 04:55,0.0
04/27/06 05:00,0.0
04/27/06 05:05,0.0
04/27/06 05:10,0.0
04/27/06 05:15,0.0
04/27/06 05:20,0.0
04/27/06 05:25,0.0
04/27/06 05:30,0.0
04/27/06 05:35,0.0
04/27/06 05:40,0.0
04/27/06 05:45,0.0
04/27/06 05:50,0.1
04/27/06 05:55,0.1
04/27/06 06:00,0.2
04/27/06 06:05,0.5
04/27/06 06:10,0.7
04/27/06 06:15,1.3
04/27/06 06:20,2.4
04/27/06 06:25,3.5
04/27/06 06:30,4.1
04/27/06 06:35,4.8
04/27/06 06:40,5.4
04/27/06 06:45,5.7
04/27/06 06:50,5.7
04/27/06 06:55,5.8
04/27/06 07:00,6.6
04/27/06 07:05,6.1
04/27/06 07:10,5.0
04/27/06 07:15,6.4
04/27/06 07:20,8.5
04/27/06 07:25,10.0
04/27/06 07:30,11.1
04/27/06 07:35,12.7
04/27/06 07:40,13.7
04/27/06 07:45,14.5
04/27/06 07:50,14.9
04/27/06 07:55,15.4
04/27/06 08:00,16.4
04/27/06 08:05,17.3
04/27/06 08:10,17.9
04/27/06 08:15,18.3
04/27/06 08:20,18.8
04/27/06 08:25,19.4
04/27/06 08:30,19.9
04/27/06 08:35,20.4
04/27/06 08:40,20.8
04/27/06 08:45,21.0
04/27/06 08:50,21.3
04/27/06 08:55,21.7
04/27/06 09:00,22.1
04/27/06 09:05,22.7
04/27/06 09:10,23.2
04/27/06 09:15,23.5
04/27/06 09:20,23.9
04/27/06 09:25,24.5
04/27/06 09:30,25.3
04/27/06 09:35,25.9
04/27/06 09:40,26.4
04/27/06 09:45,26.8
04/27/06 09:50,27.5
04/27/06 09:55,28.2
04/27/06 10:00,28.8
04/27/06 10:05,29.2
04/27/06 10:10,29.8
04/27/06 10:15,29.7
04/27/06 10:20,29.0
04/27/06 10:25,28.8
04/27/06 10:30,28.6
04/27/06 10:35,28.7
04/27/06 10:40,28.9
04/27/06 10:45,29.0
04/27/06 10:50,29.1
04/27/06 10:55,29.1
04/27/06 11:00,29.3
04/27/06 11:05,29.4
04/27/06 11:10,29.6
04/27/06 11:15,29.5
04/27/06 11:20,29.2
04/27/06 11:25,29.0
04/27/06 11:30,29.1
04/27/06 11:35,29.2
04/27/06 11:40,29.3
04/27/06 11:45,29.4
04/27/06 11:50,29.4
04/27/06 11:55,29.5
04/27/06 12:00,29.5
04/27/06 12:05,29.7
04/27/06 12:10,29.7
04/27/06 12:15,29.3
04/27/06 12:20,28.6
04/27/06 12:25,27.9
04/27/06 12:30,27.4
04/27/06 12:35,27.1
04/27/06 12:40,26.7
04/27/06 12:45,26.3
04/27/06 12:50,26.0
04/27/06 12:55,25.8
04/27/06 13:00,25.6
04/27/06 13:05,25.6
04/27/06 13:10,25.5
04/27/06 13:15,25.6
04/27/06 13:20,25.7
04/27/06 13:25,25.7
04/27/06 13:30,25.9
04/27/06 13:35,25.8
04/27/06 13:40,25.6
04/27/06 13:45,25.4
04/27/06 13:50,25.2
04/27/06 13:55,25.0
04/27/06 14:00,24.9
04/27/06 14:05,24.7
04/27/06 14:10,24.4
04/27/06 14:15,24.1
04/27/06 14:20,23.8
04/27/06 14:25,23.5
04/27/06 14:30,23.2
04/27/06 14:35,22.6
04/27/06 14:40,22.0
04/27/06 14:45,21.5
04/27/06 14:50,21.1
04/27/06 14:55,20.9
04/27/06 15:00,20.6
04/27/06 15:05,20.1
04/27/06 15:10,19.7
04/27/06 15:15,19.1
04/27/06 15:20,18.2
04/27/06 15:25,17.5
04/27/06 15:30,16.7
04/27/06 15:35,16.0
04/27/06 15:40,15.3
04/27/06 15:45,14.7
04/27/06 15:50,14.1
04/27/06 15:55,13.4
04/27/06 16:00,12.7
04/27/06 16:05,12.0
04/27/06 16:10,11.3
04/27/06 16:15,10.7
04/27/06 16:20,10.2
04/27/06 16:25,9.6
04/27/06 16:30,9.0
04/27/06 16:35,8.4
04/27/06 16:40,7.8
04/27/06 16:45,7.2
04/27/06 16:50,6.6
04/27/06 16:55,6.0
04/27/06 17:00,5.4
04/27/06 17:05,4.8
04/27/06 17:10,4.3
04/27/06 17:15,3.8
04/27/06 17:20,2.8
04/27/06 17:25,1.5
04/27/06 17:30,0.8
04/27/06 17:35,0.4
04/27/06 17:40,0.2
04/27/06 17:45,0.1
04/27/06 17:50,0.0
04/27/06 17:55,0.0
04/27/06 18:00,0.0
04/27/06 18:05,0.0
04/27/06 18:10,0.0
04/27/06 18:15,0.0
04/27/06 18:20,0.0
04/27/06 18:25,0.0
04/27/06 18:30,0.0
04/27/06 18:35,0.0
04/27/06 18:40,0.0
04/27/06 18:45,0.0
04/27/06 18:50,0.0
04/27/06 18:55,0.0
04/27/06 19:00,0.0
04/27/06 19:05,0.0
04/27/06 19:10,0.0
04/27/06 19:15,0.0
04/27/06 19:20,0.0
04/27/06 19:25,0.0
04/27/06 19:30,0.0
04/27/06 19:35,0.0
04/27/06 19:40,0.0
04/27/06 19:45,0.0
04/27/06 19:50,0.0
04/27/06 19:55,0.0
04/27/06 20:00,0.0
04/27/06 20:05,0.0
04/27/06 20:10,0.0
04/27/06 20:15,0.0
04/27/06 20:20,0.0
04/27/06 20:25,0.0
04/27/06 20:30,0.0
04/27/06 20:35,0.0
04/27/06 20:40,0.0
04/27/06 20:45,0.0
04/27/06 20:50,0.0
04/27/06 20:55,0.0
04/27/06 21:00,0.0
04/27/06 21:05,0.0
04/27/06 21:10,0.0
04/27/06 21:15,0.0
04/27/06 21:20,0.0
04/27/06 21:25,0.0
04/27/06 21:30,0.0
04/27/06 21:35,0.0
04/27/06 21:40,0.0
04/27/06 21:45,0.0
04/27/06 21:50,0.0
04/27/06 21:55,0.0
04/27/06 22:00,0.0
04/27/06 22:05,0.0
04/27/06 22:10,0.0
04/27/06 22:15,0.0
04/27/06 22:20,0.0
04/27/06 22:25,0.0
04/27/06 22:30,0.0
04/27/06 22:35,0.0
04/27/06 22:40,0.0
04/27/06 22:45,0.0
04/27/06 22:50,0.0
04/27/06 22:55,0.0
04/27/06 23:00,0.0
04/27/06 23:05,0.0
04/27/06 23:10,0.0
04/27/06 23:15,0.0
04/27/06 23:20,0.0
04/27/06 23:25,0.0
04/27/06 23:30,0.0
04/27/06 23:35,0.0
04/27/06 23:40,0.0
04/27/06 23:45,0.0
04/27/06 23:50,0.0
04/27/06 23:55,0.0
04/28/06 00:00,0.0
04/28/06 00:05,0.0
04/28/06 00:10,0.0
04/28/06 00:15,0.0
04/28/06 00:20,0.0
04/28/06 00:25,0.0
04/28/06 00:30,0.0
04/28/06 00:35,0.0
04/28/06 00:40,0.0
04/28/06 00:45,0.0
04/28/06 00:50,0.0
04/28/06 00:55,0.0
04/28/06 01:00,0.0
04/28/06 01:05,0.0
04/28/06 01:10,0.0
04/28/06 01:15,0.0
04/28/06 01:20,0.0
04/28/06 01:25,0.0
04/28/06 01:30,0.0
04/28/06 01:35,0.0
04/28/06 01:40,0.0
04/28/06 01:45,0.0
04/28/06 01:50,0.0
04/28/06 01:55,0.0
04/28/06 02:00,0.0
04/28/06 02:05,0.0
04/28/06 02:10,0.0
04/28/06 02:15,0.0
04/28/06 02:20,0.0
04/28/06 02:25,0.0
04/28/06 02:30,0.0
04/28/06 02:35,0.0
04/28/06 02:40,0.0
04/28/06 02:45,0.0
04/28/06 02:50,0.0
04/28/06 02:55,0.0
04/28/06 03:00,0.0
04/28/06 03:05,0.0
04/28/06 03:10,0.0
04/28/06 03:15,0.0
04/28/06 03:20,0.0
04/28/06 03:25,0.0
04/28/06 03:30,0.0
04/28/06 03:35,0.0
04/28/06 03:40,0.0
04/28/06 03:45,0.0
04/28/06 03:50,0.0
04/28/06 03:55,0.0
04/28/06 04:00,0.0
04/28/06 04:05,0.0
04/28/06 04:10,0.0
04/28/06 04:15,0.0
04/28/06 04:20,0.0
04/28/06 04:25,0.0
04/28/06 04:30,0.0
04/28/06 04:35,0.0
04/28/06 04:40,0.0
04/28/06 04:45,0.0
04/28/06 04:50,0.0
04/28/06 04:55,0.0
04/28/06 05:00,0.0
04/28/06 05:05,0.0
04/28/06 05:10,0.0
04/28/06 05:15,0.0
04/28/06 05:20,0.0
04/28/06 05:25,0.0
04/28/06 05:30,0.0
04/28/06 05:35,0.0
04/28/06 05:40,0.0
04/28/06 05:45,0.0
04/28/06 05:50,0.0
04/28/06 05:55,0.1
04/28/06 06:00,0.2
04/28/06 06:05,0.4
04/28/06 06:10,0.8
04/28/06 06:15,1.7
04/28/06 06:20,3.1
04/28/06 06:25,4.0
04/28/06 06:30,4.5
04/28/06 06:35,5.1
04/28/06 06:40,5.7
04/28/06 06:45,6.4
04/28/06 06:50,7.0
04/28/06 06:55,7.7
04/28/06 07:00,8.4
04/28/06 07:05,9.1
04/28/06 07:10,9.8
04/28/06 07:15,10.5
04/28/06 07:20,11.1
04/28/06 07:25,11.9
04/28/06 07:30,12.6
04/28/06 07:35,13.4
04/28/06 07:40,14.1
04/28/06 07:45,14.9
04/28/06 07:50,15.6
04/28/06 07:55,16.3
04/28/06 08:00,16.8
04/28/06 08:05,17.3
04/28/06 08:10,17.9
04/28/06 08:15,18.3
04/28/06 08:20,18.6
04/28/06 08:25,19.2
04/28/06 08:30,19.8
04/28/06 08:35,20.4
04/28/06 08:40,21.1
04/28/06 08:45,21.6
04/28/06 08:50,22.2
04/28/06 08:55,22.7
04/28/06 09:00,23.2
04/28/06 09:05,23.8
04/28/06 09:10,24.4
04/28/06 09:15,24.5
04/28/06 09:20,24.3
04/28/06 09:25,24.2
04/28/06 09:30,24.3
04/28/06 09:35,24.6
04/28/06 09:40,24.9
04/28/06 09:45,25.1
04/28/06 09:50,25.5
04/28/06 09:55,25.8
04/28/06 10:00,26.1
04/28/06 10:05,26.5
04/28/06 10:10,26.9
04/28/06 10:15,27.0
04/28/06 10:20,26.9
04/28/06 10:25,27.3
04/28/06 10:30,27.4
04/28/06 10:35,27.6
04/28/06 10:40,27.8
04/28/06 10:45,28.2
04/28/06 10:50,28.5
04/28/06 10:55,28.6
04/28/06 11:00,28.5
04/28/06 11:05,28.4
04/28/06 11:10,28.1
04/28/06 11:15,28.1
04/28/06 11:20,28.0
04/28/06 11:25,28.0
04/28/06 11:30,27.8
04/28/06 11:35,27.6
04/28/06 11:40,27.5
04/28/06 11:45,27.3
04/28/06 11:50,27.2
04/28/06 11:55,27.3
04/28/06 12:00,27.5
04/28/06 12:05,27.6
04/28/06 12:10,27.4
04/28/06 12:15,27.3
04/28/06 12:20,27.3
04/28/06 12:25,27.2
04/28/06 12:30,27.1
04/28/06 12:35,27.0
04/28/06 12:40,27.0
04/28/06 12:45,27.0
04/28/06 12:50,27.0
04/28/06 12:55,26.9
04/28/06 13:00,26.8
04/28/06 13:05,26.4
04/28/06 13:10,26.2
04/28/06 13:15,25.8
04/28/06 13:20,25.7
04/28/06 13:25,25.6
04/28/06 13:30,25.4
04/28/06 13:35,25.2
04/28/06 13:40,25.0
04/28/06 13:45,24.8
04/28/06 13:50,24.6
04/28/06 13:55,24.3
04/28/06 14:00,24.1
04/28/06 14:05,23.9
04/28/06 14:10,23.5
04/28/06 14:15,23.0
04/28/06 14:20,22.4
04/28/06 14:25,21.9
04/28/06 14:30,21.4
04/28/06 14:35,20.8
04/28/06 14:40,20.2
04/28/06 14:45,19.7
04/28/06 14:50,19.3
04/28/06 14:55,18.9
04/28/06 15:00,18.4
04/28/06 15:05,17.8
04/28/06 15:10,17.4
04/28/06 15:15,17.0
04/28/06 15:20,16.4
04/28/06 15:25,16.0
04/28/06 15:30,15.7
04/28/06 15:35,15.4
04/28/06 15:40,14.8
04/28/06 15:45,14.0
04/28/06 15:50,13.0
04/28/06 15:55,12.4
04/28/06 16:00,12.2
04/28/06 16:05,11.9
04/28/06 16:10,11.2
04/28/06 16:15,10.2
04/28/06 16:20,9.3
04/28/06 16:25,8.6
04/28/06 16:30,8.0
04/28/06 16:35,7.5
04/28/06 16:40,7.0
04/28/06 16:45,6.5
04/28/06 16:50,6.0
04/28/06 16:55,5.6
04/28/06 17:00,5.1
04/28/06 17:05,4.7
04/28/06 17:10,4.2
04/28/06 17:15,3.8
04/28/06 17:20,2.9
04/28/06 17:25,1.7
04/28/06 17:30,0.9
04/28/06 17:35,0.5
04/28/06 17:40,0.2
04/28/06 17:45,0.1
04/28/06 17:50,0.0
04/28/06 17:55,0.0
04/28/06 18:00,0.0
04/28/06 18:05,0.0
04/28/06 18:10,0.0
04/28/06 18:15,0.0
04/28/06 18:20,0.0
04/28/06 18:25,0.0
04/28/06 18:30,0.0
04/28/06 18:35,0.0
04/28/06 18:40,0.0
04/28/06 18:45,0.0
04/28/06 18:50,0.0
04/28/06 18:55,0.0
04/28/06 19:00,0.0
04/28/06 19:05,0.0
04/28/06 19:10,0.0
04/28/06 19:15,0.0
04/28/06 19:20,0.0
04/28/06 19:25,0.0
04/28/06 19:30,0.0
04/28/06 19:35,0.0
04/28/06 19:40,0.0
04/28/06 19:45,0.0
04/28/06 19:50,0.0
04/28/06 19:55,0.0
04/28/06 20:00,0.0
04/28/06 20:05,0.0
04/28/06 20:10,0.0
04/28/06 20:15,0.0
04/28/06 20:20,0.0
04/28/06 20:25,0.0
04/28/06 20:30,0.0
04/28/06 20:35,0.0
04/28/06 20:40,0.0
04/28/06 20:45,0.0
04/28/06 20:50,0.0
04/28/06 20:55,0.0
04/28/06 21:00,0.0
04/28/06 21:05,0.0
04/28/06 21:10,0.0
04/28/06 21:15,0.0
04/28/06 21:20,0.0
04/28/06 21:25,0.0
04/28/06 21:30,0.0
04/28/06 21:35,0.0
04/28/06 21:40,0.0
04/28/06 21:45,0.0
04/28/06 21:50,0.0
04/28/06 21:55,0.0
04/28/06 22:00,0.0
04/28/06 22:05,0.0
04/28/06 22:10,0.0
04/28/06 22:15,0.0
04/28/06 22:20,0.0
04/28/06 22:25,0.0
04/28/06 22:30,0.0
04/28/06 22:35,0.0
04/28/06 22:40,0.0
04/28/06 22:45,0.0
04/28/06 22:50,0.0
04/28/06 22:55,0.0
04/28/06 23:00,0.0
04/28/06 23:05,0.0
04/28/06 23:10,0.0
04/28/06 23:15,0.0
04/28/06 23:20,0.0
04/28/06 23:25,0.0
04/28/06 23:30,0.0
04/28/06 23:35,0.0
04/28/06 23:40,0.0
04/28/06 23:45,0.0
04/28/06 23:50,0.0
04/28/06 23:55,0.0
04/29/06 00:00,0.0
04/29/06 00:05,0.0
04/29/06 00:10,0.0
04/29/06 00:15,0.0
04/29/06 00:20,0.0
04/29/06 00:25,0.0
04/29/06 00:30,0.0
04/29/06 00:35,0.0
04/29/06 00:40,0.0
04/29/06 00:45,0.0
04/29/06 00:50,0.0
04/29/06 00:55,0.0
04/29/06 01:00,0.0
04/29/06 01:05,0.0
04/29/06 01:10,0.0
04/29/06 01:15,0.0
04/29/06 01:20,0.0
04/29/06 01:25,0.0
04/29/06 01:30,0.0
04/29/06 01:35,0.0
04/29/06 01:40,0.0
04/29/06 01:45,0.0
04/29/06 01:50,0.0
04/29/06 01:55,0.0
04/29/06 02:00,0.0
04/29/06 02:05,0.0
04/29/06 02:10,0.0
04/29/06 02:15,0.0
04/29/06 02:20,0.0
04/29/06 02:25,0.0
04/29/06 02:30,0.0
04/29/06 02:35,0.0
04/29/06 02:40,0.0
04/29/06 02:45,0.0
04/29/06 02:50,0.0
04/29/06 02:55,0.0
04/29/06 03:00,0.0
04/29/06 03:05,0.0
04/29/06 03:10,0.0
04/29/06 03:15,0.0
04/29/06 03:20,0.0
04/29/06 03:25,0.0
04/29/06 03:30,0.0
04/29/06 03:35,0.0
04/29/06 03:40,0.0
04/29/06 03:45,0.0
04/29/06 03:50,0.0
04/29/06 03:55,0.0
04/29/06 04:00,0.0
04/29/06 04:05,0.0
04/29/06 04:10,0.0
04/29/06 04:15,0.0
04/29/06 04:20,0.0
04/29/06 04:25,0.0
04/29/06 04:30,0.0
04/29/06 04:35,0.0
04/29/06 04:40,0.0
04/29/06 04:45,0.0
04/29/06 04:50,0.0
04/29/06 04:55,0.0
04/29/06 05:00,0.0
04/29/06 05:05,0.0
04/29/06 05:10,0.0
04/29/06 05:15,0.0
04/29/06 05:20,0.0
04/29/06 05:25,0.0
04/29/06 05:30,0.0
04/29/06 05:35,0.0
04/29/06 05:40,0.0
04/29/06 05:45,0.0
04/29/06 05:50,0.0
04/29/06 05:55,0.0
04/29/06 06:00,0.0
04/29/06 06:05,0.1
04/29/06 06:10,0.2
04/29/06 06:15,0.5
04/29/06 06:20,0.9
04/29/06 06:25,1.3
04/29/06 06:30,1.8
04/29/06 06:35,2.4
04/29/06 06:40,3.1
04/29/06 06:45,3.6
04/29/06 06:50,3.8
04/29/06 06:55,4.1
04/29/06 07:00,4.5
04/29/06 07:05,4.8
04/29/06 07:10,5.2
04/29/06 07:15,5.4
04/29/06 07:20,5.5
04/29/06 07:25,5.9
04/29/06 07:30,6.5
04/29/06 07:35,7.3
04/29/06 07:40,7.9
04/29/06 07:45,8.5
04/29/06 07:50,9.0
04/29/06 07:55,9.6
04/29/06 08:00,10.1
04/29/06 08:05,10.8
04/29/06 08:10,11.4
04/29/06 08:15,12.6
04/29/06 08:20,12.5
04/29/06 08:25,12.2
04/29/06 08:30,12.0
04/29/06 08:35,12.1
04/29/06 08:40,11.9
04/29/06 08:45,13.2
04/29/06 08:50,15.2
04/29/06 08:55,16.6
04/29/06 09:00,16.5
04/29/06 09:05,16.9
04/29/06 09:10,16.8
04/29/06 09:15,17.4
04/29/06 09:20,17.8
04/29/06 09:25,18.1
04/29/06 09:30,18.1
04/29/06 09:35,18.1
04/29/06 09:40,18.0
04/29/06 09:45,17.8
04/29/06 09:50,17.4
04/29/06 09:55,17.1
04/29/06 10:00,16.7
04/29/06 10:05,16.1
04/29/06 10:10,15.5
04/29/06 10:15,15.0
04/29/06 10:20,14.4
04/29/06 10:25,14.2
04/29/06 10:30,14.1
04/29/06 10:35,14.0
04/29/06 10:40,14.1
04/29/06 10:45,14.0
04/29/06 10:50,13.9
04/29/06 10:55,13.6
04/29/06 11:00,13.3
04/29/06 11:05,13.1
04/29/06 11:10,12.6
04/29/06 11:15,11.8
04/29/06 11:20,10.5
04/29/06 11:25,9.8
04/29/06 11:30,9.1
04/29/06 11:35,8.5
04/29/06 11:40,7.8
04/29/06 11:45,7.4
04/29/06 11:50,6.9
04/29/06 11:55,6.5
04/29/06 12:00,6.3
04/29/06 12:05,6.1
04/29/06 12:10,5.9
04/29/06 12:15,5.4
04/29/06 12:20,5.0
04/29/06 12:25,5.2
04/29/06 12:30,5.9
04/29/06 12:35,6.8
04/29/06 12:40,7.6
04/29/06 12:45,8.5
04/29/06 12:50,9.5
04/29/06 12:55,10.7
04/29/06 13:00,11.3
04/29/06 13:05,11.7
04/29/06 13:10,12.1
04/29/06 13:15,12.9
04/29/06 13:20,13.9
04/29/06 13:25,14.5
04/29/06 13:30,14.3
04/29/06 13:35,13.8
04/29/06 13:40,13.5
04/29/06 13:45,13.3
04/29/06 13:50,13.0
04/29/06 13:55,12.8
04/29/06 14:00,12.3
04/29/06 14:05,11.7
04/29/06 14:10,11.1
04/29/06 14:15,11.3
04/29/06 14:20,11.9
04/29/06 14:25,11.9
04/29/06 14:30,11.7
04/29/06 14:35,11.4
04/29/06 14:40,11.2
04/29/06 14:45,10.9
04/29/06 14:50,10.6
04/29/06 14:55,10.4
04/29/06 15:00,10.2
04/29/06 15:05,10.0
04/29/06 15:10,9.7
04/29/06 15:15,9.6
04/29/06 15:20,9.5
04/29/06 15:25,9.2
04/29/06 15:30,8.9
04/29/06 15:35,8.6
04/29/06 15:40,8.2
04/29/06 15:45,7.7
04/29/06 15:50,7.6
04/29/06 15:55,7.4
04/29/06 16:00,7.1
04/29/06 16:05,6.8
04/29/06 16:10,6.5
04/29/06 16:15,5.9
04/29/06 16:20,5.1
04/29/06 16:25,4.5
04/29/06 16:30,4.2
04/29/06 16:35,3.9
04/29/06 16:40,3.6
04/29/06 16:45,2.9
04/29/06 16:50,1.9
04/29/06 16:55,1.2
04/29/06 17:00,0.9
04/29/06 17:05,0.6
04/29/06 17:10,0.4
04/29/06 17:15,0.3
04/29/06 17:20,0.2
04/29/06 17:25,0.2
04/29/06 17:30,0.2
04/29/06 17:35,0.1
04/29/06 17:40,0.1
04/29/06 17:45,0.0
04/29/06 17:50,0.0
04/29/06 17:55,0.0
04/29/06 18:00,0.0
04/29/06 18:05,0.0
04/29/06 18:10,0.0
04/29/06 18:15,0.0
04/29/06 18:20,0.0
04/29/06 18:25,0.0
04/29/06 18:30,0.0
04/29/06 18:35,0.0
04/29/06 18:40,0.0
04/29/06 18:45,0.0
04/29/06 18:50,0.0
04/29/06 18:55,0.0
04/29/06 19:00,0.0
04/29/06 19:05,0.0
04/29/06 19:10,0.0
04/29/06 19:15,0.0
04/29/06 19:20,0.0
04/29/06 19:25,0.0
04/29/06 19:30,0.0
04/29/06 19:35,0.0
04/29/06 19:40,0.0
04/29/06 19:45,0.0
04/29/06 19:50,0.0
04/29/06 19:55,0.0
04/29/06 20:00,0.0
04/29/06 20:05,0.0
04/29/06 20:10,0.0
04/29/06 20:15,0.0
04/29/06 20:20,0.0
04/29/06 20:25,0.0
04/29/06 20:30,0.0
04/29/06 20:35,0.0
04/29/06 20:40,0.0
04/29/06 20:45,0.0
04/29/06 20:50,0.0
04/29/06 20:55,0.0
04/29/06 21:00,0.0
04/29/06 21:05,0.0
04/29/06 21:10,0.0
04/29/06 21:15,0.0
04/29/06 21:20,0.0
04/29/06 21:25,0.0
04/29/06 21:30,0.0
04/29/06 21:35,0.0
04/29/06 21:40,0.0
04/29/06 21:45,0.0
04/29/06 21:50,0.0
04/29/06 21:55,0.0
04/29/06 22:00,0.0
04/29/06 22:05,0.0
04/29/06 22:10,0.0
04/29/06 22:15,0.0
04/29/06 22:20,0.0
04/29/06 22:25,0.0
04/29/06 22:30,0.0
04/29/06 22:35,0.0
04/29/06 22:40,0.0
04/29/06 22:45,0.0
04/29/06 22:50,0.0
04/29/06 22:55,0.0
04/29/06 23:00,0.0
04/29/06 23:05,0.0
04/29/06 23:10,0.0
04/29/06 23:15,0.0
04/29/06 23:20,0.0
04/29/06 23:25,0.0
04/29/06 23:30,0.0
04/29/06 23:35,0.0
04/29/06 23:40,0.0
04/29/06 23:45,0.0
04/29/06 23:50,0.0
04/29/06 23:55,0.0
04/30/06 00:00,0.0
04/30/06 00:05,0.0
04/30/06 00:10,0.0
04/30/06 00:15,0.0
04/30/06 00:20,0.0
04/30/06 00:25,0.0
04/30/06 00:30,0.0
04/30/06 00:35,0.0
04/30/06 00:40,0.0
04/30/06 00:45,0.0
04/30/06 00:50,0.0
04/30/06 00:55,0.0
04/30/06 01:00,0.0
04/30/06 01:05,0.0
04/30/06 01:10,0.0
04/30/06 01:15,0.0
04/30/06 01:20,0.0
04/30/06 01:25,0.0
04/30/06 01:30,0.0
04/30/06 01:35,0.0
04/30/06 01:40,0.0
04/30/06 01:45,0.0
04/30/06 01:50,0.0
04/30/06 01:55,0.0
04/30/06 02:00,0.0
04/30/06 02:05,0.0
04/30/06 02:10,0.0
04/30/06 02:15,0.0
04/30/06 02:20,0.0
04/30/06 02:25,0.0
04/30/06 02:30,0.0
04/30/06 02:35,0.0
04/30/06 02:40,0.0
04/30/06 02:45,0.0
04/30/06 02:50,0.0
04/30/06 02:55,0.0
04/30/06 03:00,0.0
04/30/06 03:05,0.0
04/30/06 03:10,0.0
04/30/06 03:15,0.0
04/30/06 03:20,0.0
04/30/06 03:25,0.0
04/30/06 03:30,0.0
04/30/06 03:35,0.0
04/30/06 03:40,0.0
04/30/06 03:45,0.0
04/30/06 03:50,0.0
04/30/06 03:55,0.0
04/30/06 04:00,0.0
04/30/06 04:05,0.0
04/30/06 04:10,0.0
04/30/06 04:15,0.0
04/30/06 04:20,0.0
04/30/06 04:25,0.0
04/30/06 04:30,0.0
04/30/06 04:35,0.0
04/30/06 04:40,0.0
04/30/06 04:45,0.0
04/30/06 04:50,0.0
04/30/06 04:55,0.0
04/30/06 05:00,0.0
04/30/06 05:05,0.0
04/30/06 05:10,0.0
04/30/06 05:15,0.0
04/30/06 05:20,0.0
04/30/06 05:25,0.0
04/30/06 05:30,0.0
04/30/06 05:35,0.0
04/30/06 05:40,0.0
04/30/06 05:45,0.0
04/30/06 05:50,0.0
04/30/06 05:55,0.0
04/30/06 06:00,0.0
04/30/06 06:05,0.0
04/30/06 06:10,0.0
04/30/06 06:15,0.0
04/30/06 06:20,0.0
04/30/06 06:25,0.0
04/30/06 06:30,0.0
04/30/06 06:35,0.1
04/30/06 06:40,0.1
04/30/06 06:45,0.1
04/30/06 06:50,0.1
04/30/06 06:55,0.2
04/30/06 07:00,0.2
04/30/06 07:05,0.2
04/30/06 07:10,0.3
04/30/06 07:15,0.4
04/30/06 07:20,0.4
04/30/06 07:25,0.5
04/30/06 07:30,0.7
04/30/06 07:35,0.6
04/30/06 07:40,0.8
04/30/06 07:45,1.3
04/30/06 07:50,2.3
04/30/06 07:55,3.8
04/30/06 08:00,4.5
04/30/06 08:05,4.9
04/30/06 08:10,5.2
04/30/06 08:15,5.1
04/30/06 08:20,4.7
04/30/06 08:25,4.4
04/30/06 08:30,4.2
04/30/06 08:35,4.0
04/30/06 08:40,4.0
04/30/06 08:45,4.1
04/30/06 08:50,4.1
04/30/06 08:55,4.1
04/30/06 09:00,4.1
04/30/06 09:05,4.0
04/30/06 09:10,4.1
04/30/06 09:15,4.1
04/30/06 09:20,4.1
04/30/06 09:25,4.2
04/30/06 09:30,4.3
04/30/06 09:35,4.3
04/30/06 09:40,4.4
04/30/06 09:45,4.4
04/30/06 09:50,4.3
04/30/06 09:55,4.1
04/30/06 10:00,4.0
04/30/06 10:05,4.1
04/30/06 10:10,4.3
04/30/06 10:15,4.5
04/30/06 10:20,4.7
04/30/06 10:25,4.9
04/30/06 10:30,5.1
04/30/06 10:35,5.2
04/30/06 10:40,5.1
04/30/06 10:45,5.1
04/30/06 10:50,5.2
04/30/06 10:55,5.2
04/30/06 11:00,5.2
04/30/06 11:05,5.0
04/30/06 11:10,4.9
04/30/06 11:15,5.8
04/30/06 11:20,7.4
04/30/06 11:25,7.9
04/30/06 11:30,7.3
04/30/06 11:35,6.6
04/30/06 11:40,6.0
04/30/06 11:45,5.9
04/30/06 11:50,6.0
04/30/06 11:55,6.2
04/30/06 12:00,6.4
04/30/06 12:05,6.6
04/30/06 12:10,6.6
04/30/06 12:15,8.5
04/30/06 12:20,11.0
04/30/06 12:25,12.8
04/30/06 12:30,14.3
04/30/06 12:35,15.1
04/30/06 12:40,15.9
04/30/06 12:45,16.9
04/30/06 12:50,17.8
04/30/06 12:55,18.7
04/30/06 13:00,19.5
04/30/06 13:05,20.3
04/30/06 13:10,21.3
04/30/06 13:15,22.3
04/30/06 13:20,22.7
04/30/06 13:25,22.6
04/30/06 13:30,21.8
04/30/06 13:35,20.8
04/30/06 13:40,19.6
04/30/06 13:45,18.1
04/30/06 13:50,16.8
04/30/06 13:55,15.7
04/30/06 14:00,14.7
04/30/06 14:05,13.6
04/30/06 14:10,12.2
04/30/06 14:15,10.2
04/30/06 14:20,8.4
04/30/06 14:25,7.2
04/30/06 14:30,6.4
04/30/06 14:35,6.2
04/30/06 14:40,6.4
04/30/06 14:45,6.2
04/30/06 14:50,6.2
04/30/06 14:55,6.4
04/30/06 15:00,6.2
04/30/06 15:05,6.9
04/30/06 15:10,7.3
04/30/06 15:15,8.1
04/30/06 15:20,8.6
04/30/06 15:25,8.4
04/30/06 15:30,7.8
04/30/06 15:35,7.5
04/30/06 15:40,7.2
04/30/06 15:45,6.7
04/30/06 15:50,6.0
04/30/06 15:55,5.5
04/30/06 16:00,5.0
04/30/06 16:05,4.4
04/30/06 16:10,3.8
04/30/06 16:15,3.2
04/30/06 16:20,2.7
04/30/06 16:25,2.0
04/30/06 16:30,1.7
04/30/06 16:35,1.5
04/30/06 16:40,1.2
04/30/06 16:45,1.2
04/30/06 16:50,1.2
04/30/06 16:55,0.9
04/30/06 17:00,0.7
04/30/06 17:05,0.4
04/30/06 17:10,0.2
04/30/06 17:15,0.2
04/30/06 17:20,0.1
04/30/06 17:25,0.3
04/30/06 17:30,0.2
04/30/06 17:35,0.1
04/30/06 17:40,0.1
04/30/06 17:45,0.0
04/30/06 17:50,0.0
04/30/06 17:55,0.0
04/30/06 18:00,0.0
04/30/06 18:05,0.0
04/30/06 18:10,0.0
04/30/06 18:15,0.0
04/30/06 18:20,0.0
04/30/06 18:25,0.0
04/30/06 18:30,0.0
04/30/06 18:35,0.0
04/30/06 18:40,0.0
04/30/06 18:45,0.0
04/30/06 18:50,0.0
04/30/06 18:55,0.0
04/30/06 19:00,0.0
04/30/06 19:05,0.0
04/30/06 19:10,0.0
04/30/06 19:15,0.0
04/30/06 19:20,0.0
04/30/06 19:25,0.0
04/30/06 19:30,0.0
04/30/06 19:35,0.0
04/30/06 19:40,0.0
04/30/06 19:45,0.0
04/30/06 19:50,0.0
04/30/06 19:55,0.0
04/30/06 20:00,0.0
04/30/06 20:05,0.0
04/30/06 20:10,0.0
04/30/06 20:15,0.0
04/30/06 20:20,0.0
04/30/06 20:25,0.0
04/30/06 20:30,0.0
04/30/06 20:35,0.0
04/30/06 20:40,0.0
04/30/06 20:45,0.0
04/30/06 20:50,0.0
04/30/06 20:55,0.0
04/30/06 21:00,0.0
04/30/06 21:05,0.0
04/30/06 21:10,0.0
04/30/06 21:15,0.0
04/30/06 21:20,0.0
04/30/06 21:25,0.0
04/30/06 21:30,0.0
04/30/06 21:35,0.0
04/30/06 21:40,0.0
04/30/06 21:45,0.0
04/30/06 21:50,0.0
04/30/06 21:55,0.0
04/30/06 22:00,0.0
04/30/06 22:05,0.0
04/30/06 22:10,0.0
04/30/06 22:15,0.0
04/30/06 22:20,0.0
04/30/06 22:25,0.0
04/30/06 22:30,0.0
04/30/06 22:35,0.0
04/30/06 22:40,0.0
04/30/06 22:45,0.0
04/30/06 22:50,0.0
04/30/06 22:55,0.0
04/30/06 23:00,0.0
04/30/06 23:05,0.0
04/30/06 23:10,0.0
04/30/06 23:15,0.0
04/30/06 23:20,0.0
04/30/06 23:25,0.0
04/30/06 23:30,0.0
04/30/06 23:35,0.0
04/30/06 23:40,0.0
04/30/06 23:45,0.0
04/30/06 23:50,0.0
04/30/06 23:55,0.0
05/01/06 00:00,0.0
05/01/06 00:05,0.0
05/01/06 00:10,0.0
05/01/06 00:15,0.0
05/01/06 00:20,0.0
05/01/06 00:25,0.0
05/01/06 00:30,0.0
05/01/06 00:35,0.0
05/01/06 00:40,0.0
05/01/06 00:45,0.0
05/01/06 00:50,0.0
05/01/06 00:55,0.0
05/01/06 01:00,0.0
05/01/06 01:05,0.0
05/01/06 01:10,0.0
05/01/06 01:15,0.0
05/01/06 01:20,0.0
05/01/06 01:25,0.0
05/01/06 01:30,0.0
05/01/06 01:35,0.0
05/01/06 01:40,0.0
05/01/06 01:45,0.0
05/01/06 01:50,0.0
05/01/06 01:55,0.0
05/01/06 02:00,0.0
05/01/06 02:05,0.0
05/01/06 02:10,0.0
05/01/06 02:15,0.0
05/01/06 02:20,0.0
05/01/06 02:25,0.0
05/01/06 02:30,0.0
05/01/06 02:35,0.0
05/01/06 02:40,0.0
05/01/06 02:45,0.0
05/01/06 02:50,0.0
05/01/06 02:55,0.0
05/01/06 03:00,0.0
05/01/06 03:05,0.0
05/01/06 03:10,0.0
05/01/06 03:15,0.0
05/01/06 03:20,0.0
05/01/06 03:25,0.0
05/01/06 03:30,0.0
05/01/06 03:35,0.0
05/01/06 03:40,0.0
05/01/06 03:45,0.0
05/01/06 03:50,0.0
05/01/06 03:55,0.0
05/01/06 04:00,0.0
05/01/06 04:05,0.0
05/01/06 04:10,0.0
05/01/06 04:15,0.0
05/01/06 04:20,0.0
05/01/06 04:25,0.0
05/01/06 04:30,0.0
05/01/06 04:35,0.0
05/01/06 04:40,0.0
05/01/06 04:45,0.0
05/01/06 04:50,0.0
05/01/06 04:55,0.0
05/01/06 05:00,0.0
05/01/06 05:05,0.0
05/01/06 05:10,0.0
05/01/06 05:15,0.0
05/01/06 05:20,0.0
05/01/06 05:25,0.0
05/01/06 05:30,0.0
05/01/06 05:35,0.0
05/01/06 05:40,0.0
05/01/06 05:45,0.0
05/01/06 05:50,0.1
05/01/06 05:55,0.2
05/01/06 06:00,0.2
05/01/06 06:05,0.1
05/01/06 06:10,0.0
05/01/06 06:15,0.4
05/01/06 06:20,1.5
05/01/06 06:25,3.3
05/01/06 06:30,4.1
05/01/06 06:35,4.7
05/01/06 06:40,5.2
05/01/06 06:45,5.8
05/01/06 06:50,6.4
05/01/06 06:55,7.1
05/01/06 07:00,7.8
05/01/06 07:05,8.5
05/01/06 07:10,9.2
05/01/06 07:15,9.2
05/01/06 07:20,7.6
05/01/06 07:25,8.5
05/01/06 07:30,8.7
05/01/06 07:35,8.7
05/01/06 07:40,10.5
05/01/06 07:45,11.9
05/01/06 07:50,13.2
05/01/06 07:55,14.4
05/01/06 08:00,15.5
05/01/06 08:05,16.4
05/01/06 08:10,17.2
05/01/06 08:15,16.5
05/01/06 08:20,13.0
05/01/06 08:25,8.9
05/01/06 08:30,8.4
05/01/06 08:35,10.5
05/01/06 08:40,9.9
05/01/06 08:45,9.7
05/01/06 08:50,11.4
05/01/06 08:55,14.3
05/01/06 09:00,15.2
05/01/06 09:05,17.8
05/01/06 09:10,20.6
05/01/06 09:15,20.4
05/01/06 09:20,19.2
05/01/06 09:25,19.1
05/01/06 09:30,20.0
05/01/06 09:35,19.4
05/01/06 09:40,18.4
05/01/06 09:45,18.6
05/01/06 09:50,19.2
05/01/06 09:55,18.8
05/01/06 10:00,20.4
05/01/06 10:05,21.7
05/01/06 10:10,22.2
05/01/06 10:15,22.2
05/01/06 10:20,23.1
05/01/06 10:25,23.7
05/01/06 10:30,21.9
05/01/06 10:35,22.7
05/01/06 10:40,22.9
05/01/06 10:45,22.5
05/01/06 10:50,22.8
05/01/06 10:55,22.2
05/01/06 11:00,21.5
05/01/06 11:05,19.4
05/01/06 11:10,18.0
05/01/06 11:15,19.1
05/01/06 11:20,20.9
05/01/06 11:25,21.8
05/01/06 11:30,22.5
05/01/06 11:35,22.8
05/01/06 11:40,23.0
05/01/06 11:45,23.2
05/01/06 11:50,23.4
05/01/06 11:55,23.6
05/01/06 12:00,23.8
05/01/06 12:05,24.1
05/01/06 12:10,24.5
05/01/06 12:15,24.6
05/01/06 12:20,22.1
05/01/06 12:25,18.5
05/01/06 12:30,16.9
05/01/06 12:35,14.1
05/01/06 12:40,11.7
05/01/06 12:45,13.6
05/01/06 12:50,15.0
05/01/06 12:55,17.7
05/01/06 13:00,18.0
05/01/06 13:05,16.5
05/01/06 13:10,15.5
05/01/06 13:15,17.2
05/01/06 13:20,19.4
05/01/06 13:25,20.8
05/01/06 13:30,23.1
05/01/06 13:35,25.2
05/01/06 13:40,26.5
05/01/06 13:45,26.4
05/01/06 13:50,24.8
05/01/06 13:55,22.8
05/01/06 14:00,19.9
05/01/06 14:05,17.1
05/01/06 14:10,14.3
05/01/06 14:15,15.7
05/01/06 14:20,17.2
05/01/06 14:25,17.5
05/01/06 14:30,17.3
05/01/06 14:35,18.1
05/01/06 14:40,18.5
05/01/06 14:45,18.1
05/01/06 14:50,18.5
05/01/06 14:55,18.4
05/01/06 15:00,17.8
05/01/06 15:05,17.4
05/01/06 15:10,17.5
05/01/06 15:15,16.9
05/01/06 15:20,15.1
05/01/06 15:25,15.3
05/01/06 15:30,15.0
05/01/06 15:35,14.9
05/01/06 15:40,14.9
05/01/06 15:45,14.8
05/01/06 15:50,14.4
05/01/06 15:55,13.4
05/01/06 16:00,12.4
05/01/06 16:05,11.7
05/01/06 16:10,11.1
05/01/06 16:15,10.5
05/01/06 16:20,10.0
05/01/06 16:25,9.6
05/01/06 16:30,9.1
05/01/06 16:35,8.7
05/01/06 16:40,8.1
05/01/06 16:45,7.6
05/01/06 16:50,7.0
05/01/06 16:55,6.1
05/01/06 17:00,5.3
05/01/06 17:05,4.7
05/01/06 17:10,4.1
05/01/06 17:15,3.7
05/01/06 17:20,2.5
05/01/06 17:25,1.5
05/01/06 17:30,0.8
05/01/06 17:35,0.4
05/01/06 17:40,0.2
05/01/06 17:45,0.1
05/01/06 17:50,0.0
05/01/06 17:55,0.0
05/01/06 18:00,0.0
05/01/06 18:05,0.0
05/01/06 18:10,0.0
05/01/06 18:15,0.0
05/01/06 18:20,0.0
05/01/06 18:25,0.0
05/01/06 18:30,0.0
05/01/06 18:35,0.0
05/01/06 18:40,0.0
05/01/06 18:45,0.0
05/01/06 18:50,0.0
05/01/06 18:55,0.0
05/01/06 19:00,0.0
05/01/06 19:05,0.0
05/01/06 19:10,0.0
05/01/06 19:15,0.0
05/01/06 19:20,0.0
05/01/06 19:25,0.0
05/01/06 19:30,0.0
05/01/06 19:35,0.0
05/01/06 19:40,0.0
05/01/06 19:45,0.0
05/01/06 19:50,0.0
05/01/06 19:55,0.0
05/01/06 20:00,0.0
05/01/06 20:05,0.0
05/01/06 20:10,0.0
05/01/06 20:15,0.0
05/01/06 20:20,0.0
05/01/06 20:25,0.0
05/01/06 20:30,0.0
05/01/06 20:35,0.0
05/01/06 20:40,0.0
05/01/06 20:45,0.0
05/01/06 20:50,0.0
05/01/06 20:55,0.0
05/01/06 21:00,0.0
05/01/06 21:05,0.0
05/01/06 21:10,0.0
05/01/06 21:15,0.0
05/01/06 21:20,0.0
05/01/06 21:25,0.0
05/01/06 21:30,0.0
05/01/06 21:35,0.0
05/01/06 21:40,0.0
05/01/06 21:45,0.0
05/01/06 21:50,0.0
05/01/06 21:55,0.0
05/01/06 22:00,0.0
05/01/06 22:05,0.0
05/01/06 22:10,0.0
05/01/06 22:15,0.0
05/01/06 22:20,0.0
05/01/06 22:25,0.0
05/01/06 22:30,0.0
05/01/06 22:35,0.0
05/01/06 22:40,0.0
05/01/06 22:45,0.0
05/01/06 22:50,0.0
05/01/06 22:55,0.0
05/01/06 23:00,0.0
05/01/06 23:05,0.0
05/01/06 23:10,0.0
05/01/06 23:15,0.0
05/01/06 23:20,0.0
05/01/06 23:25,0.0
05/01/06 23:30,0.0
05/01/06 23:35,0.0
05/01/06 23:40,0.0
05/01/06 23:45,0.0
05/01/06 23:50,0.0
05/01/06 23:55,0.0
05/02/06 00:00,0.0
05/02/06 00:05,0.0
05/02/06 00:10,0.0
05/02/06 00:15,0.0
05/02/06 00:20,0.0
05/02/06 00:25,0.0
05/02/06 00:30,0.0
05/02/06 00:35,0.0
05/02/06 00:40,0.0
05/02/06 00:45,0.0
05/02/06 00:50,0.0
05/02/06 00:55,0.0
05/02/06 01:00,0.0
05/02/06 01:05,0.0
05/02/06 01:10,0.0
05/02/06 01:15,0.0
05/02/06 01:20,0.0
05/02/06 01:25,0.0
05/02/06 01:30,0.0
05/02/06 01:35,0.0
05/02/06 01:40,0.0
05/02/06 01:45,0.0
05/02/06 01:50,0.0
05/02/06 01:55,0.0
05/02/06 02:00,0.0
05/02/06 02:05,0.0
05/02/06 02:10,0.0
05/02/06 02:15,0.0
05/02/06 02:20,0.0
05/02/06 02:25,0.0
05/02/06 02:30,0.0
05/02/06 02:35,0.0
05/02/06 02:40,0.0
05/02/06 02:45,0.0
05/02/06 02:50,0.0
05/02/06 02:55,0.0
05/02/06 03:00,0.0
05/02/06 03:05,0.0
05/02/06 03:10,0.0
05/02/06 03:15,0.0
05/02/06 03:20,0.0
05/02/06 03:25,0.0
05/02/06 03:30,0.0
05/02/06 03:35,0.0
05/02/06 03:40,0.0
05/02/06 03:45,0.0
05/02/06 03:50,0.0
05/02/06 03:55,0.0
05/02/06 04:00,0.0
05/02/06 04:05,0.0
05/02/06 04:10,0.0
05/02/06 04:15,0.0
05/02/06 04:20,0.0
05/02/06 04:25,0.0
05/02/06 04:30,0.0
05/02/06 04:35,0.0
05/02/06 04:40,0.0
05/02/06 04:45,0.0
05/02/06 04:50,0.0
05/02/06 04:55,0.0
05/02/06 05:00,0.0
05/02/06 05:05,0.0
05/02/06 05:10,0.0
05/02/06 05:15,0.0
05/02/06 05:20,0.0
05/02/06 05:25,0.0
05/02/06 05:30,0.0
05/02/06 05:35,0.0
05/02/06 05:40,0.0
05/02/06 05:45,0.0
05/02/06 05:50,0.1
05/02/06 05:55,0.2
05/02/06 06:00,0.3
05/02/06 06:05,0.7
05/02/06 06:10,1.1
05/02/06 06:15,1.8
05/02/06 06:20,3.3
05/02/06 06:25,3.9
05/02/06 06:30,4.4
05/02/06 06:35,4.9
05/02/06 06:40,5.5
05/02/06 06:45,6.1
05/02/06 06:50,6.7
05/02/06 06:55,7.3
05/02/06 07:00,8.0
05/02/06 07:05,8.5
05/02/06 07:10,9.2
05/02/06 07:15,10.0
05/02/06 07:20,10.6
05/02/06 07:25,11.3
05/02/06 07:30,11.9
05/02/06 07:35,12.4
05/02/06 07:40,13.0
05/02/06 07:45,13.5
05/02/06 07:50,13.9
05/02/06 07:55,14.4
05/02/06 08:00,14.9
05/02/06 08:05,15.4
05/02/06 08:10,16.0
05/02/06 08:15,16.6
05/02/06 08:20,17.2
05/02/06 08:25,17.7
05/02/06 08:30,17.8
05/02/06 08:35,17.9
05/02/06 08:40,18.3
05/02/06 08:45,18.6
05/02/06 08:50,18.7
05/02/06 08:55,18.9
05/02/06 09:00,19.7
05/02/06 09:05,20.4
05/02/06 09:10,20.7
05/02/06 09:15,19.8
05/02/06 09:20,18.5
05/02/06 09:25,18.8
05/02/06 09:30,17.8
05/02/06 09:35,17.8
05/02/06 09:40,19.5
05/02/06 09:45,20.9
05/02/06 09:50,22.3
05/02/06 09:55,22.9
05/02/06 10:00,23.0
05/02/06 10:05,24.8
05/02/06 10:10,24.9
05/02/06 10:15,22.9
05/02/06 10:20,22.3
05/02/06 10:25,22.5
05/02/06 10:30,22.8
05/02/06 10:35,21.8
05/02/06 10:40,21.2
05/02/06 10:45,19.2
05/02/06 10:50,15.9
05/02/06 10:55,15.7
05/02/06 11:00,19.3
05/02/06 11:05,22.2
05/02/06 11:10,22.5
05/02/06 11:15,22.6
05/02/06 11:20,23.7
05/02/06 11:25,22.1
05/02/06 11:30,22.8
05/02/06 11:35,24.4
05/02/06 11:40,24.3
05/02/06 11:45,25.1
05/02/06 11:50,24.8
05/02/06 11:55,26.0
05/02/06 12:00,27.1
05/02/06 12:05,25.8
05/02/06 12:10,24.9
05/02/06 12:15,22.7
05/02/06 12:20,22.8
05/02/06 12:25,20.7
05/02/06 12:30,21.0
05/02/06 12:35,19.0
05/02/06 12:40,17.2
05/02/06 12:45,14.8
05/02/06 12:50,14.2
05/02/06 12:55,16.8
05/02/06 13:00,19.5
05/02/06 13:05,18.8
05/02/06 13:10,17.9
05/02/06 13:15,18.1
05/02/06 13:20,18.4
05/02/06 13:25,18.7
05/02/06 13:30,20.2
05/02/06 13:35,21.8
05/02/06 13:40,22.0
05/02/06 13:45,22.3
05/02/06 13:50,22.4
05/02/06 13:55,21.9
05/02/06 14:00,21.1
05/02/06 14:05,18.5
05/02/06 14:10,14.6
05/02/06 14:15,14.2
05/02/06 14:20,16.4
05/02/06 14:25,19.5
05/02/06 14:30,19.7
05/02/06 14:35,19.2
05/02/06 14:40,18.7
05/02/06 14:45,20.0
05/02/06 14:50,20.7
05/02/06 14:55,21.2
05/02/06 15:00,21.1
05/02/06 15:05,20.5
05/02/06 15:10,20.0
05/02/06 15:15,18.7
05/02/06 15:20,17.5
05/02/06 15:25,16.4
05/02/06 15:30,15.2
05/02/06 15:35,14.7
05/02/06 15:40,14.2
05/02/06 15:45,13.4
05/02/06 15:50,12.9
05/02/06 15:55,12.2
05/02/06 16:00,10.7
05/02/06 16:05,9.8
05/02/06 16:10,10.3
05/02/06 16:15,10.1
05/02/06 16:20,9.6
05/02/06 16:25,9.0
05/02/06 16:30,8.5
05/02/06 16:35,7.9
05/02/06 16:40,7.3
05/02/06 16:45,6.7
05/02/06 16:50,6.1
05/02/06 16:55,5.5
05/02/06 17:00,5.0
05/02/06 17:05,4.5
05/02/06 17:10,4.0
05/02/06 17:15,3.6
05/02/06 17:20,2.3
05/02/06 17:25,1.4
05/02/06 17:30,0.8
05/02/06 17:35,0.5
05/02/06 17:40,0.2
05/02/06 17:45,0.1
05/02/06 17:50,0.1
05/02/06 17:55,0.0
05/02/06 18:00,0.0
05/02/06 18:05,0.0
05/02/06 18:10,0.0
05/02/06 18:15,0.0
05/02/06 18:20,0.0
05/02/06 18:25,0.0
05/02/06 18:30,0.0
05/02/06 18:35,0.0
05/02/06 18:40,0.0
05/02/06 18:45,0.0
05/02/06 18:50,0.0
05/02/06 18:55,0.0
05/02/06 19:00,0.0
05/02/06 19:05,0.0
05/02/06 19:10,0.0
05/02/06 19:15,0.0
05/02/06 19:20,0.0
05/02/06 19:25,0.0
05/02/06 19:30,0.0
05/02/06 19:35,0.0
05/02/06 19:40,0.0
05/02/06 19:45,0.0
05/02/06 19:50,0.0
05/02/06 19:55,0.0
05/02/06 20:00,0.0
05/02/06 20:05,0.0
05/02/06 20:10,0.0
05/02/06 20:15,0.0
05/02/06 20:20,0.0
05/02/06 20:25,0.0
05/02/06 20:30,0.0
05/02/06 20:35,0.0
05/02/06 20:40,0.0
05/02/06 20:45,0.0
05/02/06 20:50,0.0
05/02/06 20:55,0.0
05/02/06 21:00,0.0
05/02/06 21:05,0.0
05/02/06 21:10,0.0
05/02/06 21:15,0.0
05/02/06 21:20,0.0
05/02/06 21:25,0.0
05/02/06 21:30,0.0
05/02/06 21:35,0.0
05/02/06 21:40,0.0
05/02/06 21:45,0.0
05/02/06 21:50,0.0
05/02/06 21:55,0.0
05/02/06 22:00,0.0
05/02/06 22:05,0.0
05/02/06 22:10,0.0
05/02/06 22:15,0.0
05/02/06 22:20,0.0
05/02/06 22:25,0.0
05/02/06 22:30,0.0
05/02/06 22:35,0.0
05/02/06 22:40,0.0
05/02/06 22:45,0.0
05/02/06 22:50,0.0
05/02/06 22:55,0.0
05/02/06 23:00,0.0
05/02/06 23:05,0.0
05/02/06 23:10,0.0
05/02/06 23:15,0.0
05/02/06 23:20,0.0
05/02/06 23:25,0.0
05/02/06 23:30,0.0
05/02/06 23:35,0.0
05/02/06 23:40,0.0
05/02/06 23:45,0.0
05/02/06 23:50,0.0
05/02/06 23:55,0.0
05/03/06 00:00,0.0
05/03/06 00:05,0.0
05/03/06 00:10,0.0
05/03/06 00:15,0.0
05/03/06 00:20,0.0
05/03/06 00:25,0.0
05/03/06 00:30,0.0
05/03/06 00:35,0.0
05/03/06 00:40,0.0
05/03/06 00:45,0.0
05/03/06 00:50,0.0
05/03/06 00:55,0.0
05/03/06 01:00,0.0
05/03/06 01:05,0.0
05/03/06 01:10,0.0
05/03/06 01:15,0.0
05/03/06 01:20,0.0
05/03/06 01:25,0.0
05/03/06 01:30,0.0
05/03/06 01:35,0.0
05/03/06 01:40,0.0
05/03/06 01:45,0.0
05/03/06 01:50,0.0
05/03/06 01:55,0.0
05/03/06 02:00,0.0
05/03/06 02:05,0.0
05/03/06 02:10,0.0
05/03/06 02:15,0.0
05/03/06 02:20,0.0
05/03/06 02:25,0.0
05/03/06 02:30,0.0
05/03/06 02:35,0.0
05/03/06 02:40,0.0
05/03/06 02:45,0.0
05/03/06 02:50,0.0
05/03/06 02:55,0.0
05/03/06 03:00,0.0
05/03/06 03:05,0.0
05/03/06 03:10,0.0
05/03/06 03:15,0.0
05/03/06 03:20,0.0
05/03/06 03:25,0.0
05/03/06 03:30,0.0
05/03/06 03:35,0.0
05/03/06 03:40,0.0
05/03/06 03:45,0.0
05/03/06 03:50,0.0
05/03/06 03:55,0.0
05/03/06 04:00,0.0
05/03/06 04:05,0.0
05/03/06 04:10,0.0
05/03/06 04:15,0.0
05/03/06 04:20,0.0
05/03/06 04:25,0.0
05/03/06 04:30,0.0
05/03/06 04:35,0.0
05/03/06 04:40,0.0
05/03/06 04:45,0.0
05/03/06 04:50,0.0
05/03/06 04:55,0.0
05/03/06 05:00,0.0
05/03/06 05:05,0.0
05/03/06 05:10,0.0
05/03/06 05:15,0.0
05/03/06 05:20,0.0
05/03/06 05:25,0.0
05/03/06 05:30,0.0
05/03/06 05:35,0.0
05/03/06 05:40,0.0
05/03/06 05:45,0.0
05/03/06 05:50,0.0
05/03/06 05:55,0.0
05/03/06 06:00,0.0
05/03/06 06:05,0.0
05/03/06 06:10,0.0
05/03/06 06:15,0.0
05/03/06 06:20,0.0
05/03/06 06:25,0.0
05/03/06 06:30,0.0
05/03/06 06:35,0.0
05/03/06 06:40,0.0
05/03/06 06:45,0.0
05/03/06 06:50,0.0
05/03/06 06:55,0.0
05/03/06 07:00,0.0
05/03/06 07:05,0.0
05/03/06 07:10,0.0
05/03/06 07:15,0.0
05/03/06 07:20,0.0
05/03/06 07:25,0.0
05/03/06 07:30,0.3
05/03/06 07:35,2.0
05/03/06 07:40,4.3
05/03/06 07:45,5.6
05/03/06 07:50,7.1
05/03/06 07:55,8.5
05/03/06 08:00,10.1
05/03/06 08:05,11.9
05/03/06 08:10,13.8
05/03/06 08:15,15.5
05/03/06 08:20,16.8
05/03/06 08:25,17.7
05/03/06 08:30,18.5
05/03/06 08:35,19.1
05/03/06 08:40,19.6
05/03/06 08:45,20.0
05/03/06 08:50,20.5
05/03/06 08:55,21.0
05/03/06 09:00,21.5
05/03/06 09:05,21.8
05/03/06 09:10,22.1
05/03/06 09:15,22.2
05/03/06 09:20,22.4
05/03/06 09:25,22.7
05/03/06 09:30,23.0
05/03/06 09:35,23.4
05/03/06 09:40,23.8
05/03/06 09:45,23.9
05/03/06 09:50,24.1
05/03/06 09:55,24.3
05/03/06 10:00,24.5
05/03/06 10:05,24.9
05/03/06 10:10,25.3
05/03/06 10:15,25.4
05/03/06 10:20,25.4
05/03/06 10:25,25.5
05/03/06 10:30,25.7
05/03/06 10:35,25.9
05/03/06 10:40,26.2
05/03/06 10:45,26.6
05/03/06 10:50,27.0
05/03/06 10:55,27.3
05/03/06 11:00,27.7
05/03/06 11:05,28.0
05/03/06 11:10,28.1
05/03/06 11:15,27.8
05/03/06 11:20,27.3
05/03/06 11:25,27.0
05/03/06 11:30,26.8
05/03/06 11:35,26.6
05/03/06 11:40,26.4
05/03/06 11:45,26.3
05/03/06 11:50,26.1
05/03/06 11:55,26.0
05/03/06 12:00,26.2
05/03/06 12:05,26.4
05/03/06 12:10,26.4
05/03/06 12:15,26.5
05/03/06 12:20,26.6
05/03/06 12:25,26.5
05/03/06 12:30,26.3
05/03/06 12:35,26.2
05/03/06 12:40,25.9
05/03/06 12:45,25.5
05/03/06 12:50,25.1
05/03/06 12:55,24.9
05/03/06 13:00,24.9
05/03/06 13:05,24.7
05/03/06 13:10,24.4
05/03/06 13:15,24.3
05/03/06 13:20,23.8
05/03/06 13:25,23.8
05/03/06 13:30,23.0
05/03/06 13:35,21.3
05/03/06 13:40,21.8
05/03/06 13:45,20.6
05/03/06 13:50,18.9
05/03/06 13:55,17.8
05/03/06 14:00,15.3
05/03/06 14:05,12.8
05/03/06 14:10,14.2
05/03/06 14:15,12.0
05/03/06 14:20,11.1
05/03/06 14:25,10.8
05/03/06 14:30,10.9
05/03/06 14:35,11.3
05/03/06 14:40,12.0
05/03/06 14:45,12.8
05/03/06 14:50,13.5
05/03/06 14:55,14.1
05/03/06 15:00,14.6
05/03/06 15:05,15.2
05/03/06 15:10,15.6
05/03/06 15:15,15.9
05/03/06 15:20,15.3
05/03/06 15:25,12.7
05/03/06 15:30,12.5
05/03/06 15:35,13.3
05/03/06 15:40,13.7
05/03/06 15:45,13.5
05/03/06 15:50,13.0
05/03/06 15:55,12.6
05/03/06 16:00,12.2
05/03/06 16:05,11.7
05/03/06 16:10,11.1
05/03/06 16:15,10.5
05/03/06 16:20,9.9
05/03/06 16:25,9.4
05/03/06 16:30,9.0
05/03/06 16:35,8.5
05/03/06 16:40,7.9
05/03/06 16:45,7.4
05/03/06 16:50,7.0
05/03/06 16:55,6.7
05/03/06 17:00,6.3
05/03/06 17:05,5.7
05/03/06 17:10,5.2
05/03/06 17:15,4.5
05/03/06 17:20,3.7
05/03/06 17:25,2.0
05/03/06 17:30,1.0
05/03/06 17:35,0.5
05/03/06 17:40,0.2
05/03/06 17:45,0.1
05/03/06 17:50,0.0
05/03/06 17:55,0.0
05/03/06 18:00,0.0
05/03/06 18:05,0.0
05/03/06 18:10,0.0
05/03/06 18:15,0.0
05/03/06 18:20,0.0
05/03/06 18:25,0.0
05/03/06 18:30,0.0
05/03/06 18:35,0.0
05/03/06 18:40,0.0
05/03/06 18:45,0.0
05/03/06 18:50,0.0
05/03/06 18:55,0.0
05/03/06 19:00,0.0
05/03/06 19:05,0.0
05/03/06 19:10,0.0
05/03/06 19:15,0.0
05/03/06 19:20,0.0
05/03/06 19:25,0.0
05/03/06 19:30,0.0
05/03/06 19:35,0.0
05/03/06 19:40,0.0
05/03/06 19:45,0.0
05/03/06 19:50,0.0
05/03/06 19:55,0.0
05/03/06 20:00,0.0
05/03/06 20:05,0.0
05/03/06 20:10,0.0
05/03/06 20:15,0.0
05/03/06 20:20,0.0
05/03/06 20:25,0.0
05/03/06 20:30,0.0
05/03/06 20:35,0.0
05/03/06 20:40,0.0
05/03/06 20:45,0.0
05/03/06 20:50,0.0
05/03/06 20:55,0.0
05/03/06 21:00,0.0
05/03/06 21:05,0.0
05/03/06 21:10,0.0
05/03/06 21:15,0.0
05/03/06 21:20,0.0
05/03/06 21:25,0.0
05/03/06 21:30,0.0
05/03/06 21:35,0.0
05/03/06 21:40,0.0
05/03/06 21:45,0.0
05/03/06 21:50,0.0
05/03/06 21:55,0.0
05/03/06 22:00,0.0
05/03/06 22:05,0.0
05/03/06 22:10,0.0
05/03/06 22:15,0.0
05/03/06 22:20,0.0
05/03/06 22:25,0.0
05/03/06 22:30,0.0
05/03/06 22:35,0.0
05/03/06 22:40,0.0
05/03/06 22:45,0.0
05/03/06 22:50,0.0
05/03/06 22:55,0.0
05/03/06 23:00,0.0
05/03/06 23:05,0.0
05/03/06 23:10,0.0
05/03/06 23:15,0.0
05/03/06 23:20,0.0
05/03/06 23:25,0.0
05/03/06 23:30,0.0
05/03/06 23:35,0.0
05/03/06 23:40,0.0
05/03/06 23:45,0.0
05/03/06 23:50,0.0
05/03/06 23:55,0.0
05/04/06 00:00,0.0
05/04/06 00:05,0.0
05/04/06 00:10,0.0
05/04/06 00:15,0.0
05/04/06 00:20,0.0
05/04/06 00:25,0.0
05/04/06 00:30,0.0
05/04/06 00:35,0.0
05/04/06 00:40,0.0
05/04/06 00:45,0.0
05/04/06 00:50,0.0
05/04/06 00:55,0.0
05/04/06 01:00,0.0
05/04/06 01:05,0.0
05/04/06 01:10,0.0
05/04/06 01:15,0.0
05/04/06 01:20,0.0
05/04/06 01:25,0.0
05/04/06 01:30,0.0
05/04/06 01:35,0.0
05/04/06 01:40,0.0
05/04/06 01:45,0.0
05/04/06 01:50,0.0
05/04/06 01:55,0.0
05/04/06 02:00,0.0
05/04/06 02:05,0.0
05/04/06 02:10,0.0
05/04/06 02:15,0.0
05/04/06 02:20,0.0
05/04/06 02:25,0.0
05/04/06 02:30,0.0
05/04/06 02:35,0.0
05/04/06 02:40,0.0
05/04/06 02:45,0.0
05/04/06 02:50,0.0
05/04/06 02:55,0.0
05/04/06 03:00,0.0
05/04/06 03:05,0.0
05/04/06 03:10,0.0
05/04/06 03:15,0.0
05/04/06 03:20,0.0
05/04/06 03:25,0.0
05/04/06 03:30,0.0
05/04/06 03:35,0.0
05/04/06 03:40,0.0
05/04/06 03:45,0.0
05/04/06 03:50,0.0
05/04/06 03:55,0.0
05/04/06 04:00,0.0
05/04/06 04:05,0.0
05/04/06 04:10,0.0
05/04/06 04:15,0.0
05/04/06 04:20,0.0
05/04/06 04:25,0.0
05/04/06 04:30,0.0
05/04/06 04:35,0.0
05/04/06 04:40,0.0
05/04/06 04:45,0.0
05/04/06 04:50,0.0
05/04/06 04:55,0.0
05/04/06 05:00,0.0
05/04/06 05:05,0.0
05/04/06 05:10,0.0
05/04/06 05:15,0.0
05/04/06 05:20,0.0
05/04/06 05:25,0.0
05/04/06 05:30,0.0
05/04/06 05:35,0.0
05/04/06 05:40,0.0
05/04/06 05:45,0.0
05/04/06 05:50,0.1
05/04/06 05:55,0.2
05/04/06 06:00,0.3
05/04/06 06:05,0.5
05/04/06 06:10,0.7
05/04/06 06:15,1.1
05/04/06 06:20,1.6
05/04/06 06:25,2.5
05/04/06 06:30,3.6
05/04/06 06:35,4.0
05/04/06 06:40,4.4
05/04/06 06:45,4.9
05/04/06 06:50,5.4
05/04/06 06:55,6.0
05/04/06 07:00,6.6
05/04/06 07:05,7.2
05/04/06 07:10,8.0
05/04/06 07:15,8.8
05/04/06 07:20,9.6
05/04/06 07:25,10.3
05/04/06 07:30,10.9
05/04/06 07:35,11.4
05/04/06 07:40,11.8
05/04/06 07:45,12.3
05/04/06 07:50,12.8
05/04/06 07:55,13.4
05/04/06 08:00,13.9
05/04/06 08:05,14.3
05/04/06 08:10,14.6
05/04/06 08:15,14.4
05/04/06 08:20,13.1
05/04/06 08:25,12.8
05/04/06 08:30,13.5
05/04/06 08:35,13.7
05/04/06 08:40,14.1
05/04/06 08:45,13.3
05/04/06 08:50,13.7
05/04/06 08:55,14.0
05/04/06 09:00,15.2
05/04/06 09:05,15.9
05/04/06 09:10,16.5
05/04/06 09:15,16.4
05/04/06 09:20,16.7
05/04/06 09:25,16.9
05/04/06 09:30,16.9
05/04/06 09:35,16.2
05/04/06 09:40,15.4
05/04/06 09:45,16.3
05/04/06 09:50,16.6
05/04/06 09:55,16.9
05/04/06 10:00,17.5
05/04/06 10:05,18.5
05/04/06 10:10,19.2
05/04/06 10:15,19.2
05/04/06 10:20,18.8
05/04/06 10:25,17.6
05/04/06 10:30,15.9
05/04/06 10:35,14.7
05/04/06 10:40,13.3
05/04/06 10:45,11.2
05/04/06 10:50,9.8
05/04/06 10:55,9.0
05/04/06 11:00,8.4
05/04/06 11:05,8.4
05/04/06 11:10,8.4
05/04/06 11:15,10.8
05/04/06 11:20,15.1
05/04/06 11:25,17.6
05/04/06 11:30,19.8
05/04/06 11:35,21.9
05/04/06 11:40,23.2
05/04/06 11:45,23.5
05/04/06 11:50,23.8
05/04/06 11:55,23.8
05/04/06 12:00,24.3
05/04/06 12:05,25.1
05/04/06 12:10,25.6
05/04/06 12:15,25.6
05/04/06 12:20,25.5
05/04/06 12:25,24.8
05/04/06 12:30,24.7
05/04/06 12:35,24.5
05/04/06 12:40,24.3
05/04/06 12:45,24.2
05/04/06 12:50,23.2
05/04/06 12:55,22.7
05/04/06 13:00,23.4
05/04/06 13:05,24.0
05/04/06 13:10,24.3
05/04/06 13:15,24.5
05/04/06 13:20,24.4
05/04/06 13:25,24.4
05/04/06 13:30,24.3
05/04/06 13:35,24.2
05/04/06 13:40,23.9
05/04/06 13:45,23.6
05/04/06 13:50,23.3
05/04/06 13:55,23.0
05/04/06 14:00,22.7
05/04/06 14:05,22.6
05/04/06 14:10,22.6
05/04/06 14:15,22.3
05/04/06 14:20,21.3
05/04/06 14:25,20.2
05/04/06 14:30,19.4
05/04/06 14:35,19.3
05/04/06 14:40,18.4
05/04/06 14:45,19.5
05/04/06 14:50,20.4
05/04/06 14:55,20.6
05/04/06 15:00,20.2
05/04/06 15:05,20.3
05/04/06 15:10,20.2
05/04/06 15:15,17.9
05/04/06 15:20,12.8
05/04/06 15:25,9.7
05/04/06 15:30,10.9
05/04/06 15:35,11.8
05/04/06 15:40,12.2
05/04/06 15:45,12.0
05/04/06 15:50,11.0
05/04/06 15:55,10.8
05/04/06 16:00,10.1
05/04/06 16:05,10.3
05/04/06 16:10,9.4
05/04/06 16:15,9.0
05/04/06 16:20,9.1
05/04/06 16:25,9.0
05/04/06 16:30,8.8
05/04/06 16:35,8.5
05/04/06 16:40,8.1
05/04/06 16:45,7.6
05/04/06 16:50,7.1
05/04/06 16:55,6.6
05/04/06 17:00,6.0
05/04/06 17:05,5.6
05/04/06 17:10,5.1
05/04/06 17:15,4.4
05/04/06 17:20,3.6
05/04/06 17:25,1.5
05/04/06 17:30,0.7
05/04/06 17:35,0.3
05/04/06 17:40,0.2
05/04/06 17:45,0.1
05/04/06 17:50,0.0
05/04/06 17:55,0.0
05/04/06 18:00,0.0
05/04/06 18:05,0.0
05/04/06 18:10,0.0
05/04/06 18:15,0.0
05/04/06 18:20,0.0
05/04/06 18:25,0.0
05/04/06 18:30,0.0
05/04/06 18:35,0.0
05/04/06 18:40,0.0
05/04/06 18:45,0.0
05/04/06 18:50,0.0
05/04/06 18:55,0.0
05/04/06 19:00,0.0
05/04/06 19:05,0.0
05/04/06 19:10,0.0
05/04/06 19:15,0.0
05/04/06 19:20,0.0
05/04/06 19:25,0.0
05/04/06 19:30,0.0
05/04/06 19:35,0.0
05/04/06 19:40,0.0
05/04/06 19:45,0.0
05/04/06 19:50,0.0
05/04/06 19:55,0.0
05/04/06 20:00,0.0
05/04/06 20:05,0.0
05/04/06 20:10,0.0
05/04/06 20:15,0.0
05/04/06 20:20,0.0
05/04/06 20:25,0.0
05/04/06 20:30,0.0
05/04/06 20:35,0.0
05/04/06 20:40,0.0
05/04/06 20:45,0.0
05/04/06 20:50,0.0
05/04/06 20:55,0.0
05/04/06 21:00,0.0
05/04/06 21:05,0.0
05/04/06 21:10,0.0
05/04/06 21:15,0.0
05/04/06 21:20,0.0
05/04/06 21:25,0.0
05/04/06 21:30,0.0
05/04/06 21:35,0.0
05/04/06 21:40,0.0
05/04/06 21:45,0.0
05/04/06 21:50,0.0
05/04/06 21:55,0.0
05/04/06 22:00,0.0
05/04/06 22:05,0.0
05/04/06 22:10,0.0
05/04/06 22:15,0.0
05/04/06 22:20,0.0
05/04/06 22:25,0.0
05/04/06 22:30,0.0
05/04/06 22:35,0.0
05/04/06 22:40,0.0
05/04/06 22:45,0.0
05/04/06 22:50,0.0
05/04/06 22:55,0.0
05/04/06 23:00,0.0
05/04/06 23:05,0.0
05/04/06 23:10,0.0
05/04/06 23:15,0.0
05/04/06 23:20,0.0
05/04/06 23:25,0.0
05/04/06 23:30,0.0
05/04/06 23:35,0.0
05/04/06 23:40,0.0
05/04/06 23:45,0.0
05/04/06 23:50,0.0
05/04/06 23:55,0.0
05/05/06 00:00,0.0
05/05/06 00:05,0.0
05/05/06 00:10,0.0
05/05/06 00:15,0.0
05/05/06 00:20,0.0
05/05/06 00:25,0.0
05/05/06 00:30,0.0
05/05/06 00:35,0.0
05/05/06 00:40,0.0
05/05/06 00:45,0.0
05/05/06 00:50,0.0
05/05/06 00:55,0.0
05/05/06 01:00,0.0
05/05/06 01:05,0.0
05/05/06 01:10,0.0
05/05/06 01:15,0.0
05/05/06 01:20,0.0
05/05/06 01:25,0.0
05/05/06 01:30,0.0
05/05/06 01:35,0.0
05/05/06 01:40,0.0
05/05/06 01:45,0.0
05/05/06 01:50,0.0
05/05/06 01:55,0.0
05/05/06 02:00,0.0
05/05/06 02:05,0.0
05/05/06 02:10,0.0
05/05/06 02:15,0.0
05/05/06 02:20,0.0
05/05/06 02:25,0.0
05/05/06 02:30,0.0
05/05/06 02:35,0.0
05/05/06 02:40,0.0
05/05/06 02:45,0.0
05/05/06 02:50,0.0
05/05/06 02:55,0.0
05/05/06 03:00,0.0
05/05/06 03:05,0.0
05/05/06 03:10,0.0
05/05/06 03:15,0.0
05/05/06 03:20,0.0
05/05/06 03:25,0.0
05/05/06 03:30,0.0
05/05/06 03:35,0.0
05/05/06 03:40,0.0
05/05/06 03:45,0.0
05/05/06 03:50,0.0
05/05/06 03:55,0.0
05/05/06 04:00,0.0
05/05/06 04:05,0.0
05/05/06 04:10,0.0
05/05/06 04:15,0.0
05/05/06 04:20,0.0
05/05/06 04:25,0.0
05/05/06 04:30,0.0
05/05/06 04:35,0.0
05/05/06 04:40,0.0
05/05/06 04:45,0.0
05/05/06 04:50,0.0
05/05/06 04:55,0.0
05/05/06 05:00,0.0
05/05/06 05:05,0.0
05/05/06 05:10,0.0
05/05/06 05:15,0.0
05/05/06 05:20,0.0
05/05/06 05:25,0.0
05/05/06 05:30,0.0
05/05/06 05:35,0.0
05/05/06 05:40,0.0
05/05/06 05:45,0.0
05/05/06 05:50,0.1
05/05/06 05:55,0.1
05/05/06 06:00,0.3
05/05/06 06:05,0.4
05/05/06 06:10,0.7
05/05/06 06:15,1.0
05/05/06 06:20,1.3
05/05/06 06:25,1.2
05/05/06 06:30,1.9
05/05/06 06:35,3.7
05/05/06 06:40,4.2
05/05/06 06:45,4.8
05/05/06 06:50,5.4
05/05/06 06:55,6.0
05/05/06 07:00,6.7
05/05/06 07:05,7.0
05/05/06 07:10,7.2
05/05/06 07:15,8.0
05/05/06 07:20,9.3
05/05/06 07:25,10.5
05/05/06 07:30,11.6
05/05/06 07:35,12.7
05/05/06 07:40,13.6
05/05/06 07:45,14.4
05/05/06 07:50,15.2
05/05/06 07:55,16.0
05/05/06 08:00,16.9
05/05/06 08:05,17.6
05/05/06 08:10,18.3
05/05/06 08:15,18.2
05/05/06 08:20,16.8
05/05/06 08:25,17.1
05/05/06 08:30,18.6
05/05/06 08:35,19.7
05/05/06 08:40,21.2
05/05/06 08:45,22.3
05/05/06 08:50,22.8
05/05/06 08:55,23.5
05/05/06 09:00,23.9
05/05/06 09:05,23.3
05/05/06 09:10,22.4
05/05/06 09:15,22.4
05/05/06 09:20,22.7
05/05/06 09:25,22.8
05/05/06 09:30,22.9
05/05/06 09:35,23.0
05/05/06 09:40,23.0
05/05/06 09:45,22.9
05/05/06 09:50,22.6
05/05/06 09:55,22.3
05/05/06 10:00,22.1
05/05/06 10:05,22.1
05/05/06 10:10,21.9
05/05/06 10:15,21.7
05/05/06 10:20,21.2
05/05/06 10:25,20.4
05/05/06 10:30,19.1
05/05/06 10:35,17.4
05/05/06 10:40,15.9
05/05/06 10:45,14.1
05/05/06 10:50,12.2
05/05/06 10:55,10.5
05/05/06 11:00,9.0
05/05/06 11:05,6.9
05/05/06 11:10,5.3
05/05/06 11:15,4.8
05/05/06 11:20,5.9
05/05/06 11:25,7.3
05/05/06 11:30,9.3
05/05/06 11:35,10.6
05/05/06 11:40,11.6
05/05/06 11:45,12.4
05/05/06 11:50,13.6
05/05/06 11:55,15.5
05/05/06 12:00,17.6
05/05/06 12:05,19.7
05/05/06 12:10,22.3
05/05/06 12:15,24.3
05/05/06 12:20,25.3
05/05/06 12:25,25.8
05/05/06 12:30,26.0
05/05/06 12:35,25.9
05/05/06 12:40,25.8
05/05/06 12:45,25.6
05/05/06 12:50,25.5
05/05/06 12:55,25.4
05/05/06 13:00,25.3
05/05/06 13:05,25.2
05/05/06 13:10,25.0
05/05/06 13:15,24.6
05/05/06 13:20,24.1
05/05/06 13:25,24.2
05/05/06 13:30,24.2
05/05/06 13:35,23.6
05/05/06 13:40,22.4
05/05/06 13:45,21.3
05/05/06 13:50,21.2
05/05/06 13:55,21.8
05/05/06 14:00,22.0
05/05/06 14:05,22.2
05/05/06 14:10,22.3
05/05/06 14:15,21.6
05/05/06 14:20,19.7
05/05/06 14:25,18.7
05/05/06 14:30,17.7
05/05/06 14:35,16.3
05/05/06 14:40,15.0
05/05/06 14:45,15.3
05/05/06 14:50,17.5
05/05/06 14:55,18.5
05/05/06 15:00,18.8
05/05/06 15:05,19.2
05/05/06 15:10,19.2
05/05/06 15:15,18.1
05/05/06 15:20,15.5
05/05/06 15:25,14.9
05/05/06 15:30,14.4
05/05/06 15:35,11.7
05/05/06 15:40,10.6
05/05/06 15:45,10.6
05/05/06 15:50,10.2
05/05/06 15:55,10.1
05/05/06 16:00,10.0
05/05/06 16:05,9.8
05/05/06 16:10,9.6
05/05/06 16:15,9.1
05/05/06 16:20,8.4
05/05/06 16:25,8.3
05/05/06 16:30,8.4
05/05/06 16:35,8.2
05/05/06 16:40,7.5
05/05/06 16:45,7.4
05/05/06 16:50,6.9
05/05/06 16:55,5.9
05/05/06 17:00,4.8
05/05/06 17:05,4.2
05/05/06 17:10,3.8
05/05/06 17:15,3.5
05/05/06 17:20,2.1
05/05/06 17:25,1.3
05/05/06 17:30,0.8
05/05/06 17:35,0.5
05/05/06 17:40,0.3
05/05/06 17:45,0.1
05/05/06 17:50,0.1
05/05/06 17:55,0.0
05/05/06 18:00,0.0
05/05/06 18:05,0.0
05/05/06 18:10,0.0
05/05/06 18:15,0.0
05/05/06 18:20,0.0
05/05/06 18:25,0.0
05/05/06 18:30,0.0
05/05/06 18:35,0.0
05/05/06 18:40,0.0
05/05/06 18:45,0.0
05/05/06 18:50,0.0
05/05/06 18:55,0.0
05/05/06 19:00,0.0
05/05/06 19:05,0.0
05/05/06 19:10,0.0
05/05/06 19:15,0.0
05/05/06 19:20,0.0
05/05/06 19:25,0.0
05/05/06 19:30,0.0
05/05/06 19:35,0.0
05/05/06 19:40,0.0
05/05/06 19:45,0.0
05/05/06 19:50,0.0
05/05/06 19:55,0.0
05/05/06 20:00,0.0
05/05/06 20:05,0.0
05/05/06 20:10,0.0
05/05/06 20:15,0.0
05/05/06 20:20,0.0
05/05/06 20:25,0.0
05/05/06 20:30,0.0
05/05/06 20:35,0.0
05/05/06 20:40,0.0
05/05/06 20:45,0.0
05/05/06 20:50,0.0
05/05/06 20:55,0.0
05/05/06 21:00,0.0
05/05/06 21:05,0.0
05/05/06 21:10,0.0
05/05/06 21:15,0.0
05/05/06 21:20,0.0
05/05/06 21:25,0.0
05/05/06 21:30,0.0
05/05/06 21:35,0.0
05/05/06 21:40,0.0
05/05/06 21:45,0.0
05/05/06 21:50,0.0
05/05/06 21:55,0.0
05/05/06 22:00,0.0
05/05/06 22:05,0.0
05/05/06 22:10,0.0
05/05/06 22:15,0.0
05/05/06 22:20,0.0
05/05/06 22:25,0.0
05/05/06 22:30,0.0
05/05/06 22:35,0.0
05/05/06 22:40,0.0
05/05/06 22:45,0.0
05/05/06 22:50,0.0
05/05/06 22:55,0.0
05/05/06 23:00,0.0
05/05/06 23:05,0.0
05/05/06 23:10,0.0
05/05/06 23:15,0.0
05/05/06 23:20,0.0
05/05/06 23:25,0.0
05/05/06 23:30,0.0
05/05/06 23:35,0.0
05/05/06 23:40,0.0
05/05/06 23:45,0.0
05/05/06 23:50,0.0
05/05/06 23:55,0.0
05/06/06 00:00,0.0
05/06/06 00:05,0.0
05/06/06 00:10,0.0
05/06/06 00:15,0.0
05/06/06 00:20,0.0
05/06/06 00:25,0.0
05/06/06 00:30,0.0
05/06/06 00:35,0.0
05/06/06 00:40,0.0
05/06/06 00:45,0.0
05/06/06 00:50,0.0
05/06/06 00:55,0.0
05/06/06 01:00,0.0
05/06/06 01:05,0.0
05/06/06 01:10,0.0
05/06/06 01:15,0.0
05/06/06 01:20,0.0
05/06/06 01:25,0.0
05/06/06 01:30,0.0
05/06/06 01:35,0.0
05/06/06 01:40,0.0
05/06/06 01:45,0.0
05/06/06 01:50,0.0
05/06/06 01:55,0.0
05/06/06 02:00,0.0
05/06/06 02:05,0.0
05/06/06 02:10,0.0
05/06/06 02:15,0.0
05/06/06 02:20,0.0
05/06/06 02:25,0.0
05/06/06 02:30,0.0
05/06/06 02:35,0.0
05/06/06 02:40,0.0
05/06/06 02:45,0.0
05/06/06 02:50,0.0
05/06/06 02:55,0.0
05/06/06 03:00,0.0
05/06/06 03:05,0.0
05/06/06 03:10,0.0
05/06/06 03:15,0.0
05/06/06 03:20,0.0
05/06/06 03:25,0.0
05/06/06 03:30,0.0
05/06/06 03:35,0.0
05/06/06 03:40,0.0
05/06/06 03:45,0.0
05/06/06 03:50,0.0
05/06/06 03:55,0.0
05/06/06 04:00,0.0
05/06/06 04:05,0.0
05/06/06 04:10,0.0
05/06/06 04:15,0.0
05/06/06 04:20,0.0
05/06/06 04:25,0.0
05/06/06 04:30,0.0
05/06/06 04:35,0.0
05/06/06 04:40,0.0
05/06/06 04:45,0.0
05/06/06 04:50,0.0
05/06/06 04:55,0.0
05/06/06 05:00,0.0
05/06/06 05:05,0.0
05/06/06 05:10,0.0
05/06/06 05:15,0.0
05/06/06 05:20,0.0
05/06/06 05:25,0.0
05/06/06 05:30,0.0
05/06/06 05:35,0.0
05/06/06 05:40,0.0
05/06/06 05:45,0.0
05/06/06 05:50,0.0
05/06/06 05:55,0.0
05/06/06 06:00,0.0
05/06/06 06:05,0.0
05/06/06 06:10,0.0
05/06/06 06:15,0.0
05/06/06 06:20,0.0
05/06/06 06:25,0.0
05/06/06 06:30,0.0
05/06/06 06:35,0.0
05/06/06 06:40,0.0
05/06/06 06:45,0.0
05/06/06 06:50,0.0
05/06/06 06:55,0.0
05/06/06 07:00,0.0
05/06/06 07:05,0.0
05/06/06 07:10,0.0
05/06/06 07:15,0.1
05/06/06 07:20,4.9
05/06/06 07:25,7.5
05/06/06 07:30,9.4
05/06/06 07:35,10.6
05/06/06 07:40,11.4
05/06/06 07:45,11.1
05/06/06 07:50,10.2
05/06/06 07:55,9.9
05/06/06 08:00,10.0
05/06/06 08:05,10.0
05/06/06 08:10,10.3
05/06/06 08:15,11.8
05/06/06 08:20,12.7
05/06/06 08:25,15.4
05/06/06 08:30,18.0
05/06/06 08:35,18.9
05/06/06 08:40,18.8
05/06/06 08:45,17.7
05/06/06 08:50,16.1
05/06/06 08:55,17.0
05/06/06 09:00,17.5
05/06/06 09:05,17.5
05/06/06 09:10,14.7
05/06/06 09:15,16.4
05/06/06 09:20,18.8
05/06/06 09:25,19.8
05/06/06 09:30,20.8
05/06/06 09:35,21.4
05/06/06 09:40,21.9
05/06/06 09:45,22.3
05/06/06 09:50,22.7
05/06/06 09:55,22.8
05/06/06 10:00,22.8
05/06/06 10:05,23.0
05/06/06 10:10,23.3
05/06/06 10:15,23.6
05/06/06 10:20,24.2
05/06/06 10:25,24.6
05/06/06 10:30,24.6
05/06/06 10:35,23.5
05/06/06 10:40,22.7
05/06/06 10:45,22.7
05/06/06 10:50,23.3
05/06/06 10:55,23.8
05/06/06 11:00,24.3
05/06/06 11:05,24.7
05/06/06 11:10,25.5
05/06/06 11:15,26.6
05/06/06 11:20,28.0
05/06/06 11:25,28.9
05/06/06 11:30,29.5
05/06/06 11:35,29.7
05/06/06 11:40,29.7
05/06/06 11:45,29.7
05/06/06 11:50,29.7
05/06/06 11:55,29.5
05/06/06 12:00,29.5
05/06/06 12:05,29.5
05/06/06 12:10,29.1
05/06/06 12:15,26.3
05/06/06 12:20,24.2
05/06/06 12:25,22.7
05/06/06 12:30,21.3
05/06/06 12:35,20.5
05/06/06 12:40,19.5
05/06/06 12:45,19.0
05/06/06 12:50,18.7
05/06/06 12:55,18.4
05/06/06 13:00,18.1
05/06/06 13:05,18.9
05/06/06 13:10,20.0
05/06/06 13:15,19.1
05/06/06 13:20,17.7
05/06/06 13:25,16.6
05/06/06 13:30,15.6
05/06/06 13:35,14.9
05/06/06 13:40,14.2
05/06/06 13:45,13.5
05/06/06 13:50,12.7
05/06/06 13:55,11.9
05/06/06 14:00,11.2
05/06/06 14:05,10.7
05/06/06 14:10,10.0
05/06/06 14:15,8.6
05/06/06 14:20,6.7
05/06/06 14:25,5.2
05/06/06 14:30,4.4
05/06/06 14:35,4.1
05/06/06 14:40,3.9
05/06/06 14:45,3.5
05/06/06 14:50,2.7
05/06/06 14:55,3.5
05/06/06 15:00,4.5
05/06/06 15:05,5.3
05/06/06 15:10,6.0
05/06/06 15:15,5.6
05/06/06 15:20,4.4
05/06/06 15:25,3.6
05/06/06 15:30,2.4
05/06/06 15:35,1.5
05/06/06 15:40,0.9
05/06/06 15:45,1.1
05/06/06 15:50,1.9
05/06/06 15:55,2.3
05/06/06 16:00,1.7
05/06/06 16:05,0.8
05/06/06 16:10,0.4
05/06/06 16:15,0.3
05/06/06 16:20,0.2
05/06/06 16:25,0.1
05/06/06 16:30,0.1
05/06/06 16:35,0.1
05/06/06 16:40,0.1
05/06/06 16:45,0.1
05/06/06 16:50,0.0
05/06/06 16:55,0.0
05/06/06 17:00,0.0
05/06/06 17:05,0.0
05/06/06 17:10,0.0
05/06/06 17:15,0.0
05/06/06 17:20,0.0
05/06/06 17:25,0.0
05/06/06 17:30,0.0
05/06/06 17:35,0.0
05/06/06 17:40,0.0
05/06/06 17:45,0.0
05/06/06 17:50,0.0
05/06/06 17:55,0.0
05/06/06 18:00,0.0
05/06/06 18:05,0.0
05/06/06 18:10,0.0
05/06/06 18:15,0.0
05/06/06 18:20,0.0
05/06/06 18:25,0.0
05/06/06 18:30,0.0
05/06/06 18:35,0.0
05/06/06 18:40,0.0
05/06/06 18:45,0.0
05/06/06 18:50,0.0
05/06/06 18:55,0.0
05/06/06 19:00,0.0
05/06/06 19:05,0.0
05/06/06 19:10,0.0
05/06/06 19:15,0.0
05/06/06 19:20,0.0
05/06/06 19:25,0.0
05/06/06 19:30,0.0
05/06/06 19:35,0.0
05/06/06 19:40,0.0
05/06/06 19:45,0.0
05/06/06 19:50,0.0
05/06/06 19:55,0.0
05/06/06 20:00,0.0
05/06/06 20:05,0.0
05/06/06 20:10,0.0
05/06/06 20:15,0.0
05/06/06 20:20,0.0
05/06/06 20:25,0.0
05/06/06 20:30,0.0
05/06/06 20:35,0.0
05/06/06 20:40,0.0
05/06/06 20:45,0.0
05/06/06 20:50,0.0
05/06/06 20:55,0.0
05/06/06 21:00,0.0
05/06/06 21:05,0.0
05/06/06 21:10,0.0
05/06/06 21:15,0.0
05/06/06 21:20,0.0
05/06/06 21:25,0.0
05/06/06 21:30,0.0
05/06/06 21:35,0.0
05/06/06 21:40,0.0
05/06/06 21:45,0.0
05/06/06 21:50,0.0
05/06/06 21:55,0.0
05/06/06 22:00,0.0
05/06/06 22:05,0.0
05/06/06 22:10,0.0
05/06/06 22:15,0.0
05/06/06 22:20,0.0
05/06/06 22:25,0.0
05/06/06 22:30,0.0
05/06/06 22:35,0.0
05/06/06 22:40,0.0
05/06/06 22:45,0.0
05/06/06 22:50,0.0
05/06/06 22:55,0.0
05/06/06 23:00,0.0
05/06/06 23:05,0.0
05/06/06 23:10,0.0
05/06/06 23:15,0.0
05/06/06 23:20,0.0
05/06/06 23:25,0.0
05/06/06 23:30,0.0
05/06/06 23:35,0.0
05/06/06 23:40,0.0
05/06/06 23:45,0.0
05/06/06 23:50,0.0
05/06/06 23:55,0.0
05/07/06 00:00,0.0
05/07/06 00:05,0.0
05/07/06 00:10,0.0
05/07/06 00:15,0.0
05/07/06 00:20,0.0
05/07/06 00:25,0.0
05/07/06 00:30,0.0
05/07/06 00:35,0.0
05/07/06 00:40,0.0
05/07/06 00:45,0.0
05/07/06 00:50,0.0
05/07/06 00:55,0.0
05/07/06 01:00,0.0
05/07/06 01:05,0.0
05/07/06 01:10,0.0
05/07/06 01:15,0.0
05/07/06 01:20,0.0
05/07/06 01:25,0.0
05/07/06 01:30,0.0
05/07/06 01:35,0.0
05/07/06 01:40,0.0
05/07/06 01:45,0.0
05/07/06 01:50,0.0
05/07/06 01:55,0.0
05/07/06 02:00,0.0
05/07/06 02:05,0.0
05/07/06 02:10,0.0
05/07/06 02:15,0.0
05/07/06 02:20,0.0
05/07/06 02:25,0.0
05/07/06 02:30,0.0
05/07/06 02:35,0.0
05/07/06 02:40,0.0
05/07/06 02:45,0.0
05/07/06 02:50,0.0
05/07/06 02:55,0.0
05/07/06 03:00,0.0
05/07/06 03:05,0.0
05/07/06 03:10,0.0
05/07/06 03:15,0.0
05/07/06 03:20,0.0
05/07/06 03:25,0.0
05/07/06 03:30,0.0
05/07/06 03:35,0.0
05/07/06 03:40,0.0
05/07/06 03:45,0.0
05/07/06 03:50,0.0
05/07/06 03:55,0.0
05/07/06 04:00,0.0
05/07/06 04:05,0.0
05/07/06 04:10,0.0
05/07/06 04:15,0.0
05/07/06 04:20,0.0
05/07/06 04:25,0.0
05/07/06 04:30,0.0
05/07/06 04:35,0.0
05/07/06 04:40,0.0
05/07/06 04:45,0.0
05/07/06 04:50,0.0
05/07/06 04:55,0.0
05/07/06 05:00,0.0
05/07/06 05:05,0.0
05/07/06 05:10,0.0
05/07/06 05:15,0.0
05/07/06 05:20,0.0
05/07/06 05:25,0.0
05/07/06 05:30,0.0
05/07/06 05:35,0.0
05/07/06 05:40,0.0
05/07/06 05:45,0.0
05/07/06 05:50,0.0
05/07/06 05:55,0.0
05/07/06 06:00,0.0
05/07/06 06:05,0.0
05/07/06 06:10,0.0
05/07/06 06:15,0.0
05/07/06 06:20,0.0
05/07/06 06:25,0.0
05/07/06 06:30,0.0
05/07/06 06:35,0.0
05/07/06 06:40,0.0
05/07/06 06:45,0.0
05/07/06 06:50,0.0
05/07/06 06:55,0.0
05/07/06 07:00,0.0
05/07/06 07:05,0.0
05/07/06 07:10,0.0
05/07/06 07:15,0.0
05/07/06 07:20,0.7
05/07/06 07:25,4.2
05/07/06 07:30,5.9
05/07/06 07:35,5.7
05/07/06 07:40,6.1
05/07/06 07:45,7.2
05/07/06 07:50,9.4
05/07/06 07:55,12.1
05/07/06 08:00,13.9
05/07/06 08:05,14.5
05/07/06 08:10,13.6
05/07/06 08:15,13.8
05/07/06 08:20,14.4
05/07/06 08:25,14.7
05/07/06 08:30,14.9
05/07/06 08:35,15.1
05/07/06 08:40,15.1
05/07/06 08:45,15.0
05/07/06 08:50,14.7
05/07/06 08:55,14.4
05/07/06 09:00,14.1
05/07/06 09:05,13.7
05/07/06 09:10,13.2
05/07/06 09:15,13.0
05/07/06 09:20,13.0
05/07/06 09:25,13.1
05/07/06 09:30,13.2
05/07/06 09:35,13.3
05/07/06 09:40,13.2
05/07/06 09:45,13.2
05/07/06 09:50,13.3
05/07/06 09:55,13.4
05/07/06 10:00,13.6
05/07/06 10:05,13.9
05/07/06 10:10,14.0
05/07/06 10:15,14.2
05/07/06 10:20,14.5
05/07/06 10:25,14.6
05/07/06 10:30,14.7
05/07/06 10:35,14.8
05/07/06 10:40,14.8
05/07/06 10:45,15.0
05/07/06 10:50,15.3
05/07/06 10:55,15.2
05/07/06 11:00,15.0
05/07/06 11:05,14.8
05/07/06 11:10,14.5
05/07/06 11:15,13.7
05/07/06 11:20,15.7
05/07/06 11:25,21.9
05/07/06 11:30,21.8
05/07/06 11:35,18.4
05/07/06 11:40,18.0
05/07/06 11:45,19.9
05/07/06 11:50,16.2
05/07/06 11:55,14.6
05/07/06 12:00,15.2
05/07/06 12:05,16.6
05/07/06 12:10,14.9
05/07/06 12:15,17.1
05/07/06 12:20,17.0
05/07/06 12:25,16.9
05/07/06 12:30,13.8
05/07/06 12:35,11.1
05/07/06 12:40,9.6
05/07/06 12:45,9.0
05/07/06 12:50,9.6
05/07/06 12:55,8.1
05/07/06 13:00,8.1
05/07/06 13:05,7.8
05/07/06 13:10,9.4
05/07/06 13:15,9.4
05/07/06 13:20,9.1
05/07/06 13:25,9.4
05/07/06 13:30,10.2
05/07/06 13:35,11.1
05/07/06 13:40,12.2
05/07/06 13:45,13.5
05/07/06 13:50,14.6
05/07/06 13:55,15.7
05/07/06 14:00,16.9
05/07/06 14:05,17.9
05/07/06 14:10,18.7
05/07/06 14:15,19.5
05/07/06 14:20,20.3
05/07/06 14:25,20.6
05/07/06 14:30,20.8
05/07/06 14:35,20.7
05/07/06 14:40,20.2
05/07/06 14:45,20.0
05/07/06 14:50,19.9
05/07/06 14:55,19.7
05/07/06 15:00,19.6
05/07/06 15:05,19.3
05/07/06 15:10,19.1
05/07/06 15:15,18.3
05/07/06 15:20,17.3
05/07/06 15:25,17.4
05/07/06 15:30,17.4
05/07/06 15:35,16.9
05/07/06 15:40,16.4
05/07/06 15:45,15.6
05/07/06 15:50,14.7
05/07/06 15:55,13.7
05/07/06 16:00,12.5
05/07/06 16:05,11.4
05/07/06 16:10,10.4
05/07/06 16:15,8.7
05/07/06 16:20,6.9
05/07/06 16:25,5.9
05/07/06 16:30,5.3
05/07/06 16:35,5.0
05/07/06 16:40,4.7
05/07/06 16:45,4.6
05/07/06 16:50,4.5
05/07/06 16:55,4.4
05/07/06 17:00,4.2
05/07/06 17:05,4.0
05/07/06 17:10,3.7
05/07/06 17:15,3.4
05/07/06 17:20,2.4
05/07/06 17:25,1.5
05/07/06 17:30,0.9
05/07/06 17:35,0.5
05/07/06 17:40,0.3
05/07/06 17:45,0.1
05/07/06 17:50,0.1
05/07/06 17:55,0.0
05/07/06 18:00,0.0
05/07/06 18:05,0.0
05/07/06 18:10,0.0
05/07/06 18:15,0.0
05/07/06 18:20,0.0
05/07/06 18:25,0.0
05/07/06 18:30,0.0
05/07/06 18:35,0.0
05/07/06 18:40,0.0
05/07/06 18:45,0.0
05/07/06 18:50,0.0
05/07/06 18:55,0.0
05/07/06 19:00,0.0
05/07/06 19:05,0.0
05/07/06 19:10,0.0
05/07/06 19:15,0.0
05/07/06 19:20,0.0
05/07/06 19:25,0.0
05/07/06 19:30,0.0
05/07/06 19:35,0.0
05/07/06 19:40,0.0
05/07/06 19:45,0.0
05/07/06 19:50,0.0
05/07/06 19:55,0.0
05/07/06 20:00,0.0
05/07/06 20:05,0.0
05/07/06 20:10,0.0
05/07/06 20:15,0.0
05/07/06 20:20,0.0
05/07/06 20:25,0.0
05/07/06 20:30,0.0
05/07/06 20:35,0.0
05/07/06 20:40,0.0
05/07/06 20:45,0.0
05/07/06 20:50,0.0
05/07/06 20:55,0.0
05/07/06 21:00,0.0
05/07/06 21:05,0.0
05/07/06 21:10,0.0
05/07/06 21:15,0.0
05/07/06 21:20,0.0
05/07/06 21:25,0.0
05/07/06 21:30,0.0
05/07/06 21:35,0.0
05/07/06 21:40,0.0
05/07/06 21:45,0.0
05/07/06 21:50,0.0
05/07/06 21:55,0.0
05/07/06 22:00,0.0
05/07/06 22:05,0.0
05/07/06 22:10,0.0
05/07/06 22:15,0.0
05/07/06 22:20,0.0
05/07/06 22:25,0.0
05/07/06 22:30,0.0
05/07/06 22:35,0.0
05/07/06 22:40,0.0
05/07/06 22:45,0.0
05/07/06 22:50,0.0
05/07/06 22:55,0.0
05/07/06 23:00,0.0
05/07/06 23:05,0.0
05/07/06 23:10,0.0
05/07/06 23:15,0.0
05/07/06 23:20,0.0
05/07/06 23:25,0.0
05/07/06 23:30,0.0
05/07/06 23:35,0.0
05/07/06 23:40,0.0
05/07/06 23:45,0.0
05/07/06 23:50,0.0
05/07/06 23:55,0.0
05/08/06 00:00,0.0
05/08/06 00:05,0.0
05/08/06 00:10,0.0
05/08/06 00:15,0.0
05/08/06 00:20,0.0
05/08/06 00:25,0.0
05/08/06 00:30,0.0
05/08/06 00:35,0.0
05/08/06 00:40,0.0
05/08/06 00:45,0.0
05/08/06 00:50,0.0
05/08/06 00:55,0.0
05/08/06 01:00,0.0
05/08/06 01:05,0.0
05/08/06 01:10,0.0
05/08/06 01:15,0.0
05/08/06 01:20,0.0
05/08/06 01:25,0.0
05/08/06 01:30,0.0
05/08/06 01:35,0.0
05/08/06 01:40,0.0
05/08/06 01:45,0.0
05/08/06 01:50,0.0
05/08/06 01:55,0.0
05/08/06 02:00,0.0
05/08/06 02:05,0.0
05/08/06 02:10,0.0
05/08/06 02:15,0.0
05/08/06 02:20,0.0
05/08/06 02:25,0.0
05/08/06 02:30,0.0
05/08/06 02:35,0.0
05/08/06 02:40,0.0
05/08/06 02:45,0.0
05/08/06 02:50,0.0
05/08/06 02:55,0.0
05/08/06 03:00,0.0
05/08/06 03:05,0.0
05/08/06 03:10,0.0
05/08/06 03:15,0.0
05/08/06 03:20,0.0
05/08/06 03:25,0.0
05/08/06 03:30,0.0
05/08/06 03:35,0.0
05/08/06 03:40,0.0
05/08/06 03:45,0.0
05/08/06 03:50,0.0
05/08/06 03:55,0.0
05/08/06 04:00,0.0
05/08/06 04:05,0.0
05/08/06 04:10,0.0
05/08/06 04:15,0.0
05/08/06 04:20,0.0
05/08/06 04:25,0.0
05/08/06 04:30,0.0
05/08/06 04:35,0.0
05/08/06 04:40,0.0
05/08/06 04:45,0.0
05/08/06 04:50,0.0
05/08/06 04:55,0.0
05/08/06 05:00,0.0
05/08/06 05:05,0.0
05/08/06 05:10,0.0
05/08/06 05:15,0.0
05/08/06 05:20,0.0
05/08/06 05:25,0.0
05/08/06 05:30,0.0
05/08/06 05:35,0.0
05/08/06 05:40,0.0
05/08/06 05:45,0.0
05/08/06 05:50,0.0
05/08/06 05:55,0.0
05/08/06 06:00,0.0
05/08/06 06:05,0.0
05/08/06 06:10,0.1
05/08/06 06:15,0.1
05/08/06 06:20,0.2
05/08/06 06:25,0.3
05/08/06 06:30,0.4
05/08/06 06:35,0.4
05/08/06 06:40,0.3
05/08/06 06:45,0.2
05/08/06 06:50,0.2
05/08/06 06:55,0.2
05/08/06 07:00,0.5
05/08/06 07:05,1.0
05/08/06 07:10,2.3
05/08/06 07:15,3.5
05/08/06 07:20,5.0
05/08/06 07:25,6.5
05/08/06 07:30,7.8
05/08/06 07:35,7.3
05/08/06 07:40,6.5
05/08/06 07:45,7.0
05/08/06 07:50,6.4
05/08/06 07:55,5.8
05/08/06 08:00,7.6
05/08/06 08:05,10.3
05/08/06 08:10,11.1
05/08/06 08:15,11.2
05/08/06 08:20,9.7
05/08/06 08:25,10.5
05/08/06 08:30,13.0
05/08/06 08:35,12.4
05/08/06 08:40,13.9
05/08/06 08:45,15.8
05/08/06 08:50,17.2
05/08/06 08:55,18.3
05/08/06 09:00,20.1
05/08/06 09:05,21.2
05/08/06 09:10,21.4
05/08/06 09:15,20.4
05/08/06 09:20,18.7
05/08/06 09:25,17.8
05/08/06 09:30,17.9
05/08/06 09:35,18.4
05/08/06 09:40,17.0
05/08/06 09:45,17.1
05/08/06 09:50,17.6
05/08/06 09:55,15.9
05/08/06 10:00,14.7
05/08/06 10:05,14.6
05/08/06 10:10,14.8
05/08/06 10:15,14.5
05/08/06 10:20,14.1
05/08/06 10:25,13.7
05/08/06 10:30,13.7
05/08/06 10:35,13.6
05/08/06 10:40,13.7
05/08/06 10:45,13.7
05/08/06 10:50,13.6
05/08/06 10:55,13.6
05/08/06 11:00,13.0
05/08/06 11:05,12.4
05/08/06 11:10,12.2
05/08/06 11:15,12.3
05/08/06 11:20,12.5
05/08/06 11:25,12.6
05/08/06 11:30,13.0
05/08/06 11:35,12.9
05/08/06 11:40,12.8
05/08/06 11:45,13.1
05/08/06 11:50,13.3
05/08/06 11:55,13.5
05/08/06 12:00,13.9
05/08/06 12:05,14.5
05/08/06 12:10,14.5
05/08/06 12:15,14.3
05/08/06 12:20,14.6
05/08/06 12:25,15.0
05/08/06 12:30,15.0
05/08/06 12:35,14.6
05/08/06 12:40,14.9
05/08/06 12:45,15.9
05/08/06 12:50,16.5
05/08/06 12:55,16.6
05/08/06 13:00,16.5
05/08/06 13:05,16.4
05/08/06 13:10,16.8
05/08/06 13:15,15.8
05/08/06 13:20,14.1
05/08/06 13:25,13.6
05/08/06 13:30,15.0
05/08/06 13:35,14.3
05/08/06 13:40,14.1
05/08/06 13:45,13.0
05/08/06 13:50,13.2
05/08/06 13:55,13.6
05/08/06 14:00,13.5
05/08/06 14:05,13.3
05/08/06 14:10,13.7
05/08/06 14:15,13.5
05/08/06 14:20,11.1
05/08/06 14:25,12.1
05/08/06 14:30,10.5
05/08/06 14:35,10.8
05/08/06 14:40,11.1
05/08/06 14:45,13.1
05/08/06 14:50,15.4
05/08/06 14:55,14.7
05/08/06 15:00,13.7
05/08/06 15:05,13.8
05/08/06 15:10,13.7
05/08/06 15:15,10.7
05/08/06 15:20,8.1
05/08/06 15:25,7.0
05/08/06 15:30,6.7
05/08/06 15:35,6.9
05/08/06 15:40,7.2
05/08/06 15:45,7.7
05/08/06 15:50,8.2
05/08/06 15:55,8.7
05/08/06 16:00,9.0
05/08/06 16:05,9.2
05/08/06 16:10,9.3
05/08/06 16:15,8.7
05/08/06 16:20,7.4
05/08/06 16:25,7.0
05/08/06 16:30,6.5
05/08/06 16:35,7.0
05/08/06 16:40,6.9
05/08/06 16:45,5.5
05/08/06 16:50,4.4
05/08/06 16:55,4.4
05/08/06 17:00,4.3
05/08/06 17:05,4.1
05/08/06 17:10,4.1
05/08/06 17:15,3.8
05/08/06 17:20,2.5
05/08/06 17:25,1.1
05/08/06 17:30,0.7
05/08/06 17:35,0.2
05/08/06 17:40,0.0
05/08/06 17:45,0.0
05/08/06 17:50,0.0
05/08/06 17:55,0.0
05/08/06 18:00,0.0
05/08/06 18:05,0.0
05/08/06 18:10,0.0
05/08/06 18:15,0.0
05/08/06 18:20,0.0
05/08/06 18:25,0.0
05/08/06 18:30,0.0
05/08/06 18:35,0.0
05/08/06 18:40,0.0
05/08/06 18:45,0.0
05/08/06 18:50,0.0
05/08/06 18:55,0.0
05/08/06 19:00,0.0
05/08/06 19:05,0.0
05/08/06 19:10,0.0
05/08/06 19:15,0.0
05/08/06 19:20,0.0
05/08/06 19:25,0.0
05/08/06 19:30,0.0
05/08/06 19:35,0.0
05/08/06 19:40,0.0
05/08/06 19:45,0.0
05/08/06 19:50,0.0
05/08/06 19:55,0.0
05/08/06 20:00,0.0
05/08/06 20:05,0.0
05/08/06 20:10,0.0
05/08/06 20:15,0.0
05/08/06 20:20,0.0
05/08/06 20:25,0.0
05/08/06 20:30,0.0
05/08/06 20:35,0.0
05/08/06 20:40,0.0
05/08/06 20:45,0.0
05/08/06 20:50,0.0
05/08/06 20:55,0.0
05/08/06 21:00,0.0
05/08/06 21:05,0.0
05/08/06 21:10,0.0
05/08/06 21:15,0.0
05/08/06 21:20,0.0
05/08/06 21:25,0.0
05/08/06 21:30,0.0
05/08/06 21:35,0.0
05/08/06 21:40,0.0
05/08/06 21:45,0.0
05/08/06 21:50,0.0
05/08/06 21:55,0.0
05/08/06 22:00,0.0
05/08/06 22:05,0.0
05/08/06 22:10,0.0
05/08/06 22:15,0.0
05/08/06 22:20,0.0
05/08/06 22:25,0.0
05/08/06 22:30,0.0
05/08/06 22:35,0.0
05/08/06 22:40,0.0
05/08/06 22:45,0.0
05/08/06 22:50,0.0
05/08/06 22:55,0.0
05/08/06 23:00,0.0
05/08/06 23:05,0.0
05/08/06 23:10,0.0
05/08/06 23:15,0.0
05/08/06 23:20,0.0
05/08/06 23:25,0.0
05/08/06 23:30,0.0
05/08/06 23:35,0.0
05/08/06 23:40,0.0
05/08/06 23:45,0.0
05/08/06 23:50,0.0
05/08/06 23:55,0.0
05/09/06 00:00,0.0
05/09/06 00:05,0.0
05/09/06 00:10,0.0
05/09/06 00:15,0.0
05/09/06 00:20,0.0
05/09/06 00:25,0.0
05/09/06 00:30,0.0
05/09/06 00:35,0.0
05/09/06 00:40,0.0
05/09/06 00:45,0.0
05/09/06 00:50,0.0
05/09/06 00:55,0.0
05/09/06 01:00,0.0
05/09/06 01:05,0.0
05/09/06 01:10,0.0
05/09/06 01:15,0.0
05/09/06 01:20,0.0
05/09/06 01:25,0.0
05/09/06 01:30,0.0
05/09/06 01:35,0.0
05/09/06 01:40,0.0
05/09/06 01:45,0.0
05/09/06 01:50,0.0
05/09/06 01:55,0.0
05/09/06 02:00,0.0
05/09/06 02:05,0.0
05/09/06 02:10,0.0
05/09/06 02:15,0.0
05/09/06 02:20,0.0
05/09/06 02:25,0.0
05/09/06 02:30,0.0
05/09/06 02:35,0.0
05/09/06 02:40,0.0
05/09/06 02:45,0.0
05/09/06 02:50,0.0
05/09/06 02:55,0.0
05/09/06 03:00,0.0
05/09/06 03:05,0.0
05/09/06 03:10,0.0
05/09/06 03:15,0.0
05/09/06 03:20,0.0
05/09/06 03:25,0.0
05/09/06 03:30,0.0
05/09/06 03:35,0.0
05/09/06 03:40,0.0
05/09/06 03:45,0.0
05/09/06 03:50,0.0
05/09/06 03:55,0.0
05/09/06 04:00,0.0
05/09/06 04:05,0.0
05/09/06 04:10,0.0
05/09/06 04:15,0.0
05/09/06 04:20,0.0
05/09/06 04:25,0.0
05/09/06 04:30,0.0
05/09/06 04:35,0.0
05/09/06 04:40,0.0
05/09/06 04:45,0.0
05/09/06 04:50,0.0
05/09/06 04:55,0.0
05/09/06 05:00,0.0
05/09/06 05:05,0.0
05/09/06 05:10,0.0
05/09/06 05:15,0.0
05/09/06 05:20,0.0
05/09/06 05:25,0.0
05/09/06 05:30,0.0
05/09/06 05:35,0.0
05/09/06 05:40,0.1
05/09/06 05:45,0.1
05/09/06 05:50,0.0
05/09/06 05:55,0.1
05/09/06 06:00,0.5
05/09/06 06:05,1.2
05/09/06 06:10,2.5
05/09/06 06:15,3.4
05/09/06 06:20,3.9
05/09/06 06:25,4.2
05/09/06 06:30,4.6
05/09/06 06:35,4.9
05/09/06 06:40,5.6
05/09/06 06:45,6.1
05/09/06 06:50,6.6
05/09/06 06:55,7.1
05/09/06 07:00,7.6
05/09/06 07:05,8.2
05/09/06 07:10,8.8
05/09/06 07:15,9.4
05/09/06 07:20,9.9
05/09/06 07:25,10.5
05/09/06 07:30,11.0
05/09/06 07:35,11.3
05/09/06 07:40,11.9
05/09/06 07:45,12.5
05/09/06 07:50,12.9
05/09/06 07:55,13.5
05/09/06 08:00,14.2
05/09/06 08:05,14.8
05/09/06 08:10,15.4
05/09/06 08:15,15.4
05/09/06 08:20,14.4
05/09/06 08:25,14.4
05/09/06 08:30,15.6
05/09/06 08:35,15.8
05/09/06 08:40,15.6
05/09/06 08:45,14.1
05/09/06 08:50,15.3
05/09/06 08:55,16.7
05/09/06 09:00,16.2
05/09/06 09:05,17.3
05/09/06 09:10,17.3
05/09/06 09:15,15.8
05/09/06 09:20,14.0
05/09/06 09:25,12.6
05/09/06 09:30,11.3
05/09/06 09:35,10.4
05/09/06 09:40,9.7
05/09/06 09:45,8.8
05/09/06 09:50,8.1
05/09/06 09:55,7.4
05/09/06 10:00,6.8
05/09/06 10:05,6.3
05/09/06 10:10,5.7
05/09/06 10:15,5.2
05/09/06 10:20,5.6
05/09/06 10:25,6.3
05/09/06 10:30,7.4
05/09/06 10:35,8.9
05/09/06 10:40,10.5
05/09/06 10:45,11.8
05/09/06 10:50,13.2
05/09/06 10:55,14.7
05/09/06 11:00,16.0
05/09/06 11:05,17.3
05/09/06 11:10,18.8
05/09/06 11:15,20.1
05/09/06 11:20,21.0
05/09/06 11:25,22.0
05/09/06 11:30,22.9
05/09/06 11:35,23.3
05/09/06 11:40,23.4
05/09/06 11:45,23.7
05/09/06 11:50,24.1
05/09/06 11:55,24.4
05/09/06 12:00,24.7
05/09/06 12:05,24.9
05/09/06 12:10,25.6
05/09/06 12:15,25.7
05/09/06 12:20,23.7
05/09/06 12:25,18.9
05/09/06 12:30,13.6
05/09/06 12:35,9.4
05/09/06 12:40,7.0
05/09/06 12:45,6.0
05/09/06 12:50,6.0
05/09/06 12:55,5.7
05/09/06 13:00,5.2
05/09/06 13:05,6.2
05/09/06 13:10,11.0
05/09/06 13:15,11.9
05/09/06 13:20,11.1
05/09/06 13:25,9.9
05/09/06 13:30,8.6
05/09/06 13:35,7.8
05/09/06 13:40,7.3
05/09/06 13:45,7.0
05/09/06 13:50,8.0
05/09/06 13:55,8.5
05/09/06 14:00,8.8
05/09/06 14:05,9.0
05/09/06 14:10,9.0
05/09/06 14:15,8.4
05/09/06 14:20,7.6
05/09/06 14:25,7.1
05/09/06 14:30,6.9
05/09/06 14:35,7.2
05/09/06 14:40,7.8
05/09/06 14:45,8.6
05/09/06 14:50,9.5
05/09/06 14:55,10.3
05/09/06 15:00,11.0
05/09/06 15:05,11.5
05/09/06 15:10,12.1
05/09/06 15:15,12.0
05/09/06 15:20,11.4
05/09/06 15:25,10.9
05/09/06 15:30,10.3
05/09/06 15:35,9.3
05/09/06 15:40,8.0
05/09/06 15:45,6.9
05/09/06 15:50,5.9
05/09/06 15:55,5.1
05/09/06 16:00,4.8
05/09/06 16:05,4.5
05/09/06 16:10,4.3
05/09/06 16:15,4.0
05/09/06 16:20,3.7
05/09/06 16:25,3.5
05/09/06 16:30,2.6
05/09/06 16:35,2.0
05/09/06 16:40,1.5
05/09/06 16:45,1.2
05/09/06 16:50,0.9
05/09/06 16:55,0.6
05/09/06 17:00,0.3
05/09/06 17:05,0.2
05/09/06 17:10,0.1
05/09/06 17:15,0.1
05/09/06 17:20,0.1
05/09/06 17:25,0.1
05/09/06 17:30,0.1
05/09/06 17:35,0.0
05/09/06 17:40,0.0
05/09/06 17:45,0.0
05/09/06 17:50,0.0
05/09/06 17:55,0.0
05/09/06 18:00,0.0
05/09/06 18:05,0.0
05/09/06 18:10,0.0
05/09/06 18:15,0.0
05/09/06 18:20,0.0
05/09/06 18:25,0.0
05/09/06 18:30,0.0
05/09/06 18:35,0.0
05/09/06 18:40,0.0
05/09/06 18:45,0.0
05/09/06 18:50,0.0
05/09/06 18:55,0.0
05/09/06 19:00,0.0
05/09/06 19:05,0.0
05/09/06 19:10,0.0
05/09/06 19:15,0.0
05/09/06 19:20,0.0
05/09/06 19:25,0.0
05/09/06 19:30,0.0
05/09/06 19:35,0.0
05/09/06 19:40,0.0
05/09/06 19:45,0.0
05/09/06 19:50,0.0
05/09/06 19:55,0.0
05/09/06 20:00,0.0
05/09/06 20:05,0.0
05/09/06 20:10,0.0
05/09/06 20:15,0.0
05/09/06 20:20,0.0
05/09/06 20:25,0.0
05/09/06 20:30,0.0
05/09/06 20:35,0.0
05/09/06 20:40,0.0
05/09/06 20:45,0.0
05/09/06 20:50,0.0
05/09/06 20:55,0.0
05/09/06 21:00,0.0
05/09/06 21:05,0.0
05/09/06 21:10,0.0
05/09/06 21:15,0.0
05/09/06 21:20,0.0
05/09/06 21:25,0.0
05/09/06 21:30,0.0
05/09/06 21:35,0.0
05/09/06 21:40,0.0
05/09/06 21:45,0.0
05/09/06 21:50,0.0
05/09/06 21:55,0.0
05/09/06 22:00,0.0
05/09/06 22:05,0.0
05/09/06 22:10,0.0
05/09/06 22:15,0.0
05/09/06 22:20,0.0
05/09/06 22:25,0.0
05/09/06 22:30,0.0
05/09/06 22:35,0.0
05/09/06 22:40,0.0
05/09/06 22:45,0.0
05/09/06 22:50,0.0
05/09/06 22:55,0.0
05/09/06 23:00,0.0
05/09/06 23:05,0.0
05/09/06 23:10,0.0
05/09/06 23:15,0.0
05/09/06 23:20,0.0
05/09/06 23:25,0.0
05/09/06 23:30,0.0
05/09/06 23:35,0.0
05/09/06 23:40,0.0
05/09/06 23:45,0.0
05/09/06 23:50,0.0
05/09/06 23:55,0.0
05/10/06 00:00,0.0
05/10/06 00:05,0.0
05/10/06 00:10,0.0
05/10/06 00:15,0.0
05/10/06 00:20,0.0
05/10/06 00:25,0.0
05/10/06 00:30,0.0
05/10/06 00:35,0.0
05/10/06 00:40,0.0
05/10/06 00:45,0.0
05/10/06 00:50,0.0
05/10/06 00:55,0.0
05/10/06 01:00,0.0
05/10/06 01:05,0.0
05/10/06 01:10,0.0
05/10/06 01:15,0.0
05/10/06 01:20,0.0
05/10/06 01:25,0.0
05/10/06 01:30,0.0
05/10/06 01:35,0.0
05/10/06 01:40,0.0
05/10/06 01:45,0.0
05/10/06 01:50,0.0
05/10/06 01:55,0.0
05/10/06 02:00,0.0
05/10/06 02:05,0.0
05/10/06 02:10,0.0
05/10/06 02:15,0.0
05/10/06 02:20,0.0
05/10/06 02:25,0.0
05/10/06 02:30,0.0
05/10/06 02:35,0.0
05/10/06 02:40,0.0
05/10/06 02:45,0.0
05/10/06 02:50,0.0
05/10/06 02:55,0.0
05/10/06 03:00,0.0
05/10/06 03:05,0.0
05/10/06 03:10,0.0
05/10/06 03:15,0.0
05/10/06 03:20,0.0
05/10/06 03:25,0.0
05/10/06 03:30,0.0
05/10/06 03:35,0.0
05/10/06 03:40,0.0
05/10/06 03:45,0.0
05/10/06 03:50,0.0
05/10/06 03:55,0.0
05/10/06 04:00,0.0
05/10/06 04:05,0.0
05/10/06 04:10,0.0
05/10/06 04:15,0.0
05/10/06 04:20,0.0
05/10/06 04:25,0.0
05/10/06 04:30,0.0
05/10/06 04:35,0.0
05/10/06 04:40,0.0
05/10/06 04:45,0.0
05/10/06 04:50,0.0
05/10/06 04:55,0.0
05/10/06 05:00,0.0
05/10/06 05:05,0.0
05/10/06 05:10,0.0
05/10/06 05:15,0.0
05/10/06 05:20,0.0
05/10/06 05:25,0.0
05/10/06 05:30,0.0
05/10/06 05:35,0.0
05/10/06 05:40,0.0
05/10/06 05:45,0.0
05/10/06 05:50,0.0
05/10/06 05:55,0.0
05/10/06 06:00,0.0
05/10/06 06:05,0.0
05/10/06 06:10,0.0
05/10/06 06:15,0.1
05/10/06 06:20,0.2
05/10/06 06:25,0.5
05/10/06 06:30,0.8
05/10/06 06:35,1.2
05/10/06 06:40,1.8
05/10/06 06:45,2.0
05/10/06 06:50,2.5
05/10/06 06:55,3.1
05/10/06 07:00,3.6
05/10/06 07:05,3.7
05/10/06 07:10,3.5
05/10/06 07:15,2.6
05/10/06 07:20,2.1
05/10/06 07:25,2.8
05/10/06 07:30,3.5
05/10/06 07:35,3.5
05/10/06 07:40,2.5
05/10/06 07:45,1.8
05/10/06 07:50,1.2
05/10/06 07:55,1.4
05/10/06 08:00,1.5
05/10/06 08:05,2.1
05/10/06 08:10,3.9
05/10/06 08:15,4.7
05/10/06 08:20,5.8
05/10/06 08:25,7.9
05/10/06 08:30,10.7
05/10/06 08:35,10.5
05/10/06 08:40,9.6
05/10/06 08:45,9.7
05/10/06 08:50,10.9
05/10/06 08:55,9.0
05/10/06 09:00,11.4
05/10/06 09:05,16.0
05/10/06 09:10,19.7
05/10/06 09:15,19.1
05/10/06 09:20,18.5
05/10/06 09:25,16.1
05/10/06 09:30,12.9
05/10/06 09:35,11.2
05/10/06 09:40,9.5
05/10/06 09:45,8.7
05/10/06 09:50,8.2
05/10/06 09:55,8.8
05/10/06 10:00,10.1
05/10/06 10:05,11.3
05/10/06 10:10,12.8
05/10/06 10:15,13.1
05/10/06 10:20,12.5
05/10/06 10:25,12.3
05/10/06 10:30,12.2
05/10/06 10:35,12.3
05/10/06 10:40,12.6
05/10/06 10:45,12.9
05/10/06 10:50,13.1
05/10/06 10:55,13.4
05/10/06 11:00,13.9
05/10/06 11:05,14.4
05/10/06 11:10,14.7
05/10/06 11:15,14.5
05/10/06 11:20,11.8
05/10/06 11:25,10.6
05/10/06 11:30,12.9
05/10/06 11:35,15.3
05/10/06 11:40,14.5
05/10/06 11:45,14.3
05/10/06 11:50,14.8
05/10/06 11:55,12.7
05/10/06 12:00,10.3
05/10/06 12:05,9.6
05/10/06 12:10,11.6
05/10/06 12:15,13.2
05/10/06 12:20,12.9
05/10/06 12:25,12.7
05/10/06 12:30,13.9
05/10/06 12:35,14.5
05/10/06 12:40,15.2
05/10/06 12:45,16.1
05/10/06 12:50,16.4
05/10/06 12:55,16.9
05/10/06 13:00,16.1
05/10/06 13:05,14.6
05/10/06 13:10,13.8
05/10/06 13:15,13.6
05/10/06 13:20,17.2
05/10/06 13:25,20.2
05/10/06 13:30,20.3
05/10/06 13:35,18.9
05/10/06 13:40,19.5
05/10/06 13:45,19.9
05/10/06 13:50,20.5
05/10/06 13:55,20.6
05/10/06 14:00,21.1
05/10/06 14:05,20.9
05/10/06 14:10,21.0
05/10/06 14:15,21.1
05/10/06 14:20,21.7
05/10/06 14:25,21.7
05/10/06 14:30,21.2
05/10/06 14:35,20.7
05/10/06 14:40,19.7
05/10/06 14:45,19.1
05/10/06 14:50,18.7
05/10/06 14:55,18.3
05/10/06 15:00,17.8
05/10/06 15:05,17.1
05/10/06 15:10,16.5
05/10/06 15:15,15.9
05/10/06 15:20,14.3
05/10/06 15:25,14.0
05/10/06 15:30,14.0
05/10/06 15:35,13.9
05/10/06 15:40,13.3
05/10/06 15:45,12.7
05/10/06 15:50,12.4
05/10/06 15:55,11.8
05/10/06 16:00,11.2
05/10/06 16:05,10.6
05/10/06 16:10,9.8
05/10/06 16:15,9.0
05/10/06 16:20,8.3
05/10/06 16:25,7.6
05/10/06 16:30,6.9
05/10/06 16:35,6.4
05/10/06 16:40,5.9
05/10/06 16:45,5.5
05/10/06 16:50,5.1
05/10/06 16:55,4.7
05/10/06 17:00,4.3
05/10/06 17:05,4.1
05/10/06 17:10,3.7
05/10/06 17:15,3.2
05/10/06 17:20,2.4
05/10/06 17:25,1.7
05/10/06 17:30,1.0
05/10/06 17:35,0.6
05/10/06 17:40,0.3
05/10/06 17:45,0.2
05/10/06 17:50,0.1
05/10/06 17:55,0.0
05/10/06 18:00,0.0
05/10/06 18:05,0.0
05/10/06 18:10,0.0
05/10/06 18:15,0.0
05/10/06 18:20,0.0
05/10/06 18:25,0.0
05/10/06 18:30,0.0
05/10/06 18:35,0.0
05/10/06 18:40,0.0
05/10/06 18:45,0.0
05/10/06 18:50,0.0
05/10/06 18:55,0.0
05/10/06 19:00,0.0
05/10/06 19:05,0.0
05/10/06 19:10,0.0
05/10/06 19:15,0.0
05/10/06 19:20,0.0
05/10/06 19:25,0.0
05/10/06 19:30,0.0
05/10/06 19:35,0.0
05/10/06 19:40,0.0
05/10/06 19:45,0.0
05/10/06 19:50,0.0
05/10/06 19:55,0.0
05/10/06 20:00,0.0
05/10/06 20:05,0.0
05/10/06 20:10,0.0
05/10/06 20:15,0.0
05/10/06 20:20,0.0
05/10/06 20:25,0.0
05/10/06 20:30,0.0
05/10/06 20:35,0.0
05/10/06 20:40,0.0
05/10/06 20:45,0.0
05/10/06 20:50,0.0
05/10/06 20:55,0.0
05/10/06 21:00,0.0
05/10/06 21:05,0.0
05/10/06 21:10,0.0
05/10/06 21:15,0.0
05/10/06 21:20,0.0
05/10/06 21:25,0.0
05/10/06 21:30,0.0
05/10/06 21:35,0.0
05/10/06 21:40,0.0
05/10/06 21:45,0.0
05/10/06 21:50,0.0
05/10/06 21:55,0.0
05/10/06 22:00,0.0
05/10/06 22:05,0.0
05/10/06 22:10,0.0
05/10/06 22:15,0.0
05/10/06 22:20,0.0
05/10/06 22:25,0.0
05/10/06 22:30,0.0
05/10/06 22:35,0.0
05/10/06 22:40,0.0
05/10/06 22:45,0.0
05/10/06 22:50,0.0
05/10/06 22:55,0.0
05/10/06 23:00,0.0
05/10/06 23:05,0.0
05/10/06 23:10,0.0
05/10/06 23:15,0.0
05/10/06 23:20,0.0
05/10/06 23:25,0.0
05/10/06 23:30,0.0
05/10/06 23:35,0.0
05/10/06 23:40,0.0
05/10/06 23:45,0.0
05/10/06 23:50,0.0
05/10/06 23:55,0.0
05/11/06 00:00,0.0
05/11/06 00:05,0.0
05/11/06 00:10,0.0
05/11/06 00:15,0.0
05/11/06 00:20,0.0
05/11/06 00:25,0.0
05/11/06 00:30,0.0
05/11/06 00:35,0.0
05/11/06 00:40,0.0
05/11/06 00:45,0.0
05/11/06 00:50,0.0
05/11/06 00:55,0.0
05/11/06 01:00,0.0
05/11/06 01:05,0.0
05/11/06 01:10,0.0
05/11/06 01:15,0.0
05/11/06 01:20,0.0
05/11/06 01:25,0.0
05/11/06 01:30,0.0
05/11/06 01:35,0.0
05/11/06 01:40,0.0
05/11/06 01:45,0.0
05/11/06 01:50,0.0
05/11/06 01:55,0.0
05/11/06 02:00,0.0
05/11/06 02:05,0.0
05/11/06 02:10,0.0
05/11/06 02:15,0.0
05/11/06 02:20,0.0
05/11/06 02:25,0.0
05/11/06 02:30,0.0
05/11/06 02:35,0.0
05/11/06 02:40,0.0
05/11/06 02:45,0.0
05/11/06 02:50,0.0
05/11/06 02:55,0.0
05/11/06 03:00,0.0
05/11/06 03:05,0.0
05/11/06 03:10,0.0
05/11/06 03:15,0.0
05/11/06 03:20,0.0
05/11/06 03:25,0.0
05/11/06 03:30,0.0
05/11/06 03:35,0.0
05/11/06 03:40,0.0
05/11/06 03:45,0.0
05/11/06 03:50,0.0
05/11/06 03:55,0.0
05/11/06 04:00,0.0
05/11/06 04:05,0.0
05/11/06 04:10,0.0
05/11/06 04:15,0.0
05/11/06 04:20,0.0
05/11/06 04:25,0.0
05/11/06 04:30,0.0
05/11/06 04:35,0.0
05/11/06 04:40,0.0
05/11/06 04:45,0.0
05/11/06 04:50,0.0
05/11/06 04:55,0.0
05/11/06 05:00,0.0
05/11/06 05:05,0.0
05/11/06 05:10,0.0
05/11/06 05:15,0.0
05/11/06 05:20,0.0
05/11/06 05:25,0.0
05/11/06 05:30,0.0
05/11/06 05:35,0.0
05/11/06 05:40,0.0
05/11/06 05:45,0.1
05/11/06 05:50,0.1
05/11/06 05:55,0.2
05/11/06 06:00,0.4
05/11/06 06:05,0.4
05/11/06 06:10,0.4
05/11/06 06:15,0.7
05/11/06 06:20,1.1
05/11/06 06:25,1.7
05/11/06 06:30,2.2
05/11/06 06:35,2.9
05/11/06 06:40,3.7
05/11/06 06:45,4.1
05/11/06 06:50,3.7
05/11/06 06:55,3.9
05/11/06 07:00,4.6
05/11/06 07:05,6.2
05/11/06 07:10,7.4
05/11/06 07:15,7.2
05/11/06 07:20,7.0
05/11/06 07:25,7.1
05/11/06 07:30,7.0
05/11/06 07:35,7.0
05/11/06 07:40,7.8
05/11/06 07:45,8.8
05/11/06 07:50,10.0
05/11/06 07:55,11.3
05/11/06 08:00,12.4
05/11/06 08:05,13.4
05/11/06 08:10,14.4
05/11/06 08:15,16.1
05/11/06 08:20,17.9
05/11/06 08:25,19.1
05/11/06 08:30,20.1
05/11/06 08:35,21.2
05/11/06 08:40,22.3
05/11/06 08:45,23.0
05/11/06 08:50,23.6
05/11/06 08:55,23.9
05/11/06 09:00,23.9
05/11/06 09:05,23.9
05/11/06 09:10,23.9
05/11/06 09:15,24.0
05/11/06 09:20,24.0
05/11/06 09:25,24.0
05/11/06 09:30,24.1
05/11/06 09:35,24.2
05/11/06 09:40,24.3
05/11/06 09:45,24.4
05/11/06 09:50,24.6
05/11/06 09:55,25.1
05/11/06 10:00,25.6
05/11/06 10:05,26.1
05/11/06 10:10,26.4
05/11/06 10:15,26.7
05/11/06 10:20,27.3
05/11/06 10:25,27.7
05/11/06 10:30,28.0
05/11/06 10:35,28.2
05/11/06 10:40,28.5
05/11/06 10:45,28.8
05/11/06 10:50,29.0
05/11/06 10:55,28.9
05/11/06 11:00,29.0
05/11/06 11:05,29.4
05/11/06 11:10,29.8
05/11/06 11:15,29.7
05/11/06 11:20,29.4
05/11/06 11:25,29.1
05/11/06 11:30,29.0
05/11/06 11:35,28.9
05/11/06 11:40,28.9
05/11/06 11:45,28.9
05/11/06 11:50,29.2
05/11/06 11:55,29.4
05/11/06 12:00,29.4
05/11/06 12:05,29.1
05/11/06 12:10,28.8
05/11/06 12:15,28.7
05/11/06 12:20,28.7
05/11/06 12:25,28.5
05/11/06 12:30,28.3
05/11/06 12:35,28.3
05/11/06 12:40,28.2
05/11/06 12:45,28.1
05/11/06 12:50,27.9
05/11/06 12:55,27.6
05/11/06 13:00,27.2
05/11/06 13:05,27.0
05/11/06 13:10,26.7
05/11/06 13:15,26.6
05/11/06 13:20,26.4
05/11/06 13:25,26.3
05/11/06 13:30,26.1
05/11/06 13:35,26.0
05/11/06 13:40,25.8
05/11/06 13:45,25.6
05/11/06 13:50,25.5
05/11/06 13:55,25.2
05/11/06 14:00,24.9
05/11/06 14:05,24.5
05/11/06 14:10,24.1
05/11/06 14:15,23.7
05/11/06 14:20,23.4
05/11/06 14:25,23.0
05/11/06 14:30,22.6
05/11/06 14:35,22.0
05/11/06 14:40,21.1
05/11/06 14:45,20.4
05/11/06 14:50,20.3
05/11/06 14:55,20.1
05/11/06 15:00,19.9
05/11/06 15:05,19.7
05/11/06 15:10,19.5
05/11/06 15:15,18.9
05/11/06 15:20,17.9
05/11/06 15:25,17.1
05/11/06 15:30,16.4
05/11/06 15:35,15.8
05/11/06 15:40,15.1
05/11/06 15:45,14.5
05/11/06 15:50,14.0
05/11/06 15:55,13.4
05/11/06 16:00,12.8
05/11/06 16:05,12.2
05/11/06 16:10,11.7
05/11/06 16:15,11.0
05/11/06 16:20,10.3
05/11/06 16:25,9.5
05/11/06 16:30,8.8
05/11/06 16:35,8.2
05/11/06 16:40,7.6
05/11/06 16:45,7.0
05/11/06 16:50,6.4
05/11/06 16:55,5.9
05/11/06 17:00,5.4
05/11/06 17:05,4.9
05/11/06 17:10,4.4
05/11/06 17:15,4.0
05/11/06 17:20,3.5
05/11/06 17:25,2.3
05/11/06 17:30,1.3
05/11/06 17:35,0.7
05/11/06 17:40,0.4
05/11/06 17:45,0.2
05/11/06 17:50,0.1
05/11/06 17:55,0.0
05/11/06 18:00,0.0
05/11/06 18:05,0.0
05/11/06 18:10,0.0
05/11/06 18:15,0.0
05/11/06 18:20,0.0
05/11/06 18:25,0.0
05/11/06 18:30,0.0
05/11/06 18:35,0.0
05/11/06 18:40,0.0
05/11/06 18:45,0.0
05/11/06 18:50,0.0
05/11/06 18:55,0.0
05/11/06 19:00,0.0
05/11/06 19:05,0.0
05/11/06 19:10,0.0
05/11/06 19:15,0.0
05/11/06 19:20,0.0
05/11/06 19:25,0.0
05/11/06 19:30,0.0
05/11/06 19:35,0.0
05/11/06 19:40,0.0
05/11/06 19:45,0.0
05/11/06 19:50,0.0
05/11/06 19:55,0.0
05/11/06 20:00,0.0
05/11/06 20:05,0.0
05/11/06 20:10,0.0
05/11/06 20:15,0.0
05/11/06 20:20,0.0
05/11/06 20:25,0.0
05/11/06 20:30,0.0
05/11/06 20:35,0.0
05/11/06 20:40,0.0
05/11/06 20:45,0.0
05/11/06 20:50,0.0
05/11/06 20:55,0.0
05/11/06 21:00,0.0
05/11/06 21:05,0.0
05/11/06 21:10,0.0
05/11/06 21:15,0.0
05/11/06 21:20,0.0
05/11/06 21:25,0.0
05/11/06 21:30,0.0
05/11/06 21:35,0.0
05/11/06 21:40,0.0
05/11/06 21:45,0.0
05/11/06 21:50,0.0
05/11/06 21:55,0.0
05/11/06 22:00,0.0
05/11/06 22:05,0.0
05/11/06 22:10,0.0
05/11/06 22:15,0.0
05/11/06 22:20,0.0
05/11/06 22:25,0.0
05/11/06 22:30,0.0
05/11/06 22:35,0.0
05/11/06 22:40,0.0
05/11/06 22:45,0.0
05/11/06 22:50,0.0
05/11/06 22:55,0.0
05/11/06 23:00,0.0
05/11/06 23:05,0.0
05/11/06 23:10,0.0
05/11/06 23:15,0.0
05/11/06 23:20,0.0
05/11/06 23:25,0.0
05/11/06 23:30,0.0
05/11/06 23:35,0.0
05/11/06 23:40,0.0
05/11/06 23:45,0.0
05/11/06 23:50,0.0
05/11/06 23:55,0.0
05/12/06 00:00,0.0
05/12/06 00:05,0.0
05/12/06 00:10,0.0
05/12/06 00:15,0.0
05/12/06 00:20,0.0
05/12/06 00:25,0.0
05/12/06 00:30,0.0
05/12/06 00:35,0.0
05/12/06 00:40,0.0
05/12/06 00:45,0.0
05/12/06 00:50,0.0
05/12/06 00:55,0.0
05/12/06 01:00,0.0
05/12/06 01:05,0.0
05/12/06 01:10,0.0
05/12/06 01:15,0.0
05/12/06 01:20,0.0
05/12/06 01:25,0.0
05/12/06 01:30,0.0
05/12/06 01:35,0.0
05/12/06 01:40,0.0
05/12/06 01:45,0.0
05/12/06 01:50,0.0
05/12/06 01:55,0.0
05/12/06 02:00,0.0
05/12/06 02:05,0.0
05/12/06 02:10,0.0
05/12/06 02:15,0.0
05/12/06 02:20,0.0
05/12/06 02:25,0.0
05/12/06 02:30,0.0
05/12/06 02:35,0.0
05/12/06 02:40,0.0
05/12/06 02:45,0.0
05/12/06 02:50,0.0
05/12/06 02:55,0.0
05/12/06 03:00,0.0
05/12/06 03:05,0.0
05/12/06 03:10,0.0
05/12/06 03:15,0.0
05/12/06 03:20,0.0
05/12/06 03:25,0.0
05/12/06 03:30,0.0
05/12/06 03:35,0.0
05/12/06 03:40,0.0
05/12/06 03:45,0.0
05/12/06 03:50,0.0
05/12/06 03:55,0.0
05/12/06 04:00,0.0
05/12/06 04:05,0.0
05/12/06 04:10,0.0
05/12/06 04:15,0.0
05/12/06 04:20,0.0
05/12/06 04:25,0.0
05/12/06 04:30,0.0
05/12/06 04:35,0.0
05/12/06 04:40,0.0
05/12/06 04:45,0.0
05/12/06 04:50,0.0
05/12/06 04:55,0.0
05/12/06 05:00,0.0
05/12/06 05:05,0.0
05/12/06 05:10,0.0
05/12/06 05:15,0.0
05/12/06 05:20,0.0
05/12/06 05:25,0.0
05/12/06 05:30,0.0
05/12/06 05:35,0.0
05/12/06 05:40,0.0
05/12/06 05:45,0.1
05/12/06 05:50,0.2
05/12/06 05:55,0.3
05/12/06 06:00,0.6
05/12/06 06:05,0.9
05/12/06 06:10,1.3
05/12/06 06:15,2.2
05/12/06 06:20,3.7
05/12/06 06:25,4.3
05/12/06 06:30,4.8
05/12/06 06:35,5.3
05/12/06 06:40,5.9
05/12/06 06:45,6.5
05/12/06 06:50,7.2
05/12/06 06:55,7.8
05/12/06 07:00,8.6
05/12/06 07:05,9.3
05/12/06 07:10,9.9
05/12/06 07:15,10.6
05/12/06 07:20,11.3
05/12/06 07:25,12.0
05/12/06 07:30,12.7
05/12/06 07:35,13.4
05/12/06 07:40,14.1
05/12/06 07:45,14.7
05/12/06 07:50,15.4
05/12/06 07:55,16.0
05/12/06 08:00,16.6
05/12/06 08:05,17.1
05/12/06 08:10,17.6
05/12/06 08:15,18.2
05/12/06 08:20,18.7
05/12/06 08:25,19.1
05/12/06 08:30,19.5
05/12/06 08:35,20.1
05/12/06 08:40,20.5
05/12/06 08:45,21.0
05/12/06 08:50,21.4
05/12/06 08:55,21.6
05/12/06 09:00,21.9
05/12/06 09:05,22.2
05/12/06 09:10,22.4
05/12/06 09:15,22.8
05/12/06 09:20,23.4
05/12/06 09:25,24.0
05/12/06 09:30,24.4
05/12/06 09:35,24.6
05/12/06 09:40,24.8
05/12/06 09:45,25.0
05/12/06 09:50,25.3
05/12/06 09:55,25.6
05/12/06 10:00,25.9
05/12/06 10:05,26.3
05/12/06 10:10,26.8
05/12/06 10:15,27.0
05/12/06 10:20,26.9
05/12/06 10:25,26.8
05/12/06 10:30,26.9
05/12/06 10:35,27.0
05/12/06 10:40,27.1
05/12/06 10:45,27.3
05/12/06 10:50,27.5
05/12/06 10:55,27.7
05/12/06 11:00,27.8
05/12/06 11:05,27.7
05/12/06 11:10,27.8
05/12/06 11:15,27.8
05/12/06 11:20,27.8
05/12/06 11:25,27.8
05/12/06 11:30,27.9
05/12/06 11:35,28.1
05/12/06 11:40,28.4
05/12/06 11:45,28.5
05/12/06 11:50,28.7
05/12/06 11:55,28.8
05/12/06 12:00,28.9
05/12/06 12:05,29.0
05/12/06 12:10,28.8
05/12/06 12:15,28.4
05/12/06 12:20,27.9
05/12/06 12:25,27.4
05/12/06 12:30,26.9
05/12/06 12:35,26.6
05/12/06 12:40,26.5
05/12/06 12:45,26.4
05/12/06 12:50,26.4
05/12/06 12:55,26.3
05/12/06 13:00,26.2
05/12/06 13:05,26.1
05/12/06 13:10,25.9
05/12/06 13:15,25.8
05/12/06 13:20,25.8
05/12/06 13:25,25.8
05/12/06 13:30,25.7
05/12/06 13:35,25.6
05/12/06 13:40,25.5
05/12/06 13:45,25.4
05/12/06 13:50,25.1
05/12/06 13:55,24.9
05/12/06 14:00,24.7
05/12/06 14:05,24.6
05/12/06 14:10,24.4
05/12/06 14:15,23.9
05/12/06 14:20,23.2
05/12/06 14:25,22.6
05/12/06 14:30,22.1
05/12/06 14:35,21.7
05/12/06 14:40,21.3
05/12/06 14:45,20.9
05/12/06 14:50,20.5
05/12/06 14:55,20.0
05/12/06 15:00,19.5
05/12/06 15:05,19.2
05/12/06 15:10,18.7
05/12/06 15:15,18.1
05/12/06 15:20,17.3
05/12/06 15:25,16.7
05/12/06 15:30,16.2
05/12/06 15:35,15.6
05/12/06 15:40,15.0
05/12/06 15:45,14.4
05/12/06 15:50,13.8
05/12/06 15:55,13.2
05/12/06 16:00,12.6
05/12/06 16:05,12.1
05/12/06 16:10,11.5
05/12/06 16:15,10.9
05/12/06 16:20,10.3
05/12/06 16:25,9.7
05/12/06 16:30,9.1
05/12/06 16:35,8.4
05/12/06 16:40,7.7
05/12/06 16:45,7.2
05/12/06 16:50,6.6
05/12/06 16:55,6.2
05/12/06 17:00,5.7
05/12/06 17:05,5.2
05/12/06 17:10,4.7
05/12/06 17:15,4.2
05/12/06 17:20,3.7
05/12/06 17:25,2.6
05/12/06 17:30,1.5
05/12/06 17:35,0.9
05/12/06 17:40,0.5
05/12/06 17:45,0.2
05/12/06 17:50,0.1
05/12/06 17:55,0.0
05/12/06 18:00,0.0
05/12/06 18:05,0.0
05/12/06 18:10,0.0
05/12/06 18:15,0.0
05/12/06 18:20,0.0
05/12/06 18:25,0.0
05/12/06 18:30,0.0
05/12/06 18:35,0.0
05/12/06 18:40,0.0
05/12/06 18:45,0.0
05/12/06 18:50,0.0
05/12/06 18:55,0.0
05/12/06 19:00,0.0
05/12/06 19:05,0.0
05/12/06 19:10,0.0
05/12/06 19:15,0.0
05/12/06 19:20,0.0
05/12/06 19:25,0.0
05/12/06 19:30,0.0
05/12/06 19:35,0.0
05/12/06 19:40,0.0
05/12/06 19:45,0.0
05/12/06 19:50,0.0
05/12/06 19:55,0.0
05/12/06 20:00,0.0
05/12/06 20:05,0.0
05/12/06 20:10,0.0
05/12/06 20:15,0.0
05/12/06 20:20,0.0
05/12/06 20:25,0.0
05/12/06 20:30,0.0
05/12/06 20:35,0.0
05/12/06 20:40,0.0
05/12/06 20:45,0.0
05/12/06 20:50,0.0
05/12/06 20:55,0.0
05/12/06 21:00,0.0
05/12/06 21:05,0.0
05/12/06 21:10,0.0
05/12/06 21:15,0.0
05/12/06 21:20,0.0
05/12/06 21:25,0.0
05/12/06 21:30,0.0
05/12/06 21:35,0.0
05/12/06 21:40,0.0
05/12/06 21:45,0.0
05/12/06 21:50,0.0
05/12/06 21:55,0.0
05/12/06 22:00,0.0
05/12/06 22:05,0.0
05/12/06 22:10,0.0
05/12/06 22:15,0.0
05/12/06 22:20,0.0
05/12/06 22:25,0.0
05/12/06 22:30,0.0
05/12/06 22:35,0.0
05/12/06 22:40,0.0
05/12/06 22:45,0.0
05/12/06 22:50,0.0
05/12/06 22:55,0.0
05/12/06 23:00,0.0
05/12/06 23:05,0.0
05/12/06 23:10,0.0
05/12/06 23:15,0.0
05/12/06 23:20,0.0
05/12/06 23:25,0.0
05/12/06 23:30,0.0
05/12/06 23:35,0.0
05/12/06 23:40,0.0
05/12/06 23:45,0.0
05/12/06 23:50,0.0
05/12/06 23:55,0.0
05/13/06 00:00,0.0
05/13/06 00:05,0.0
05/13/06 00:10,0.0
05/13/06 00:15,0.0
05/13/06 00:20,0.0
05/13/06 00:25,0.0
05/13/06 00:30,0.0
05/13/06 00:35,0.0
05/13/06 00:40,0.0
05/13/06 00:45,0.0
05/13/06 00:50,0.0
05/13/06 00:55,0.0
05/13/06 01:00,0.0
05/13/06 01:05,0.0
05/13/06 01:10,0.0
05/13/06 01:15,0.0
05/13/06 01:20,0.0
05/13/06 01:25,0.0
05/13/06 01:30,0.0
05/13/06 01:35,0.0
05/13/06 01:40,0.0
05/13/06 01:45,0.0
05/13/06 01:50,0.0
05/13/06 01:55,0.0
05/13/06 02:00,0.0
05/13/06 02:05,0.0
05/13/06 02:10,0.0
05/13/06 02:15,0.0
05/13/06 02:20,0.0
05/13/06 02:25,0.0
05/13/06 02:30,0.0
05/13/06 02:35,0.0
05/13/06 02:40,0.0
05/13/06 02:45,0.0
05/13/06 02:50,0.0
05/13/06 02:55,0.0
05/13/06 03:00,0.0
05/13/06 03:05,0.0
05/13/06 03:10,0.0
05/13/06 03:15,0.0
05/13/06 03:20,0.0
05/13/06 03:25,0.0
05/13/06 03:30,0.0
05/13/06 03:35,0.0
05/13/06 03:40,0.0
05/13/06 03:45,0.0
05/13/06 03:50,0.0
05/13/06 03:55,0.0
05/13/06 04:00,0.0
05/13/06 04:05,0.0
05/13/06 04:10,0.0
05/13/06 04:15,0.0
05/13/06 04:20,0.0
05/13/06 04:25,0.0
05/13/06 04:30,0.0
05/13/06 04:35,0.0
05/13/06 04:40,0.0
05/13/06 04:45,0.0
05/13/06 04:50,0.0
05/13/06 04:55,0.0
05/13/06 05:00,0.0
05/13/06 05:05,0.0
05/13/06 05:10,0.0
05/13/06 05:15,0.0
05/13/06 05:20,0.0
05/13/06 05:25,0.0
05/13/06 05:30,0.0
05/13/06 05:35,0.0
05/13/06 05:40,0.0
05/13/06 05:45,0.1
05/13/06 05:50,0.2
05/13/06 05:55,0.3
05/13/06 06:00,0.6
05/13/06 06:05,1.1
05/13/06 06:10,1.8
05/13/06 06:15,2.8
05/13/06 06:20,3.7
05/13/06 06:25,4.1
05/13/06 06:30,4.6
05/13/06 06:35,5.0
05/13/06 06:40,5.5
05/13/06 06:45,6.1
05/13/06 06:50,6.7
05/13/06 06:55,7.3
05/13/06 07:00,8.0
05/13/06 07:05,8.7
05/13/06 07:10,9.5
05/13/06 07:15,10.2
05/13/06 07:20,10.9
05/13/06 07:25,11.8
05/13/06 07:30,12.6
05/13/06 07:35,13.4
05/13/06 07:40,14.0
05/13/06 07:45,14.4
05/13/06 07:50,14.9
05/13/06 07:55,15.6
05/13/06 08:00,16.5
05/13/06 08:05,17.4
05/13/06 08:10,18.2
05/13/06 08:15,18.6
05/13/06 08:20,19.1
05/13/06 08:25,19.5
05/13/06 08:30,20.0
05/13/06 08:35,20.3
05/13/06 08:40,20.9
05/13/06 08:45,21.5
05/13/06 08:50,22.1
05/13/06 08:55,22.8
05/13/06 09:00,23.4
05/13/06 09:05,23.9
05/13/06 09:10,24.2
05/13/06 09:15,24.2
05/13/06 09:20,24.0
05/13/06 09:25,23.9
05/13/06 09:30,24.0
05/13/06 09:35,24.2
05/13/06 09:40,24.3
05/13/06 09:45,24.6
05/13/06 09:50,25.0
05/13/06 09:55,25.4
05/13/06 10:00,26.0
05/13/06 10:05,26.5
05/13/06 10:10,26.9
05/13/06 10:15,26.8
05/13/06 10:20,26.5
05/13/06 10:25,26.5
05/13/06 10:30,26.7
05/13/06 10:35,27.0
05/13/06 10:40,27.2
05/13/06 10:45,27.3
05/13/06 10:50,27.6
05/13/06 10:55,27.9
05/13/06 11:00,27.9
05/13/06 11:05,27.8
05/13/06 11:10,27.7
05/13/06 11:15,27.9
05/13/06 11:20,27.9
05/13/06 11:25,27.9
05/13/06 11:30,27.8
05/13/06 11:35,28.0
05/13/06 11:40,28.0
05/13/06 11:45,28.0
05/13/06 11:50,27.6
05/13/06 11:55,24.4
05/13/06 12:00,21.8
05/13/06 12:05,20.6
05/13/06 12:10,19.8
05/13/06 12:15,21.8
05/13/06 12:20,24.1
05/13/06 12:25,25.4
05/13/06 12:30,26.3
05/13/06 12:35,27.0
05/13/06 12:40,27.4
05/13/06 12:45,27.6
05/13/06 12:50,27.9
05/13/06 12:55,27.9
05/13/06 13:00,27.7
05/13/06 13:05,27.6
05/13/06 13:10,27.5
05/13/06 13:15,27.2
05/13/06 13:20,26.9
05/13/06 13:25,26.6
05/13/06 13:30,26.2
05/13/06 13:35,25.9
05/13/06 13:40,25.7
05/13/06 13:45,25.4
05/13/06 13:50,25.0
05/13/06 13:55,24.7
05/13/06 14:00,24.4
05/13/06 14:05,24.1
05/13/06 14:10,23.9
05/13/06 14:15,23.5
05/13/06 14:20,23.0
05/13/06 14:25,22.6
05/13/06 14:30,22.2
05/13/06 14:35,21.9
05/13/06 14:40,21.6
05/13/06 14:45,21.4
05/13/06 14:50,21.2
05/13/06 14:55,20.9
05/13/06 15:00,20.5
05/13/06 15:05,20.0
05/13/06 15:10,19.6
05/13/06 15:15,18.9
05/13/06 15:20,18.1
05/13/06 15:25,17.2
05/13/06 15:30,16.7
05/13/06 15:35,16.0
05/13/06 15:40,15.2
05/13/06 15:45,14.4
05/13/06 15:50,13.8
05/13/06 15:55,13.4
05/13/06 16:00,13.0
05/13/06 16:05,12.5
05/13/06 16:10,11.6
05/13/06 16:15,11.0
05/13/06 16:20,10.3
05/13/06 16:25,9.6
05/13/06 16:30,9.0
05/13/06 16:35,8.4
05/13/06 16:40,7.9
05/13/06 16:45,7.4
05/13/06 16:50,6.9
05/13/06 16:55,6.4
05/13/06 17:00,5.8
05/13/06 17:05,5.3
05/13/06 17:10,4.7
05/13/06 17:15,4.2
05/13/06 17:20,3.7
05/13/06 17:25,2.6
05/13/06 17:30,1.5
05/13/06 17:35,0.9
05/13/06 17:40,0.5
05/13/06 17:45,0.2
05/13/06 17:50,0.1
05/13/06 17:55,0.0
05/13/06 18:00,0.0
05/13/06 18:05,0.0
05/13/06 18:10,0.0
05/13/06 18:15,0.0
05/13/06 18:20,0.0
05/13/06 18:25,0.0
05/13/06 18:30,0.0
05/13/06 18:35,0.0
05/13/06 18:40,0.0
05/13/06 18:45,0.0
05/13/06 18:50,0.0
05/13/06 18:55,0.0
05/13/06 19:00,0.0
05/13/06 19:05,0.0
05/13/06 19:10,0.0
05/13/06 19:15,0.0
05/13/06 19:20,0.0
05/13/06 19:25,0.0
05/13/06 19:30,0.0
05/13/06 19:35,0.0
05/13/06 19:40,0.0
05/13/06 19:45,0.0
05/13/06 19:50,0.0
05/13/06 19:55,0.0
05/13/06 20:00,0.0
05/13/06 20:05,0.0
05/13/06 20:10,0.0
05/13/06 20:15,0.0
05/13/06 20:20,0.0
05/13/06 20:25,0.0
05/13/06 20:30,0.0
05/13/06 20:35,0.0
05/13/06 20:40,0.0
05/13/06 20:45,0.0
05/13/06 20:50,0.0
05/13/06 20:55,0.0
05/13/06 21:00,0.0
05/13/06 21:05,0.0
05/13/06 21:10,0.0
05/13/06 21:15,0.0
05/13/06 21:20,0.0
05/13/06 21:25,0.0
05/13/06 21:30,0.0
05/13/06 21:35,0.0
05/13/06 21:40,0.0
05/13/06 21:45,0.0
05/13/06 21:50,0.0
05/13/06 21:55,0.0
05/13/06 22:00,0.0
05/13/06 22:05,0.0
05/13/06 22:10,0.0
05/13/06 22:15,0.0
05/13/06 22:20,0.0
05/13/06 22:25,0.0
05/13/06 22:30,0.0
05/13/06 22:35,0.0
05/13/06 22:40,0.0
05/13/06 22:45,0.0
05/13/06 22:50,0.0
05/13/06 22:55,0.0
05/13/06 23:00,0.0
05/13/06 23:05,0.0
05/13/06 23:10,0.0
05/13/06 23:15,0.0
05/13/06 23:20,0.0
05/13/06 23:25,0.0
05/13/06 23:30,0.0
05/13/06 23:35,0.0
05/13/06 23:40,0.0
05/13/06 23:45,0.0
05/13/06 23:50,0.0
05/13/06 23:55,0.0
05/14/06 00:00,0.0
05/14/06 00:05,0.0
05/14/06 00:10,0.0
05/14/06 00:15,0.0
05/14/06 00:20,0.0
05/14/06 00:25,0.0
05/14/06 00:30,0.0
05/14/06 00:35,0.0
05/14/06 00:40,0.0
05/14/06 00:45,0.0
05/14/06 00:50,0.0
05/14/06 00:55,0.0
05/14/06 01:00,0.0
05/14/06 01:05,0.0
05/14/06 01:10,0.0
05/14/06 01:15,0.0
05/14/06 01:20,0.0
05/14/06 01:25,0.0
05/14/06 01:30,0.0
05/14/06 01:35,0.0
05/14/06 01:40,0.0
05/14/06 01:45,0.0
05/14/06 01:50,0.0
05/14/06 01:55,0.0
05/14/06 02:00,0.0
05/14/06 02:05,0.0
05/14/06 02:10,0.0
05/14/06 02:15,0.0
05/14/06 02:20,0.0
05/14/06 02:25,0.0
05/14/06 02:30,0.0
05/14/06 02:35,0.0
05/14/06 02:40,0.0
05/14/06 02:45,0.0
05/14/06 02:50,0.0
05/14/06 02:55,0.0
05/14/06 03:00,0.0
05/14/06 03:05,0.0
05/14/06 03:10,0.0
05/14/06 03:15,0.0
05/14/06 03:20,0.0
05/14/06 03:25,0.0
05/14/06 03:30,0.0
05/14/06 03:35,0.0
05/14/06 03:40,0.0
05/14/06 03:45,0.0
05/14/06 03:50,0.0
05/14/06 03:55,0.0
05/14/06 04:00,0.0
05/14/06 04:05,0.0
05/14/06 04:10,0.0
05/14/06 04:15,0.0
05/14/06 04:20,0.0
05/14/06 04:25,0.0
05/14/06 04:30,0.0
05/14/06 04:35,0.0
05/14/06 04:40,0.0
05/14/06 04:45,0.0
05/14/06 04:50,0.0
05/14/06 04:55,0.0
05/14/06 05:00,0.0
05/14/06 05:05,0.0
05/14/06 05:10,0.0
05/14/06 05:15,0.0
05/14/06 05:20,0.0
05/14/06 05:25,0.0
05/14/06 05:30,0.0
05/14/06 05:35,0.0
05/14/06 05:40,0.0
05/14/06 05:45,0.0
05/14/06 05:50,0.0
05/14/06 05:55,0.0
05/14/06 06:00,0.1
05/14/06 06:05,0.1
05/14/06 06:10,0.1
05/14/06 06:15,0.2
05/14/06 06:20,0.4
05/14/06 06:25,1.0
05/14/06 06:30,1.6
05/14/06 06:35,0.9
05/14/06 06:40,0.5
05/14/06 06:45,0.2
05/14/06 06:50,0.2
05/14/06 06:55,0.2
05/14/06 07:00,0.3
05/14/06 07:05,0.4
05/14/06 07:10,0.6
05/14/06 07:15,3.5
05/14/06 07:20,4.9
05/14/06 07:25,6.7
05/14/06 07:30,8.7
05/14/06 07:35,10.3
05/14/06 07:40,10.6
05/14/06 07:45,9.4
05/14/06 07:50,10.7
05/14/06 07:55,12.1
05/14/06 08:00,12.9
05/14/06 08:05,12.8
05/14/06 08:10,13.9
05/14/06 08:15,14.1
05/14/06 08:20,13.8
05/14/06 08:25,14.0
05/14/06 08:30,14.2
05/14/06 08:35,14.7
05/14/06 08:40,15.1
05/14/06 08:45,15.3
05/14/06 08:50,15.2
05/14/06 08:55,14.8
05/14/06 09:00,15.0
05/14/06 09:05,16.9
05/14/06 09:10,18.6
05/14/06 09:15,18.7
05/14/06 09:20,17.4
05/14/06 09:25,16.9
05/14/06 09:30,15.4
05/14/06 09:35,14.1
05/14/06 09:40,14.7
05/14/06 09:45,15.8
05/14/06 09:50,14.9
05/14/06 09:55,13.0
05/14/06 10:00,11.9
05/14/06 10:05,11.1
05/14/06 10:10,10.7
05/14/06 10:15,10.1
05/14/06 10:20,10.0
05/14/06 10:25,10.3
05/14/06 10:30,10.4
05/14/06 10:35,10.3
05/14/06 10:40,10.6
05/14/06 10:45,11.0
05/14/06 10:50,11.8
05/14/06 10:55,12.4
05/14/06 11:00,13.4
05/14/06 11:05,14.3
05/14/06 11:10,15.5
05/14/06 11:15,16.3
05/14/06 11:20,16.6
05/14/06 11:25,16.4
05/14/06 11:30,16.0
05/14/06 11:35,15.3
05/14/06 11:40,14.4
05/14/06 11:45,13.6
05/14/06 11:50,12.7
05/14/06 11:55,11.8
05/14/06 12:00,10.8
05/14/06 12:05,9.8
05/14/06 12:10,9.1
05/14/06 12:15,9.1
05/14/06 12:20,9.7
05/14/06 12:25,9.9
05/14/06 12:30,10.2
05/14/06 12:35,10.2
05/14/06 12:40,10.2
05/14/06 12:45,10.4
05/14/06 12:50,10.7
05/14/06 12:55,10.8
05/14/06 13:00,11.0
05/14/06 13:05,11.0
05/14/06 13:10,10.9
05/14/06 13:15,10.6
05/14/06 13:20,10.5
05/14/06 13:25,10.3
05/14/06 13:30,9.6
05/14/06 13:35,8.7
05/14/06 13:40,8.1
05/14/06 13:45,7.3
05/14/06 13:50,6.7
05/14/06 13:55,6.1
05/14/06 14:00,5.8
05/14/06 14:05,5.9
05/14/06 14:10,5.6
05/14/06 14:15,5.2
05/14/06 14:20,5.1
05/14/06 14:25,5.5
05/14/06 14:30,6.0
05/14/06 14:35,6.6
05/14/06 14:40,7.0
05/14/06 14:45,7.3
05/14/06 14:50,7.5
05/14/06 14:55,7.9
05/14/06 15:00,8.4
05/14/06 15:05,8.8
05/14/06 15:10,9.2
05/14/06 15:15,9.3
05/14/06 15:20,9.0
05/14/06 15:25,8.4
05/14/06 15:30,8.0
05/14/06 15:35,7.7
05/14/06 15:40,8.5
05/14/06 15:45,9.1
05/14/06 15:50,9.5
05/14/06 15:55,9.5
05/14/06 16:00,9.3
05/14/06 16:05,9.0
05/14/06 16:10,8.7
05/14/06 16:15,8.1
05/14/06 16:20,6.9
05/14/06 16:25,6.1
05/14/06 16:30,5.4
05/14/06 16:35,4.9
05/14/06 16:40,4.5
05/14/06 16:45,4.3
05/14/06 16:50,4.2
05/14/06 16:55,3.6
05/14/06 17:00,2.2
05/14/06 17:05,2.3
05/14/06 17:10,1.8
05/14/06 17:15,1.4
05/14/06 17:20,1.2
05/14/06 17:25,1.0
05/14/06 17:30,0.7
05/14/06 17:35,0.4
05/14/06 17:40,0.2
05/14/06 17:45,0.1
05/14/06 17:50,0.1
05/14/06 17:55,0.0
05/14/06 18:00,0.0
05/14/06 18:05,0.0
05/14/06 18:10,0.0
05/14/06 18:15,0.0
05/14/06 18:20,0.0
05/14/06 18:25,0.0
05/14/06 18:30,0.0
05/14/06 18:35,0.0
05/14/06 18:40,0.0
05/14/06 18:45,0.0
05/14/06 18:50,0.0
05/14/06 18:55,0.0
05/14/06 19:00,0.0
05/14/06 19:05,0.0
05/14/06 19:10,0.0
05/14/06 19:15,0.0
05/14/06 19:20,0.0
05/14/06 19:25,0.0
05/14/06 19:30,0.0
05/14/06 19:35,0.0
05/14/06 19:40,0.0
05/14/06 19:45,0.0
05/14/06 19:50,0.0
05/14/06 19:55,0.0
05/14/06 20:00,0.0
05/14/06 20:05,0.0
05/14/06 20:10,0.0
05/14/06 20:15,0.0
05/14/06 20:20,0.0
05/14/06 20:25,0.0
05/14/06 20:30,0.0
05/14/06 20:35,0.0
05/14/06 20:40,0.0
05/14/06 20:45,0.0
05/14/06 20:50,0.0
05/14/06 20:55,0.0
05/14/06 21:00,0.0
05/14/06 21:05,0.0
05/14/06 21:10,0.0
05/14/06 21:15,0.0
05/14/06 21:20,0.0
05/14/06 21:25,0.0
05/14/06 21:30,0.0
05/14/06 21:35,0.0
05/14/06 21:40,0.0
05/14/06 21:45,0.0
05/14/06 21:50,0.0
05/14/06 21:55,0.0
05/14/06 22:00,0.0
05/14/06 22:05,0.0
05/14/06 22:10,0.0
05/14/06 22:15,0.0
05/14/06 22:20,0.0
05/14/06 22:25,0.0
05/14/06 22:30,0.0
05/14/06 22:35,0.0
05/14/06 22:40,0.0
05/14/06 22:45,0.0
05/14/06 22:50,0.0
05/14/06 22:55,0.0
05/14/06 23:00,0.0
05/14/06 23:05,0.0
05/14/06 23:10,0.0
05/14/06 23:15,0.0
05/14/06 23:20,0.0
05/14/06 23:25,0.0
05/14/06 23:30,0.0
05/14/06 23:35,0.0
05/14/06 23:40,0.0
05/14/06 23:45,0.0
05/14/06 23:50,0.0
05/14/06 23:55,0.0
05/15/06 00:00,0.0
05/15/06 00:05,0.0
05/15/06 00:10,0.0
05/15/06 00:15,0.0
05/15/06 00:20,0.0
05/15/06 00:25,0.0
05/15/06 00:30,0.0
05/15/06 00:35,0.0
05/15/06 00:40,0.0
05/15/06 00:45,0.0
05/15/06 00:50,0.0
05/15/06 00:55,0.0
05/15/06 01:00,0.0
05/15/06 01:05,0.0
05/15/06 01:10,0.0
05/15/06 01:15,0.0
05/15/06 01:20,0.0
05/15/06 01:25,0.0
05/15/06 01:30,0.0
05/15/06 01:35,0.0
05/15/06 01:40,0.0
05/15/06 01:45,0.0
05/15/06 01:50,0.0
05/15/06 01:55,0.0
05/15/06 02:00,0.0
05/15/06 02:05,0.0
05/15/06 02:10,0.0
05/15/06 02:15,0.0
05/15/06 02:20,0.0
05/15/06 02:25,0.0
05/15/06 02:30,0.0
05/15/06 02:35,0.0
05/15/06 02:40,0.0
05/15/06 02:45,0.0
05/15/06 02:50,0.0
05/15/06 02:55,0.0
05/15/06 03:00,0.0
05/15/06 03:05,0.0
05/15/06 03:10,0.0
05/15/06 03:15,0.0
05/15/06 03:20,0.0
05/15/06 03:25,0.0
05/15/06 03:30,0.0
05/15/06 03:35,0.0
05/15/06 03:40,0.0
05/15/06 03:45,0.0
05/15/06 03:50,0.0
05/15/06 03:55,0.0
05/15/06 04:00,0.0
05/15/06 04:05,0.0
05/15/06 04:10,0.0
05/15/06 04:15,0.0
05/15/06 04:20,0.0
05/15/06 04:25,0.0
05/15/06 04:30,0.0
05/15/06 04:35,0.0
05/15/06 04:40,0.0
05/15/06 04:45,0.0
05/15/06 04:50,0.0
05/15/06 04:55,0.0
05/15/06 05:00,0.0
05/15/06 05:05,0.0
05/15/06 05:10,0.0
05/15/06 05:15,0.0
05/15/06 05:20,0.0
05/15/06 05:25,0.0
05/15/06 05:30,0.0
05/15/06 05:35,0.0
05/15/06 05:40,0.1
05/15/06 05:45,0.2
05/15/06 05:50,0.4
05/15/06 05:55,0.7
05/15/06 06:00,1.2
05/15/06 06:05,2.1
05/15/06 06:10,3.5
05/15/06 06:15,4.0
05/15/06 06:20,4.3
05/15/06 06:25,4.6
05/15/06 06:30,5.0
05/15/06 06:35,5.5
05/15/06 06:40,6.0
05/15/06 06:45,6.6
05/15/06 06:50,7.0
05/15/06 06:55,7.3
05/15/06 07:00,7.2
05/15/06 07:05,7.2
05/15/06 07:10,7.5
05/15/06 07:15,8.2
05/15/06 07:20,9.1
05/15/06 07:25,10.0
05/15/06 07:30,10.8
05/15/06 07:35,11.6
05/15/06 07:40,12.4
05/15/06 07:45,13.2
05/15/06 07:50,14.0
05/15/06 07:55,14.7
05/15/06 08:00,15.5
05/15/06 08:05,16.3
05/15/06 08:10,17.0
05/15/06 08:15,17.8
05/15/06 08:20,19.0
05/15/06 08:25,20.0
05/15/06 08:30,20.5
05/15/06 08:35,20.8
05/15/06 08:40,21.2
05/15/06 08:45,21.1
05/15/06 08:50,21.2
05/15/06 08:55,21.5
05/15/06 09:00,22.2
05/15/06 09:05,22.8
05/15/06 09:10,23.3
05/15/06 09:15,23.6
05/15/06 09:20,23.9
05/15/06 09:25,24.1
05/15/06 09:30,24.2
05/15/06 09:35,24.3
05/15/06 09:40,24.3
05/15/06 09:45,23.8
05/15/06 09:50,23.3
05/15/06 09:55,23.2
05/15/06 10:00,23.5
05/15/06 10:05,23.5
05/15/06 10:10,22.9
05/15/06 10:15,23.3
05/15/06 10:20,24.3
05/15/06 10:25,25.1
05/15/06 10:30,25.7
05/15/06 10:35,26.4
05/15/06 10:40,26.9
05/15/06 10:45,27.3
05/15/06 10:50,27.5
05/15/06 10:55,27.7
05/15/06 11:00,27.9
05/15/06 11:05,28.0
05/15/06 11:10,28.2
05/15/06 11:15,28.3
05/15/06 11:20,28.3
05/15/06 11:25,28.3
05/15/06 11:30,28.3
05/15/06 11:35,28.2
05/15/06 11:40,28.0
05/15/06 11:45,27.8
05/15/06 11:50,27.8
05/15/06 11:55,27.7
05/15/06 12:00,27.6
05/15/06 12:05,27.6
05/15/06 12:10,27.6
05/15/06 12:15,27.8
05/15/06 12:20,28.0
05/15/06 12:25,28.1
05/15/06 12:30,28.5
05/15/06 12:35,28.9
05/15/06 12:40,29.0
05/15/06 12:45,28.9
05/15/06 12:50,28.6
05/15/06 12:55,28.5
05/15/06 13:00,28.3
05/15/06 13:05,28.1
05/15/06 13:10,27.9
05/15/06 13:15,27.3
05/15/06 13:20,27.0
05/15/06 13:25,26.7
05/15/06 13:30,26.4
05/15/06 13:35,26.2
05/15/06 13:40,25.9
05/15/06 13:45,25.6
05/15/06 13:50,25.2
05/15/06 13:55,24.8
05/15/06 14:00,24.5
05/15/06 14:05,24.2
05/15/06 14:10,23.9
05/15/06 14:15,23.6
05/15/06 14:20,23.3
05/15/06 14:25,22.9
05/15/06 14:30,22.6
05/15/06 14:35,22.1
05/15/06 14:40,21.6
05/15/06 14:45,21.4
05/15/06 14:50,21.2
05/15/06 14:55,20.8
05/15/06 15:00,20.5
05/15/06 15:05,20.0
05/15/06 15:10,19.5
05/15/06 15:15,18.9
05/15/06 15:20,17.9
05/15/06 15:25,17.0
05/15/06 15:30,16.4
05/15/06 15:35,15.7
05/15/06 15:40,15.1
05/15/06 15:45,14.6
05/15/06 15:50,13.9
05/15/06 15:55,13.2
05/15/06 16:00,12.6
05/15/06 16:05,12.0
05/15/06 16:10,11.5
05/15/06 16:15,10.9
05/15/06 16:20,10.3
05/15/06 16:25,9.7
05/15/06 16:30,9.2
05/15/06 16:35,8.6
05/15/06 16:40,8.0
05/15/06 16:45,7.4
05/15/06 16:50,6.9
05/15/06 16:55,6.3
05/15/06 17:00,5.8
05/15/06 17:05,5.3
05/15/06 17:10,4.9
05/15/06 17:15,4.4
05/15/06 17:20,3.9
05/15/06 17:25,3.2
05/15/06 17:30,1.9
05/15/06 17:35,1.1
05/15/06 17:40,0.7
05/15/06 17:45,0.4
05/15/06 17:50,0.2
05/15/06 17:55,0.1
05/15/06 18:00,0.0
05/15/06 18:05,0.0
05/15/06 18:10,0.0
05/15/06 18:15,0.0
05/15/06 18:20,0.0
05/15/06 18:25,0.0
05/15/06 18:30,0.0
05/15/06 18:35,0.0
05/15/06 18:40,0.0
05/15/06 18:45,0.0
05/15/06 18:50,0.0
05/15/06 18:55,0.0
05/15/06 19:00,0.0
05/15/06 19:05,0.0
05/15/06 19:10,0.0
05/15/06 19:15,0.0
05/15/06 19:20,0.0
05/15/06 19:25,0.0
05/15/06 19:30,0.0
05/15/06 19:35,0.0
05/15/06 19:40,0.0
05/15/06 19:45,0.0
05/15/06 19:50,0.0
05/15/06 19:55,0.0
05/15/06 20:00,0.0
05/15/06 20:05,0.0
05/15/06 20:10,0.0
05/15/06 20:15,0.0
05/15/06 20:20,0.0
05/15/06 20:25,0.0
05/15/06 20:30,0.0
05/15/06 20:35,0.0
05/15/06 20:40,0.0
05/15/06 20:45,0.0
05/15/06 20:50,0.0
05/15/06 20:55,0.0
05/15/06 21:00,0.0
05/15/06 21:05,0.0
05/15/06 21:10,0.0
05/15/06 21:15,0.0
05/15/06 21:20,0.0
05/15/06 21:25,0.0
05/15/06 21:30,0.0
05/15/06 21:35,0.0
05/15/06 21:40,0.0
05/15/06 21:45,0.0
05/15/06 21:50,0.0
05/15/06 21:55,0.0
05/15/06 22:00,0.0
05/15/06 22:05,0.0
05/15/06 22:10,0.0
05/15/06 22:15,0.0
05/15/06 22:20,0.0
05/15/06 22:25,0.0
05/15/06 22:30,0.0
05/15/06 22:35,0.0
05/15/06 22:40,0.0
05/15/06 22:45,0.0
05/15/06 22:50,0.0
05/15/06 22:55,0.0
05/15/06 23:00,0.0
05/15/06 23:05,0.0
05/15/06 23:10,0.0
05/15/06 23:15,0.0
05/15/06 23:20,0.0
05/15/06 23:25,0.0
05/15/06 23:30,0.0
05/15/06 23:35,0.0
05/15/06 23:40,0.0
05/15/06 23:45,0.0
05/15/06 23:50,0.0
05/15/06 23:55,0.0
05/16/06 00:00,0.0
05/16/06 00:05,0.0
05/16/06 00:10,0.0
05/16/06 00:15,0.0
05/16/06 00:20,0.0
05/16/06 00:25,0.0
05/16/06 00:30,0.0
05/16/06 00:35,0.0
05/16/06 00:40,0.0
05/16/06 00:45,0.0
05/16/06 00:50,0.0
05/16/06 00:55,0.0
05/16/06 01:00,0.0
05/16/06 01:05,0.0
05/16/06 01:10,0.0
05/16/06 01:15,0.0
05/16/06 01:20,0.0
05/16/06 01:25,0.0
05/16/06 01:30,0.0
05/16/06 01:35,0.0
05/16/06 01:40,0.0
05/16/06 01:45,0.0
05/16/06 01:50,0.0
05/16/06 01:55,0.0
05/16/06 02:00,0.0
05/16/06 02:05,0.0
05/16/06 02:10,0.0
05/16/06 02:15,0.0
05/16/06 02:20,0.0
05/16/06 02:25,0.0
05/16/06 02:30,0.0
05/16/06 02:35,0.0
05/16/06 02:40,0.0
05/16/06 02:45,0.0
05/16/06 02:50,0.0
05/16/06 02:55,0.0
05/16/06 03:00,0.0
05/16/06 03:05,0.0
05/16/06 03:10,0.0
05/16/06 03:15,0.0
05/16/06 03:20,0.0
05/16/06 03:25,0.0
05/16/06 03:30,0.0
05/16/06 03:35,0.0
05/16/06 03:40,0.0
05/16/06 03:45,0.0
05/16/06 03:50,0.0
05/16/06 03:55,0.0
05/16/06 04:00,0.0
05/16/06 04:05,0.0
05/16/06 04:10,0.0
05/16/06 04:15,0.0
05/16/06 04:20,0.0
05/16/06 04:25,0.0
05/16/06 04:30,0.0
05/16/06 04:35,0.0
05/16/06 04:40,0.0
05/16/06 04:45,0.0
05/16/06 04:50,0.0
05/16/06 04:55,0.0
05/16/06 05:00,0.0
05/16/06 05:05,0.0
05/16/06 05:10,0.0
05/16/06 05:15,0.0
05/16/06 05:20,0.0
05/16/06 05:25,0.0
05/16/06 05:30,0.0
05/16/06 05:35,0.0
05/16/06 05:40,0.1
05/16/06 05:45,0.2
05/16/06 05:50,0.3
05/16/06 05:55,0.5
05/16/06 06:00,1.1
05/16/06 06:05,1.9
05/16/06 06:10,3.4
05/16/06 06:15,4.0
05/16/06 06:20,4.3
05/16/06 06:25,4.7
05/16/06 06:30,5.1
05/16/06 06:35,5.6
05/16/06 06:40,6.2
05/16/06 06:45,6.7
05/16/06 06:50,7.2
05/16/06 06:55,7.8
05/16/06 07:00,8.5
05/16/06 07:05,9.1
05/16/06 07:10,9.7
05/16/06 07:15,10.3
05/16/06 07:20,11.0
05/16/06 07:25,11.7
05/16/06 07:30,12.3
05/16/06 07:35,13.0
05/16/06 07:40,13.7
05/16/06 07:45,14.5
05/16/06 07:50,15.3
05/16/06 07:55,16.1
05/16/06 08:00,16.9
05/16/06 08:05,17.6
05/16/06 08:10,18.2
05/16/06 08:15,18.8
05/16/06 08:20,19.6
05/16/06 08:25,20.1
05/16/06 08:30,20.6
05/16/06 08:35,21.2
05/16/06 08:40,21.7
05/16/06 08:45,22.0
05/16/06 08:50,22.3
05/16/06 08:55,22.5
05/16/06 09:00,22.7
05/16/06 09:05,22.8
05/16/06 09:10,22.9
05/16/06 09:15,23.2
05/16/06 09:20,23.7
05/16/06 09:25,24.1
05/16/06 09:30,24.5
05/16/06 09:35,24.8
05/16/06 09:40,25.1
05/16/06 09:45,25.2
05/16/06 09:50,25.3
05/16/06 09:55,25.4
05/16/06 10:00,25.7
05/16/06 10:05,26.1
05/16/06 10:10,26.5
05/16/06 10:15,26.8
05/16/06 10:20,26.9
05/16/06 10:25,27.0
05/16/06 10:30,27.0
05/16/06 10:35,27.1
05/16/06 10:40,27.2
05/16/06 10:45,27.1
05/16/06 10:50,27.0
05/16/06 10:55,26.8
05/16/06 11:00,26.8
05/16/06 11:05,26.6
05/16/06 11:10,26.5
05/16/06 11:15,26.3
05/16/06 11:20,26.2
05/16/06 11:25,25.8
05/16/06 11:30,25.5
05/16/06 11:35,25.1
05/16/06 11:40,24.7
05/16/06 11:45,24.3
05/16/06 11:50,23.9
05/16/06 11:55,23.5
05/16/06 12:00,22.9
05/16/06 12:05,22.3
05/16/06 12:10,21.9
05/16/06 12:15,21.5
05/16/06 12:20,21.1
05/16/06 12:25,20.7
05/16/06 12:30,20.2
05/16/06 12:35,19.4
05/16/06 12:40,18.2
05/16/06 12:45,17.3
05/16/06 12:50,16.7
05/16/06 12:55,16.1
05/16/06 13:00,15.3
05/16/06 13:05,14.3
05/16/06 13:10,13.3
05/16/06 13:15,12.1
05/16/06 13:20,11.3
05/16/06 13:25,11.5
05/16/06 13:30,12.9
05/16/06 13:35,14.7
05/16/06 13:40,16.1
05/16/06 13:45,17.4
05/16/06 13:50,18.4
05/16/06 13:55,18.9
05/16/06 14:00,19.4
05/16/06 14:05,20.1
05/16/06 14:10,20.6
05/16/06 14:15,20.2
05/16/06 14:20,17.1
05/16/06 14:25,15.3
05/16/06 14:30,14.6
05/16/06 14:35,13.1
05/16/06 14:40,12.3
05/16/06 14:45,12.1
05/16/06 14:50,12.0
05/16/06 14:55,10.5
05/16/06 15:00,9.6
05/16/06 15:05,10.7
05/16/06 15:10,12.4
05/16/06 15:15,10.6
05/16/06 15:20,8.2
05/16/06 15:25,7.0
05/16/06 15:30,6.6
05/16/06 15:35,6.5
05/16/06 15:40,6.6
05/16/06 15:45,6.8
05/16/06 15:50,7.0
05/16/06 15:55,7.3
05/16/06 16:00,7.5
05/16/06 16:05,7.7
05/16/06 16:10,7.8
05/16/06 16:15,7.7
05/16/06 16:20,6.7
05/16/06 16:25,7.3
05/16/06 16:30,6.5
05/16/06 16:35,5.6
05/16/06 16:40,5.9
05/16/06 16:45,6.5
05/16/06 16:50,6.6
05/16/06 16:55,6.4
05/16/06 17:00,5.9
05/16/06 17:05,5.1
05/16/06 17:10,4.0
05/16/06 17:15,3.6
05/16/06 17:20,3.0
05/16/06 17:25,2.1
05/16/06 17:30,1.2
05/16/06 17:35,0.7
05/16/06 17:40,0.4
05/16/06 17:45,0.2
05/16/06 17:50,0.1
05/16/06 17:55,0.1
05/16/06 18:00,0.0
05/16/06 18:05,0.0
05/16/06 18:10,0.0
05/16/06 18:15,0.0
05/16/06 18:20,0.0
05/16/06 18:25,0.0
05/16/06 18:30,0.0
05/16/06 18:35,0.0
05/16/06 18:40,0.0
05/16/06 18:45,0.0
05/16/06 18:50,0.0
05/16/06 18:55,0.0
05/16/06 19:00,0.0
05/16/06 19:05,0.0
05/16/06 19:10,0.0
05/16/06 19:15,0.0
05/16/06 19:20,0.0
05/16/06 19:25,0.0
05/16/06 19:30,0.0
05/16/06 19:35,0.0
05/16/06 19:40,0.0
05/16/06 19:45,0.0
05/16/06 19:50,0.0
05/16/06 19:55,0.0
05/16/06 20:00,0.0
05/16/06 20:05,0.0
05/16/06 20:10,0.0
05/16/06 20:15,0.0
05/16/06 20:20,0.0
05/16/06 20:25,0.0
05/16/06 20:30,0.0
05/16/06 20:35,0.0
05/16/06 20:40,0.0
05/16/06 20:45,0.0
05/16/06 20:50,0.0
05/16/06 20:55,0.0
05/16/06 21:00,0.0
05/16/06 21:05,0.0
05/16/06 21:10,0.0
05/16/06 21:15,0.0
05/16/06 21:20,0.0
05/16/06 21:25,0.0
05/16/06 21:30,0.0
05/16/06 21:35,0.0
05/16/06 21:40,0.0
05/16/06 21:45,0.0
05/16/06 21:50,0.0
05/16/06 21:55,0.0
05/16/06 22:00,0.0
05/16/06 22:05,0.0
05/16/06 22:10,0.0
05/16/06 22:15,0.0
05/16/06 22:20,0.0
05/16/06 22:25,0.0
05/16/06 22:30,0.0
05/16/06 22:35,0.0
05/16/06 22:40,0.0
05/16/06 22:45,0.0
05/16/06 22:50,0.0
05/16/06 22:55,0.0
05/16/06 23:00,0.0
05/16/06 23:05,0.0
05/16/06 23:10,0.0
05/16/06 23:15,0.0
05/16/06 23:20,0.0
05/16/06 23:25,0.0
05/16/06 23:30,0.0
05/16/06 23:35,0.0
05/16/06 23:40,0.0
05/16/06 23:45,0.0
05/16/06 23:50,0.0
05/16/06 23:55,0.0
05/17/06 00:00,0.0
05/17/06 00:05,0.0
05/17/06 00:10,0.0
05/17/06 00:15,0.0
05/17/06 00:20,0.0
05/17/06 00:25,0.0
05/17/06 00:30,0.0
05/17/06 00:35,0.0
05/17/06 00:40,0.0
05/17/06 00:45,0.0
05/17/06 00:50,0.0
05/17/06 00:55,0.0
05/17/06 01:00,0.0
05/17/06 01:05,0.0
05/17/06 01:10,0.0
05/17/06 01:15,0.0
05/17/06 01:20,0.0
05/17/06 01:25,0.0
05/17/06 01:30,0.0
05/17/06 01:35,0.0
05/17/06 01:40,0.0
05/17/06 01:45,0.0
05/17/06 01:50,0.0
05/17/06 01:55,0.0
05/17/06 02:00,0.0
05/17/06 02:05,0.0
05/17/06 02:10,0.0
05/17/06 02:15,0.0
05/17/06 02:20,0.0
05/17/06 02:25,0.0
05/17/06 02:30,0.0
05/17/06 02:35,0.0
05/17/06 02:40,0.0
05/17/06 02:45,0.0
05/17/06 02:50,0.0
05/17/06 02:55,0.0
05/17/06 03:00,0.0
05/17/06 03:05,0.0
05/17/06 03:10,0.0
05/17/06 03:15,0.0
05/17/06 03:20,0.0
05/17/06 03:25,0.0
05/17/06 03:30,0.0
05/17/06 03:35,0.0
05/17/06 03:40,0.0
05/17/06 03:45,0.0
05/17/06 03:50,0.0
05/17/06 03:55,0.0
05/17/06 04:00,0.0
05/17/06 04:05,0.0
05/17/06 04:10,0.0
05/17/06 04:15,0.0
05/17/06 04:20,0.0
05/17/06 04:25,0.0
05/17/06 04:30,0.0
05/17/06 04:35,0.0
05/17/06 04:40,0.0
05/17/06 04:45,0.0
05/17/06 04:50,0.0
05/17/06 04:55,0.0
05/17/06 05:00,0.0
05/17/06 05:05,0.0
05/17/06 05:10,0.0
05/17/06 05:15,0.0
05/17/06 05:20,0.0
05/17/06 05:25,0.0
05/17/06 05:30,0.0
05/17/06 05:35,0.0
05/17/06 05:40,0.1
05/17/06 05:45,0.1
05/17/06 05:50,0.3
05/17/06 05:55,0.5
05/17/06 06:00,0.9
05/17/06 06:05,1.5
05/17/06 06:10,2.4
05/17/06 06:15,3.6
05/17/06 06:20,4.1
05/17/06 06:25,4.6
05/17/06 06:30,5.1
05/17/06 06:35,5.6
05/17/06 06:40,6.2
05/17/06 06:45,6.8
05/17/06 06:50,7.5
05/17/06 06:55,8.1
05/17/06 07:00,8.7
05/17/06 07:05,9.3
05/17/06 07:10,9.9
05/17/06 07:15,10.5
05/17/06 07:20,11.3
05/17/06 07:25,12.0
05/17/06 07:30,12.7
05/17/06 07:35,13.5
05/17/06 07:40,14.3
05/17/06 07:45,15.1
05/17/06 07:50,15.8
05/17/06 07:55,16.5
05/17/06 08:00,17.1
05/17/06 08:05,17.8
05/17/06 08:10,18.5
05/17/06 08:15,18.8
05/17/06 08:20,19.0
05/17/06 08:25,19.3
05/17/06 08:30,19.7
05/17/06 08:35,20.2
05/17/06 08:40,20.6
05/17/06 08:45,21.0
05/17/06 08:50,21.6
05/17/06 08:55,22.1
05/17/06 09:00,22.6
05/17/06 09:05,23.1
05/17/06 09:10,23.5
05/17/06 09:15,23.7
05/17/06 09:20,23.7
05/17/06 09:25,23.5
05/17/06 09:30,23.5
05/17/06 09:35,23.5
05/17/06 09:40,23.6
05/17/06 09:45,23.8
05/17/06 09:50,24.0
05/17/06 09:55,24.1
05/17/06 10:00,24.3
05/17/06 10:05,24.4
05/17/06 10:10,24.4
05/17/06 10:15,24.2
05/17/06 10:20,25.1
05/17/06 10:25,24.5
05/17/06 10:30,24.6
05/17/06 10:35,24.9
05/17/06 10:40,25.8
05/17/06 10:45,25.8
05/17/06 10:50,25.8
05/17/06 10:55,25.5
05/17/06 11:00,25.0
05/17/06 11:05,25.7
05/17/06 11:10,26.1
05/17/06 11:15,26.1
05/17/06 11:20,26.4
05/17/06 11:25,26.7
05/17/06 11:30,26.9
05/17/06 11:35,26.9
05/17/06 11:40,26.9
05/17/06 11:45,27.0
05/17/06 11:50,27.1
05/17/06 11:55,27.2
05/17/06 12:00,27.3
05/17/06 12:05,27.4
05/17/06 12:10,27.4
05/17/06 12:15,27.6
05/17/06 12:20,28.0
05/17/06 12:25,28.2
05/17/06 12:30,28.4
05/17/06 12:35,28.4
05/17/06 12:40,28.5
05/17/06 12:45,28.7
05/17/06 12:50,28.8
05/17/06 12:55,28.8
05/17/06 13:00,28.6
05/17/06 13:05,27.7
05/17/06 13:10,27.0
05/17/06 13:15,25.9
05/17/06 13:20,24.5
05/17/06 13:25,23.5
05/17/06 13:30,22.9
05/17/06 13:35,22.5
05/17/06 13:40,21.1
05/17/06 13:45,18.1
05/17/06 13:50,15.3
05/17/06 13:55,16.6
05/17/06 14:00,18.3
05/17/06 14:05,20.0
05/17/06 14:10,18.1
05/17/06 14:15,16.7
05/17/06 14:20,18.5
05/17/06 14:25,19.7
05/17/06 14:30,19.8
05/17/06 14:35,18.5
05/17/06 14:40,17.9
05/17/06 14:45,16.5
05/17/06 14:50,15.5
05/17/06 14:55,15.2
05/17/06 15:00,13.4
05/17/06 15:05,10.3
05/17/06 15:10,10.0
05/17/06 15:15,11.7
05/17/06 15:20,9.7
05/17/06 15:25,9.7
05/17/06 15:30,9.9
05/17/06 15:35,9.0
05/17/06 15:40,8.7
05/17/06 15:45,8.0
05/17/06 15:50,6.6
05/17/06 15:55,6.3
05/17/06 16:00,6.3
05/17/06 16:05,6.3
05/17/06 16:10,6.8
05/17/06 16:15,5.9
05/17/06 16:20,4.5
05/17/06 16:25,3.7
05/17/06 16:30,3.7
05/17/06 16:35,5.1
05/17/06 16:40,4.5
05/17/06 16:45,4.4
05/17/06 16:50,4.2
05/17/06 16:55,3.8
05/17/06 17:00,4.0
05/17/06 17:05,3.6
05/17/06 17:10,3.7
05/17/06 17:15,3.1
05/17/06 17:20,2.4
05/17/06 17:25,1.7
05/17/06 17:30,1.2
05/17/06 17:35,0.8
05/17/06 17:40,0.5
05/17/06 17:45,0.3
05/17/06 17:50,0.2
05/17/06 17:55,0.1
05/17/06 18:00,0.1
05/17/06 18:05,0.0
05/17/06 18:10,0.0
05/17/06 18:15,0.0
05/17/06 18:20,0.0
05/17/06 18:25,0.0
05/17/06 18:30,0.0
05/17/06 18:35,0.0
05/17/06 18:40,0.0
05/17/06 18:45,0.0
05/17/06 18:50,0.0
05/17/06 18:55,0.0
05/17/06 19:00,0.0
05/17/06 19:05,0.0
05/17/06 19:10,0.0
05/17/06 19:15,0.0
05/17/06 19:20,0.0
05/17/06 19:25,0.0
05/17/06 19:30,0.0
05/17/06 19:35,0.0
05/17/06 19:40,0.0
05/17/06 19:45,0.0
05/17/06 19:50,0.0
05/17/06 19:55,0.0
05/17/06 20:00,0.0
05/17/06 20:05,0.0
05/17/06 20:10,0.0
05/17/06 20:15,0.0
05/17/06 20:20,0.0
05/17/06 20:25,0.0
05/17/06 20:30,0.0
05/17/06 20:35,0.0
05/17/06 20:40,0.0
05/17/06 20:45,0.0
05/17/06 20:50,0.0
05/17/06 20:55,0.0
05/17/06 21:00,0.0
05/17/06 21:05,0.0
05/17/06 21:10,0.0
05/17/06 21:15,0.0
05/17/06 21:20,0.0
05/17/06 21:25,0.0
05/17/06 21:30,0.0
05/17/06 21:35,0.0
05/17/06 21:40,0.0
05/17/06 21:45,0.0
05/17/06 21:50,0.0
05/17/06 21:55,0.0
05/17/06 22:00,0.0
05/17/06 22:05,0.0
05/17/06 22:10,0.0
05/17/06 22:15,0.0
05/17/06 22:20,0.0
05/17/06 22:25,0.0
05/17/06 22:30,0.0
05/17/06 22:35,0.0
05/17/06 22:40,0.0
05/17/06 22:45,0.0
05/17/06 22:50,0.0
05/17/06 22:55,0.0
05/17/06 23:00,0.0
05/17/06 23:05,0.0
05/17/06 23:10,0.0
05/17/06 23:15,0.0
05/17/06 23:20,0.0
05/17/06 23:25,0.0
05/17/06 23:30,0.0
05/17/06 23:35,0.0
05/17/06 23:40,0.0
05/17/06 23:45,0.0
05/17/06 23:50,0.0
05/17/06 23:55,0.0
05/18/06 00:00,0.0
05/18/06 00:05,0.0
05/18/06 00:10,0.0
05/18/06 00:15,0.0
05/18/06 00:20,0.0
05/18/06 00:25,0.0
05/18/06 00:30,0.0
05/18/06 00:35,0.0
05/18/06 00:40,0.0
05/18/06 00:45,0.0
05/18/06 00:50,0.0
05/18/06 00:55,0.0
05/18/06 01:00,0.0
05/18/06 01:05,0.0
05/18/06 01:10,0.0
05/18/06 01:15,0.0
05/18/06 01:20,0.0
05/18/06 01:25,0.0
05/18/06 01:30,0.0
05/18/06 01:35,0.0
05/18/06 01:40,0.0
05/18/06 01:45,0.0
05/18/06 01:50,0.0
05/18/06 01:55,0.0
05/18/06 02:00,0.0
05/18/06 02:05,0.0
05/18/06 02:10,0.0
05/18/06 02:15,0.0
05/18/06 02:20,0.0
05/18/06 02:25,0.0
05/18/06 02:30,0.0
05/18/06 02:35,0.0
05/18/06 02:40,0.0
05/18/06 02:45,0.0
05/18/06 02:50,0.0
05/18/06 02:55,0.0
05/18/06 03:00,0.0
05/18/06 03:05,0.0
05/18/06 03:10,0.0
05/18/06 03:15,0.0
05/18/06 03:20,0.0
05/18/06 03:25,0.0
05/18/06 03:30,0.0
05/18/06 03:35,0.0
05/18/06 03:40,0.0
05/18/06 03:45,0.0
05/18/06 03:50,0.0
05/18/06 03:55,0.0
05/18/06 04:00,0.0
05/18/06 04:05,0.0
05/18/06 04:10,0.0
05/18/06 04:15,0.0
05/18/06 04:20,0.0
05/18/06 04:25,0.0
05/18/06 04:30,0.0
05/18/06 04:35,0.0
05/18/06 04:40,0.0
05/18/06 04:45,0.0
05/18/06 04:50,0.0
05/18/06 04:55,0.0
05/18/06 05:00,0.0
05/18/06 05:05,0.0
05/18/06 05:10,0.0
05/18/06 05:15,0.0
05/18/06 05:20,0.0
05/18/06 05:25,0.0
05/18/06 05:30,0.0
05/18/06 05:35,0.0
05/18/06 05:40,0.1
05/18/06 05:45,0.1
05/18/06 05:50,0.3
05/18/06 05:55,0.5
05/18/06 06:00,0.9
05/18/06 06:05,2.0
05/18/06 06:10,3.8
05/18/06 06:15,4.2
05/18/06 06:20,4.6
05/18/06 06:25,5.0
05/18/06 06:30,5.5
05/18/06 06:35,6.0
05/18/06 06:40,6.5
05/18/06 06:45,7.0
05/18/06 06:50,7.4
05/18/06 06:55,8.0
05/18/06 07:00,8.5
05/18/06 07:05,9.1
05/18/06 07:10,9.6
05/18/06 07:15,10.3
05/18/06 07:20,11.1
05/18/06 07:25,11.8
05/18/06 07:30,12.5
05/18/06 07:35,13.2
05/18/06 07:40,13.8
05/18/06 07:45,14.4
05/18/06 07:50,14.9
05/18/06 07:55,15.5
05/18/06 08:00,16.3
05/18/06 08:05,17.1
05/18/06 08:10,17.9
05/18/06 08:15,18.4
05/18/06 08:20,18.9
05/18/06 08:25,19.1
05/18/06 08:30,19.4
05/18/06 08:35,19.5
05/18/06 08:40,19.8
05/18/06 08:45,19.7
05/18/06 08:50,19.2
05/18/06 08:55,19.0
05/18/06 09:00,18.9
05/18/06 09:05,18.1
05/18/06 09:10,17.3
05/18/06 09:15,18.3
05/18/06 09:20,20.5
05/18/06 09:25,21.9
05/18/06 09:30,23.0
05/18/06 09:35,23.8
05/18/06 09:40,24.4
05/18/06 09:45,24.9
05/18/06 09:50,25.5
05/18/06 09:55,26.0
05/18/06 10:00,26.4
05/18/06 10:05,26.7
05/18/06 10:10,27.0
05/18/06 10:15,27.0
05/18/06 10:20,26.9
05/18/06 10:25,27.0
05/18/06 10:30,27.0
05/18/06 10:35,27.0
05/18/06 10:40,27.1
05/18/06 10:45,27.0
05/18/06 10:50,27.0
05/18/06 10:55,26.9
05/18/06 11:00,26.9
05/18/06 11:05,26.8
05/18/06 11:10,26.8
05/18/06 11:15,26.9
05/18/06 11:20,27.4
05/18/06 11:25,27.7
05/18/06 11:30,28.0
05/18/06 11:35,28.3
05/18/06 11:40,28.6
05/18/06 11:45,29.0
05/18/06 11:50,29.4
05/18/06 11:55,29.8
05/18/06 12:00,29.9
05/18/06 12:05,29.9
05/18/06 12:10,29.8
05/18/06 12:15,29.3
05/18/06 12:20,28.5
05/18/06 12:25,28.0
05/18/06 12:30,27.6
05/18/06 12:35,27.5
05/18/06 12:40,27.4
05/18/06 12:45,27.3
05/18/06 12:50,27.1
05/18/06 12:55,26.9
05/18/06 13:00,26.6
05/18/06 13:05,26.3
05/18/06 13:10,26.0
05/18/06 13:15,25.8
05/18/06 13:20,25.5
05/18/06 13:25,25.2
05/18/06 13:30,25.0
05/18/06 13:35,24.8
05/18/06 13:40,24.7
05/18/06 13:45,24.6
05/18/06 13:50,24.5
05/18/06 13:55,24.2
05/18/06 14:00,24.1
05/18/06 14:05,23.9
05/18/06 14:10,23.7
05/18/06 14:15,23.2
05/18/06 14:20,22.5
05/18/06 14:25,22.1
05/18/06 14:30,21.9
05/18/06 14:35,21.9
05/18/06 14:40,21.6
05/18/06 14:45,21.0
05/18/06 14:50,20.3
05/18/06 14:55,19.3
05/18/06 15:00,18.5
05/18/06 15:05,17.8
05/18/06 15:10,17.0
05/18/06 15:15,16.6
05/18/06 15:20,16.4
05/18/06 15:25,16.2
05/18/06 15:30,15.8
05/18/06 15:35,15.4
05/18/06 15:40,14.9
05/18/06 15:45,14.5
05/18/06 15:50,14.0
05/18/06 15:55,13.4
05/18/06 16:00,12.8
05/18/06 16:05,12.2
05/18/06 16:10,11.7
05/18/06 16:15,11.1
05/18/06 16:20,10.5
05/18/06 16:25,9.9
05/18/06 16:30,9.2
05/18/06 16:35,8.5
05/18/06 16:40,8.0
05/18/06 16:45,7.5
05/18/06 16:50,7.0
05/18/06 16:55,6.4
05/18/06 17:00,5.9
05/18/06 17:05,5.4
05/18/06 17:10,4.9
05/18/06 17:15,4.4
05/18/06 17:20,3.9
05/18/06 17:25,3.2
05/18/06 17:30,1.9
05/18/06 17:35,1.0
05/18/06 17:40,0.5
05/18/06 17:45,0.3
05/18/06 17:50,0.1
05/18/06 17:55,0.1
05/18/06 18:00,0.0
05/18/06 18:05,0.0
05/18/06 18:10,0.0
05/18/06 18:15,0.0
05/18/06 18:20,0.0
05/18/06 18:25,0.0
05/18/06 18:30,0.0
05/18/06 18:35,0.0
05/18/06 18:40,0.0
05/18/06 18:45,0.0
05/18/06 18:50,0.0
05/18/06 18:55,0.0
05/18/06 19:00,0.0
05/18/06 19:05,0.0
05/18/06 19:10,0.0
05/18/06 19:15,0.0
05/18/06 19:20,0.0
05/18/06 19:25,0.0
05/18/06 19:30,0.0
05/18/06 19:35,0.0
05/18/06 19:40,0.0
05/18/06 19:45,0.0
05/18/06 19:50,0.0
05/18/06 19:55,0.0
05/18/06 20:00,0.0
05/18/06 20:05,0.0
05/18/06 20:10,0.0
05/18/06 20:15,0.0
05/18/06 20:20,0.0
05/18/06 20:25,0.0
05/18/06 20:30,0.0
05/18/06 20:35,0.0
05/18/06 20:40,0.0
05/18/06 20:45,0.0
05/18/06 20:50,0.0
05/18/06 20:55,0.0
05/18/06 21:00,0.0
05/18/06 21:05,0.0
05/18/06 21:10,0.0
05/18/06 21:15,0.0
05/18/06 21:20,0.0
05/18/06 21:25,0.0
05/18/06 21:30,0.0
05/18/06 21:35,0.0
05/18/06 21:40,0.0
05/18/06 21:45,0.0
05/18/06 21:50,0.0
05/18/06 21:55,0.0
05/18/06 22:00,0.0
05/18/06 22:05,0.0
05/18/06 22:10,0.0
05/18/06 22:15,0.0
05/18/06 22:20,0.0
05/18/06 22:25,0.0
05/18/06 22:30,0.0
05/18/06 22:35,0.0
05/18/06 22:40,0.0
05/18/06 22:45,0.0
05/18/06 22:50,0.0
05/18/06 22:55,0.0
05/18/06 23:00,0.0
05/18/06 23:05,0.0
05/18/06 23:10,0.0
05/18/06 23:15,0.0
05/18/06 23:20,0.0
05/18/06 23:25,0.0
05/18/06 23:30,0.0
05/18/06 23:35,0.0
05/18/06 23:40,0.0
05/18/06 23:45,0.0
05/18/06 23:50,0.0
05/18/06 23:55,0.0
05/19/06 00:00,0.0
05/19/06 00:05,0.0
05/19/06 00:10,0.0
05/19/06 00:15,0.0
05/19/06 00:20,0.0
05/19/06 00:25,0.0
05/19/06 00:30,0.0
05/19/06 00:35,0.0
05/19/06 00:40,0.0
05/19/06 00:45,0.0
05/19/06 00:50,0.0
05/19/06 00:55,0.0
05/19/06 01:00,0.0
05/19/06 01:05,0.0
05/19/06 01:10,0.0
05/19/06 01:15,0.0
05/19/06 01:20,0.0
05/19/06 01:25,0.0
05/19/06 01:30,0.0
05/19/06 01:35,0.0
05/19/06 01:40,0.0
05/19/06 01:45,0.0
05/19/06 01:50,0.0
05/19/06 01:55,0.0
05/19/06 02:00,0.0
05/19/06 02:05,0.0
05/19/06 02:10,0.0
05/19/06 02:15,0.0
05/19/06 02:20,0.0
05/19/06 02:25,0.0
05/19/06 02:30,0.0
05/19/06 02:35,0.0
05/19/06 02:40,0.0
05/19/06 02:45,0.0
05/19/06 02:50,0.0
05/19/06 02:55,0.0
05/19/06 03:00,0.0
05/19/06 03:05,0.0
05/19/06 03:10,0.0
05/19/06 03:15,0.0
05/19/06 03:20,0.0
05/19/06 03:25,0.0
05/19/06 03:30,0.0
05/19/06 03:35,0.0
05/19/06 03:40,0.0
05/19/06 03:45,0.0
05/19/06 03:50,0.0
05/19/06 03:55,0.0
05/19/06 04:00,0.0
05/19/06 04:05,0.0
05/19/06 04:10,0.0
05/19/06 04:15,0.0
05/19/06 04:20,0.0
05/19/06 04:25,0.0
05/19/06 04:30,0.0
05/19/06 04:35,0.0
05/19/06 04:40,0.0
05/19/06 04:45,0.0
05/19/06 04:50,0.0
05/19/06 04:55,0.0
05/19/06 05:00,0.0
05/19/06 05:05,0.0
05/19/06 05:10,0.0
05/19/06 05:15,0.0
05/19/06 05:20,0.0
05/19/06 05:25,0.0
05/19/06 05:30,0.0
05/19/06 05:35,0.1
05/19/06 05:40,0.1
05/19/06 05:45,0.2
05/19/06 05:50,0.4
05/19/06 05:55,0.8
05/19/06 06:00,1.5
05/19/06 06:05,3.4
05/19/06 06:10,4.2
05/19/06 06:15,4.5
05/19/06 06:20,4.9
05/19/06 06:25,5.3
05/19/06 06:30,5.8
05/19/06 06:35,6.3
05/19/06 06:40,6.8
05/19/06 06:45,7.3
05/19/06 06:50,7.7
05/19/06 06:55,8.2
05/19/06 07:00,8.8
05/19/06 07:05,9.3
05/19/06 07:10,9.9
05/19/06 07:15,10.4
05/19/06 07:20,10.9
05/19/06 07:25,11.5
05/19/06 07:30,12.1
05/19/06 07:35,12.8
05/19/06 07:40,13.4
05/19/06 07:45,14.0
05/19/06 07:50,14.7
05/19/06 07:55,15.3
05/19/06 08:00,15.7
05/19/06 08:05,16.2
05/19/06 08:10,16.8
05/19/06 08:15,17.3
05/19/06 08:20,18.1
05/19/06 08:25,18.7
05/19/06 08:30,19.3
05/19/06 08:35,19.7
05/19/06 08:40,20.2
05/19/06 08:45,20.7
05/19/06 08:50,21.2
05/19/06 08:55,21.6
05/19/06 09:00,22.0
05/19/06 09:05,22.5
05/19/06 09:10,23.1
05/19/06 09:15,23.2
05/19/06 09:20,23.1
05/19/06 09:25,23.2
05/19/06 09:30,23.5
05/19/06 09:35,24.0
05/19/06 09:40,24.4
05/19/06 09:45,24.7
05/19/06 09:50,25.0
05/19/06 09:55,25.1
05/19/06 10:00,25.2
05/19/06 10:05,25.4
05/19/06 10:10,25.4
05/19/06 10:15,25.3
05/19/06 10:20,25.2
05/19/06 10:25,25.4
05/19/06 10:30,25.6
05/19/06 10:35,25.7
05/19/06 10:40,25.8
05/19/06 10:45,26.1
05/19/06 10:50,26.1
05/19/06 10:55,25.8
05/19/06 11:00,25.5
05/19/06 11:05,25.6
05/19/06 11:10,25.8
05/19/06 11:15,25.9
05/19/06 11:20,26.1
05/19/06 11:25,26.4
05/19/06 11:30,26.6
05/19/06 11:35,26.6
05/19/06 11:40,26.5
05/19/06 11:45,26.6
05/19/06 11:50,26.7
05/19/06 11:55,26.6
05/19/06 12:00,26.6
05/19/06 12:05,26.6
05/19/06 12:10,26.7
05/19/06 12:15,26.8
05/19/06 12:20,26.9
05/19/06 12:25,27.0
05/19/06 12:30,26.9
05/19/06 12:35,26.7
05/19/06 12:40,26.4
05/19/06 12:45,26.3
05/19/06 12:50,26.1
05/19/06 12:55,25.9
05/19/06 13:00,25.7
05/19/06 13:05,25.4
05/19/06 13:10,25.0
05/19/06 13:15,24.8
05/19/06 13:20,24.8
05/19/06 13:25,24.8
05/19/06 13:30,24.7
05/19/06 13:35,24.5
05/19/06 13:40,24.4
05/19/06 13:45,24.1
05/19/06 13:50,23.9
05/19/06 13:55,23.6
05/19/06 14:00,23.2
05/19/06 14:05,22.8
05/19/06 14:10,22.4
05/19/06 14:15,22.1
05/19/06 14:20,21.8
05/19/06 14:25,21.4
05/19/06 14:30,21.0
05/19/06 14:35,20.6
05/19/06 14:40,20.1
05/19/06 14:45,19.7
05/19/06 14:50,19.2
05/19/06 14:55,18.6
05/19/06 15:00,18.0
05/19/06 15:05,17.4
05/19/06 15:10,16.8
05/19/06 15:15,16.3
05/19/06 15:20,16.0
05/19/06 15:25,15.8
05/19/06 15:30,15.5
05/19/06 15:35,15.2
05/19/06 15:40,14.8
05/19/06 15:45,14.2
05/19/06 15:50,13.7
05/19/06 15:55,13.3
05/19/06 16:00,12.7
05/19/06 16:05,11.6
05/19/06 16:10,10.9
05/19/06 16:15,10.0
05/19/06 16:20,8.9
05/19/06 16:25,7.5
05/19/06 16:30,7.1
05/19/06 16:35,6.2
05/19/06 16:40,5.4
05/19/06 16:45,5.2
05/19/06 16:50,5.1
05/19/06 16:55,4.4
05/19/06 17:00,4.0
05/19/06 17:05,3.9
05/19/06 17:10,3.9
05/19/06 17:15,3.8
05/19/06 17:20,3.5
05/19/06 17:25,2.6
05/19/06 17:30,1.7
05/19/06 17:35,1.0
05/19/06 17:40,0.6
05/19/06 17:45,0.3
05/19/06 17:50,0.2
05/19/06 17:55,0.1
05/19/06 18:00,0.0
05/19/06 18:05,0.0
05/19/06 18:10,0.0
05/19/06 18:15,0.0
05/19/06 18:20,0.0
05/19/06 18:25,0.0
05/19/06 18:30,0.0
05/19/06 18:35,0.0
05/19/06 18:40,0.0
05/19/06 18:45,0.0
05/19/06 18:50,0.0
05/19/06 18:55,0.0
05/19/06 19:00,0.0
05/19/06 19:05,0.0
05/19/06 19:10,0.0
05/19/06 19:15,0.0
05/19/06 19:20,0.0
05/19/06 19:25,0.0
05/19/06 19:30,0.0
05/19/06 19:35,0.0
05/19/06 19:40,0.0
05/19/06 19:45,0.0
05/19/06 19:50,0.0
05/19/06 19:55,0.0
05/19/06 20:00,0.0
05/19/06 20:05,0.0
05/19/06 20:10,0.0
05/19/06 20:15,0.0
05/19/06 20:20,0.0
05/19/06 20:25,0.0
05/19/06 20:30,0.0
05/19/06 20:35,0.0
05/19/06 20:40,0.0
05/19/06 20:45,0.0
05/19/06 20:50,0.0
05/19/06 20:55,0.0
05/19/06 21:00,0.0
05/19/06 21:05,0.0
05/19/06 21:10,0.0
05/19/06 21:15,0.0
05/19/06 21:20,0.0
05/19/06 21:25,0.0
05/19/06 21:30,0.0
05/19/06 21:35,0.0
05/19/06 21:40,0.0
05/19/06 21:45,0.0
05/19/06 21:50,0.0
05/19/06 21:55,0.0
05/19/06 22:00,0.0
05/19/06 22:05,0.0
05/19/06 22:10,0.0
05/19/06 22:15,0.0
05/19/06 22:20,0.0
05/19/06 22:25,0.0
05/19/06 22:30,0.0
05/19/06 22:35,0.0
05/19/06 22:40,0.0
05/19/06 22:45,0.0
05/19/06 22:50,0.0
05/19/06 22:55,0.0
05/19/06 23:00,0.0
05/19/06 23:05,0.0
05/19/06 23:10,0.0
05/19/06 23:15,0.0
05/19/06 23:20,0.0
05/19/06 23:25,0.0
05/19/06 23:30,0.0
05/19/06 23:35,0.0
05/19/06 23:40,0.0
05/19/06 23:45,0.0
05/19/06 23:50,0.0
05/19/06 23:55,0.0
05/20/06 00:00,0.0
05/20/06 00:05,0.0
05/20/06 00:10,0.0
05/20/06 00:15,0.0
05/20/06 00:20,0.0
05/20/06 00:25,0.0
05/20/06 00:30,0.0
05/20/06 00:35,0.0
05/20/06 00:40,0.0
05/20/06 00:45,0.0
05/20/06 00:50,0.0
05/20/06 00:55,0.0
05/20/06 01:00,0.0
05/20/06 01:05,0.0
05/20/06 01:10,0.0
05/20/06 01:15,0.0
05/20/06 01:20,0.0
05/20/06 01:25,0.0
05/20/06 01:30,0.0
05/20/06 01:35,0.0
05/20/06 01:40,0.0
05/20/06 01:45,0.0
05/20/06 01:50,0.0
05/20/06 01:55,0.0
05/20/06 02:00,0.0
05/20/06 02:05,0.0
05/20/06 02:10,0.0
05/20/06 02:15,0.0
05/20/06 02:20,0.0
05/20/06 02:25,0.0
05/20/06 02:30,0.0
05/20/06 02:35,0.0
05/20/06 02:40,0.0
05/20/06 02:45,0.0
05/20/06 02:50,0.0
05/20/06 02:55,0.0
05/20/06 03:00,0.0
05/20/06 03:05,0.0
05/20/06 03:10,0.0
05/20/06 03:15,0.0
05/20/06 03:20,0.0
05/20/06 03:25,0.0
05/20/06 03:30,0.0
05/20/06 03:35,0.0
05/20/06 03:40,0.0
05/20/06 03:45,0.0
05/20/06 03:50,0.0
05/20/06 03:55,0.0
05/20/06 04:00,0.0
05/20/06 04:05,0.0
05/20/06 04:10,0.0
05/20/06 04:15,0.0
05/20/06 04:20,0.0
05/20/06 04:25,0.0
05/20/06 04:30,0.0
05/20/06 04:35,0.0
05/20/06 04:40,0.0
05/20/06 04:45,0.0
05/20/06 04:50,0.0
05/20/06 04:55,0.0
05/20/06 05:00,0.0
05/20/06 05:05,0.0
05/20/06 05:10,0.0
05/20/06 05:15,0.0
05/20/06 05:20,0.0
05/20/06 05:25,0.0
05/20/06 05:30,0.0
05/20/06 05:35,0.0
05/20/06 05:40,0.1
05/20/06 05:45,0.1
05/20/06 05:50,0.3
05/20/06 05:55,0.5
05/20/06 06:00,0.8
05/20/06 06:05,1.4
05/20/06 06:10,2.3
05/20/06 06:15,3.6
05/20/06 06:20,4.0
05/20/06 06:25,4.5
05/20/06 06:30,4.9
05/20/06 06:35,5.4
05/20/06 06:40,5.9
05/20/06 06:45,6.5
05/20/06 06:50,7.0
05/20/06 06:55,7.7
05/20/06 07:00,8.4
05/20/06 07:05,9.0
05/20/06 07:10,9.6
05/20/06 07:15,10.3
05/20/06 07:20,10.9
05/20/06 07:25,11.6
05/20/06 07:30,12.1
05/20/06 07:35,11.5
05/20/06 07:40,11.1
05/20/06 07:45,12.3
05/20/06 07:50,13.3
05/20/06 07:55,14.1
05/20/06 08:00,14.6
05/20/06 08:05,15.5
05/20/06 08:10,16.1
05/20/06 08:15,16.7
05/20/06 08:20,17.4
05/20/06 08:25,18.1
05/20/06 08:30,18.7
05/20/06 08:35,19.3
05/20/06 08:40,19.9
05/20/06 08:45,20.4
05/20/06 08:50,20.8
05/20/06 08:55,21.2
05/20/06 09:00,21.7
05/20/06 09:05,22.2
05/20/06 09:10,22.6
05/20/06 09:15,22.8
05/20/06 09:20,22.8
05/20/06 09:25,22.9
05/20/06 09:30,23.0
05/20/06 09:35,23.1
05/20/06 09:40,22.1
05/20/06 09:45,21.3
05/20/06 09:50,21.0
05/20/06 09:55,20.8
05/20/06 10:00,21.0
05/20/06 10:05,21.6
05/20/06 10:10,22.0
05/20/06 10:15,23.0
05/20/06 10:20,24.0
05/20/06 10:25,24.6
05/20/06 10:30,25.0
05/20/06 10:35,25.4
05/20/06 10:40,25.8
05/20/06 10:45,26.1
05/20/06 10:50,26.4
05/20/06 10:55,26.6
05/20/06 11:00,26.6
05/20/06 11:05,26.5
05/20/06 11:10,26.6
05/20/06 11:15,26.7
05/20/06 11:20,26.9
05/20/06 11:25,27.1
05/20/06 11:30,27.1
05/20/06 11:35,27.2
05/20/06 11:40,27.2
05/20/06 11:45,27.0
05/20/06 11:50,27.0
05/20/06 11:55,27.0
05/20/06 12:00,27.0
05/20/06 12:05,26.9
05/20/06 12:10,26.8
05/20/06 12:15,26.7
05/20/06 12:20,26.7
05/20/06 12:25,26.5
05/20/06 12:30,26.3
05/20/06 12:35,26.2
05/20/06 12:40,26.0
05/20/06 12:45,25.9
05/20/06 12:50,25.8
05/20/06 12:55,25.9
05/20/06 13:00,25.8
05/20/06 13:05,25.5
05/20/06 13:10,25.4
05/20/06 13:15,25.4
05/20/06 13:20,25.4
05/20/06 13:25,25.2
05/20/06 13:30,24.9
05/20/06 13:35,24.7
05/20/06 13:40,24.4
05/20/06 13:45,24.1
05/20/06 13:50,23.9
05/20/06 13:55,23.5
05/20/06 14:00,23.0
05/20/06 14:05,22.7
05/20/06 14:10,22.4
05/20/06 14:15,22.1
05/20/06 14:20,21.9
05/20/06 14:25,21.7
05/20/06 14:30,21.5
05/20/06 14:35,21.2
05/20/06 14:40,20.9
05/20/06 14:45,20.6
05/20/06 14:50,20.3
05/20/06 14:55,19.8
05/20/06 15:00,19.3
05/20/06 15:05,18.7
05/20/06 15:10,18.1
05/20/06 15:15,17.6
05/20/06 15:20,16.8
05/20/06 15:25,16.0
05/20/06 15:30,15.4
05/20/06 15:35,14.8
05/20/06 15:40,14.3
05/20/06 15:45,13.8
05/20/06 15:50,13.2
05/20/06 15:55,12.5
05/20/06 16:00,11.9
05/20/06 16:05,11.4
05/20/06 16:10,10.8
05/20/06 16:15,10.4
05/20/06 16:20,10.0
05/20/06 16:25,9.5
05/20/06 16:30,9.0
05/20/06 16:35,8.5
05/20/06 16:40,8.0
05/20/06 16:45,7.6
05/20/06 16:50,7.0
05/20/06 16:55,6.6
05/20/06 17:00,6.0
05/20/06 17:05,5.6
05/20/06 17:10,5.1
05/20/06 17:15,4.6
05/20/06 17:20,4.1
05/20/06 17:25,3.6
05/20/06 17:30,2.4
05/20/06 17:35,1.4
05/20/06 17:40,0.8
05/20/06 17:45,0.4
05/20/06 17:50,0.2
05/20/06 17:55,0.1
05/20/06 18:00,0.1
05/20/06 18:05,0.0
05/20/06 18:10,0.0
05/20/06 18:15,0.0
05/20/06 18:20,0.0
05/20/06 18:25,0.0
05/20/06 18:30,0.0
05/20/06 18:35,0.0
05/20/06 18:40,0.0
05/20/06 18:45,0.0
05/20/06 18:50,0.0
05/20/06 18:55,0.0
05/20/06 19:00,0.0
05/20/06 19:05,0.0
05/20/06 19:10,0.0
05/20/06 19:15,0.0
05/20/06 19:20,0.0
05/20/06 19:25,0.0
05/20/06 19:30,0.0
05/20/06 19:35,0.0
05/20/06 19:40,0.0
05/20/06 19:45,0.0
05/20/06 19:50,0.0
05/20/06 19:55,0.0
05/20/06 20:00,0.0
05/20/06 20:05,0.0
05/20/06 20:10,0.0
05/20/06 20:15,0.0
05/20/06 20:20,0.0
05/20/06 20:25,0.0
05/20/06 20:30,0.0
05/20/06 20:35,0.0
05/20/06 20:40,0.0
05/20/06 20:45,0.0
05/20/06 20:50,0.0
05/20/06 20:55,0.0
05/20/06 21:00,0.0
05/20/06 21:05,0.0
05/20/06 21:10,0.0
05/20/06 21:15,0.0
05/20/06 21:20,0.0
05/20/06 21:25,0.0
05/20/06 21:30,0.0
05/20/06 21:35,0.0
05/20/06 21:40,0.0
05/20/06 21:45,0.0
05/20/06 21:50,0.0
05/20/06 21:55,0.0
05/20/06 22:00,0.0
05/20/06 22:05,0.0
05/20/06 22:10,0.0
05/20/06 22:15,0.0
05/20/06 22:20,0.0
05/20/06 22:25,0.0
05/20/06 22:30,0.0
05/20/06 22:35,0.0
05/20/06 22:40,0.0
05/20/06 22:45,0.0
05/20/06 22:50,0.0
05/20/06 22:55,0.0
05/20/06 23:00,0.0
05/20/06 23:05,0.0
05/20/06 23:10,0.0
05/20/06 23:15,0.0
05/20/06 23:20,0.0
05/20/06 23:25,0.0
05/20/06 23:30,0.0
05/20/06 23:35,0.0
05/20/06 23:40,0.0
05/20/06 23:45,0.0
05/20/06 23:50,0.0
05/20/06 23:55,0.0
05/21/06 00:00,0.0
05/21/06 00:05,0.0
05/21/06 00:10,0.0
05/21/06 00:15,0.0
05/21/06 00:20,0.0
05/21/06 00:25,0.0
05/21/06 00:30,0.0
05/21/06 00:35,0.0
05/21/06 00:40,0.0
05/21/06 00:45,0.0
05/21/06 00:50,0.0
05/21/06 00:55,0.0
05/21/06 01:00,0.0
05/21/06 01:05,0.0
05/21/06 01:10,0.0
05/21/06 01:15,0.0
05/21/06 01:20,0.0
05/21/06 01:25,0.0
05/21/06 01:30,0.0
05/21/06 01:35,0.0
05/21/06 01:40,0.0
05/21/06 01:45,0.0
05/21/06 01:50,0.0
05/21/06 01:55,0.0
05/21/06 02:00,0.0
05/21/06 02:05,0.0
05/21/06 02:10,0.0
05/21/06 02:15,0.0
05/21/06 02:20,0.0
05/21/06 02:25,0.0
05/21/06 02:30,0.0
05/21/06 02:35,0.0
05/21/06 02:40,0.0
05/21/06 02:45,0.0
05/21/06 02:50,0.0
05/21/06 02:55,0.0
05/21/06 03:00,0.0
05/21/06 03:05,0.0
05/21/06 03:10,0.0
05/21/06 03:15,0.0
05/21/06 03:20,0.0
05/21/06 03:25,0.0
05/21/06 03:30,0.0
05/21/06 03:35,0.0
05/21/06 03:40,0.0
05/21/06 03:45,0.0
05/21/06 03:50,0.0
05/21/06 03:55,0.0
05/21/06 04:00,0.0
05/21/06 04:05,0.0
05/21/06 04:10,0.0
05/21/06 04:15,0.0
05/21/06 04:20,0.0
05/21/06 04:25,0.0
05/21/06 04:30,0.0
05/21/06 04:35,0.0
05/21/06 04:40,0.0
05/21/06 04:45,0.0
05/21/06 04:50,0.0
05/21/06 04:55,0.0
05/21/06 05:00,0.0
05/21/06 05:05,0.0
05/21/06 05:10,0.0
05/21/06 05:15,0.0
05/21/06 05:20,0.0
05/21/06 05:25,0.0
05/21/06 05:30,0.0
05/21/06 05:35,0.0
05/21/06 05:40,0.1
05/21/06 05:45,0.1
05/21/06 05:50,0.3
05/21/06 05:55,0.4
05/21/06 06:00,0.8
05/21/06 06:05,1.4
05/21/06 06:10,2.4
05/21/06 06:15,3.6
05/21/06 06:20,4.1
05/21/06 06:25,4.6
05/21/06 06:30,5.1
05/21/06 06:35,5.5
05/21/06 06:40,5.9
05/21/06 06:45,6.3
05/21/06 06:50,6.7
05/21/06 06:55,7.1
05/21/06 07:00,7.5
05/21/06 07:05,8.0
05/21/06 07:10,8.4
05/21/06 07:15,9.3
05/21/06 07:20,10.5
05/21/06 07:25,11.8
05/21/06 07:30,12.9
05/21/06 07:35,13.5
05/21/06 07:40,14.1
05/21/06 07:45,14.6
05/21/06 07:50,15.1
05/21/06 07:55,15.6
05/21/06 08:00,15.9
05/21/06 08:05,16.4
05/21/06 08:10,17.1
05/21/06 08:15,17.6
05/21/06 08:20,18.2
05/21/06 08:25,18.6
05/21/06 08:30,19.0
05/21/06 08:35,19.4
05/21/06 08:40,19.8
05/21/06 08:45,20.3
05/21/06 08:50,20.7
05/21/06 08:55,21.0
05/21/06 09:00,21.4
05/21/06 09:05,21.8
05/21/06 09:10,22.2
05/21/06 09:15,22.5
05/21/06 09:20,22.7
05/21/06 09:25,22.9
05/21/06 09:30,23.2
05/21/06 09:35,23.5
05/21/06 09:40,23.7
05/21/06 09:45,24.1
05/21/06 09:50,24.4
05/21/06 09:55,24.7
05/21/06 10:00,25.1
05/21/06 10:05,25.3
05/21/06 10:10,25.5
05/21/06 10:15,25.6
05/21/06 10:20,25.9
05/21/06 10:25,26.1
05/21/06 10:30,26.4
05/21/06 10:35,26.7
05/21/06 10:40,26.9
05/21/06 10:45,27.1
05/21/06 10:50,27.3
05/21/06 10:55,27.5
05/21/06 11:00,27.7
05/21/06 11:05,27.8
05/21/06 11:10,27.8
05/21/06 11:15,27.6
05/21/06 11:20,27.5
05/21/06 11:25,27.6
05/21/06 11:30,27.6
05/21/06 11:35,27.6
05/21/06 11:40,27.5
05/21/06 11:45,27.4
05/21/06 11:50,27.3
05/21/06 11:55,27.3
05/21/06 12:00,27.3
05/21/06 12:05,27.4
05/21/06 12:10,27.5
05/21/06 12:15,27.4
05/21/06 12:20,27.2
05/21/06 12:25,27.0
05/21/06 12:30,26.9
05/21/06 12:35,26.8
05/21/06 12:40,26.5
05/21/06 12:45,26.2
05/21/06 12:50,26.0
05/21/06 12:55,25.9
05/21/06 13:00,25.9
05/21/06 13:05,25.8
05/21/06 13:10,25.7
05/21/06 13:15,25.5
05/21/06 13:20,25.4
05/21/06 13:25,25.2
05/21/06 13:30,25.0
05/21/06 13:35,24.7
05/21/06 13:40,24.5
05/21/06 13:45,24.2
05/21/06 13:50,23.9
05/21/06 13:55,23.4
05/21/06 14:00,23.0
05/21/06 14:05,22.7
05/21/06 14:10,22.4
05/21/06 14:15,22.0
05/21/06 14:20,21.1
05/21/06 14:25,20.6
05/21/06 14:30,20.3
05/21/06 14:35,20.1
05/21/06 14:40,19.8
05/21/06 14:45,20.2
05/21/06 14:50,20.5
05/21/06 14:55,20.2
05/21/06 15:00,19.8
05/21/06 15:05,19.2
05/21/06 15:10,18.3
05/21/06 15:15,17.4
05/21/06 15:20,16.9
05/21/06 15:25,16.4
05/21/06 15:30,16.0
05/21/06 15:35,15.5
05/21/06 15:40,15.2
05/21/06 15:45,14.7
05/21/06 15:50,14.2
05/21/06 15:55,13.6
05/21/06 16:00,13.1
05/21/06 16:05,12.7
05/21/06 16:10,12.1
05/21/06 16:15,11.4
05/21/06 16:20,10.7
05/21/06 16:25,10.2
05/21/06 16:30,9.8
05/21/06 16:35,9.3
05/21/06 16:40,8.8
05/21/06 16:45,8.4
05/21/06 16:50,7.9
05/21/06 16:55,7.4
05/21/06 17:00,6.8
05/21/06 17:05,6.3
05/21/06 17:10,5.9
05/21/06 17:15,5.2
05/21/06 17:20,4.5
05/21/06 17:25,3.9
05/21/06 17:30,3.0
05/21/06 17:35,1.8
05/21/06 17:40,1.0
05/21/06 17:45,0.6
05/21/06 17:50,0.3
05/21/06 17:55,0.1
05/21/06 18:00,0.1
05/21/06 18:05,0.0
05/21/06 18:10,0.0
05/21/06 18:15,0.0
05/21/06 18:20,0.0
05/21/06 18:25,0.0
05/21/06 18:30,0.0
05/21/06 18:35,0.0
05/21/06 18:40,0.0
05/21/06 18:45,0.0
05/21/06 18:50,0.0
05/21/06 18:55,0.0
05/21/06 19:00,0.0
05/21/06 19:05,0.0
05/21/06 19:10,0.0
05/21/06 19:15,0.0
05/21/06 19:20,0.0
05/21/06 19:25,0.0
05/21/06 19:30,0.0
05/21/06 19:35,0.0
05/21/06 19:40,0.0
05/21/06 19:45,0.0
05/21/06 19:50,0.0
05/21/06 19:55,0.0
05/21/06 20:00,0.0
05/21/06 20:05,0.0
05/21/06 20:10,0.0
05/21/06 20:15,0.0
05/21/06 20:20,0.0
05/21/06 20:25,0.0
05/21/06 20:30,0.0
05/21/06 20:35,0.0
05/21/06 20:40,0.0
05/21/06 20:45,0.0
05/21/06 20:50,0.0
05/21/06 20:55,0.0
05/21/06 21:00,0.0
05/21/06 21:05,0.0
05/21/06 21:10,0.0
05/21/06 21:15,0.0
05/21/06 21:20,0.0
05/21/06 21:25,0.0
05/21/06 21:30,0.0
05/21/06 21:35,0.0
05/21/06 21:40,0.0
05/21/06 21:45,0.0
05/21/06 21:50,0.0
05/21/06 21:55,0.0
05/21/06 22:00,0.0
05/21/06 22:05,0.0
05/21/06 22:10,0.0
05/21/06 22:15,0.0
05/21/06 22:20,0.0
05/21/06 22:25,0.0
05/21/06 22:30,0.0
05/21/06 22:35,0.0
05/21/06 22:40,0.0
05/21/06 22:45,0.0
05/21/06 22:50,0.0
05/21/06 22:55,0.0
05/21/06 23:00,0.0
05/21/06 23:05,0.0
05/21/06 23:10,0.0
05/21/06 23:15,0.0
05/21/06 23:20,0.0
05/21/06 23:25,0.0
05/21/06 23:30,0.0
05/21/06 23:35,0.0
05/21/06 23:40,0.0
05/21/06 23:45,0.0
05/21/06 23:50,0.0
05/21/06 23:55,0.0
05/22/06 00:00,0.0
05/22/06 00:05,0.0
05/22/06 00:10,0.0
05/22/06 00:15,0.0
05/22/06 00:20,0.0
05/22/06 00:25,0.0
05/22/06 00:30,0.0
05/22/06 00:35,0.0
05/22/06 00:40,0.0
05/22/06 00:45,0.0
05/22/06 00:50,0.0
05/22/06 00:55,0.0
05/22/06 01:00,0.0
05/22/06 01:05,0.0
05/22/06 01:10,0.0
05/22/06 01:15,0.0
05/22/06 01:20,0.0
05/22/06 01:25,0.0
05/22/06 01:30,0.0
05/22/06 01:35,0.0
05/22/06 01:40,0.0
05/22/06 01:45,0.0
05/22/06 01:50,0.0
05/22/06 01:55,0.0
05/22/06 02:00,0.0
05/22/06 02:05,0.0
05/22/06 02:10,0.0
05/22/06 02:15,0.0
05/22/06 02:20,0.0
05/22/06 02:25,0.0
05/22/06 02:30,0.0
05/22/06 02:35,0.0
05/22/06 02:40,0.0
05/22/06 02:45,0.0
05/22/06 02:50,0.0
05/22/06 02:55,0.0
05/22/06 03:00,0.0
05/22/06 03:05,0.0
05/22/06 03:10,0.0
05/22/06 03:15,0.0
05/22/06 03:20,0.0
05/22/06 03:25,0.0
05/22/06 03:30,0.0
05/22/06 03:35,0.0
05/22/06 03:40,0.0
05/22/06 03:45,0.0
05/22/06 03:50,0.0
05/22/06 03:55,0.0
05/22/06 04:00,0.0
05/22/06 04:05,0.0
05/22/06 04:10,0.0
05/22/06 04:15,0.0
05/22/06 04:20,0.0
05/22/06 04:25,0.0
05/22/06 04:30,0.0
05/22/06 04:35,0.0
05/22/06 04:40,0.0
05/22/06 04:45,0.0
05/22/06 04:50,0.0
05/22/06 04:55,0.0
05/22/06 05:00,0.0
05/22/06 05:05,0.0
05/22/06 05:10,0.0
05/22/06 05:15,0.0
05/22/06 05:20,0.0
05/22/06 05:25,0.0
05/22/06 05:30,0.0
05/22/06 05:35,0.1
05/22/06 05:40,0.1
05/22/06 05:45,0.2
05/22/06 05:50,0.4
05/22/06 05:55,0.8
05/22/06 06:00,1.4
05/22/06 06:05,2.3
05/22/06 06:10,3.5
05/22/06 06:15,3.9
05/22/06 06:20,4.3
05/22/06 06:25,4.6
05/22/06 06:30,4.9
05/22/06 06:35,5.2
05/22/06 06:40,5.4
05/22/06 06:45,5.5
05/22/06 06:50,5.6
05/22/06 06:55,5.7
05/22/06 07:00,5.7
05/22/06 07:05,5.7
05/22/06 07:10,5.7
05/22/06 07:15,6.0
05/22/06 07:20,6.7
05/22/06 07:25,7.3
05/22/06 07:30,8.0
05/22/06 07:35,8.5
05/22/06 07:40,9.2
05/22/06 07:45,9.9
05/22/06 07:50,10.5
05/22/06 07:55,11.3
05/22/06 08:00,12.1
05/22/06 08:05,12.8
05/22/06 08:10,13.5
05/22/06 08:15,14.8
05/22/06 08:20,16.2
05/22/06 08:25,17.2
05/22/06 08:30,17.9
05/22/06 08:35,18.6
05/22/06 08:40,19.1
05/22/06 08:45,19.5
05/22/06 08:50,19.8
05/22/06 08:55,20.1
05/22/06 09:00,20.3
05/22/06 09:05,20.5
05/22/06 09:10,20.8
05/22/06 09:15,21.3
05/22/06 09:20,21.4
05/22/06 09:25,21.0
05/22/06 09:30,20.3
05/22/06 09:35,20.4
05/22/06 09:40,20.7
05/22/06 09:45,21.1
05/22/06 09:50,21.6
05/22/06 09:55,21.8
05/22/06 10:00,22.1
05/22/06 10:05,22.7
05/22/06 10:10,23.3
05/22/06 10:15,22.4
05/22/06 10:20,22.4
05/22/06 10:25,21.8
05/22/06 10:30,22.2
05/22/06 10:35,21.5
05/22/06 10:40,21.3
05/22/06 10:45,22.5
05/22/06 10:50,23.6
05/22/06 10:55,23.9
05/22/06 11:00,23.5
05/22/06 11:05,22.3
05/22/06 11:10,18.2
05/22/06 11:15,19.7
05/22/06 11:20,22.3
05/22/06 11:25,23.9
05/22/06 11:30,24.6
05/22/06 11:35,24.7
05/22/06 11:40,24.7
05/22/06 11:45,24.5
05/22/06 11:50,24.3
05/22/06 11:55,24.2
05/22/06 12:00,24.3
05/22/06 12:05,24.8
05/22/06 12:10,25.2
05/22/06 12:15,25.5
05/22/06 12:20,25.7
05/22/06 12:25,25.8
05/22/06 12:30,26.0
05/22/06 12:35,26.1
05/22/06 12:40,26.5
05/22/06 12:45,26.1
05/22/06 12:50,25.1
05/22/06 12:55,24.5
05/22/06 13:00,24.3
05/22/06 13:05,23.9
05/22/06 13:10,22.7
05/22/06 13:15,21.5
05/22/06 13:20,21.2
05/22/06 13:25,21.3
05/22/06 13:30,21.4
05/22/06 13:35,21.5
05/22/06 13:40,21.2
05/22/06 13:45,20.3
05/22/06 13:50,19.8
05/22/06 13:55,19.6
05/22/06 14:00,19.3
05/22/06 14:05,18.9
05/22/06 14:10,18.6
05/22/06 14:15,18.3
05/22/06 14:20,17.2
05/22/06 14:25,17.2
05/22/06 14:30,17.0
05/22/06 14:35,16.1
05/22/06 14:40,14.9
05/22/06 14:45,11.1
05/22/06 14:50,8.5
05/22/06 14:55,8.6
05/22/06 15:00,7.8
05/22/06 15:05,7.0
05/22/06 15:10,5.8
05/22/06 15:15,8.0
05/22/06 15:20,10.2
05/22/06 15:25,12.4
05/22/06 15:30,13.5
05/22/06 15:35,13.7
05/22/06 15:40,13.3
05/22/06 15:45,13.5
05/22/06 15:50,13.4
05/22/06 15:55,13.0
05/22/06 16:00,12.4
05/22/06 16:05,11.6
05/22/06 16:10,10.6
05/22/06 16:15,9.6
05/22/06 16:20,8.7
05/22/06 16:25,7.8
05/22/06 16:30,7.0
05/22/06 16:35,6.1
05/22/06 16:40,5.3
05/22/06 16:45,4.6
05/22/06 16:50,4.0
05/22/06 16:55,2.8
05/22/06 17:00,1.0
05/22/06 17:05,0.3
05/22/06 17:10,0.1
05/22/06 17:15,0.1
05/22/06 17:20,0.1
05/22/06 17:25,0.2
05/22/06 17:30,0.2
05/22/06 17:35,0.4
05/22/06 17:40,0.6
05/22/06 17:45,0.4
05/22/06 17:50,0.2
05/22/06 17:55,0.1
05/22/06 18:00,0.1
05/22/06 18:05,0.0
05/22/06 18:10,0.0
05/22/06 18:15,0.0
05/22/06 18:20,0.0
05/22/06 18:25,0.0
05/22/06 18:30,0.0
05/22/06 18:35,0.0
05/22/06 18:40,0.0
05/22/06 18:45,0.0
05/22/06 18:50,0.0
05/22/06 18:55,0.0
05/22/06 19:00,0.0
05/22/06 19:05,0.0
05/22/06 19:10,0.0
05/22/06 19:15,0.0
05/22/06 19:20,0.0
05/22/06 19:25,0.0
05/22/06 19:30,0.0
05/22/06 19:35,0.0
05/22/06 19:40,0.0
05/22/06 19:45,0.0
05/22/06 19:50,0.0
05/22/06 19:55,0.0
05/22/06 20:00,0.0
05/22/06 20:05,0.0
05/22/06 20:10,0.0
05/22/06 20:15,0.0
05/22/06 20:20,0.0
05/22/06 20:25,0.0
05/22/06 20:30,0.0
05/22/06 20:35,0.0
05/22/06 20:40,0.0
05/22/06 20:45,0.0
05/22/06 20:50,0.0
05/22/06 20:55,0.0
05/22/06 21:00,0.0
05/22/06 21:05,0.0
05/22/06 21:10,0.0
05/22/06 21:15,0.0
05/22/06 21:20,0.0
05/22/06 21:25,0.0
05/22/06 21:30,0.0
05/22/06 21:35,0.0
05/22/06 21:40,0.0
05/22/06 21:45,0.0
05/22/06 21:50,0.0
05/22/06 21:55,0.0
05/22/06 22:00,0.0
05/22/06 22:05,0.0
05/22/06 22:10,0.0
05/22/06 22:15,0.0
05/22/06 22:20,0.0
05/22/06 22:25,0.0
05/22/06 22:30,0.0
05/22/06 22:35,0.0
05/22/06 22:40,0.0
05/22/06 22:45,0.0
05/22/06 22:50,0.0
05/22/06 22:55,0.0
05/22/06 23:00,0.0
05/22/06 23:05,0.0
05/22/06 23:10,0.0
05/22/06 23:15,0.0
05/22/06 23:20,0.0
05/22/06 23:25,0.0
05/22/06 23:30,0.0
05/22/06 23:35,0.0
05/22/06 23:40,0.0
05/22/06 23:45,0.0
05/22/06 23:50,0.0
05/22/06 23:55,0.0
05/23/06 00:00,0.0
05/23/06 00:05,0.0
05/23/06 00:10,0.0
05/23/06 00:15,0.0
05/23/06 00:20,0.0
05/23/06 00:25,0.0
05/23/06 00:30,0.0
05/23/06 00:35,0.0
05/23/06 00:40,0.0
05/23/06 00:45,0.0
05/23/06 00:50,0.0
05/23/06 00:55,0.0
05/23/06 01:00,0.0
05/23/06 01:05,0.0
05/23/06 01:10,0.0
05/23/06 01:15,0.0
05/23/06 01:20,0.0
05/23/06 01:25,0.0
05/23/06 01:30,0.0
05/23/06 01:35,0.0
05/23/06 01:40,0.0
05/23/06 01:45,0.0
05/23/06 01:50,0.0
05/23/06 01:55,0.0
05/23/06 02:00,0.0
05/23/06 02:05,0.0
05/23/06 02:10,0.0
05/23/06 02:15,0.0
05/23/06 02:20,0.0
05/23/06 02:25,0.0
05/23/06 02:30,0.0
05/23/06 02:35,0.0
05/23/06 02:40,0.0
05/23/06 02:45,0.0
05/23/06 02:50,0.0
05/23/06 02:55,0.0
05/23/06 03:00,0.0
05/23/06 03:05,0.0
05/23/06 03:10,0.0
05/23/06 03:15,0.0
05/23/06 03:20,0.0
05/23/06 03:25,0.0
05/23/06 03:30,0.0
05/23/06 03:35,0.0
05/23/06 03:40,0.0
05/23/06 03:45,0.0
05/23/06 03:50,0.0
05/23/06 03:55,0.0
05/23/06 04:00,0.0
05/23/06 04:05,0.0
05/23/06 04:10,0.0
05/23/06 04:15,0.0
05/23/06 04:20,0.0
05/23/06 04:25,0.0
05/23/06 04:30,0.0
05/23/06 04:35,0.0
05/23/06 04:40,0.0
05/23/06 04:45,0.0
05/23/06 04:50,0.0
05/23/06 04:55,0.0
05/23/06 05:00,0.0
05/23/06 05:05,0.0
05/23/06 05:10,0.0
05/23/06 05:15,0.0
05/23/06 05:20,0.0
05/23/06 05:25,0.0
05/23/06 05:30,0.0
05/23/06 05:35,0.0
05/23/06 05:40,0.1
05/23/06 05:45,0.3
05/23/06 05:50,0.5
05/23/06 05:55,1.1
05/23/06 06:00,1.8
05/23/06 06:05,2.7
05/23/06 06:10,3.6
05/23/06 06:15,3.8
05/23/06 06:20,4.2
05/23/06 06:25,4.5
05/23/06 06:30,4.9
05/23/06 06:35,5.4
05/23/06 06:40,5.8
05/23/06 06:45,6.3
05/23/06 06:50,6.8
05/23/06 06:55,7.3
05/23/06 07:00,7.8
05/23/06 07:05,8.3
05/23/06 07:10,8.8
05/23/06 07:15,9.5
05/23/06 07:20,10.1
05/23/06 07:25,10.8
05/23/06 07:30,11.6
05/23/06 07:35,12.3
05/23/06 07:40,13.1
05/23/06 07:45,13.7
05/23/06 07:50,14.4
05/23/06 07:55,15.1
05/23/06 08:00,15.8
05/23/06 08:05,16.6
05/23/06 08:10,17.3
05/23/06 08:15,17.8
05/23/06 08:20,18.2
05/23/06 08:25,18.6
05/23/06 08:30,18.9
05/23/06 08:35,19.1
05/23/06 08:40,19.4
05/23/06 08:45,19.7
05/23/06 08:50,20.0
05/23/06 08:55,20.2
05/23/06 09:00,20.5
05/23/06 09:05,20.8
05/23/06 09:10,21.1
05/23/06 09:15,21.4
05/23/06 09:20,21.9
05/23/06 09:25,22.5
05/23/06 09:30,23.0
05/23/06 09:35,23.3
05/23/06 09:40,23.7
05/23/06 09:45,24.1
05/23/06 09:50,24.4
05/23/06 09:55,24.7
05/23/06 10:00,25.0
05/23/06 10:05,25.1
05/23/06 10:10,25.3
05/23/06 10:15,24.4
05/23/06 10:20,21.4
05/23/06 10:25,19.6
05/23/06 10:30,17.2
05/23/06 10:35,15.3
05/23/06 10:40,17.5
05/23/06 10:45,19.0
05/23/06 10:50,20.4
05/23/06 10:55,21.8
05/23/06 11:00,21.8
05/23/06 11:05,21.6
05/23/06 11:10,21.6
05/23/06 11:15,20.2
05/23/06 11:20,18.1
05/23/06 11:25,18.5
05/23/06 11:30,21.4
05/23/06 11:35,23.1
05/23/06 11:40,23.7
05/23/06 11:45,23.6
05/23/06 11:50,24.3
05/23/06 11:55,26.1
05/23/06 12:00,26.6
05/23/06 12:05,26.0
05/23/06 12:10,25.2
05/23/06 12:15,24.8
05/23/06 12:20,24.8
05/23/06 12:25,24.3
05/23/06 12:30,23.7
05/23/06 12:35,22.9
05/23/06 12:40,22.2
05/23/06 12:45,21.2
05/23/06 12:50,19.9
05/23/06 12:55,18.7
05/23/06 13:00,17.7
05/23/06 13:05,16.3
05/23/06 13:10,15.0
05/23/06 13:15,14.8
05/23/06 13:20,17.0
05/23/06 13:25,19.4
05/23/06 13:30,19.2
05/23/06 13:35,19.1
05/23/06 13:40,19.0
05/23/06 13:45,17.5
05/23/06 13:50,13.9
05/23/06 13:55,11.7
05/23/06 14:00,13.6
05/23/06 14:05,15.8
05/23/06 14:10,15.8
05/23/06 14:15,16.5
05/23/06 14:20,17.6
05/23/06 14:25,18.1
05/23/06 14:30,18.2
05/23/06 14:35,18.1
05/23/06 14:40,17.9
05/23/06 14:45,17.6
05/23/06 14:50,17.4
05/23/06 14:55,17.1
05/23/06 15:00,16.7
05/23/06 15:05,16.4
05/23/06 15:10,16.1
05/23/06 15:15,15.8
05/23/06 15:20,15.4
05/23/06 15:25,15.0
05/23/06 15:30,14.6
05/23/06 15:35,14.2
05/23/06 15:40,13.8
05/23/06 15:45,13.3
05/23/06 15:50,12.7
05/23/06 15:55,12.3
05/23/06 16:00,11.8
05/23/06 16:05,11.3
05/23/06 16:10,10.9
05/23/06 16:15,9.9
05/23/06 16:20,7.2
05/23/06 16:25,6.6
05/23/06 16:30,6.2
05/23/06 16:35,6.1
05/23/06 16:40,5.6
05/23/06 16:45,4.8
05/23/06 16:50,5.1
05/23/06 16:55,4.7
05/23/06 17:00,2.7
05/23/06 17:05,0.7
05/23/06 17:10,0.2
05/23/06 17:15,0.5
05/23/06 17:20,1.2
05/23/06 17:25,1.9
05/23/06 17:30,1.7
05/23/06 17:35,1.2
05/23/06 17:40,0.7
05/23/06 17:45,0.4
05/23/06 17:50,0.1
05/23/06 17:55,0.1
05/23/06 18:00,0.0
05/23/06 18:05,0.0
05/23/06 18:10,0.0
05/23/06 18:15,0.0
05/23/06 18:20,0.0
05/23/06 18:25,0.0
05/23/06 18:30,0.0
05/23/06 18:35,0.0
05/23/06 18:40,0.0
05/23/06 18:45,0.0
05/23/06 18:50,0.0
05/23/06 18:55,0.0
05/23/06 19:00,0.0
05/23/06 19:05,0.0
05/23/06 19:10,0.0
05/23/06 19:15,0.0
05/23/06 19:20,0.0
05/23/06 19:25,0.0
05/23/06 19:30,0.0
05/23/06 19:35,0.0
05/23/06 19:40,0.0
05/23/06 19:45,0.0
05/23/06 19:50,0.0
05/23/06 19:55,0.0
05/23/06 20:00,0.0
05/23/06 20:05,0.0
05/23/06 20:10,0.0
05/23/06 20:15,0.0
05/23/06 20:20,0.0
05/23/06 20:25,0.0
05/23/06 20:30,0.0
05/23/06 20:35,0.0
05/23/06 20:40,0.0
05/23/06 20:45,0.0
05/23/06 20:50,0.0
05/23/06 20:55,0.0
05/23/06 21:00,0.0
05/23/06 21:05,0.0
05/23/06 21:10,0.0
05/23/06 21:15,0.0
05/23/06 21:20,0.0
05/23/06 21:25,0.0
05/23/06 21:30,0.0
05/23/06 21:35,0.0
05/23/06 21:40,0.0
05/23/06 21:45,0.0
05/23/06 21:50,0.0
05/23/06 21:55,0.0
05/23/06 22:00,0.0
05/23/06 22:05,0.0
05/23/06 22:10,0.0
05/23/06 22:15,0.0
05/23/06 22:20,0.0
05/23/06 22:25,0.0
05/23/06 22:30,0.0
05/23/06 22:35,0.0
05/23/06 22:40,0.0
05/23/06 22:45,0.0
05/23/06 22:50,0.0
05/23/06 22:55,0.0
05/23/06 23:00,0.0
05/23/06 23:05,0.0
05/23/06 23:10,0.0
05/23/06 23:15,0.0
05/23/06 23:20,0.0
05/23/06 23:25,0.0
05/23/06 23:30,0.0
05/23/06 23:35,0.0
05/23/06 23:40,0.0
05/23/06 23:45,0.0
05/23/06 23:50,0.0
05/23/06 23:55,0.0
05/24/06 00:00,0.0
05/24/06 00:05,0.0
05/24/06 00:10,0.0
05/24/06 00:15,0.0
05/24/06 00:20,0.0
05/24/06 00:25,0.0
05/24/06 00:30,0.0
05/24/06 00:35,0.0
05/24/06 00:40,0.0
05/24/06 00:45,0.0
05/24/06 00:50,0.0
05/24/06 00:55,0.0
05/24/06 01:00,0.0
05/24/06 01:05,0.0
05/24/06 01:10,0.0
05/24/06 01:15,0.0
05/24/06 01:20,0.0
05/24/06 01:25,0.0
05/24/06 01:30,0.0
05/24/06 01:35,0.0
05/24/06 01:40,0.0
05/24/06 01:45,0.0
05/24/06 01:50,0.0
05/24/06 01:55,0.0
05/24/06 02:00,0.0
05/24/06 02:05,0.0
05/24/06 02:10,0.0
05/24/06 02:15,0.0
05/24/06 02:20,0.0
05/24/06 02:25,0.0
05/24/06 02:30,0.0
05/24/06 02:35,0.0
05/24/06 02:40,0.0
05/24/06 02:45,0.0
05/24/06 02:50,0.0
05/24/06 02:55,0.0
05/24/06 03:00,0.0
05/24/06 03:05,0.0
05/24/06 03:10,0.0
05/24/06 03:15,0.0
05/24/06 03:20,0.0
05/24/06 03:25,0.0
05/24/06 03:30,0.0
05/24/06 03:35,0.0
05/24/06 03:40,0.0
05/24/06 03:45,0.0
05/24/06 03:50,0.0
05/24/06 03:55,0.0
05/24/06 04:00,0.0
05/24/06 04:05,0.0
05/24/06 04:10,0.0
05/24/06 04:15,0.0
05/24/06 04:20,0.0
05/24/06 04:25,0.0
05/24/06 04:30,0.0
05/24/06 04:35,0.0
05/24/06 04:40,0.0
05/24/06 04:45,0.0
05/24/06 04:50,0.0
05/24/06 04:55,0.0
05/24/06 05:00,0.0
05/24/06 05:05,0.0
05/24/06 05:10,0.0
05/24/06 05:15,0.0
05/24/06 05:20,0.0
05/24/06 05:25,0.0
05/24/06 05:30,0.0
05/24/06 05:35,0.1
05/24/06 05:40,0.1
05/24/06 05:45,0.2
05/24/06 05:50,0.3
05/24/06 05:55,0.5
05/24/06 06:00,0.9
05/24/06 06:05,1.3
05/24/06 06:10,2.0
05/24/06 06:15,3.1
05/24/06 06:20,3.9
05/24/06 06:25,4.4
05/24/06 06:30,5.0
05/24/06 06:35,5.4
05/24/06 06:40,5.9
05/24/06 06:45,6.4
05/24/06 06:50,6.9
05/24/06 06:55,7.4
05/24/06 07:00,7.9
05/24/06 07:05,8.4
05/24/06 07:10,8.8
05/24/06 07:15,9.4
05/24/06 07:20,10.1
05/24/06 07:25,10.8
05/24/06 07:30,11.5
05/24/06 07:35,12.1
05/24/06 07:40,12.8
05/24/06 07:45,13.5
05/24/06 07:50,14.0
05/24/06 07:55,14.6
05/24/06 08:00,15.1
05/24/06 08:05,15.8
05/24/06 08:10,16.5
05/24/06 08:15,17.1
05/24/06 08:20,17.9
05/24/06 08:25,18.5
05/24/06 08:30,19.1
05/24/06 08:35,19.8
05/24/06 08:40,20.5
05/24/06 08:45,21.2
05/24/06 08:50,21.7
05/24/06 08:55,22.1
05/24/06 09:00,22.5
05/24/06 09:05,22.8
05/24/06 09:10,23.0
05/24/06 09:15,23.0
05/24/06 09:20,22.8
05/24/06 09:25,22.7
05/24/06 09:30,22.7
05/24/06 09:35,22.6
05/24/06 09:40,22.6
05/24/06 09:45,22.6
05/24/06 09:50,22.5
05/24/06 09:55,22.5
05/24/06 10:00,22.8
05/24/06 10:05,23.3
05/24/06 10:10,23.8
05/24/06 10:15,24.0
05/24/06 10:20,24.2
05/24/06 10:25,24.5
05/24/06 10:30,25.1
05/24/06 10:35,25.7
05/24/06 10:40,26.2
05/24/06 10:45,26.6
05/24/06 10:50,26.9
05/24/06 10:55,27.3
05/24/06 11:00,27.7
05/24/06 11:05,28.0
05/24/06 11:10,28.0
05/24/06 11:15,27.6
05/24/06 11:20,27.3
05/24/06 11:25,27.2
05/24/06 11:30,26.9
05/24/06 11:35,26.4
05/24/06 11:40,26.1
05/24/06 11:45,25.8
05/24/06 11:50,25.5
05/24/06 11:55,25.2
05/24/06 12:00,24.7
05/24/06 12:05,24.3
05/24/06 12:10,24.1
05/24/06 12:15,24.5
05/24/06 12:20,24.9
05/24/06 12:25,25.0
05/24/06 12:30,25.1
05/24/06 12:35,25.0
05/24/06 12:40,24.8
05/24/06 12:45,24.8
05/24/06 12:50,24.6
05/24/06 12:55,24.4
05/24/06 13:00,24.4
05/24/06 13:05,24.4
05/24/06 13:10,24.3
05/24/06 13:15,24.3
05/24/06 13:20,24.7
05/24/06 13:25,24.8
05/24/06 13:30,24.6
05/24/06 13:35,24.2
05/24/06 13:40,24.0
05/24/06 13:45,23.6
05/24/06 13:50,23.2
05/24/06 13:55,23.0
05/24/06 14:00,22.5
05/24/06 14:05,21.9
05/24/06 14:10,21.9
05/24/06 14:15,21.8
05/24/06 14:20,21.2
05/24/06 14:25,20.7
05/24/06 14:30,20.6
05/24/06 14:35,21.3
05/24/06 14:40,21.9
05/24/06 14:45,21.9
05/24/06 14:50,21.9
05/24/06 14:55,21.4
05/24/06 15:00,20.9
05/24/06 15:05,20.7
05/24/06 15:10,20.4
05/24/06 15:15,19.2
05/24/06 15:20,17.1
05/24/06 15:25,16.1
05/24/06 15:30,14.5
05/24/06 15:35,13.7
05/24/06 15:40,11.5
05/24/06 15:45,9.7
05/24/06 15:50,8.4
05/24/06 15:55,6.9
05/24/06 16:00,7.7
05/24/06 16:05,8.1
05/24/06 16:10,7.6
05/24/06 16:15,7.9
05/24/06 16:20,7.7
05/24/06 16:25,7.6
05/24/06 16:30,7.3
05/24/06 16:35,6.0
05/24/06 16:40,5.8
05/24/06 16:45,5.4
05/24/06 16:50,4.8
05/24/06 16:55,5.0
05/24/06 17:00,4.7
05/24/06 17:05,4.1
05/24/06 17:10,3.9
05/24/06 17:15,3.8
05/24/06 17:20,3.6
05/24/06 17:25,3.1
05/24/06 17:30,2.3
05/24/06 17:35,1.5
05/24/06 17:40,1.0
05/24/06 17:45,0.6
05/24/06 17:50,0.3
05/24/06 17:55,0.1
05/24/06 18:00,0.1
05/24/06 18:05,0.0
05/24/06 18:10,0.0
05/24/06 18:15,0.0
05/24/06 18:20,0.0
05/24/06 18:25,0.0
05/24/06 18:30,0.0
05/24/06 18:35,0.0
05/24/06 18:40,0.0
05/24/06 18:45,0.0
05/24/06 18:50,0.0
05/24/06 18:55,0.0
05/24/06 19:00,0.0
05/24/06 19:05,0.0
05/24/06 19:10,0.0
05/24/06 19:15,0.0
05/24/06 19:20,0.0
05/24/06 19:25,0.0
05/24/06 19:30,0.0
05/24/06 19:35,0.0
05/24/06 19:40,0.0
05/24/06 19:45,0.0
05/24/06 19:50,0.0
05/24/06 19:55,0.0
05/24/06 20:00,0.0
05/24/06 20:05,0.0
05/24/06 20:10,0.0
05/24/06 20:15,0.0
05/24/06 20:20,0.0
05/24/06 20:25,0.0
05/24/06 20:30,0.0
05/24/06 20:35,0.0
05/24/06 20:40,0.0
05/24/06 20:45,0.0
05/24/06 20:50,0.0
05/24/06 20:55,0.0
05/24/06 21:00,0.0
05/24/06 21:05,0.0
05/24/06 21:10,0.0
05/24/06 21:15,0.0
05/24/06 21:20,0.0
05/24/06 21:25,0.0
05/24/06 21:30,0.0
05/24/06 21:35,0.0
05/24/06 21:40,0.0
05/24/06 21:45,0.0
05/24/06 21:50,0.0
05/24/06 21:55,0.0
05/24/06 22:00,0.0
05/24/06 22:05,0.0
05/24/06 22:10,0.0
05/24/06 22:15,0.0
05/24/06 22:20,0.0
05/24/06 22:25,0.0
05/24/06 22:30,0.0
05/24/06 22:35,0.0
05/24/06 22:40,0.0
05/24/06 22:45,0.0
05/24/06 22:50,0.0
05/24/06 22:55,0.0
05/24/06 23:00,0.0
05/24/06 23:05,0.0
05/24/06 23:10,0.0
05/24/06 23:15,0.0
05/24/06 23:20,0.0
05/24/06 23:25,0.0
05/24/06 23:30,0.0
05/24/06 23:35,0.0
05/24/06 23:40,0.0
05/24/06 23:45,0.0
05/24/06 23:50,0.0
05/24/06 23:55,0.0
05/25/06 00:00,0.0
05/25/06 00:05,0.0
05/25/06 00:10,0.0
05/25/06 00:15,0.0
05/25/06 00:20,0.0
05/25/06 00:25,0.0
05/25/06 00:30,0.0
05/25/06 00:35,0.0
05/25/06 00:40,0.0
05/25/06 00:45,0.0
05/25/06 00:50,0.0
05/25/06 00:55,0.0
05/25/06 01:00,0.0
05/25/06 01:05,0.0
05/25/06 01:10,0.0
05/25/06 01:15,0.0
05/25/06 01:20,0.0
05/25/06 01:25,0.0
05/25/06 01:30,0.0
05/25/06 01:35,0.0
05/25/06 01:40,0.0
05/25/06 01:45,0.0
05/25/06 01:50,0.0
05/25/06 01:55,0.0
05/25/06 02:00,0.0
05/25/06 02:05,0.0
05/25/06 02:10,0.0
05/25/06 02:15,0.0
05/25/06 02:20,0.0
05/25/06 02:25,0.0
05/25/06 02:30,0.0
05/25/06 02:35,0.0
05/25/06 02:40,0.0
05/25/06 02:45,0.0
05/25/06 02:50,0.0
05/25/06 02:55,0.0
05/25/06 03:00,0.0
05/25/06 03:05,0.0
05/25/06 03:10,0.0
05/25/06 03:15,0.0
05/25/06 03:20,0.0
05/25/06 03:25,0.0
05/25/06 03:30,0.0
05/25/06 03:35,0.0
05/25/06 03:40,0.0
05/25/06 03:45,0.0
05/25/06 03:50,0.0
05/25/06 03:55,0.0
05/25/06 04:00,0.0
05/25/06 04:05,0.0
05/25/06 04:10,0.0
05/25/06 04:15,0.0
05/25/06 04:20,0.0
05/25/06 04:25,0.0
05/25/06 04:30,0.0
05/25/06 04:35,0.0
05/25/06 04:40,0.0
05/25/06 04:45,0.0
05/25/06 04:50,0.0
05/25/06 04:55,0.0
05/25/06 05:00,0.0
05/25/06 05:05,0.0
05/25/06 05:10,0.0
05/25/06 05:15,0.0
05/25/06 05:20,0.0
05/25/06 05:25,0.0
05/25/06 05:30,0.0
05/25/06 05:35,0.0
05/25/06 05:40,0.1
05/25/06 05:45,0.2
05/25/06 05:50,0.3
05/25/06 05:55,0.5
05/25/06 06:00,0.9
05/25/06 06:05,1.4
05/25/06 06:10,2.3
05/25/06 06:15,3.5
05/25/06 06:20,3.9
05/25/06 06:25,4.3
05/25/06 06:30,4.8
05/25/06 06:35,5.2
05/25/06 06:40,5.7
05/25/06 06:45,6.1
05/25/06 06:50,6.6
05/25/06 06:55,7.1
05/25/06 07:00,7.6
05/25/06 07:05,8.2
05/25/06 07:10,8.8
05/25/06 07:15,9.5
05/25/06 07:20,10.3
05/25/06 07:25,11.2
05/25/06 07:30,12.1
05/25/06 07:35,13.0
05/25/06 07:40,13.9
05/25/06 07:45,14.6
05/25/06 07:50,15.3
05/25/06 07:55,16.0
05/25/06 08:00,16.7
05/25/06 08:05,17.3
05/25/06 08:10,17.8
05/25/06 08:15,18.3
05/25/06 08:20,18.6
05/25/06 08:25,18.9
05/25/06 08:30,19.1
05/25/06 08:35,19.4
05/25/06 08:40,19.6
05/25/06 08:45,19.9
05/25/06 08:50,20.0
05/25/06 08:55,20.1
05/25/06 09:00,20.2
05/25/06 09:05,20.7
05/25/06 09:10,21.2
05/25/06 09:15,21.7
05/25/06 09:20,22.3
05/25/06 09:25,22.8
05/25/06 09:30,23.2
05/25/06 09:35,23.6
05/25/06 09:40,24.0
05/25/06 09:45,24.4
05/25/06 09:50,24.7
05/25/06 09:55,25.0
05/25/06 10:00,25.1
05/25/06 10:05,25.1
05/25/06 10:10,25.1
05/25/06 10:15,25.2
05/25/06 10:20,25.2
05/25/06 10:25,25.0
05/25/06 10:30,24.9
05/25/06 10:35,25.1
05/25/06 10:40,25.0
05/25/06 10:45,25.0
05/25/06 10:50,24.8
05/25/06 10:55,24.4
05/25/06 11:00,24.0
05/25/06 11:05,23.6
05/25/06 11:10,23.5
05/25/06 11:15,24.0
05/25/06 11:20,24.7
05/25/06 11:25,25.0
05/25/06 11:30,25.1
05/25/06 11:35,25.1
05/25/06 11:40,24.9
05/25/06 11:45,24.4
05/25/06 11:50,23.9
05/25/06 11:55,23.3
05/25/06 12:00,22.7
05/25/06 12:05,22.0
05/25/06 12:10,21.5
05/25/06 12:15,20.9
05/25/06 12:20,20.6
05/25/06 12:25,20.6
05/25/06 12:30,20.9
05/25/06 12:35,21.2
05/25/06 12:40,21.5
05/25/06 12:45,21.8
05/25/06 12:50,22.2
05/25/06 12:55,22.6
05/25/06 13:00,22.9
05/25/06 13:05,23.1
05/25/06 13:10,23.4
05/25/06 13:15,23.7
05/25/06 13:20,23.8
05/25/06 13:25,23.2
05/25/06 13:30,22.5
05/25/06 13:35,21.7
05/25/06 13:40,20.7
05/25/06 13:45,19.8
05/25/06 13:50,18.8
05/25/06 13:55,17.8
05/25/06 14:00,16.8
05/25/06 14:05,15.7
05/25/06 14:10,14.7
05/25/06 14:15,13.8
05/25/06 14:20,13.4
05/25/06 14:25,13.5
05/25/06 14:30,13.7
05/25/06 14:35,13.9
05/25/06 14:40,14.1
05/25/06 14:45,14.4
05/25/06 14:50,14.8
05/25/06 14:55,15.2
05/25/06 15:00,15.5
05/25/06 15:05,15.9
05/25/06 15:10,16.2
05/25/06 15:15,16.4
05/25/06 15:20,16.2
05/25/06 15:25,15.9
05/25/06 15:30,15.6
05/25/06 15:35,15.2
05/25/06 15:40,14.8
05/25/06 15:45,14.3
05/25/06 15:50,13.7
05/25/06 15:55,13.1
05/25/06 16:00,12.3
05/25/06 16:05,11.7
05/25/06 16:10,11.1
05/25/06 16:15,10.6
05/25/06 16:20,10.2
05/25/06 16:25,9.7
05/25/06 16:30,9.2
05/25/06 16:35,8.8
05/25/06 16:40,8.3
05/25/06 16:45,7.7
05/25/06 16:50,7.2
05/25/06 16:55,6.7
05/25/06 17:00,6.3
05/25/06 17:05,5.8
05/25/06 17:10,5.4
05/25/06 17:15,4.9
05/25/06 17:20,4.3
05/25/06 17:25,3.8
05/25/06 17:30,2.9
05/25/06 17:35,1.6
05/25/06 17:40,0.8
05/25/06 17:45,0.4
05/25/06 17:50,0.2
05/25/06 17:55,0.1
05/25/06 18:00,0.1
05/25/06 18:05,0.0
05/25/06 18:10,0.0
05/25/06 18:15,0.0
05/25/06 18:20,0.0
05/25/06 18:25,0.0
05/25/06 18:30,0.0
05/25/06 18:35,0.0
05/25/06 18:40,0.0
05/25/06 18:45,0.0
05/25/06 18:50,0.0
05/25/06 18:55,0.0
05/25/06 19:00,0.0
05/25/06 19:05,0.0
05/25/06 19:10,0.0
05/25/06 19:15,0.0
05/25/06 19:20,0.0
05/25/06 19:25,0.0
05/25/06 19:30,0.0
05/25/06 19:35,0.0
05/25/06 19:40,0.0
05/25/06 19:45,0.0
05/25/06 19:50,0.0
05/25/06 19:55,0.0
05/25/06 20:00,0.0
05/25/06 20:05,0.0
05/25/06 20:10,0.0
05/25/06 20:15,0.0
05/25/06 20:20,0.0
05/25/06 20:25,0.0
05/25/06 20:30,0.0
05/25/06 20:35,0.0
05/25/06 20:40,0.0
05/25/06 20:45,0.0
05/25/06 20:50,0.0
05/25/06 20:55,0.0
05/25/06 21:00,0.0
05/25/06 21:05,0.0
05/25/06 21:10,0.0
05/25/06 21:15,0.0
05/25/06 21:20,0.0
05/25/06 21:25,0.0
05/25/06 21:30,0.0
05/25/06 21:35,0.0
05/25/06 21:40,0.0
05/25/06 21:45,0.0
05/25/06 21:50,0.0
05/25/06 21:55,0.0
05/25/06 22:00,0.0
05/25/06 22:05,0.0
05/25/06 22:10,0.0
05/25/06 22:15,0.0
05/25/06 22:20,0.0
05/25/06 22:25,0.0
05/25/06 22:30,0.0
05/25/06 22:35,0.0
05/25/06 22:40,0.0
05/25/06 22:45,0.0
05/25/06 22:50,0.0
05/25/06 22:55,0.0
05/25/06 23:00,0.0
05/25/06 23:05,0.0
05/25/06 23:10,0.0
05/25/06 23:15,0.0
05/25/06 23:20,0.0
05/25/06 23:25,0.0
05/25/06 23:30,0.0
05/25/06 23:35,0.0
05/25/06 23:40,0.0
05/25/06 23:45,0.0
05/25/06 23:50,0.0
05/25/06 23:55,0.0
05/26/06 00:00,0.0
05/26/06 00:05,0.0
05/26/06 00:10,0.0
05/26/06 00:15,0.0
05/26/06 00:20,0.0
05/26/06 00:25,0.0
05/26/06 00:30,0.0
05/26/06 00:35,0.0
05/26/06 00:40,0.0
05/26/06 00:45,0.0
05/26/06 00:50,0.0
05/26/06 00:55,0.0
05/26/06 01:00,0.0
05/26/06 01:05,0.0
05/26/06 01:10,0.0
05/26/06 01:15,0.0
05/26/06 01:20,0.0
05/26/06 01:25,0.0
05/26/06 01:30,0.0
05/26/06 01:35,0.0
05/26/06 01:40,0.0
05/26/06 01:45,0.0
05/26/06 01:50,0.0
05/26/06 01:55,0.0
05/26/06 02:00,0.0
05/26/06 02:05,0.0
05/26/06 02:10,0.0
05/26/06 02:15,0.0
05/26/06 02:20,0.0
05/26/06 02:25,0.0
05/26/06 02:30,0.0
05/26/06 02:35,0.0
05/26/06 02:40,0.0
05/26/06 02:45,0.0
05/26/06 02:50,0.0
05/26/06 02:55,0.0
05/26/06 03:00,0.0
05/26/06 03:05,0.0
05/26/06 03:10,0.0
05/26/06 03:15,0.0
05/26/06 03:20,0.0
05/26/06 03:25,0.0
05/26/06 03:30,0.0
05/26/06 03:35,0.0
05/26/06 03:40,0.0
05/26/06 03:45,0.0
05/26/06 03:50,0.0
05/26/06 03:55,0.0
05/26/06 04:00,0.0
05/26/06 04:05,0.0
05/26/06 04:10,0.0
05/26/06 04:15,0.0
05/26/06 04:20,0.0
05/26/06 04:25,0.0
05/26/06 04:30,0.0
05/26/06 04:35,0.0
05/26/06 04:40,0.0
05/26/06 04:45,0.0
05/26/06 04:50,0.0
05/26/06 04:55,0.0
05/26/06 05:00,0.0
05/26/06 05:05,0.0
05/26/06 05:10,0.0
05/26/06 05:15,0.0
05/26/06 05:20,0.0
05/26/06 05:25,0.0
05/26/06 05:30,0.0
05/26/06 05:35,0.0
05/26/06 05:40,0.1
05/26/06 05:45,0.2
05/26/06 05:50,0.3
05/26/06 05:55,0.6
05/26/06 06:00,1.0
05/26/06 06:05,1.7
05/26/06 06:10,2.5
05/26/06 06:15,3.6
05/26/06 06:20,4.0
05/26/06 06:25,4.5
05/26/06 06:30,4.9
05/26/06 06:35,5.4
05/26/06 06:40,5.9
05/26/06 06:45,6.5
05/26/06 06:50,7.0
05/26/06 06:55,7.6
05/26/06 07:00,8.1
05/26/06 07:05,8.6
05/26/06 07:10,9.1
05/26/06 07:15,9.8
05/26/06 07:20,10.6
05/26/06 07:25,11.4
05/26/06 07:30,12.2
05/26/06 07:35,12.9
05/26/06 07:40,13.5
05/26/06 07:45,14.1
05/26/06 07:50,14.6
05/26/06 07:55,15.1
05/26/06 08:00,15.6
05/26/06 08:05,16.1
05/26/06 08:10,16.7
05/26/06 08:15,17.3
05/26/06 08:20,17.9
05/26/06 08:25,18.4
05/26/06 08:30,18.9
05/26/06 08:35,19.4
05/26/06 08:40,19.8
05/26/06 08:45,20.1
05/26/06 08:50,20.4
05/26/06 08:55,20.7
05/26/06 09:00,21.1
05/26/06 09:05,21.5
05/26/06 09:10,21.8
05/26/06 09:15,22.0
05/26/06 09:20,22.0
05/26/06 09:25,22.0
05/26/06 09:30,22.1
05/26/06 09:35,22.3
05/26/06 09:40,22.4
05/26/06 09:45,22.5
05/26/06 09:50,22.6
05/26/06 09:55,22.9
05/26/06 10:00,23.1
05/26/06 10:05,23.4
05/26/06 10:10,23.7
05/26/06 10:15,23.5
05/26/06 10:20,23.4
05/26/06 10:25,22.7
05/26/06 10:30,19.3
05/26/06 10:35,16.7
05/26/06 10:40,18.1
05/26/06 10:45,21.2
05/26/06 10:50,22.5
05/26/06 10:55,22.4
05/26/06 11:00,23.4
05/26/06 11:05,25.1
05/26/06 11:10,25.7
05/26/06 11:15,25.8
05/26/06 11:20,25.2
05/26/06 11:25,24.7
05/26/06 11:30,24.1
05/26/06 11:35,23.7
05/26/06 11:40,23.9
05/26/06 11:45,24.5
05/26/06 11:50,25.3
05/26/06 11:55,25.6
05/26/06 12:00,25.6
05/26/06 12:05,25.5
05/26/06 12:10,25.6
05/26/06 12:15,25.6
05/26/06 12:20,25.7
05/26/06 12:25,25.6
05/26/06 12:30,25.4
05/26/06 12:35,25.2
05/26/06 12:40,25.0
05/26/06 12:45,24.8
05/26/06 12:50,24.5
05/26/06 12:55,24.2
05/26/06 13:00,24.2
05/26/06 13:05,24.1
05/26/06 13:10,23.9
05/26/06 13:15,23.3
05/26/06 13:20,22.7
05/26/06 13:25,22.2
05/26/06 13:30,21.9
05/26/06 13:35,21.6
05/26/06 13:40,21.4
05/26/06 13:45,21.2
05/26/06 13:50,21.2
05/26/06 13:55,21.1
05/26/06 14:00,21.0
05/26/06 14:05,20.9
05/26/06 14:10,20.8
05/26/06 14:15,20.4
05/26/06 14:20,20.1
05/26/06 14:25,19.8
05/26/06 14:30,19.5
05/26/06 14:35,19.4
05/26/06 14:40,19.2
05/26/06 14:45,19.1
05/26/06 14:50,19.0
05/26/06 14:55,18.7
05/26/06 15:00,18.4
05/26/06 15:05,18.1
05/26/06 15:10,17.8
05/26/06 15:15,17.3
05/26/06 15:20,16.7
05/26/06 15:25,16.3
05/26/06 15:30,15.9
05/26/06 15:35,14.7
05/26/06 15:40,13.6
05/26/06 15:45,13.1
05/26/06 15:50,12.6
05/26/06 15:55,12.4
05/26/06 16:00,11.6
05/26/06 16:05,9.4
05/26/06 16:10,8.1
05/26/06 16:15,8.3
05/26/06 16:20,8.7
05/26/06 16:25,8.8
05/26/06 16:30,8.5
05/26/06 16:35,8.2
05/26/06 16:40,7.8
05/26/06 16:45,7.5
05/26/06 16:50,7.3
05/26/06 16:55,7.0
05/26/06 17:00,6.6
05/26/06 17:05,6.1
05/26/06 17:10,5.7
05/26/06 17:15,5.2
05/26/06 17:20,4.4
05/26/06 17:25,3.8
05/26/06 17:30,2.8
05/26/06 17:35,1.6
05/26/06 17:40,0.9
05/26/06 17:45,0.5
05/26/06 17:50,0.3
05/26/06 17:55,0.1
05/26/06 18:00,0.1
05/26/06 18:05,0.0
05/26/06 18:10,0.0
05/26/06 18:15,0.0
05/26/06 18:20,0.0
05/26/06 18:25,0.0
05/26/06 18:30,0.0
05/26/06 18:35,0.0
05/26/06 18:40,0.0
05/26/06 18:45,0.0
05/26/06 18:50,0.0
05/26/06 18:55,0.0
05/26/06 19:00,0.0
05/26/06 19:05,0.0
05/26/06 19:10,0.0
05/26/06 19:15,0.0
05/26/06 19:20,0.0
05/26/06 19:25,0.0
05/26/06 19:30,0.0
05/26/06 19:35,0.0
05/26/06 19:40,0.0
05/26/06 19:45,0.0
05/26/06 19:50,0.0
05/26/06 19:55,0.0
05/26/06 20:00,0.0
05/26/06 20:05,0.0
05/26/06 20:10,0.0
05/26/06 20:15,0.0
05/26/06 20:20,0.0
05/26/06 20:25,0.0
05/26/06 20:30,0.0
05/26/06 20:35,0.0
05/26/06 20:40,0.0
05/26/06 20:45,0.0
05/26/06 20:50,0.0
05/26/06 20:55,0.0
05/26/06 21:00,0.0
05/26/06 21:05,0.0
05/26/06 21:10,0.0
05/26/06 21:15,0.0
05/26/06 21:20,0.0
05/26/06 21:25,0.0
05/26/06 21:30,0.0
05/26/06 21:35,0.0
05/26/06 21:40,0.0
05/26/06 21:45,0.0
05/26/06 21:50,0.0
05/26/06 21:55,0.0
05/26/06 22:00,0.0
05/26/06 22:05,0.0
05/26/06 22:10,0.0
05/26/06 22:15,0.0
05/26/06 22:20,0.0
05/26/06 22:25,0.0
05/26/06 22:30,0.0
05/26/06 22:35,0.0
05/26/06 22:40,0.0
05/26/06 22:45,0.0
05/26/06 22:50,0.0
05/26/06 22:55,0.0
05/26/06 23:00,0.0
05/26/06 23:05,0.0
05/26/06 23:10,0.0
05/26/06 23:15,0.0
05/26/06 23:20,0.0
05/26/06 23:25,0.0
05/26/06 23:30,0.0
05/26/06 23:35,0.0
05/26/06 23:40,0.0
05/26/06 23:45,0.0
05/26/06 23:50,0.0
05/26/06 23:55,0.0
05/27/06 00:00,0.0
05/27/06 00:05,0.0
05/27/06 00:10,0.0
05/27/06 00:15,0.0
05/27/06 00:20,0.0
05/27/06 00:25,0.0
05/27/06 00:30,0.0
05/27/06 00:35,0.0
05/27/06 00:40,0.0
05/27/06 00:45,0.0
05/27/06 00:50,0.0
05/27/06 00:55,0.0
05/27/06 01:00,0.0
05/27/06 01:05,0.0
05/27/06 01:10,0.0
05/27/06 01:15,0.0
05/27/06 01:20,0.0
05/27/06 01:25,0.0
05/27/06 01:30,0.0
05/27/06 01:35,0.0
05/27/06 01:40,0.0
05/27/06 01:45,0.0
05/27/06 01:50,0.0
05/27/06 01:55,0.0
05/27/06 02:00,0.0
05/27/06 02:05,0.0
05/27/06 02:10,0.0
05/27/06 02:15,0.0
05/27/06 02:20,0.0
05/27/06 02:25,0.0
05/27/06 02:30,0.0
05/27/06 02:35,0.0
05/27/06 02:40,0.0
05/27/06 02:45,0.0
05/27/06 02:50,0.0
05/27/06 02:55,0.0
05/27/06 03:00,0.0
05/27/06 03:05,0.0
05/27/06 03:10,0.0
05/27/06 03:15,0.0
05/27/06 03:20,0.0
05/27/06 03:25,0.0
05/27/06 03:30,0.0
05/27/06 03:35,0.0
05/27/06 03:40,0.0
05/27/06 03:45,0.0
05/27/06 03:50,0.0
05/27/06 03:55,0.0
05/27/06 04:00,0.0
05/27/06 04:05,0.0
05/27/06 04:10,0.0
05/27/06 04:15,0.0
05/27/06 04:20,0.0
05/27/06 04:25,0.0
05/27/06 04:30,0.0
05/27/06 04:35,0.0
05/27/06 04:40,0.0
05/27/06 04:45,0.0
05/27/06 04:50,0.0
05/27/06 04:55,0.0
05/27/06 05:00,0.0
05/27/06 05:05,0.0
05/27/06 05:10,0.0
05/27/06 05:15,0.0
05/27/06 05:20,0.0
05/27/06 05:25,0.0
05/27/06 05:30,0.0
05/27/06 05:35,0.1
05/27/06 05:40,0.1
05/27/06 05:45,0.3
05/27/06 05:50,0.5
05/27/06 05:55,0.8
05/27/06 06:00,1.3
05/27/06 06:05,2.3
05/27/06 06:10,3.7
05/27/06 06:15,4.2
05/27/06 06:20,4.5
05/27/06 06:25,4.9
05/27/06 06:30,5.3
05/27/06 06:35,5.8
05/27/06 06:40,6.4
05/27/06 06:45,6.9
05/27/06 06:50,7.5
05/27/06 06:55,8.2
05/27/06 07:00,8.9
05/27/06 07:05,9.5
05/27/06 07:10,10.1
05/27/06 07:15,10.6
05/27/06 07:20,11.0
05/27/06 07:25,11.5
05/27/06 07:30,12.0
05/27/06 07:35,12.4
05/27/06 07:40,12.8
05/27/06 07:45,13.2
05/27/06 07:50,13.5
05/27/06 07:55,13.8
05/27/06 08:00,14.1
05/27/06 08:05,14.4
05/27/06 08:10,14.7
05/27/06 08:15,15.3
05/27/06 08:20,15.9
05/27/06 08:25,16.5
05/27/06 08:30,17.0
05/27/06 08:35,17.5
05/27/06 08:40,18.2
05/27/06 08:45,18.7
05/27/06 08:50,19.3
05/27/06 08:55,19.7
05/27/06 09:00,20.2
05/27/06 09:05,20.5
05/27/06 09:10,20.7
05/27/06 09:15,20.8
05/27/06 09:20,20.7
05/27/06 09:25,21.5
05/27/06 09:30,22.1
05/27/06 09:35,22.2
05/27/06 09:40,22.3
05/27/06 09:45,22.8
05/27/06 09:50,23.2
05/27/06 09:55,23.5
05/27/06 10:00,23.8
05/27/06 10:05,24.6
05/27/06 10:10,24.7
05/27/06 10:15,23.5
05/27/06 10:20,22.1
05/27/06 10:25,21.5
05/27/06 10:30,21.6
05/27/06 10:35,22.0
05/27/06 10:40,22.6
05/27/06 10:45,23.2
05/27/06 10:50,23.8
05/27/06 10:55,24.4
05/27/06 11:00,24.9
05/27/06 11:05,25.4
05/27/06 11:10,25.8
05/27/06 11:15,26.0
05/27/06 11:20,24.8
05/27/06 11:25,20.4
05/27/06 11:30,19.1
05/27/06 11:35,18.4
05/27/06 11:40,22.8
05/27/06 11:45,25.9
05/27/06 11:50,26.9
05/27/06 11:55,26.0
05/27/06 12:00,25.3
05/27/06 12:05,25.2
05/27/06 12:10,25.6
05/27/06 12:15,24.0
05/27/06 12:20,22.5
05/27/06 12:25,21.6
05/27/06 12:30,21.0
05/27/06 12:35,21.0
05/27/06 12:40,21.5
05/27/06 12:45,22.1
05/27/06 12:50,22.0
05/27/06 12:55,21.2
05/27/06 13:00,20.6
05/27/06 13:05,20.1
05/27/06 13:10,19.3
05/27/06 13:15,19.9
05/27/06 13:20,21.0
05/27/06 13:25,22.5
05/27/06 13:30,23.4
05/27/06 13:35,23.8
05/27/06 13:40,24.0
05/27/06 13:45,24.1
05/27/06 13:50,23.9
05/27/06 13:55,23.6
05/27/06 14:00,23.3
05/27/06 14:05,22.9
05/27/06 14:10,22.7
05/27/06 14:15,22.2
05/27/06 14:20,21.5
05/27/06 14:25,21.0
05/27/06 14:30,20.6
05/27/06 14:35,20.2
05/27/06 14:40,19.8
05/27/06 14:45,19.3
05/27/06 14:50,18.9
05/27/06 14:55,18.1
05/27/06 15:00,15.0
05/27/06 15:05,13.8
05/27/06 15:10,15.0
05/27/06 15:15,15.6
05/27/06 15:20,15.5
05/27/06 15:25,14.8
05/27/06 15:30,14.1
05/27/06 15:35,13.5
05/27/06 15:40,12.8
05/27/06 15:45,12.3
05/27/06 15:50,11.6
05/27/06 15:55,10.9
05/27/06 16:00,10.3
05/27/06 16:05,9.5
05/27/06 16:10,8.9
05/27/06 16:15,8.7
05/27/06 16:20,8.4
05/27/06 16:25,8.1
05/27/06 16:30,7.8
05/27/06 16:35,7.5
05/27/06 16:40,7.1
05/27/06 16:45,6.8
05/27/06 16:50,6.4
05/27/06 16:55,6.0
05/27/06 17:00,5.6
05/27/06 17:05,5.2
05/27/06 17:10,4.8
05/27/06 17:15,4.4
05/27/06 17:20,4.0
05/27/06 17:25,3.6
05/27/06 17:30,2.5
05/27/06 17:35,1.5
05/27/06 17:40,0.9
05/27/06 17:45,0.5
05/27/06 17:50,0.3
05/27/06 17:55,0.1
05/27/06 18:00,0.1
05/27/06 18:05,0.0
05/27/06 18:10,0.0
05/27/06 18:15,0.0
05/27/06 18:20,0.0
05/27/06 18:25,0.0
05/27/06 18:30,0.0
05/27/06 18:35,0.0
05/27/06 18:40,0.0
05/27/06 18:45,0.0
05/27/06 18:50,0.0
05/27/06 18:55,0.0
05/27/06 19:00,0.0
05/27/06 19:05,0.0
05/27/06 19:10,0.0
05/27/06 19:15,0.0
05/27/06 19:20,0.0
05/27/06 19:25,0.0
05/27/06 19:30,0.0
05/27/06 19:35,0.0
05/27/06 19:40,0.0
05/27/06 19:45,0.0
05/27/06 19:50,0.0
05/27/06 19:55,0.0
05/27/06 20:00,0.0
05/27/06 20:05,0.0
05/27/06 20:10,0.0
05/27/06 20:15,0.0
05/27/06 20:20,0.0
05/27/06 20:25,0.0
05/27/06 20:30,0.0
05/27/06 20:35,0.0
05/27/06 20:40,0.0
05/27/06 20:45,0.0
05/27/06 20:50,0.0
05/27/06 20:55,0.0
05/27/06 21:00,0.0
05/27/06 21:05,0.0
05/27/06 21:10,0.0
05/27/06 21:15,0.0
05/27/06 21:20,0.0
05/27/06 21:25,0.0
05/27/06 21:30,0.0
05/27/06 21:35,0.0
05/27/06 21:40,0.0
05/27/06 21:45,0.0
05/27/06 21:50,0.0
05/27/06 21:55,0.0
05/27/06 22:00,0.0
05/27/06 22:05,0.0
05/27/06 22:10,0.0
05/27/06 22:15,0.0
05/27/06 22:20,0.0
05/27/06 22:25,0.0
05/27/06 22:30,0.0
05/27/06 22:35,0.0
05/27/06 22:40,0.0
05/27/06 22:45,0.0
05/27/06 22:50,0.0
05/27/06 22:55,0.0
05/27/06 23:00,0.0
05/27/06 23:05,0.0
05/27/06 23:10,0.0
05/27/06 23:15,0.0
05/27/06 23:20,0.0
05/27/06 23:25,0.0
05/27/06 23:30,0.0
05/27/06 23:35,0.0
05/27/06 23:40,0.0
05/27/06 23:45,0.0
05/27/06 23:50,0.0
05/27/06 23:55,0.0
05/28/06 00:00,0.0
05/28/06 00:05,0.0
05/28/06 00:10,0.0
05/28/06 00:15,0.0
05/28/06 00:20,0.0
05/28/06 00:25,0.0
05/28/06 00:30,0.0
05/28/06 00:35,0.0
05/28/06 00:40,0.0
05/28/06 00:45,0.0
05/28/06 00:50,0.0
05/28/06 00:55,0.0
05/28/06 01:00,0.0
05/28/06 01:05,0.0
05/28/06 01:10,0.0
05/28/06 01:15,0.0
05/28/06 01:20,0.0
05/28/06 01:25,0.0
05/28/06 01:30,0.0
05/28/06 01:35,0.0
05/28/06 01:40,0.0
05/28/06 01:45,0.0
05/28/06 01:50,0.0
05/28/06 01:55,0.0
05/28/06 02:00,0.0
05/28/06 02:05,0.0
05/28/06 02:10,0.0
05/28/06 02:15,0.0
05/28/06 02:20,0.0
05/28/06 02:25,0.0
05/28/06 02:30,0.0
05/28/06 02:35,0.0
05/28/06 02:40,0.0
05/28/06 02:45,0.0
05/28/06 02:50,0.0
05/28/06 02:55,0.0
05/28/06 03:00,0.0
05/28/06 03:05,0.0
05/28/06 03:10,0.0
05/28/06 03:15,0.0
05/28/06 03:20,0.0
05/28/06 03:25,0.0
05/28/06 03:30,0.0
05/28/06 03:35,0.0
05/28/06 03:40,0.0
05/28/06 03:45,0.0
05/28/06 03:50,0.0
05/28/06 03:55,0.0
05/28/06 04:00,0.0
05/28/06 04:05,0.0
05/28/06 04:10,0.0
05/28/06 04:15,0.0
05/28/06 04:20,0.0
05/28/06 04:25,0.0
05/28/06 04:30,0.0
05/28/06 04:35,0.0
05/28/06 04:40,0.0
05/28/06 04:45,0.0
05/28/06 04:50,0.0
05/28/06 04:55,0.0
05/28/06 05:00,0.0
05/28/06 05:05,0.0
05/28/06 05:10,0.0
05/28/06 05:15,0.0
05/28/06 05:20,0.0
05/28/06 05:25,0.0
05/28/06 05:30,0.0
05/28/06 05:35,0.0
05/28/06 05:40,0.1
05/28/06 05:45,0.2
05/28/06 05:50,0.3
05/28/06 05:55,0.6
05/28/06 06:00,1.0
05/28/06 06:05,1.7
05/28/06 06:10,2.7
05/28/06 06:15,3.5
05/28/06 06:20,3.8
05/28/06 06:25,4.2
05/28/06 06:30,4.6
05/28/06 06:35,5.0
05/28/06 06:40,5.6
05/28/06 06:45,6.2
05/28/06 06:50,6.8
05/28/06 06:55,7.4
05/28/06 07:00,8.1
05/28/06 07:05,8.8
05/28/06 07:10,9.5
05/28/06 07:15,10.1
05/28/06 07:20,10.7
05/28/06 07:25,11.1
05/28/06 07:30,11.7
05/28/06 07:35,12.2
05/28/06 07:40,12.8
05/28/06 07:45,13.4
05/28/06 07:50,14.1
05/28/06 07:55,14.8
05/28/06 08:00,15.5
05/28/06 08:05,16.0
05/28/06 08:10,16.5
05/28/06 08:15,17.0
05/28/06 08:20,17.3
05/28/06 08:25,17.3
05/28/06 08:30,17.5
05/28/06 08:35,17.8
05/28/06 08:40,18.1
05/28/06 08:45,18.5
05/28/06 08:50,18.7
05/28/06 08:55,18.8
05/28/06 09:00,19.2
05/28/06 09:05,19.7
05/28/06 09:10,20.1
05/28/06 09:15,20.5
05/28/06 09:20,20.8
05/28/06 09:25,21.2
05/28/06 09:30,21.8
05/28/06 09:35,22.2
05/28/06 09:40,22.6
05/28/06 09:45,22.9
05/28/06 09:50,23.2
05/28/06 09:55,23.4
05/28/06 10:00,23.7
05/28/06 10:05,24.2
05/28/06 10:10,24.9
05/28/06 10:15,25.1
05/28/06 10:20,25.0
05/28/06 10:25,25.0
05/28/06 10:30,25.0
05/28/06 10:35,25.2
05/28/06 10:40,25.5
05/28/06 10:45,25.8
05/28/06 10:50,26.2
05/28/06 10:55,26.4
05/28/06 11:00,26.4
05/28/06 11:05,26.1
05/28/06 11:10,25.7
05/28/06 11:15,25.5
05/28/06 11:20,24.9
05/28/06 11:25,21.6
05/28/06 11:30,22.2
05/28/06 11:35,23.8
05/28/06 11:40,24.8
05/28/06 11:45,24.9
05/28/06 11:50,25.2
05/28/06 11:55,23.7
05/28/06 12:00,23.2
05/28/06 12:05,24.0
05/28/06 12:10,23.4
05/28/06 12:15,22.6
05/28/06 12:20,21.4
05/28/06 12:25,20.1
05/28/06 12:30,18.6
05/28/06 12:35,16.4
05/28/06 12:40,15.1
05/28/06 12:45,13.7
05/28/06 12:50,12.6
05/28/06 12:55,13.5
05/28/06 13:00,15.5
05/28/06 13:05,16.7
05/28/06 13:10,15.8
05/28/06 13:15,16.1
05/28/06 13:20,18.1
05/28/06 13:25,19.0
05/28/06 13:30,17.2
05/28/06 13:35,12.0
05/28/06 13:40,10.0
05/28/06 13:45,9.3
05/28/06 13:50,6.7
05/28/06 13:55,8.5
05/28/06 14:00,11.5
05/28/06 14:05,14.7
05/28/06 14:10,16.1
05/28/06 14:15,16.1
05/28/06 14:20,16.6
05/28/06 14:25,16.2
05/28/06 14:30,16.0
05/28/06 14:35,17.0
05/28/06 14:40,18.0
05/28/06 14:45,17.2
05/28/06 14:50,17.0
05/28/06 14:55,17.2
05/28/06 15:00,17.0
05/28/06 15:05,16.4
05/28/06 15:10,15.9
05/28/06 15:15,15.7
05/28/06 15:20,15.0
05/28/06 15:25,14.8
05/28/06 15:30,14.2
05/28/06 15:35,13.0
05/28/06 15:40,12.4
05/28/06 15:45,10.0
05/28/06 15:50,8.1
05/28/06 15:55,6.7
05/28/06 16:00,5.5
05/28/06 16:05,7.1
05/28/06 16:10,8.1
05/28/06 16:15,8.8
05/28/06 16:20,9.1
05/28/06 16:25,9.0
05/28/06 16:30,8.9
05/28/06 16:35,8.8
05/28/06 16:40,8.6
05/28/06 16:45,8.4
05/28/06 16:50,8.0
05/28/06 16:55,7.4
05/28/06 17:00,6.8
05/28/06 17:05,6.3
05/28/06 17:10,5.8
05/28/06 17:15,5.2
05/28/06 17:20,4.5
05/28/06 17:25,4.0
05/28/06 17:30,3.6
05/28/06 17:35,2.5
05/28/06 17:40,1.6
05/28/06 17:45,1.0
05/28/06 17:50,0.6
05/28/06 17:55,0.3
05/28/06 18:00,0.2
05/28/06 18:05,0.1
05/28/06 18:10,0.0
05/28/06 18:15,0.0
05/28/06 18:20,0.0
05/28/06 18:25,0.0
05/28/06 18:30,0.0
05/28/06 18:35,0.0
05/28/06 18:40,0.0
05/28/06 18:45,0.0
05/28/06 18:50,0.0
05/28/06 18:55,0.0
05/28/06 19:00,0.0
05/28/06 19:05,0.0
05/28/06 19:10,0.0
05/28/06 19:15,0.0
05/28/06 19:20,0.0
05/28/06 19:25,0.0
05/28/06 19:30,0.0
05/28/06 19:35,0.0
05/28/06 19:40,0.0
05/28/06 19:45,0.0
05/28/06 19:50,0.0
05/28/06 19:55,0.0
05/28/06 20:00,0.0
05/28/06 20:05,0.0
05/28/06 20:10,0.0
05/28/06 20:15,0.0
05/28/06 20:20,0.0
05/28/06 20:25,0.0
05/28/06 20:30,0.0
05/28/06 20:35,0.0
05/28/06 20:40,0.0
05/28/06 20:45,0.0
05/28/06 20:50,0.0
05/28/06 20:55,0.0
05/28/06 21:00,0.0
05/28/06 21:05,0.0
05/28/06 21:10,0.0
05/28/06 21:15,0.0
05/28/06 21:20,0.0
05/28/06 21:25,0.0
05/28/06 21:30,0.0
05/28/06 21:35,0.0
05/28/06 21:40,0.0
05/28/06 21:45,0.0
05/28/06 21:50,0.0
05/28/06 21:55,0.0
05/28/06 22:00,0.0
05/28/06 22:05,0.0
05/28/06 22:10,0.0
05/28/06 22:15,0.0
05/28/06 22:20,0.0
05/28/06 22:25,0.0
05/28/06 22:30,0.0
05/28/06 22:35,0.0
05/28/06 22:40,0.0
05/28/06 22:45,0.0
05/28/06 22:50,0.0
05/28/06 22:55,0.0
05/28/06 23:00,0.0
05/28/06 23:05,0.0
05/28/06 23:10,0.0
05/28/06 23:15,0.0
05/28/06 23:20,0.0
05/28/06 23:25,0.0
05/28/06 23:30,0.0
05/28/06 23:35,0.0
05/28/06 23:40,0.0
05/28/06 23:45,0.0
05/28/06 23:50,0.0
05/28/06 23:55,0.0
05/29/06 00:00,0.0
05/29/06 00:05,0.0
05/29/06 00:10,0.0
05/29/06 00:15,0.0
05/29/06 00:20,0.0
05/29/06 00:25,0.0
05/29/06 00:30,0.0
05/29/06 00:35,0.0
05/29/06 00:40,0.0
05/29/06 00:45,0.0
05/29/06 00:50,0.0
05/29/06 00:55,0.0
05/29/06 01:00,0.0
05/29/06 01:05,0.0
05/29/06 01:10,0.0
05/29/06 01:15,0.0
05/29/06 01:20,0.0
05/29/06 01:25,0.0
05/29/06 01:30,0.0
05/29/06 01:35,0.0
05/29/06 01:40,0.0
05/29/06 01:45,0.0
05/29/06 01:50,0.0
05/29/06 01:55,0.0
05/29/06 02:00,0.0
05/29/06 02:05,0.0
05/29/06 02:10,0.0
05/29/06 02:15,0.0
05/29/06 02:20,0.0
05/29/06 02:25,0.0
05/29/06 02:30,0.0
05/29/06 02:35,0.0
05/29/06 02:40,0.0
05/29/06 02:45,0.0
05/29/06 02:50,0.0
05/29/06 02:55,0.0
05/29/06 03:00,0.0
05/29/06 03:05,0.0
05/29/06 03:10,0.0
05/29/06 03:15,0.0
05/29/06 03:20,0.0
05/29/06 03:25,0.0
05/29/06 03:30,0.0
05/29/06 03:35,0.0
05/29/06 03:40,0.0
05/29/06 03:45,0.0
05/29/06 03:50,0.0
05/29/06 03:55,0.0
05/29/06 04:00,0.0
05/29/06 04:05,0.0
05/29/06 04:10,0.0
05/29/06 04:15,0.0
05/29/06 04:20,0.0
05/29/06 04:25,0.0
05/29/06 04:30,0.0
05/29/06 04:35,0.0
05/29/06 04:40,0.0
05/29/06 04:45,0.0
05/29/06 04:50,0.0
05/29/06 04:55,0.0
05/29/06 05:00,0.0
05/29/06 05:05,0.0
05/29/06 05:10,0.0
05/29/06 05:15,0.0
05/29/06 05:20,0.0
05/29/06 05:25,0.0
05/29/06 05:30,0.0
05/29/06 05:35,0.0
05/29/06 05:40,0.1
05/29/06 05:45,0.2
05/29/06 05:50,0.3
05/29/06 05:55,0.5
05/29/06 06:00,0.9
05/29/06 06:05,1.4
05/29/06 06:10,2.4
05/29/06 06:15,3.5
05/29/06 06:20,3.9
05/29/06 06:25,4.3
05/29/06 06:30,4.8
05/29/06 06:35,5.4
05/29/06 06:40,6.0
05/29/06 06:45,6.7
05/29/06 06:50,7.4
05/29/06 06:55,8.0
05/29/06 07:00,8.5
05/29/06 07:05,8.9
05/29/06 07:10,9.3
05/29/06 07:15,9.9
05/29/06 07:20,10.4
05/29/06 07:25,10.9
05/29/06 07:30,11.4
05/29/06 07:35,11.8
05/29/06 07:40,12.3
05/29/06 07:45,12.9
05/29/06 07:50,13.4
05/29/06 07:55,14.0
05/29/06 08:00,14.6
05/29/06 08:05,15.3
05/29/06 08:10,16.0
05/29/06 08:15,16.5
05/29/06 08:20,16.8
05/29/06 08:25,17.1
05/29/06 08:30,17.5
05/29/06 08:35,17.8
05/29/06 08:40,18.0
05/29/06 08:45,18.2
05/29/06 08:50,18.3
05/29/06 08:55,18.5
05/29/06 09:00,18.7
05/29/06 09:05,19.0
05/29/06 09:10,19.4
05/29/06 09:15,19.8
05/29/06 09:20,20.2
05/29/06 09:25,20.5
05/29/06 09:30,20.6
05/29/06 09:35,20.7
05/29/06 09:40,19.7
05/29/06 09:45,19.0
05/29/06 09:50,18.5
05/29/06 09:55,18.0
05/29/06 10:00,17.9
05/29/06 10:05,17.9
05/29/06 10:10,18.0
05/29/06 10:15,19.5
05/29/06 10:20,21.0
05/29/06 10:25,21.9
05/29/06 10:30,22.6
05/29/06 10:35,23.2
05/29/06 10:40,23.8
05/29/06 10:45,24.2
05/29/06 10:50,24.5
05/29/06 10:55,24.7
05/29/06 11:00,24.9
05/29/06 11:05,25.1
05/29/06 11:10,25.4
05/29/06 11:15,25.7
05/29/06 11:20,26.0
05/29/06 11:25,26.4
05/29/06 11:30,26.5
05/29/06 11:35,26.6
05/29/06 11:40,26.8
05/29/06 11:45,27.0
05/29/06 11:50,27.2
05/29/06 11:55,27.2
05/29/06 12:00,27.1
05/29/06 12:05,26.9
05/29/06 12:10,26.5
05/29/06 12:15,26.0
05/29/06 12:20,25.6
05/29/06 12:25,25.1
05/29/06 12:30,24.5
05/29/06 12:35,24.1
05/29/06 12:40,23.4
05/29/06 12:45,22.7
05/29/06 12:50,22.2
05/29/06 12:55,21.6
05/29/06 13:00,21.5
05/29/06 13:05,21.7
05/29/06 13:10,21.0
05/29/06 13:15,21.2
05/29/06 13:20,22.4
05/29/06 13:25,22.9
05/29/06 13:30,21.7
05/29/06 13:35,19.6
05/29/06 13:40,18.4
05/29/06 13:45,19.9
05/29/06 13:50,21.6
05/29/06 13:55,20.8
05/29/06 14:00,20.2
05/29/06 14:05,19.6
05/29/06 14:10,20.0
05/29/06 14:15,19.0
05/29/06 14:20,14.3
05/29/06 14:25,11.4
05/29/06 14:30,9.6
05/29/06 14:35,8.5
05/29/06 14:40,7.7
05/29/06 14:45,7.1
05/29/06 14:50,6.9
05/29/06 14:55,9.1
05/29/06 15:00,11.5
05/29/06 15:05,12.5
05/29/06 15:10,10.7
05/29/06 15:15,11.3
05/29/06 15:20,11.5
05/29/06 15:25,13.3
05/29/06 15:30,14.5
05/29/06 15:35,15.3
05/29/06 15:40,15.5
05/29/06 15:45,15.5
05/29/06 15:50,14.8
05/29/06 15:55,10.1
05/29/06 16:00,6.4
05/29/06 16:05,4.6
05/29/06 16:10,4.4
05/29/06 16:15,5.4
05/29/06 16:20,4.6
05/29/06 16:25,4.2
05/29/06 16:30,2.5
05/29/06 16:35,1.2
05/29/06 16:40,0.5
05/29/06 16:45,0.2
05/29/06 16:50,0.3
05/29/06 16:55,1.2
05/29/06 17:00,1.0
05/29/06 17:05,0.5
05/29/06 17:10,0.3
05/29/06 17:15,0.1
05/29/06 17:20,0.1
05/29/06 17:25,0.0
05/29/06 17:30,0.0
05/29/06 17:35,0.0
05/29/06 17:40,0.0
05/29/06 17:45,0.0
05/29/06 17:50,0.0
05/29/06 17:55,0.0
05/29/06 18:00,0.0
05/29/06 18:05,0.0
05/29/06 18:10,0.0
05/29/06 18:15,0.0
05/29/06 18:20,0.0
05/29/06 18:25,0.0
05/29/06 18:30,0.0
05/29/06 18:35,0.0
05/29/06 18:40,0.0
05/29/06 18:45,0.0
05/29/06 18:50,0.0
05/29/06 18:55,0.0
05/29/06 19:00,0.0
05/29/06 19:05,0.0
05/29/06 19:10,0.0
05/29/06 19:15,0.0
05/29/06 19:20,0.0
05/29/06 19:25,0.0
05/29/06 19:30,0.0
05/29/06 19:35,0.0
05/29/06 19:40,0.0
05/29/06 19:45,0.0
05/29/06 19:50,0.0
05/29/06 19:55,0.0
05/29/06 20:00,0.0
05/29/06 20:05,0.0
05/29/06 20:10,0.0
05/29/06 20:15,0.0
05/29/06 20:20,0.0
05/29/06 20:25,0.0
05/29/06 20:30,0.0
05/29/06 20:35,0.0
05/29/06 20:40,0.0
05/29/06 20:45,0.0
05/29/06 20:50,0.0
05/29/06 20:55,0.0
05/29/06 21:00,0.0
05/29/06 21:05,0.0
05/29/06 21:10,0.0
05/29/06 21:15,0.0
05/29/06 21:20,0.0
05/29/06 21:25,0.0
05/29/06 21:30,0.0
05/29/06 21:35,0.0
05/29/06 21:40,0.0
05/29/06 21:45,0.0
05/29/06 21:50,0.0
05/29/06 21:55,0.0
05/29/06 22:00,0.0
05/29/06 22:05,0.0
05/29/06 22:10,0.0
05/29/06 22:15,0.0
05/29/06 22:20,0.0
05/29/06 22:25,0.0
05/29/06 22:30,0.0
05/29/06 22:35,0.0
05/29/06 22:40,0.0
05/29/06 22:45,0.0
05/29/06 22:50,0.0
05/29/06 22:55,0.0
05/29/06 23:00,0.0
05/29/06 23:05,0.0
05/29/06 23:10,0.0
05/29/06 23:15,0.0
05/29/06 23:20,0.0
05/29/06 23:25,0.0
05/29/06 23:30,0.0
05/29/06 23:35,0.0
05/29/06 23:40,0.0
05/29/06 23:45,0.0
05/29/06 23:50,0.0
05/29/06 23:55,0.0
05/30/06 00:00,0.0
05/30/06 00:05,0.0
05/30/06 00:10,0.0
05/30/06 00:15,0.0
05/30/06 00:20,0.0
05/30/06 00:25,0.0
05/30/06 00:30,0.0
05/30/06 00:35,0.0
05/30/06 00:40,0.0
05/30/06 00:45,0.0
05/30/06 00:50,0.0
05/30/06 00:55,0.0
05/30/06 01:00,0.0
05/30/06 01:05,0.0
05/30/06 01:10,0.0
05/30/06 01:15,0.0
05/30/06 01:20,0.0
05/30/06 01:25,0.0
05/30/06 01:30,0.0
05/30/06 01:35,0.0
05/30/06 01:40,0.0
05/30/06 01:45,0.0
05/30/06 01:50,0.0
05/30/06 01:55,0.0
05/30/06 02:00,0.0
05/30/06 02:05,0.0
05/30/06 02:10,0.0
05/30/06 02:15,0.0
05/30/06 02:20,0.0
05/30/06 02:25,0.0
05/30/06 02:30,0.0
05/30/06 02:35,0.0
05/30/06 02:40,0.0
05/30/06 02:45,0.0
05/30/06 02:50,0.0
05/30/06 02:55,0.0
05/30/06 03:00,0.0
05/30/06 03:05,0.0
05/30/06 03:10,0.0
05/30/06 03:15,0.0
05/30/06 03:20,0.0
05/30/06 03:25,0.0
05/30/06 03:30,0.0
05/30/06 03:35,0.0
05/30/06 03:40,0.0
05/30/06 03:45,0.0
05/30/06 03:50,0.0
05/30/06 03:55,0.0
05/30/06 04:00,0.0
05/30/06 04:05,0.0
05/30/06 04:10,0.0
05/30/06 04:15,0.0
05/30/06 04:20,0.0
05/30/06 04:25,0.0
05/30/06 04:30,0.0
05/30/06 04:35,0.0
05/30/06 04:40,0.0
05/30/06 04:45,0.0
05/30/06 04:50,0.0
05/30/06 04:55,0.0
05/30/06 05:00,0.0
05/30/06 05:05,0.0
05/30/06 05:10,0.0
05/30/06 05:15,0.0
05/30/06 05:20,0.0
05/30/06 05:25,0.0
05/30/06 05:30,0.0
05/30/06 05:35,0.0
05/30/06 05:40,0.1
05/30/06 05:45,0.1
05/30/06 05:50,0.2
05/30/06 05:55,0.4
05/30/06 06:00,0.5
05/30/06 06:05,0.8
05/30/06 06:10,1.1
05/30/06 06:15,1.8
05/30/06 06:20,3.3
05/30/06 06:25,4.0
05/30/06 06:30,4.4
05/30/06 06:35,4.8
05/30/06 06:40,5.5
05/30/06 06:45,6.2
05/30/06 06:50,6.3
05/30/06 06:55,6.3
05/30/06 07:00,6.5
05/30/06 07:05,7.4
05/30/06 07:10,8.1
05/30/06 07:15,8.7
05/30/06 07:20,9.1
05/30/06 07:25,9.5
05/30/06 07:30,9.7
05/30/06 07:35,10.1
05/30/06 07:40,10.6
05/30/06 07:45,11.2
05/30/06 07:50,11.9
05/30/06 07:55,12.4
05/30/06 08:00,12.7
05/30/06 08:05,12.7
05/30/06 08:10,12.9
05/30/06 08:15,13.4
05/30/06 08:20,14.1
05/30/06 08:25,14.5
05/30/06 08:30,14.5
05/30/06 08:35,14.2
05/30/06 08:40,13.4
05/30/06 08:45,12.9
05/30/06 08:50,12.6
05/30/06 08:55,11.9
05/30/06 09:00,11.4
05/30/06 09:05,11.1
05/30/06 09:10,11.2
05/30/06 09:15,13.7
05/30/06 09:20,16.9
05/30/06 09:25,19.0
05/30/06 09:30,20.5
05/30/06 09:35,21.6
05/30/06 09:40,22.4
05/30/06 09:45,23.1
05/30/06 09:50,23.7
05/30/06 09:55,24.1
05/30/06 10:00,24.3
05/30/06 10:05,24.4
05/30/06 10:10,24.7
05/30/06 10:15,24.7
05/30/06 10:20,24.4
05/30/06 10:25,24.3
05/30/06 10:30,24.4
05/30/06 10:35,24.6
05/30/06 10:40,24.6
05/30/06 10:45,24.6
05/30/06 10:50,24.6
05/30/06 10:55,24.5
05/30/06 11:00,24.6
05/30/06 11:05,25.0
05/30/06 11:10,25.5
05/30/06 11:15,25.7
05/30/06 11:20,25.9
05/30/06 11:25,25.6
05/30/06 11:30,25.5
05/30/06 11:35,25.1
05/30/06 11:40,25.0
05/30/06 11:45,25.4
05/30/06 11:50,25.9
05/30/06 11:55,26.4
05/30/06 12:00,26.7
05/30/06 12:05,26.3
05/30/06 12:10,25.7
05/30/06 12:15,25.5
05/30/06 12:20,25.4
05/30/06 12:25,25.2
05/30/06 12:30,25.1
05/30/06 12:35,24.9
05/30/06 12:40,24.8
05/30/06 12:45,24.7
05/30/06 12:50,24.7
05/30/06 12:55,24.6
05/30/06 13:00,24.6
05/30/06 13:05,24.4
05/30/06 13:10,24.2
05/30/06 13:15,23.9
05/30/06 13:20,22.3
05/30/06 13:25,20.7
05/30/06 13:30,21.6
05/30/06 13:35,22.1
05/30/06 13:40,21.3
05/30/06 13:45,21.2
05/30/06 13:50,20.0
05/30/06 13:55,20.0
05/30/06 14:00,20.2
05/30/06 14:05,19.7
05/30/06 14:10,20.2
05/30/06 14:15,20.4
05/30/06 14:20,18.8
05/30/06 14:25,17.1
05/30/06 14:30,16.3
05/30/06 14:35,16.9
05/30/06 14:40,17.3
05/30/06 14:45,15.7
05/30/06 14:50,12.5
05/30/06 14:55,11.7
05/30/06 15:00,11.9
05/30/06 15:05,13.3
05/30/06 15:10,14.3
05/30/06 15:15,13.9
05/30/06 15:20,13.6
05/30/06 15:25,13.5
05/30/06 15:30,13.3
05/30/06 15:35,13.0
05/30/06 15:40,12.8
05/30/06 15:45,12.5
05/30/06 15:50,12.2
05/30/06 15:55,11.9
05/30/06 16:00,11.6
05/30/06 16:05,11.3
05/30/06 16:10,10.9
05/30/06 16:15,10.6
05/30/06 16:20,10.1
05/30/06 16:25,9.5
05/30/06 16:30,8.7
05/30/06 16:35,8.2
05/30/06 16:40,7.6
05/30/06 16:45,6.9
05/30/06 16:50,6.4
05/30/06 16:55,6.0
05/30/06 17:00,5.6
05/30/06 17:05,5.2
05/30/06 17:10,4.8
05/30/06 17:15,4.2
05/30/06 17:20,3.6
05/30/06 17:25,2.4
05/30/06 17:30,1.9
05/30/06 17:35,1.3
05/30/06 17:40,0.7
05/30/06 17:45,0.4
05/30/06 17:50,0.4
05/30/06 17:55,0.2
05/30/06 18:00,0.1
05/30/06 18:05,0.1
05/30/06 18:10,0.0
05/30/06 18:15,0.0
05/30/06 18:20,0.0
05/30/06 18:25,0.0
05/30/06 18:30,0.0
05/30/06 18:35,0.0
05/30/06 18:40,0.0
05/30/06 18:45,0.0
05/30/06 18:50,0.0
05/30/06 18:55,0.0
05/30/06 19:00,0.0
05/30/06 19:05,0.0
05/30/06 19:10,0.0
05/30/06 19:15,0.0
05/30/06 19:20,0.0
05/30/06 19:25,0.0
05/30/06 19:30,0.0
05/30/06 19:35,0.0
05/30/06 19:40,0.0
05/30/06 19:45,0.0
05/30/06 19:50,0.0
05/30/06 19:55,0.0
05/30/06 20:00,0.0
05/30/06 20:05,0.0
05/30/06 20:10,0.0
05/30/06 20:15,0.0
05/30/06 20:20,0.0
05/30/06 20:25,0.0
05/30/06 20:30,0.0
05/30/06 20:35,0.0
05/30/06 20:40,0.0
05/30/06 20:45,0.0
05/30/06 20:50,0.0
05/30/06 20:55,0.0
05/30/06 21:00,0.0
05/30/06 21:05,0.0
05/30/06 21:10,0.0
05/30/06 21:15,0.0
05/30/06 21:20,0.0
05/30/06 21:25,0.0
05/30/06 21:30,0.0
05/30/06 21:35,0.0
05/30/06 21:40,0.0
05/30/06 21:45,0.0
05/30/06 21:50,0.0
05/30/06 21:55,0.0
05/30/06 22:00,0.0
05/30/06 22:05,0.0
05/30/06 22:10,0.0
05/30/06 22:15,0.0
05/30/06 22:20,0.0
05/30/06 22:25,0.0
05/30/06 22:30,0.0
05/30/06 22:35,0.0
05/30/06 22:40,0.0
05/30/06 22:45,0.0
05/30/06 22:50,0.0
05/30/06 22:55,0.0
05/30/06 23:00,0.0
05/30/06 23:05,0.0
05/30/06 23:10,0.0
05/30/06 23:15,0.0
05/30/06 23:20,0.0
05/30/06 23:25,0.0
05/30/06 23:30,0.0
05/30/06 23:35,0.0
05/30/06 23:40,0.0
05/30/06 23:45,0.0
05/30/06 23:50,0.0
05/30/06 23:55,0.0
05/31/06 00:00,0.0
05/31/06 00:05,0.0
05/31/06 00:10,0.0
05/31/06 00:15,0.0
05/31/06 00:20,0.0
05/31/06 00:25,0.0
05/31/06 00:30,0.0
05/31/06 00:35,0.0
05/31/06 00:40,0.0
05/31/06 00:45,0.0
05/31/06 00:50,0.0
05/31/06 00:55,0.0
05/31/06 01:00,0.0
05/31/06 01:05,0.0
05/31/06 01:10,0.0
05/31/06 01:15,0.0
05/31/06 01:20,0.0
05/31/06 01:25,0.0
05/31/06 01:30,0.0
05/31/06 01:35,0.0
05/31/06 01:40,0.0
05/31/06 01:45,0.0
05/31/06 01:50,0.0
05/31/06 01:55,0.0
05/31/06 02:00,0.0
05/31/06 02:05,0.0
05/31/06 02:10,0.0
05/31/06 02:15,0.0
05/31/06 02:20,0.0
05/31/06 02:25,0.0
05/31/06 02:30,0.0
05/31/06 02:35,0.0
05/31/06 02:40,0.0
05/31/06 02:45,0.0
05/31/06 02:50,0.0
05/31/06 02:55,0.0
05/31/06 03:00,0.0
05/31/06 03:05,0.0
05/31/06 03:10,0.0
05/31/06 03:15,0.0
05/31/06 03:20,0.0
05/31/06 03:25,0.0
05/31/06 03:30,0.0
05/31/06 03:35,0.0
05/31/06 03:40,0.0
05/31/06 03:45,0.0
05/31/06 03:50,0.0
05/31/06 03:55,0.0
05/31/06 04:00,0.0
05/31/06 04:05,0.0
05/31/06 04:10,0.0
05/31/06 04:15,0.0
05/31/06 04:20,0.0
05/31/06 04:25,0.0
05/31/06 04:30,0.0
05/31/06 04:35,0.0
05/31/06 04:40,0.0
05/31/06 04:45,0.0
05/31/06 04:50,0.0
05/31/06 04:55,0.0
05/31/06 05:00,0.0
05/31/06 05:05,0.0
05/31/06 05:10,0.0
05/31/06 05:15,0.0
05/31/06 05:20,0.0
05/31/06 05:25,0.0
05/31/06 05:30,0.0
05/31/06 05:35,0.0
05/31/06 05:40,0.1
05/31/06 05:45,0.1
05/31/06 05:50,0.1
05/31/06 05:55,0.2
05/31/06 06:00,0.2
05/31/06 06:05,0.2
05/31/06 06:10,0.2
05/31/06 06:15,0.6
05/31/06 06:20,1.8
05/31/06 06:25,3.3
05/31/06 06:30,3.9
05/31/06 06:35,4.3
05/31/06 06:40,4.8
05/31/06 06:45,5.3
05/31/06 06:50,5.8
05/31/06 06:55,6.4
05/31/06 07:00,6.9
05/31/06 07:05,7.6
05/31/06 07:10,8.2
05/31/06 07:15,8.9
05/31/06 07:20,9.7
05/31/06 07:25,10.4
05/31/06 07:30,11.1
05/31/06 07:35,11.8
05/31/06 07:40,12.6
05/31/06 07:45,13.4
05/31/06 07:50,14.1
05/31/06 07:55,14.8
05/31/06 08:00,15.6
05/31/06 08:05,16.5
05/31/06 08:10,17.4
05/31/06 08:15,17.9
05/31/06 08:20,18.2
05/31/06 08:25,18.4
05/31/06 08:30,18.7
05/31/06 08:35,19.1
05/31/06 08:40,19.5
05/31/06 08:45,20.1
05/31/06 08:50,20.7
05/31/06 08:55,21.2
05/31/06 09:00,21.6
05/31/06 09:05,21.9
05/31/06 09:10,22.2
05/31/06 09:15,22.4
05/31/06 09:20,22.7
05/31/06 09:25,22.9
05/31/06 09:30,23.1
05/31/06 09:35,23.4
05/31/06 09:40,23.6
05/31/06 09:45,23.8
05/31/06 09:50,24.0
05/31/06 09:55,24.1
05/31/06 10:00,24.4
05/31/06 10:05,24.7
05/31/06 10:10,24.9
05/31/06 10:15,25.0
05/31/06 10:20,25.0
05/31/06 10:25,25.1
05/31/06 10:30,25.3
05/31/06 10:35,25.7
05/31/06 10:40,26.0
05/31/06 10:45,26.3
05/31/06 10:50,26.5
05/31/06 10:55,26.8
05/31/06 11:00,27.0
05/31/06 11:05,27.0
05/31/06 11:10,26.8
05/31/06 11:15,26.7
05/31/06 11:20,26.6
05/31/06 11:25,27.0
05/31/06 11:30,27.4
05/31/06 11:35,27.5
05/31/06 11:40,27.8
05/31/06 11:45,28.1
05/31/06 11:50,28.7
05/31/06 11:55,29.4
05/31/06 12:00,29.8
05/31/06 12:05,29.6
05/31/06 12:10,29.0
05/31/06 12:15,28.2
05/31/06 12:20,27.0
05/31/06 12:25,26.4
05/31/06 12:30,26.0
05/31/06 12:35,25.6
05/31/06 12:40,25.5
05/31/06 12:45,25.5
05/31/06 12:50,25.4
05/31/06 12:55,25.2
05/31/06 13:00,24.8
05/31/06 13:05,24.2
05/31/06 13:10,23.9
05/31/06 13:15,23.7
05/31/06 13:20,23.1
05/31/06 13:25,22.7
05/31/06 13:30,21.9
05/31/06 13:35,21.4
05/31/06 13:40,20.8
05/31/06 13:45,20.9
05/31/06 13:50,20.4
05/31/06 13:55,20.0
05/31/06 14:00,19.7
05/31/06 14:05,19.4
05/31/06 14:10,19.5
05/31/06 14:15,19.6
05/31/06 14:20,19.7
05/31/06 14:25,19.8
05/31/06 14:30,19.5
05/31/06 14:35,19.0
05/31/06 14:40,18.4
05/31/06 14:45,17.7
05/31/06 14:50,17.4
05/31/06 14:55,16.9
05/31/06 15:00,16.3
05/31/06 15:05,15.4
05/31/06 15:10,14.6
05/31/06 15:15,14.3
05/31/06 15:20,14.1
05/31/06 15:25,13.9
05/31/06 15:30,13.5
05/31/06 15:35,13.1
05/31/06 15:40,11.9
05/31/06 15:45,10.7
05/31/06 15:50,11.3
05/31/06 15:55,11.3
05/31/06 16:00,10.9
05/31/06 16:05,10.8
05/31/06 16:10,10.7
05/31/06 16:15,10.3
05/31/06 16:20,9.9
05/31/06 16:25,9.4
05/31/06 16:30,8.8
05/31/06 16:35,8.2
05/31/06 16:40,7.6
05/31/06 16:45,7.1
05/31/06 16:50,6.6
05/31/06 16:55,6.1
05/31/06 17:00,5.6
05/31/06 17:05,5.2
05/31/06 17:10,4.8
05/31/06 17:15,4.4
05/31/06 17:20,3.9
05/31/06 17:25,3.5
05/31/06 17:30,2.6
05/31/06 17:35,1.6
05/31/06 17:40,1.0
05/31/06 17:45,0.6
05/31/06 17:50,0.3
05/31/06 17:55,0.2
05/31/06 18:00,0.1
05/31/06 18:05,0.0
05/31/06 18:10,0.0
05/31/06 18:15,0.0
05/31/06 18:20,0.0
05/31/06 18:25,0.0
05/31/06 18:30,0.0
05/31/06 18:35,0.0
05/31/06 18:40,0.0
05/31/06 18:45,0.0
05/31/06 18:50,0.0
05/31/06 18:55,0.0
05/31/06 19:00,0.0
05/31/06 19:05,0.0
05/31/06 19:10,0.0
05/31/06 19:15,0.0
05/31/06 19:20,0.0
05/31/06 19:25,0.0
05/31/06 19:30,0.0
05/31/06 19:35,0.0
05/31/06 19:40,0.0
05/31/06 19:45,0.0
05/31/06 19:50,0.0
05/31/06 19:55,0.0
05/31/06 20:00,0.0
05/31/06 20:05,0.0
05/31/06 20:10,0.0
05/31/06 20:15,0.0
05/31/06 20:20,0.0
05/31/06 20:25,0.0
05/31/06 20:30,0.0
05/31/06 20:35,0.0
05/31/06 20:40,0.0
05/31/06 20:45,0.0
05/31/06 20:50,0.0
05/31/06 20:55,0.0
05/31/06 21:00,0.0
05/31/06 21:05,0.0
05/31/06 21:10,0.0
05/31/06 21:15,0.0
05/31/06 21:20,0.0
05/31/06 21:25,0.0
05/31/06 21:30,0.0
05/31/06 21:35,0.0
05/31/06 21:40,0.0
05/31/06 21:45,0.0
05/31/06 21:50,0.0
05/31/06 21:55,0.0
05/31/06 22:00,0.0
05/31/06 22:05,0.0
05/31/06 22:10,0.0
05/31/06 22:15,0.0
05/31/06 22:20,0.0
05/31/06 22:25,0.0
05/31/06 22:30,0.0
05/31/06 22:35,0.0
05/31/06 22:40,0.0
05/31/06 22:45,0.0
05/31/06 22:50,0.0
05/31/06 22:55,0.0
05/31/06 23:00,0.0
05/31/06 23:05,0.0
05/31/06 23:10,0.0
05/31/06 23:15,0.0
05/31/06 23:20,0.0
05/31/06 23:25,0.0
05/31/06 23:30,0.0
05/31/06 23:35,0.0
05/31/06 23:40,0.0
05/31/06 23:45,0.0
05/31/06 23:50,0.0
05/31/06 23:55,0.0
06/01/06 00:00,0.0
06/01/06 00:05,0.0
06/01/06 00:10,0.0
06/01/06 00:15,0.0
06/01/06 00:20,0.0
06/01/06 00:25,0.0
06/01/06 00:30,0.0
06/01/06 00:35,0.0
06/01/06 00:40,0.0
06/01/06 00:45,0.0
06/01/06 00:50,0.0
06/01/06 00:55,0.0
06/01/06 01:00,0.0
06/01/06 01:05,0.0
06/01/06 01:10,0.0
06/01/06 01:15,0.0
06/01/06 01:20,0.0
06/01/06 01:25,0.0
06/01/06 01:30,0.0
06/01/06 01:35,0.0
06/01/06 01:40,0.0
06/01/06 01:45,0.0
06/01/06 01:50,0.0
06/01/06 01:55,0.0
06/01/06 02:00,0.0
06/01/06 02:05,0.0
06/01/06 02:10,0.0
06/01/06 02:15,0.0
06/01/06 02:20,0.0
06/01/06 02:25,0.0
06/01/06 02:30,0.0
06/01/06 02:35,0.0
06/01/06 02:40,0.0
06/01/06 02:45,0.0
06/01/06 02:50,0.0
06/01/06 02:55,0.0
06/01/06 03:00,0.0
06/01/06 03:05,0.0
06/01/06 03:10,0.0
06/01/06 03:15,0.0
06/01/06 03:20,0.0
06/01/06 03:25,0.0
06/01/06 03:30,0.0
06/01/06 03:35,0.0
06/01/06 03:40,0.0
06/01/06 03:45,0.0
06/01/06 03:50,0.0
06/01/06 03:55,0.0
06/01/06 04:00,0.0
06/01/06 04:05,0.0
06/01/06 04:10,0.0
06/01/06 04:15,0.0
06/01/06 04:20,0.0
06/01/06 04:25,0.0
06/01/06 04:30,0.0
06/01/06 04:35,0.0
06/01/06 04:40,0.0
06/01/06 04:45,0.0
06/01/06 04:50,0.0
06/01/06 04:55,0.0
06/01/06 05:00,0.0
06/01/06 05:05,0.0
06/01/06 05:10,0.0
06/01/06 05:15,0.0
06/01/06 05:20,0.0
06/01/06 05:25,0.0
06/01/06 05:30,0.0
06/01/06 05:35,0.1
06/01/06 05:40,0.1
06/01/06 05:45,0.2
06/01/06 05:50,0.4
06/01/06 05:55,0.6
06/01/06 06:00,1.0
06/01/06 06:05,1.5
06/01/06 06:10,2.4
06/01/06 06:15,3.5
06/01/06 06:20,3.8
06/01/06 06:25,4.3
06/01/06 06:30,4.8
06/01/06 06:35,5.2
06/01/06 06:40,5.6
06/01/06 06:45,6.1
06/01/06 06:50,6.7
06/01/06 06:55,7.2
06/01/06 07:00,7.7
06/01/06 07:05,8.1
06/01/06 07:10,8.6
06/01/06 07:15,9.2
06/01/06 07:20,9.9
06/01/06 07:25,10.4
06/01/06 07:30,10.5
06/01/06 07:35,10.7
06/01/06 07:40,11.2
06/01/06 07:45,11.9
06/01/06 07:50,12.5
06/01/06 07:55,13.3
06/01/06 08:00,13.9
06/01/06 08:05,14.1
06/01/06 08:10,13.9
06/01/06 08:15,14.5
06/01/06 08:20,15.6
06/01/06 08:25,16.3
06/01/06 08:30,17.0
06/01/06 08:35,17.9
06/01/06 08:40,18.7
06/01/06 08:45,19.4
06/01/06 08:50,19.7
06/01/06 08:55,20.3
06/01/06 09:00,20.7
06/01/06 09:05,21.0
06/01/06 09:10,21.2
06/01/06 09:15,21.5
06/01/06 09:20,21.6
06/01/06 09:25,22.0
06/01/06 09:30,22.5
06/01/06 09:35,22.9
06/01/06 09:40,23.2
06/01/06 09:45,23.4
06/01/06 09:50,23.5
06/01/06 09:55,23.5
06/01/06 10:00,23.5
06/01/06 10:05,23.6
06/01/06 10:10,23.8
06/01/06 10:15,23.9
06/01/06 10:20,24.1
06/01/06 10:25,24.3
06/01/06 10:30,24.5
06/01/06 10:35,24.6
06/01/06 10:40,24.6
06/01/06 10:45,24.7
06/01/06 10:50,25.0
06/01/06 10:55,25.4
06/01/06 11:00,25.7
06/01/06 11:05,25.8
06/01/06 11:10,25.9
06/01/06 11:15,25.9
06/01/06 11:20,25.9
06/01/06 11:25,25.9
06/01/06 11:30,25.9
06/01/06 11:35,25.9
06/01/06 11:40,25.9
06/01/06 11:45,25.9
06/01/06 11:50,25.8
06/01/06 11:55,25.7
06/01/06 12:00,25.4
06/01/06 12:05,25.2
06/01/06 12:10,25.1
06/01/06 12:15,25.2
06/01/06 12:20,26.1
06/01/06 12:25,26.4
06/01/06 12:30,26.8
06/01/06 12:35,26.7
06/01/06 12:40,25.7
06/01/06 12:45,25.1
06/01/06 12:50,24.5
06/01/06 12:55,23.7
06/01/06 13:00,23.3
06/01/06 13:05,22.7
06/01/06 13:10,22.0
06/01/06 13:15,21.8
06/01/06 13:20,21.4
06/01/06 13:25,21.5
06/01/06 13:30,21.4
06/01/06 13:35,21.1
06/01/06 13:40,22.3
06/01/06 13:45,22.7
06/01/06 13:50,22.3
06/01/06 13:55,21.8
06/01/06 14:00,21.6
06/01/06 14:05,19.5
06/01/06 14:10,17.7
06/01/06 14:15,17.8
06/01/06 14:20,18.6
06/01/06 14:25,18.9
06/01/06 14:30,19.1
06/01/06 14:35,19.0
06/01/06 14:40,18.9
06/01/06 14:45,18.7
06/01/06 14:50,18.5
06/01/06 14:55,18.2
06/01/06 15:00,17.9
06/01/06 15:05,17.6
06/01/06 15:10,17.0
06/01/06 15:15,16.6
06/01/06 15:20,16.0
06/01/06 15:25,14.9
06/01/06 15:30,13.9
06/01/06 15:35,13.2
06/01/06 15:40,12.6
06/01/06 15:45,12.2
06/01/06 15:50,11.7
06/01/06 15:55,11.1
06/01/06 16:00,10.6
06/01/06 16:05,10.2
06/01/06 16:10,9.9
06/01/06 16:15,9.6
06/01/06 16:20,9.1
06/01/06 16:25,8.7
06/01/06 16:30,8.3
06/01/06 16:35,7.8
06/01/06 16:40,6.7
06/01/06 16:45,5.2
06/01/06 16:50,4.1
06/01/06 16:55,3.9
06/01/06 17:00,3.6
06/01/06 17:05,1.6
06/01/06 17:10,0.5
06/01/06 17:15,0.8
06/01/06 17:20,1.0
06/01/06 17:25,1.5
06/01/06 17:30,1.1
06/01/06 17:35,0.5
06/01/06 17:40,0.5
06/01/06 17:45,0.2
06/01/06 17:50,0.1
06/01/06 17:55,0.1
06/01/06 18:00,0.0
06/01/06 18:05,0.0
06/01/06 18:10,0.0
06/01/06 18:15,0.0
06/01/06 18:20,0.0
06/01/06 18:25,0.0
06/01/06 18:30,0.0
06/01/06 18:35,0.0
06/01/06 18:40,0.0
06/01/06 18:45,0.0
06/01/06 18:50,0.0
06/01/06 18:55,0.0
06/01/06 19:00,0.0
06/01/06 19:05,0.0
06/01/06 19:10,0.0
06/01/06 19:15,0.0
06/01/06 19:20,0.0
06/01/06 19:25,0.0
06/01/06 19:30,0.0
06/01/06 19:35,0.0
06/01/06 19:40,0.0
06/01/06 19:45,0.0
06/01/06 19:50,0.0
06/01/06 19:55,0.0
06/01/06 20:00,0.0
06/01/06 20:05,0.0
06/01/06 20:10,0.0
06/01/06 20:15,0.0
06/01/06 20:20,0.0
06/01/06 20:25,0.0
06/01/06 20:30,0.0
06/01/06 20:35,0.0
06/01/06 20:40,0.0
06/01/06 20:45,0.0
06/01/06 20:50,0.0
06/01/06 20:55,0.0
06/01/06 21:00,0.0
06/01/06 21:05,0.0
06/01/06 21:10,0.0
06/01/06 21:15,0.0
06/01/06 21:20,0.0
06/01/06 21:25,0.0
06/01/06 21:30,0.0
06/01/06 21:35,0.0
06/01/06 21:40,0.0
06/01/06 21:45,0.0
06/01/06 21:50,0.0
06/01/06 21:55,0.0
06/01/06 22:00,0.0
06/01/06 22:05,0.0
06/01/06 22:10,0.0
06/01/06 22:15,0.0
06/01/06 22:20,0.0
06/01/06 22:25,0.0
06/01/06 22:30,0.0
06/01/06 22:35,0.0
06/01/06 22:40,0.0
06/01/06 22:45,0.0
06/01/06 22:50,0.0
06/01/06 22:55,0.0
06/01/06 23:00,0.0
06/01/06 23:05,0.0
06/01/06 23:10,0.0
06/01/06 23:15,0.0
06/01/06 23:20,0.0
06/01/06 23:25,0.0
06/01/06 23:30,0.0
06/01/06 23:35,0.0
06/01/06 23:40,0.0
06/01/06 23:45,0.0
06/01/06 23:50,0.0
06/01/06 23:55,0.0
06/02/06 00:00,0.0
06/02/06 00:05,0.0
06/02/06 00:10,0.0
06/02/06 00:15,0.0
06/02/06 00:20,0.0
06/02/06 00:25,0.0
06/02/06 00:30,0.0
06/02/06 00:35,0.0
06/02/06 00:40,0.0
06/02/06 00:45,0.0
06/02/06 00:50,0.0
06/02/06 00:55,0.0
06/02/06 01:00,0.0
06/02/06 01:05,0.0
06/02/06 01:10,0.0
06/02/06 01:15,0.0
06/02/06 01:20,0.0
06/02/06 01:25,0.0
06/02/06 01:30,0.0
06/02/06 01:35,0.0
06/02/06 01:40,0.0
06/02/06 01:45,0.0
06/02/06 01:50,0.0
06/02/06 01:55,0.0
06/02/06 02:00,0.0
06/02/06 02:05,0.0
06/02/06 02:10,0.0
06/02/06 02:15,0.0
06/02/06 02:20,0.0
06/02/06 02:25,0.0
06/02/06 02:30,0.0
06/02/06 02:35,0.0
06/02/06 02:40,0.0
06/02/06 02:45,0.0
06/02/06 02:50,0.0
06/02/06 02:55,0.0
06/02/06 03:00,0.0
06/02/06 03:05,0.0
06/02/06 03:10,0.0
06/02/06 03:15,0.0
06/02/06 03:20,0.0
06/02/06 03:25,0.0
06/02/06 03:30,0.0
06/02/06 03:35,0.0
06/02/06 03:40,0.0
06/02/06 03:45,0.0
06/02/06 03:50,0.0
06/02/06 03:55,0.0
06/02/06 04:00,0.0
06/02/06 04:05,0.0
06/02/06 04:10,0.0
06/02/06 04:15,0.0
06/02/06 04:20,0.0
06/02/06 04:25,0.0
06/02/06 04:30,0.0
06/02/06 04:35,0.0
06/02/06 04:40,0.0
06/02/06 04:45,0.0
06/02/06 04:50,0.0
06/02/06 04:55,0.0
06/02/06 05:00,0.0
06/02/06 05:05,0.0
06/02/06 05:10,0.0
06/02/06 05:15,0.0
06/02/06 05:20,0.0
06/02/06 05:25,0.0
06/02/06 05:30,0.0
06/02/06 05:35,0.1
06/02/06 05:40,0.1
06/02/06 05:45,0.3
06/02/06 05:50,0.5
06/02/06 05:55,0.8
06/02/06 06:00,1.3
06/02/06 06:05,2.1
06/02/06 06:10,3.3
06/02/06 06:15,3.8
06/02/06 06:20,4.1
06/02/06 06:25,4.5
06/02/06 06:30,5.0
06/02/06 06:35,5.6
06/02/06 06:40,6.2
06/02/06 06:45,6.7
06/02/06 06:50,7.4
06/02/06 06:55,8.0
06/02/06 07:00,8.4
06/02/06 07:05,8.7
06/02/06 07:10,9.3
06/02/06 07:15,9.7
06/02/06 07:20,10.0
06/02/06 07:25,10.6
06/02/06 07:30,11.3
06/02/06 07:35,12.0
06/02/06 07:40,12.8
06/02/06 07:45,13.6
06/02/06 07:50,14.2
06/02/06 07:55,14.8
06/02/06 08:00,15.5
06/02/06 08:05,16.2
06/02/06 08:10,16.7
06/02/06 08:15,16.7
06/02/06 08:20,16.7
06/02/06 08:25,16.8
06/02/06 08:30,17.5
06/02/06 08:35,18.3
06/02/06 08:40,19.0
06/02/06 08:45,19.7
06/02/06 08:50,19.9
06/02/06 08:55,20.6
06/02/06 09:00,21.4
06/02/06 09:05,21.8
06/02/06 09:10,21.8
06/02/06 09:15,21.6
06/02/06 09:20,21.2
06/02/06 09:25,20.8
06/02/06 09:30,20.7
06/02/06 09:35,20.6
06/02/06 09:40,20.8
06/02/06 09:45,21.3
06/02/06 09:50,21.7
06/02/06 09:55,21.3
06/02/06 10:00,21.1
06/02/06 10:05,21.4
06/02/06 10:10,21.9
06/02/06 10:15,22.1
06/02/06 10:20,22.2
06/02/06 10:25,22.4
06/02/06 10:30,22.7
06/02/06 10:35,22.9
06/02/06 10:40,23.3
06/02/06 10:45,23.7
06/02/06 10:50,24.2
06/02/06 10:55,24.6
06/02/06 11:00,24.8
06/02/06 11:05,25.0
06/02/06 11:10,25.2
06/02/06 11:15,25.0
06/02/06 11:20,24.2
06/02/06 11:25,24.6
06/02/06 11:30,24.7
06/02/06 11:35,24.4
06/02/06 11:40,24.0
06/02/06 11:45,23.3
06/02/06 11:50,23.2
06/02/06 11:55,23.0
06/02/06 12:00,23.2
06/02/06 12:05,23.7
06/02/06 12:10,24.1
06/02/06 12:15,23.9
06/02/06 12:20,18.9
06/02/06 12:25,17.1
06/02/06 12:30,15.1
06/02/06 12:35,11.4
06/02/06 12:40,13.8
06/02/06 12:45,15.7
06/02/06 12:50,17.6
06/02/06 12:55,19.3
06/02/06 13:00,21.8
06/02/06 13:05,23.6
06/02/06 13:10,24.2
06/02/06 13:15,18.8
06/02/06 13:20,13.2
06/02/06 13:25,9.5
06/02/06 13:30,7.2
06/02/06 13:35,5.9
06/02/06 13:40,5.1
06/02/06 13:45,4.4
06/02/06 13:50,4.1
06/02/06 13:55,4.0
06/02/06 14:00,3.8
06/02/06 14:05,3.6
06/02/06 14:10,2.9
06/02/06 14:15,2.7
06/02/06 14:20,2.8
06/02/06 14:25,2.9
06/02/06 14:30,2.5
06/02/06 14:35,1.7
06/02/06 14:40,0.9
06/02/06 14:45,0.5
06/02/06 14:50,0.3
06/02/06 14:55,0.2
06/02/06 15:00,0.2
06/02/06 15:05,0.2
06/02/06 15:10,0.2
06/02/06 15:15,0.3
06/02/06 15:20,0.5
06/02/06 15:25,0.8
06/02/06 15:30,0.9
06/02/06 15:35,0.9
06/02/06 15:40,0.8
06/02/06 15:45,0.7
06/02/06 15:50,0.5
06/02/06 15:55,0.4
06/02/06 16:00,0.3
06/02/06 16:05,0.2
06/02/06 16:10,0.2
06/02/06 16:15,0.2
06/02/06 16:20,0.2
06/02/06 16:25,0.3
06/02/06 16:30,0.3
06/02/06 16:35,0.2
06/02/06 16:40,0.1
06/02/06 16:45,0.1
06/02/06 16:50,0.1
06/02/06 16:55,0.0
06/02/06 17:00,0.0
06/02/06 17:05,0.0
06/02/06 17:10,0.0
06/02/06 17:15,0.0
06/02/06 17:20,0.0
06/02/06 17:25,0.0
06/02/06 17:30,0.0
06/02/06 17:35,0.0
06/02/06 17:40,0.0
06/02/06 17:45,0.0
06/02/06 17:50,0.0
06/02/06 17:55,0.0
06/02/06 18:00,0.0
06/02/06 18:05,0.0
06/02/06 18:10,0.0
06/02/06 18:15,0.0
06/02/06 18:20,0.0
06/02/06 18:25,0.0
06/02/06 18:30,0.0
06/02/06 18:35,0.0
06/02/06 18:40,0.0
06/02/06 18:45,0.0
06/02/06 18:50,0.0
06/02/06 18:55,0.0
06/02/06 19:00,0.0
06/02/06 19:05,0.0
06/02/06 19:10,0.0
06/02/06 19:15,0.0
06/02/06 19:20,0.0
06/02/06 19:25,0.0
06/02/06 19:30,0.0
06/02/06 19:35,0.0
06/02/06 19:40,0.0
06/02/06 19:45,0.0
06/02/06 19:50,0.0
06/02/06 19:55,0.0
06/02/06 20:00,0.0
06/02/06 20:05,0.0
06/02/06 20:10,0.0
06/02/06 20:15,0.0
06/02/06 20:20,0.0
06/02/06 20:25,0.0
06/02/06 20:30,0.0
06/02/06 20:35,0.0
06/02/06 20:40,0.0
06/02/06 20:45,0.0
06/02/06 20:50,0.0
06/02/06 20:55,0.0
06/02/06 21:00,0.0
06/02/06 21:05,0.0
06/02/06 21:10,0.0
06/02/06 21:15,0.0
06/02/06 21:20,0.0
06/02/06 21:25,0.0
06/02/06 21:30,0.0
06/02/06 21:35,0.0
06/02/06 21:40,0.0
06/02/06 21:45,0.0
06/02/06 21:50,0.0
06/02/06 21:55,0.0
06/02/06 22:00,0.0
06/02/06 22:05,0.0
06/02/06 22:10,0.0
06/02/06 22:15,0.0
06/02/06 22:20,0.0
06/02/06 22:25,0.0
06/02/06 22:30,0.0
06/02/06 22:35,0.0
06/02/06 22:40,0.0
06/02/06 22:45,0.0
06/02/06 22:50,0.0
06/02/06 22:55,0.0
06/02/06 23:00,0.0
06/02/06 23:05,0.0
06/02/06 23:10,0.0
06/02/06 23:15,0.0
06/02/06 23:20,0.0
06/02/06 23:25,0.0
06/02/06 23:30,0.0
06/02/06 23:35,0.0
06/02/06 23:40,0.0
06/02/06 23:45,0.0
06/02/06 23:50,0.0
06/02/06 23:55,0.0
06/03/06 00:00,0.0
06/03/06 00:05,0.0
06/03/06 00:10,0.0
06/03/06 00:15,0.0
06/03/06 00:20,0.0
06/03/06 00:25,0.0
06/03/06 00:30,0.0
06/03/06 00:35,0.0
06/03/06 00:40,0.0
06/03/06 00:45,0.0
06/03/06 00:50,0.0
06/03/06 00:55,0.0
06/03/06 01:00,0.0
06/03/06 01:05,0.0
06/03/06 01:10,0.0
06/03/06 01:15,0.0
06/03/06 01:20,0.0
06/03/06 01:25,0.0
06/03/06 01:30,0.0
06/03/06 01:35,0.0
06/03/06 01:40,0.0
06/03/06 01:45,0.0
06/03/06 01:50,0.0
06/03/06 01:55,0.0
06/03/06 02:00,0.0
06/03/06 02:05,0.0
06/03/06 02:10,0.0
06/03/06 02:15,0.0
06/03/06 02:20,0.0
06/03/06 02:25,0.0
06/03/06 02:30,0.0
06/03/06 02:35,0.0
06/03/06 02:40,0.0
06/03/06 02:45,0.0
06/03/06 02:50,0.0
06/03/06 02:55,0.0
06/03/06 03:00,0.0
06/03/06 03:05,0.0
06/03/06 03:10,0.0
06/03/06 03:15,0.0
06/03/06 03:20,0.0
06/03/06 03:25,0.0
06/03/06 03:30,0.0
06/03/06 03:35,0.0
06/03/06 03:40,0.0
06/03/06 03:45,0.0
06/03/06 03:50,0.0
06/03/06 03:55,0.0
06/03/06 04:00,0.0
06/03/06 04:05,0.0
06/03/06 04:10,0.0
06/03/06 04:15,0.0
06/03/06 04:20,0.0
06/03/06 04:25,0.0
06/03/06 04:30,0.0
06/03/06 04:35,0.0
06/03/06 04:40,0.0
06/03/06 04:45,0.0
06/03/06 04:50,0.0
06/03/06 04:55,0.0
06/03/06 05:00,0.0
06/03/06 05:05,0.0
06/03/06 05:10,0.0
06/03/06 05:15,0.0
06/03/06 05:20,0.0
06/03/06 05:25,0.0
06/03/06 05:30,0.0
06/03/06 05:35,0.1
06/03/06 05:40,0.1
06/03/06 05:45,0.3
06/03/06 05:50,0.4
06/03/06 05:55,0.7
06/03/06 06:00,1.0
06/03/06 06:05,1.4
06/03/06 06:10,1.8
06/03/06 06:15,2.9
06/03/06 06:20,3.8
06/03/06 06:25,4.4
06/03/06 06:30,5.2
06/03/06 06:35,5.6
06/03/06 06:40,6.2
06/03/06 06:45,6.8
06/03/06 06:50,7.1
06/03/06 06:55,8.0
06/03/06 07:00,8.3
06/03/06 07:05,8.3
06/03/06 07:10,8.7
06/03/06 07:15,8.5
06/03/06 07:20,8.4
06/03/06 07:25,8.5
06/03/06 07:30,8.8
06/03/06 07:35,9.3
06/03/06 07:40,9.8
06/03/06 07:45,10.5
06/03/06 07:50,11.1
06/03/06 07:55,11.7
06/03/06 08:00,12.4
06/03/06 08:05,13.0
06/03/06 08:10,13.7
06/03/06 08:15,14.5
06/03/06 08:20,14.7
06/03/06 08:25,14.1
06/03/06 08:30,13.4
06/03/06 08:35,12.8
06/03/06 08:40,12.1
06/03/06 08:45,11.5
06/03/06 08:50,11.1
06/03/06 08:55,10.3
06/03/06 09:00,9.3
06/03/06 09:05,8.0
06/03/06 09:10,6.4
06/03/06 09:15,6.6
06/03/06 09:20,11.0
06/03/06 09:25,15.5
06/03/06 09:30,18.7
06/03/06 09:35,18.9
06/03/06 09:40,18.4
06/03/06 09:45,16.7
06/03/06 09:50,15.2
06/03/06 09:55,15.7
06/03/06 10:00,16.0
06/03/06 10:05,16.6
06/03/06 10:10,17.4
06/03/06 10:15,15.1
06/03/06 10:20,13.6
06/03/06 10:25,13.1
06/03/06 10:30,13.3
06/03/06 10:35,14.0
06/03/06 10:40,15.4
06/03/06 10:45,16.7
06/03/06 10:50,18.0
06/03/06 10:55,19.5
06/03/06 11:00,20.9
06/03/06 11:05,22.1
06/03/06 11:10,23.3
06/03/06 11:15,24.2
06/03/06 11:20,24.7
06/03/06 11:25,25.2
06/03/06 11:30,24.8
06/03/06 11:35,24.1
06/03/06 11:40,24.0
06/03/06 11:45,24.4
06/03/06 11:50,24.6
06/03/06 11:55,24.5
06/03/06 12:00,24.4
06/03/06 12:05,24.4
06/03/06 12:10,23.8
06/03/06 12:15,23.1
06/03/06 12:20,23.1
06/03/06 12:25,23.2
06/03/06 12:30,24.1
06/03/06 12:35,24.2
06/03/06 12:40,24.9
06/03/06 12:45,25.1
06/03/06 12:50,24.8
06/03/06 12:55,24.6
06/03/06 13:00,24.2
06/03/06 13:05,23.9
06/03/06 13:10,23.8
06/03/06 13:15,23.9
06/03/06 13:20,23.7
06/03/06 13:25,23.6
06/03/06 13:30,23.6
06/03/06 13:35,23.6
06/03/06 13:40,23.6
06/03/06 13:45,23.8
06/03/06 13:50,23.5
06/03/06 13:55,22.8
06/03/06 14:00,22.5
06/03/06 14:05,21.8
06/03/06 14:10,20.8
06/03/06 14:15,20.4
06/03/06 14:20,20.4
06/03/06 14:25,20.2
06/03/06 14:30,19.1
06/03/06 14:35,18.7
06/03/06 14:40,18.9
06/03/06 14:45,18.9
06/03/06 14:50,18.6
06/03/06 14:55,18.2
06/03/06 15:00,17.9
06/03/06 15:05,17.5
06/03/06 15:10,16.8
06/03/06 15:15,16.5
06/03/06 15:20,16.2
06/03/06 15:25,16.0
06/03/06 15:30,15.9
06/03/06 15:35,15.6
06/03/06 15:40,15.2
06/03/06 15:45,14.7
06/03/06 15:50,14.3
06/03/06 15:55,13.8
06/03/06 16:00,13.1
06/03/06 16:05,12.4
06/03/06 16:10,11.7
06/03/06 16:15,11.1
06/03/06 16:20,10.5
06/03/06 16:25,9.9
06/03/06 16:30,9.3
06/03/06 16:35,8.7
06/03/06 16:40,8.2
06/03/06 16:45,7.6
06/03/06 16:50,7.1
06/03/06 16:55,6.6
06/03/06 17:00,6.1
06/03/06 17:05,5.7
06/03/06 17:10,5.3
06/03/06 17:15,4.8
06/03/06 17:20,4.3
06/03/06 17:25,3.8
06/03/06 17:30,2.9
06/03/06 17:35,1.7
06/03/06 17:40,1.0
06/03/06 17:45,0.6
06/03/06 17:50,0.3
06/03/06 17:55,0.2
06/03/06 18:00,0.1
06/03/06 18:05,0.1
06/03/06 18:10,0.0
06/03/06 18:15,0.0
06/03/06 18:20,0.0
06/03/06 18:25,0.0
06/03/06 18:30,0.0
06/03/06 18:35,0.0
06/03/06 18:40,0.0
06/03/06 18:45,0.0
06/03/06 18:50,0.0
06/03/06 18:55,0.0
06/03/06 19:00,0.0
06/03/06 19:05,0.0
06/03/06 19:10,0.0
06/03/06 19:15,0.0
06/03/06 19:20,0.0
06/03/06 19:25,0.0
06/03/06 19:30,0.0
06/03/06 19:35,0.0
06/03/06 19:40,0.0
06/03/06 19:45,0.0
06/03/06 19:50,0.0
06/03/06 19:55,0.0
06/03/06 20:00,0.0
06/03/06 20:05,0.0
06/03/06 20:10,0.0
06/03/06 20:15,0.0
06/03/06 20:20,0.0
06/03/06 20:25,0.0
06/03/06 20:30,0.0
06/03/06 20:35,0.0
06/03/06 20:40,0.0
06/03/06 20:45,0.0
06/03/06 20:50,0.0
06/03/06 20:55,0.0
06/03/06 21:00,0.0
06/03/06 21:05,0.0
06/03/06 21:10,0.0
06/03/06 21:15,0.0
06/03/06 21:20,0.0
06/03/06 21:25,0.0
06/03/06 21:30,0.0
06/03/06 21:35,0.0
06/03/06 21:40,0.0
06/03/06 21:45,0.0
06/03/06 21:50,0.0
06/03/06 21:55,0.0
06/03/06 22:00,0.0
06/03/06 22:05,0.0
06/03/06 22:10,0.0
06/03/06 22:15,0.0
06/03/06 22:20,0.0
06/03/06 22:25,0.0
06/03/06 22:30,0.0
06/03/06 22:35,0.0
06/03/06 22:40,0.0
06/03/06 22:45,0.0
06/03/06 22:50,0.0
06/03/06 22:55,0.0
06/03/06 23:00,0.0
06/03/06 23:05,0.0
06/03/06 23:10,0.0
06/03/06 23:15,0.0
06/03/06 23:20,0.0
06/03/06 23:25,0.0
06/03/06 23:30,0.0
06/03/06 23:35,0.0
06/03/06 23:40,0.0
06/03/06 23:45,0.0
06/03/06 23:50,0.0
06/03/06 23:55,0.0
06/04/06 00:00,0.0
06/04/06 00:05,0.0
06/04/06 00:10,0.0
06/04/06 00:15,0.0
06/04/06 00:20,0.0
06/04/06 00:25,0.0
06/04/06 00:30,0.0
06/04/06 00:35,0.0
06/04/06 00:40,0.0
06/04/06 00:45,0.0
06/04/06 00:50,0.0
06/04/06 00:55,0.0
06/04/06 01:00,0.0
06/04/06 01:05,0.0
06/04/06 01:10,0.0
06/04/06 01:15,0.0
06/04/06 01:20,0.0
06/04/06 01:25,0.0
06/04/06 01:30,0.0
06/04/06 01:35,0.0
06/04/06 01:40,0.0
06/04/06 01:45,0.0
06/04/06 01:50,0.0
06/04/06 01:55,0.0
06/04/06 02:00,0.0
06/04/06 02:05,0.0
06/04/06 02:10,0.0
06/04/06 02:15,0.0
06/04/06 02:20,0.0
06/04/06 02:25,0.0
06/04/06 02:30,0.0
06/04/06 02:35,0.0
06/04/06 02:40,0.0
06/04/06 02:45,0.0
06/04/06 02:50,0.0
06/04/06 02:55,0.0
06/04/06 03:00,0.0
06/04/06 03:05,0.0
06/04/06 03:10,0.0
06/04/06 03:15,0.0
06/04/06 03:20,0.0
06/04/06 03:25,0.0
06/04/06 03:30,0.0
06/04/06 03:35,0.0
06/04/06 03:40,0.0
06/04/06 03:45,0.0
06/04/06 03:50,0.0
06/04/06 03:55,0.0
06/04/06 04:00,0.0
06/04/06 04:05,0.0
06/04/06 04:10,0.0
06/04/06 04:15,0.0
06/04/06 04:20,0.0
06/04/06 04:25,0.0
06/04/06 04:30,0.0
06/04/06 04:35,0.0
06/04/06 04:40,0.0
06/04/06 04:45,0.0
06/04/06 04:50,0.0
06/04/06 04:55,0.0
06/04/06 05:00,0.0
06/04/06 05:05,0.0
06/04/06 05:10,0.0
06/04/06 05:15,0.0
06/04/06 05:20,0.0
06/04/06 05:25,0.0
06/04/06 05:30,0.0
06/04/06 05:35,0.1
06/04/06 05:40,0.1
06/04/06 05:45,0.2
06/04/06 05:50,0.4
06/04/06 05:55,0.7
06/04/06 06:00,1.1
06/04/06 06:05,1.7
06/04/06 06:10,2.9
06/04/06 06:15,3.7
06/04/06 06:20,4.1
06/04/06 06:25,4.5
06/04/06 06:30,4.9
06/04/06 06:35,5.1
06/04/06 06:40,5.4
06/04/06 06:45,5.7
06/04/06 06:50,6.0
06/04/06 06:55,6.5
06/04/06 07:00,7.2
06/04/06 07:05,8.1
06/04/06 07:10,8.9
06/04/06 07:15,9.7
06/04/06 07:20,10.4
06/04/06 07:25,11.1
06/04/06 07:30,11.7
06/04/06 07:35,12.3
06/04/06 07:40,12.8
06/04/06 07:45,13.4
06/04/06 07:50,13.9
06/04/06 07:55,14.4
06/04/06 08:00,14.9
06/04/06 08:05,15.4
06/04/06 08:10,16.0
06/04/06 08:15,16.5
06/04/06 08:20,17.1
06/04/06 08:25,17.6
06/04/06 08:30,18.1
06/04/06 08:35,18.5
06/04/06 08:40,19.0
06/04/06 08:45,19.4
06/04/06 08:50,19.9
06/04/06 08:55,20.2
06/04/06 09:00,20.6
06/04/06 09:05,21.0
06/04/06 09:10,21.5
06/04/06 09:15,21.8
06/04/06 09:20,21.9
06/04/06 09:25,22.0
06/04/06 09:30,22.3
06/04/06 09:35,22.7
06/04/06 09:40,23.2
06/04/06 09:45,23.7
06/04/06 09:50,24.2
06/04/06 09:55,24.6
06/04/06 10:00,25.0
06/04/06 10:05,25.5
06/04/06 10:10,25.9
06/04/06 10:15,25.8
06/04/06 10:20,25.1
06/04/06 10:25,24.7
06/04/06 10:30,24.4
06/04/06 10:35,24.2
06/04/06 10:40,24.1
06/04/06 10:45,24.1
06/04/06 10:50,24.1
06/04/06 10:55,24.1
06/04/06 11:00,24.2
06/04/06 11:05,24.3
06/04/06 11:10,24.5
06/04/06 11:15,24.9
06/04/06 11:20,25.4
06/04/06 11:25,25.7
06/04/06 11:30,25.9
06/04/06 11:35,26.1
06/04/06 11:40,26.2
06/04/06 11:45,26.6
06/04/06 11:50,26.8
06/04/06 11:55,27.0
06/04/06 12:00,26.9
06/04/06 12:05,26.7
06/04/06 12:10,26.5
06/04/06 12:15,26.4
06/04/06 12:20,26.4
06/04/06 12:25,26.1
06/04/06 12:30,26.7
06/04/06 12:35,27.3
06/04/06 12:40,27.2
06/04/06 12:45,27.0
06/04/06 12:50,26.7
06/04/06 12:55,26.2
06/04/06 13:00,25.9
06/04/06 13:05,26.1
06/04/06 13:10,26.5
06/04/06 13:15,26.3
06/04/06 13:20,25.4
06/04/06 13:25,24.8
06/04/06 13:30,24.5
06/04/06 13:35,24.1
06/04/06 13:40,23.9
06/04/06 13:45,23.7
06/04/06 13:50,23.5
06/04/06 13:55,23.3
06/04/06 14:00,23.0
06/04/06 14:05,22.8
06/04/06 14:10,22.6
06/04/06 14:15,21.7
06/04/06 14:20,20.4
06/04/06 14:25,19.9
06/04/06 14:30,19.6
06/04/06 14:35,19.9
06/04/06 14:40,20.3
06/04/06 14:45,20.8
06/04/06 14:50,20.6
06/04/06 14:55,16.4
06/04/06 15:00,13.0
06/04/06 15:05,11.5
06/04/06 15:10,9.9
06/04/06 15:15,11.1
06/04/06 15:20,12.8
06/04/06 15:25,13.7
06/04/06 15:30,14.1
06/04/06 15:35,14.2
06/04/06 15:40,13.9
06/04/06 15:45,13.6
06/04/06 15:50,13.2
06/04/06 15:55,12.8
06/04/06 16:00,12.4
06/04/06 16:05,12.0
06/04/06 16:10,11.6
06/04/06 16:15,11.0
06/04/06 16:20,10.3
06/04/06 16:25,9.7
06/04/06 16:30,9.1
06/04/06 16:35,8.4
06/04/06 16:40,7.8
06/04/06 16:45,7.3
06/04/06 16:50,6.7
06/04/06 16:55,6.2
06/04/06 17:00,5.7
06/04/06 17:05,5.3
06/04/06 17:10,4.9
06/04/06 17:15,4.5
06/04/06 17:20,4.1
06/04/06 17:25,3.7
06/04/06 17:30,2.9
06/04/06 17:35,1.8
06/04/06 17:40,1.1
06/04/06 17:45,0.6
06/04/06 17:50,0.3
06/04/06 17:55,0.2
06/04/06 18:00,0.1
06/04/06 18:05,0.0
06/04/06 18:10,0.0
06/04/06 18:15,0.0
06/04/06 18:20,0.0
06/04/06 18:25,0.0
06/04/06 18:30,0.0
06/04/06 18:35,0.0
06/04/06 18:40,0.0
06/04/06 18:45,0.0
06/04/06 18:50,0.0
06/04/06 18:55,0.0
06/04/06 19:00,0.0
06/04/06 19:05,0.0
06/04/06 19:10,0.0
06/04/06 19:15,0.0
06/04/06 19:20,0.0
06/04/06 19:25,0.0
06/04/06 19:30,0.0
06/04/06 19:35,0.0
06/04/06 19:40,0.0
06/04/06 19:45,0.0
06/04/06 19:50,0.0
06/04/06 19:55,0.0
06/04/06 20:00,0.0
06/04/06 20:05,0.0
06/04/06 20:10,0.0
06/04/06 20:15,0.0
06/04/06 20:20,0.0
06/04/06 20:25,0.0
06/04/06 20:30,0.0
06/04/06 20:35,0.0
06/04/06 20:40,0.0
06/04/06 20:45,0.0
06/04/06 20:50,0.0
06/04/06 20:55,0.0
06/04/06 21:00,0.0
06/04/06 21:05,0.0
06/04/06 21:10,0.0
06/04/06 21:15,0.0
06/04/06 21:20,0.0
06/04/06 21:25,0.0
06/04/06 21:30,0.0
06/04/06 21:35,0.0
06/04/06 21:40,0.0
06/04/06 21:45,0.0
06/04/06 21:50,0.0
06/04/06 21:55,0.0
06/04/06 22:00,0.0
06/04/06 22:05,0.0
06/04/06 22:10,0.0
06/04/06 22:15,0.0
06/04/06 22:20,0.0
06/04/06 22:25,0.0
06/04/06 22:30,0.0
06/04/06 22:35,0.0
06/04/06 22:40,0.0
06/04/06 22:45,0.0
06/04/06 22:50,0.0
06/04/06 22:55,0.0
06/04/06 23:00,0.0
06/04/06 23:05,0.0
06/04/06 23:10,0.0
06/04/06 23:15,0.0
06/04/06 23:20,0.0
06/04/06 23:25,0.0
06/04/06 23:30,0.0
06/04/06 23:35,0.0
06/04/06 23:40,0.0
06/04/06 23:45,0.0
06/04/06 23:50,0.0
06/04/06 23:55,0.0
06/05/06 00:00,0.0
06/05/06 00:05,0.0
06/05/06 00:10,0.0
06/05/06 00:15,0.0
06/05/06 00:20,0.0
06/05/06 00:25,0.0
06/05/06 00:30,0.0
06/05/06 00:35,0.0
06/05/06 00:40,0.0
06/05/06 00:45,0.0
06/05/06 00:50,0.0
06/05/06 00:55,0.0
06/05/06 01:00,0.0
06/05/06 01:05,0.0
06/05/06 01:10,0.0
06/05/06 01:15,0.0
06/05/06 01:20,0.0
06/05/06 01:25,0.0
06/05/06 01:30,0.0
06/05/06 01:35,0.0
06/05/06 01:40,0.0
06/05/06 01:45,0.0
06/05/06 01:50,0.0
06/05/06 01:55,0.0
06/05/06 02:00,0.0
06/05/06 02:05,0.0
06/05/06 02:10,0.0
06/05/06 02:15,0.0
06/05/06 02:20,0.0
06/05/06 02:25,0.0
06/05/06 02:30,0.0
06/05/06 02:35,0.0
06/05/06 02:40,0.0
06/05/06 02:45,0.0
06/05/06 02:50,0.0
06/05/06 02:55,0.0
06/05/06 03:00,0.0
06/05/06 03:05,0.0
06/05/06 03:10,0.0
06/05/06 03:15,0.0
06/05/06 03:20,0.0
06/05/06 03:25,0.0
06/05/06 03:30,0.0
06/05/06 03:35,0.0
06/05/06 03:40,0.0
06/05/06 03:45,0.0
06/05/06 03:50,0.0
06/05/06 03:55,0.0
06/05/06 04:00,0.0
06/05/06 04:05,0.0
06/05/06 04:10,0.0
06/05/06 04:15,0.0
06/05/06 04:20,0.0
06/05/06 04:25,0.0
06/05/06 04:30,0.0
06/05/06 04:35,0.0
06/05/06 04:40,0.0
06/05/06 04:45,0.0
06/05/06 04:50,0.0
06/05/06 04:55,0.0
06/05/06 05:00,0.0
06/05/06 05:05,0.0
06/05/06 05:10,0.0
06/05/06 05:15,0.0
06/05/06 05:20,0.0
06/05/06 05:25,0.0
06/05/06 05:30,0.0
06/05/06 05:35,0.0
06/05/06 05:40,0.0
06/05/06 05:45,0.0
06/05/06 05:50,0.0
06/05/06 05:55,0.0
06/05/06 06:00,0.0
06/05/06 06:05,0.0
06/05/06 06:10,0.0
06/05/06 06:15,0.0
06/05/06 06:20,0.0
06/05/06 06:25,0.0
06/05/06 06:30,0.1
06/05/06 06:35,0.1
06/05/06 06:40,0.1
06/05/06 06:45,0.1
06/05/06 06:50,0.2
06/05/06 06:55,0.4
06/05/06 07:00,0.6
06/05/06 07:05,0.9
06/05/06 07:10,2.7
06/05/06 07:15,4.6
06/05/06 07:20,6.6
06/05/06 07:25,7.5
06/05/06 07:30,7.9
06/05/06 07:35,8.6
06/05/06 07:40,9.6
06/05/06 07:45,10.4
06/05/06 07:50,9.7
06/05/06 07:55,9.1
06/05/06 08:00,9.7
06/05/06 08:05,9.3
06/05/06 08:10,9.2
06/05/06 08:15,8.7
06/05/06 08:20,9.1
06/05/06 08:25,10.6
06/05/06 08:30,12.0
06/05/06 08:35,13.0
06/05/06 08:40,13.6
06/05/06 08:45,14.7
06/05/06 08:50,16.0
06/05/06 08:55,17.8
06/05/06 09:00,19.9
06/05/06 09:05,21.0
06/05/06 09:10,20.4
06/05/06 09:15,18.3
06/05/06 09:20,16.4
06/05/06 09:25,15.5
06/05/06 09:30,15.3
06/05/06 09:35,15.7
06/05/06 09:40,16.3
06/05/06 09:45,17.0
06/05/06 09:50,18.0
06/05/06 09:55,19.1
06/05/06 10:00,20.0
06/05/06 10:05,20.8
06/05/06 10:10,21.8
06/05/06 10:15,22.7
06/05/06 10:20,23.3
06/05/06 10:25,23.7
06/05/06 10:30,24.1
06/05/06 10:35,24.3
06/05/06 10:40,24.5
06/05/06 10:45,24.7
06/05/06 10:50,25.1
06/05/06 10:55,25.4
06/05/06 11:00,25.7
06/05/06 11:05,25.8
06/05/06 11:10,25.9
06/05/06 11:15,26.0
06/05/06 11:20,26.2
06/05/06 11:25,26.4
06/05/06 11:30,26.5
06/05/06 11:35,26.8
06/05/06 11:40,26.8
06/05/06 11:45,26.9
06/05/06 11:50,26.9
06/05/06 11:55,26.9
06/05/06 12:00,26.9
06/05/06 12:05,27.1
06/05/06 12:10,27.3
06/05/06 12:15,27.1
06/05/06 12:20,26.1
06/05/06 12:25,24.9
06/05/06 12:30,24.2
06/05/06 12:35,23.9
06/05/06 12:40,23.4
06/05/06 12:45,22.5
06/05/06 12:50,21.8
06/05/06 12:55,21.4
06/05/06 13:00,21.4
06/05/06 13:05,21.7
06/05/06 13:10,22.1
06/05/06 13:15,22.6
06/05/06 13:20,23.1
06/05/06 13:25,23.2
06/05/06 13:30,22.9
06/05/06 13:35,22.5
06/05/06 13:40,22.0
06/05/06 13:45,21.4
06/05/06 13:50,21.0
06/05/06 13:55,20.6
06/05/06 14:00,20.0
06/05/06 14:05,19.5
06/05/06 14:10,19.0
06/05/06 14:15,18.6
06/05/06 14:20,18.5
06/05/06 14:25,18.7
06/05/06 14:30,19.6
06/05/06 14:35,19.9
06/05/06 14:40,19.6
06/05/06 14:45,19.1
06/05/06 14:50,18.5
06/05/06 14:55,17.8
06/05/06 15:00,16.8
06/05/06 15:05,15.9
06/05/06 15:10,15.1
06/05/06 15:15,15.2
06/05/06 15:20,15.4
06/05/06 15:25,15.2
06/05/06 15:30,14.9
06/05/06 15:35,14.4
06/05/06 15:40,13.9
06/05/06 15:45,13.4
06/05/06 15:50,12.8
06/05/06 15:55,12.3
06/05/06 16:00,11.7
06/05/06 16:05,11.0
06/05/06 16:10,10.5
06/05/06 16:15,9.9
06/05/06 16:20,9.4
06/05/06 16:25,9.0
06/05/06 16:30,8.7
06/05/06 16:35,8.4
06/05/06 16:40,8.0
06/05/06 16:45,7.6
06/05/06 16:50,7.2
06/05/06 16:55,6.7
06/05/06 17:00,6.3
06/05/06 17:05,5.9
06/05/06 17:10,5.5
06/05/06 17:15,5.0
06/05/06 17:20,4.5
06/05/06 17:25,4.0
06/05/06 17:30,3.5
06/05/06 17:35,2.1
06/05/06 17:40,1.2
06/05/06 17:45,0.7
06/05/06 17:50,0.4
06/05/06 17:55,0.2
06/05/06 18:00,0.1
06/05/06 18:05,0.1
06/05/06 18:10,0.0
06/05/06 18:15,0.0
06/05/06 18:20,0.0
06/05/06 18:25,0.0
06/05/06 18:30,0.0
06/05/06 18:35,0.0
06/05/06 18:40,0.0
06/05/06 18:45,0.0
06/05/06 18:50,0.0
06/05/06 18:55,0.0
06/05/06 19:00,0.0
06/05/06 19:05,0.0
06/05/06 19:10,0.0
06/05/06 19:15,0.0
06/05/06 19:20,0.0
06/05/06 19:25,0.0
06/05/06 19:30,0.0
06/05/06 19:35,0.0
06/05/06 19:40,0.0
06/05/06 19:45,0.0
06/05/06 19:50,0.0
06/05/06 19:55,0.0
06/05/06 20:00,0.0
06/05/06 20:05,0.0
06/05/06 20:10,0.0
06/05/06 20:15,0.0
06/05/06 20:20,0.0
06/05/06 20:25,0.0
06/05/06 20:30,0.0
06/05/06 20:35,0.0
06/05/06 20:40,0.0
06/05/06 20:45,0.0
06/05/06 20:50,0.0
06/05/06 20:55,0.0
06/05/06 21:00,0.0
06/05/06 21:05,0.0
06/05/06 21:10,0.0
06/05/06 21:15,0.0
06/05/06 21:20,0.0
06/05/06 21:25,0.0
06/05/06 21:30,0.0
06/05/06 21:35,0.0
06/05/06 21:40,0.0
06/05/06 21:45,0.0
06/05/06 21:50,0.0
06/05/06 21:55,0.0
06/05/06 22:00,0.0
06/05/06 22:05,0.0
06/05/06 22:10,0.0
06/05/06 22:15,0.0
06/05/06 22:20,0.0
06/05/06 22:25,0.0
06/05/06 22:30,0.0
06/05/06 22:35,0.0
06/05/06 22:40,0.0
06/05/06 22:45,0.0
06/05/06 22:50,0.0
06/05/06 22:55,0.0
06/05/06 23:00,0.0
06/05/06 23:05,0.0
06/05/06 23:10,0.0
06/05/06 23:15,0.0
06/05/06 23:20,0.0
06/05/06 23:25,0.0
06/05/06 23:30,0.0
06/05/06 23:35,0.0
06/05/06 23:40,0.0
06/05/06 23:45,0.0
06/05/06 23:50,0.0
06/05/06 23:55,0.0
06/06/06 00:00,0.0
06/06/06 00:05,0.0
06/06/06 00:10,0.0
06/06/06 00:15,0.0
06/06/06 00:20,0.0
06/06/06 00:25,0.0
06/06/06 00:30,0.0
06/06/06 00:35,0.0
06/06/06 00:40,0.0
06/06/06 00:45,0.0
06/06/06 00:50,0.0
06/06/06 00:55,0.0
06/06/06 01:00,0.0
06/06/06 01:05,0.0
06/06/06 01:10,0.0
06/06/06 01:15,0.0
06/06/06 01:20,0.0
06/06/06 01:25,0.0
06/06/06 01:30,0.0
06/06/06 01:35,0.0
06/06/06 01:40,0.0
06/06/06 01:45,0.0
06/06/06 01:50,0.0
06/06/06 01:55,0.0
06/06/06 02:00,0.0
06/06/06 02:05,0.0
06/06/06 02:10,0.0
06/06/06 02:15,0.0
06/06/06 02:20,0.0
06/06/06 02:25,0.0
06/06/06 02:30,0.0
06/06/06 02:35,0.0
06/06/06 02:40,0.0
06/06/06 02:45,0.0
06/06/06 02:50,0.0
06/06/06 02:55,0.0
06/06/06 03:00,0.0
06/06/06 03:05,0.0
06/06/06 03:10,0.0
06/06/06 03:15,0.0
06/06/06 03:20,0.0
06/06/06 03:25,0.0
06/06/06 03:30,0.0
06/06/06 03:35,0.0
06/06/06 03:40,0.0
06/06/06 03:45,0.0
06/06/06 03:50,0.0
06/06/06 03:55,0.0
06/06/06 04:00,0.0
06/06/06 04:05,0.0
06/06/06 04:10,0.0
06/06/06 04:15,0.0
06/06/06 04:20,0.0
06/06/06 04:25,0.0
06/06/06 04:30,0.0
06/06/06 04:35,0.0
06/06/06 04:40,0.0
06/06/06 04:45,0.0
06/06/06 04:50,0.0
06/06/06 04:55,0.0
06/06/06 05:00,0.0
06/06/06 05:05,0.0
06/06/06 05:10,0.0
06/06/06 05:15,0.0
06/06/06 05:20,0.0
06/06/06 05:25,0.0
06/06/06 05:30,0.0
06/06/06 05:35,0.1
06/06/06 05:40,0.2
06/06/06 05:45,0.3
06/06/06 05:50,0.5
06/06/06 05:55,0.8
06/06/06 06:00,1.4
06/06/06 06:05,2.1
06/06/06 06:10,3.4
06/06/06 06:15,3.9
06/06/06 06:20,4.5
06/06/06 06:25,5.2
06/06/06 06:30,5.9
06/06/06 06:35,6.5
06/06/06 06:40,7.0
06/06/06 06:45,7.6
06/06/06 06:50,8.2
06/06/06 06:55,8.8
06/06/06 07:00,9.3
06/06/06 07:05,9.9
06/06/06 07:10,10.3
06/06/06 07:15,10.4
06/06/06 07:20,10.6
06/06/06 07:25,11.0
06/06/06 07:30,11.5
06/06/06 07:35,12.0
06/06/06 07:40,12.5
06/06/06 07:45,13.1
06/06/06 07:50,13.7
06/06/06 07:55,14.2
06/06/06 08:00,14.6
06/06/06 08:05,15.0
06/06/06 08:10,15.3
06/06/06 08:15,15.8
06/06/06 08:20,16.4
06/06/06 08:25,16.9
06/06/06 08:30,17.4
06/06/06 08:35,17.7
06/06/06 08:40,18.0
06/06/06 08:45,18.2
06/06/06 08:50,18.4
06/06/06 08:55,18.6
06/06/06 09:00,18.8
06/06/06 09:05,19.0
06/06/06 09:10,19.4
06/06/06 09:15,19.7
06/06/06 09:20,20.2
06/06/06 09:25,20.7
06/06/06 09:30,21.2
06/06/06 09:35,21.5
06/06/06 09:40,21.9
06/06/06 09:45,22.1
06/06/06 09:50,22.5
06/06/06 09:55,22.9
06/06/06 10:00,23.2
06/06/06 10:05,23.5
06/06/06 10:10,23.7
06/06/06 10:15,24.1
06/06/06 10:20,24.6
06/06/06 10:25,25.1
06/06/06 10:30,25.5
06/06/06 10:35,26.0
06/06/06 10:40,26.4
06/06/06 10:45,26.7
06/06/06 10:50,26.9
06/06/06 10:55,27.2
06/06/06 11:00,27.3
06/06/06 11:05,27.3
06/06/06 11:10,27.3
06/06/06 11:15,27.2
06/06/06 11:20,27.1
06/06/06 11:25,27.1
06/06/06 11:30,27.1
06/06/06 11:35,27.1
06/06/06 11:40,27.0
06/06/06 11:45,27.1
06/06/06 11:50,27.1
06/06/06 11:55,27.0
06/06/06 12:00,26.8
06/06/06 12:05,26.3
06/06/06 12:10,25.8
06/06/06 12:15,25.8
06/06/06 12:20,26.2
06/06/06 12:25,26.5
06/06/06 12:30,26.6
06/06/06 12:35,26.3
06/06/06 12:40,25.9
06/06/06 12:45,25.4
06/06/06 12:50,25.3
06/06/06 12:55,25.1
06/06/06 13:00,24.9
06/06/06 13:05,24.6
06/06/06 13:10,24.1
06/06/06 13:15,24.1
06/06/06 13:20,24.3
06/06/06 13:25,24.3
06/06/06 13:30,24.3
06/06/06 13:35,24.3
06/06/06 13:40,24.2
06/06/06 13:45,24.1
06/06/06 13:50,24.0
06/06/06 13:55,23.8
06/06/06 14:00,23.5
06/06/06 14:05,23.2
06/06/06 14:10,23.1
06/06/06 14:15,22.7
06/06/06 14:20,22.2
06/06/06 14:25,21.9
06/06/06 14:30,21.6
06/06/06 14:35,21.4
06/06/06 14:40,20.8
06/06/06 14:45,20.4
06/06/06 14:50,19.8
06/06/06 14:55,19.4
06/06/06 15:00,19.3
06/06/06 15:05,19.2
06/06/06 15:10,19.0
06/06/06 15:15,18.3
06/06/06 15:20,17.3
06/06/06 15:25,16.4
06/06/06 15:30,15.8
06/06/06 15:35,15.2
06/06/06 15:40,14.6
06/06/06 15:45,14.0
06/06/06 15:50,13.5
06/06/06 15:55,13.1
06/06/06 16:00,12.5
06/06/06 16:05,12.1
06/06/06 16:10,11.6
06/06/06 16:15,11.0
06/06/06 16:20,10.3
06/06/06 16:25,9.7
06/06/06 16:30,9.2
06/06/06 16:35,8.7
06/06/06 16:40,8.2
06/06/06 16:45,7.8
06/06/06 16:50,7.3
06/06/06 16:55,6.9
06/06/06 17:00,6.4
06/06/06 17:05,5.8
06/06/06 17:10,5.3
06/06/06 17:15,4.9
06/06/06 17:20,4.3
06/06/06 17:25,3.9
06/06/06 17:30,3.4
06/06/06 17:35,2.1
06/06/06 17:40,1.3
06/06/06 17:45,0.8
06/06/06 17:50,0.5
06/06/06 17:55,0.3
06/06/06 18:00,0.1
06/06/06 18:05,0.1
06/06/06 18:10,0.0
06/06/06 18:15,0.0
06/06/06 18:20,0.0
06/06/06 18:25,0.0
06/06/06 18:30,0.0
06/06/06 18:35,0.0
06/06/06 18:40,0.0
06/06/06 18:45,0.0
06/06/06 18:50,0.0
06/06/06 18:55,0.0
06/06/06 19:00,0.0
06/06/06 19:05,0.0
06/06/06 19:10,0.0
06/06/06 19:15,0.0
06/06/06 19:20,0.0
06/06/06 19:25,0.0
06/06/06 19:30,0.0
06/06/06 19:35,0.0
06/06/06 19:40,0.0
06/06/06 19:45,0.0
06/06/06 19:50,0.0
06/06/06 19:55,0.0
06/06/06 20:00,0.0
06/06/06 20:05,0.0
06/06/06 20:10,0.0
06/06/06 20:15,0.0
06/06/06 20:20,0.0
06/06/06 20:25,0.0
06/06/06 20:30,0.0
06/06/06 20:35,0.0
06/06/06 20:40,0.0
06/06/06 20:45,0.0
06/06/06 20:50,0.0
06/06/06 20:55,0.0
06/06/06 21:00,0.0
06/06/06 21:05,0.0
06/06/06 21:10,0.0
06/06/06 21:15,0.0
06/06/06 21:20,0.0
06/06/06 21:25,0.0
06/06/06 21:30,0.0
06/06/06 21:35,0.0
06/06/06 21:40,0.0
06/06/06 21:45,0.0
06/06/06 21:50,0.0
06/06/06 21:55,0.0
06/06/06 22:00,0.0
06/06/06 22:05,0.0
06/06/06 22:10,0.0
06/06/06 22:15,0.0
06/06/06 22:20,0.0
06/06/06 22:25,0.0
06/06/06 22:30,0.0
06/06/06 22:35,0.0
06/06/06 22:40,0.0
06/06/06 22:45,0.0
06/06/06 22:50,0.0
06/06/06 22:55,0.0
06/06/06 23:00,0.0
06/06/06 23:05,0.0
06/06/06 23:10,0.0
06/06/06 23:15,0.0
06/06/06 23:20,0.0
06/06/06 23:25,0.0
06/06/06 23:30,0.0
06/06/06 23:35,0.0
06/06/06 23:40,0.0
06/06/06 23:45,0.0
06/06/06 23:50,0.0
06/06/06 23:55,0.0
06/07/06 00:00,0.0
06/07/06 00:05,0.0
06/07/06 00:10,0.0
06/07/06 00:15,0.0
06/07/06 00:20,0.0
06/07/06 00:25,0.0
06/07/06 00:30,0.0
06/07/06 00:35,0.0
06/07/06 00:40,0.0
06/07/06 00:45,0.0
06/07/06 00:50,0.0
06/07/06 00:55,0.0
06/07/06 01:00,0.0
06/07/06 01:05,0.0
06/07/06 01:10,0.0
06/07/06 01:15,0.0
06/07/06 01:20,0.0
06/07/06 01:25,0.0
06/07/06 01:30,0.0
06/07/06 01:35,0.0
06/07/06 01:40,0.0
06/07/06 01:45,0.0
06/07/06 01:50,0.0
06/07/06 01:55,0.0
06/07/06 02:00,0.0
06/07/06 02:05,0.0
06/07/06 02:10,0.0
06/07/06 02:15,0.0
06/07/06 02:20,0.0
06/07/06 02:25,0.0
06/07/06 02:30,0.0
06/07/06 02:35,0.0
06/07/06 02:40,0.0
06/07/06 02:45,0.0
06/07/06 02:50,0.0
06/07/06 02:55,0.0
06/07/06 03:00,0.0
06/07/06 03:05,0.0
06/07/06 03:10,0.0
06/07/06 03:15,0.0
06/07/06 03:20,0.0
06/07/06 03:25,0.0
06/07/06 03:30,0.0
06/07/06 03:35,0.0
06/07/06 03:40,0.0
06/07/06 03:45,0.0
06/07/06 03:50,0.0
06/07/06 03:55,0.0
06/07/06 04:00,0.0
06/07/06 04:05,0.0
06/07/06 04:10,0.0
06/07/06 04:15,0.0
06/07/06 04:20,0.0
06/07/06 04:25,0.0
06/07/06 04:30,0.0
06/07/06 04:35,0.0
06/07/06 04:40,0.0
06/07/06 04:45,0.0
06/07/06 04:50,0.0
06/07/06 04:55,0.0
06/07/06 05:00,0.0
06/07/06 05:05,0.0
06/07/06 05:10,0.0
06/07/06 05:15,0.0
06/07/06 05:20,0.0
06/07/06 05:25,0.0
06/07/06 05:30,0.1
06/07/06 05:35,0.1
06/07/06 05:40,0.2
06/07/06 05:45,0.4
06/07/06 05:50,1.0
06/07/06 05:55,1.5
06/07/06 06:00,1.9
06/07/06 06:05,2.9
06/07/06 06:10,3.5
06/07/06 06:15,3.8
06/07/06 06:20,4.1
06/07/06 06:25,4.0
06/07/06 06:30,4.6
06/07/06 06:35,5.2
06/07/06 06:40,6.0
06/07/06 06:45,6.5
06/07/06 06:50,6.9
06/07/06 06:55,7.2
06/07/06 07:00,7.9
06/07/06 07:05,8.5
06/07/06 07:10,8.9
06/07/06 07:15,9.5
06/07/06 07:20,9.6
06/07/06 07:25,9.8
06/07/06 07:30,9.7
06/07/06 07:35,9.5
06/07/06 07:40,9.8
06/07/06 07:45,10.5
06/07/06 07:50,11.0
06/07/06 07:55,11.5
06/07/06 08:00,12.0
06/07/06 08:05,11.5
06/07/06 08:10,12.0
06/07/06 08:15,11.9
06/07/06 08:20,10.4
06/07/06 08:25,9.9
06/07/06 08:30,11.1
06/07/06 08:35,12.2
06/07/06 08:40,13.7
06/07/06 08:45,15.4
06/07/06 08:50,16.4
06/07/06 08:55,16.9
06/07/06 09:00,16.8
06/07/06 09:05,17.7
06/07/06 09:10,17.5
06/07/06 09:15,17.7
06/07/06 09:20,17.8
06/07/06 09:25,18.1
06/07/06 09:30,17.8
06/07/06 09:35,18.0
06/07/06 09:40,17.9
06/07/06 09:45,18.7
06/07/06 09:50,20.6
06/07/06 09:55,21.2
06/07/06 10:00,20.2
06/07/06 10:05,19.7
06/07/06 10:10,19.5
06/07/06 10:15,19.6
06/07/06 10:20,19.4
06/07/06 10:25,19.5
06/07/06 10:30,20.0
06/07/06 10:35,20.7
06/07/06 10:40,21.4
06/07/06 10:45,22.0
06/07/06 10:50,22.3
06/07/06 10:55,22.6
06/07/06 11:00,22.7
06/07/06 11:05,23.1
06/07/06 11:10,23.7
06/07/06 11:15,24.0
06/07/06 11:20,24.0
06/07/06 11:25,23.6
06/07/06 11:30,22.7
06/07/06 11:35,22.7
06/07/06 11:40,23.2
06/07/06 11:45,23.5
06/07/06 11:50,23.3
06/07/06 11:55,23.0
06/07/06 12:00,21.8
06/07/06 12:05,22.7
06/07/06 12:10,22.4
06/07/06 12:15,23.4
06/07/06 12:20,24.5
06/07/06 12:25,25.2
06/07/06 12:30,25.5
06/07/06 12:35,25.6
06/07/06 12:40,25.5
06/07/06 12:45,25.3
06/07/06 12:50,25.1
06/07/06 12:55,24.9
06/07/06 13:00,24.6
06/07/06 13:05,24.4
06/07/06 13:10,24.1
06/07/06 13:15,23.8
06/07/06 13:20,21.9
06/07/06 13:25,20.4
06/07/06 13:30,17.6
06/07/06 13:35,14.4
06/07/06 13:40,12.0
06/07/06 13:45,10.2
06/07/06 13:50,11.0
06/07/06 13:55,13.4
06/07/06 14:00,15.6
06/07/06 14:05,16.4
06/07/06 14:10,16.6
06/07/06 14:15,16.7
06/07/06 14:20,13.7
06/07/06 14:25,10.6
06/07/06 14:30,8.4
06/07/06 14:35,7.4
06/07/06 14:40,7.7
06/07/06 14:45,8.8
06/07/06 14:50,12.1
06/07/06 14:55,14.2
06/07/06 15:00,10.9
06/07/06 15:05,8.0
06/07/06 15:10,4.8
06/07/06 15:15,5.4
06/07/06 15:20,4.6
06/07/06 15:25,3.6
06/07/06 15:30,2.1
06/07/06 15:35,1.5
06/07/06 15:40,1.3
06/07/06 15:45,2.0
06/07/06 15:50,6.2
06/07/06 15:55,8.5
06/07/06 16:00,9.5
06/07/06 16:05,9.9
06/07/06 16:10,9.8
06/07/06 16:15,7.6
06/07/06 16:20,5.7
06/07/06 16:25,4.6
06/07/06 16:30,3.8
06/07/06 16:35,3.4
06/07/06 16:40,2.8
06/07/06 16:45,2.5
06/07/06 16:50,1.8
06/07/06 16:55,1.3
06/07/06 17:00,0.9
06/07/06 17:05,0.7
06/07/06 17:10,0.5
06/07/06 17:15,0.8
06/07/06 17:20,2.5
06/07/06 17:25,2.3
06/07/06 17:30,2.2
06/07/06 17:35,1.6
06/07/06 17:40,1.1
06/07/06 17:45,0.8
06/07/06 17:50,0.5
06/07/06 17:55,0.3
06/07/06 18:00,0.1
06/07/06 18:05,0.1
06/07/06 18:10,0.0
06/07/06 18:15,0.0
06/07/06 18:20,0.0
06/07/06 18:25,0.0
06/07/06 18:30,0.0
06/07/06 18:35,0.0
06/07/06 18:40,0.0
06/07/06 18:45,0.0
06/07/06 18:50,0.0
06/07/06 18:55,0.0
06/07/06 19:00,0.0
06/07/06 19:05,0.0
06/07/06 19:10,0.0
06/07/06 19:15,0.0
06/07/06 19:20,0.0
06/07/06 19:25,0.0
06/07/06 19:30,0.0
06/07/06 19:35,0.0
06/07/06 19:40,0.0
06/07/06 19:45,0.0
06/07/06 19:50,0.0
06/07/06 19:55,0.0
06/07/06 20:00,0.0
06/07/06 20:05,0.0
06/07/06 20:10,0.0
06/07/06 20:15,0.0
06/07/06 20:20,0.0
06/07/06 20:25,0.0
06/07/06 20:30,0.0
06/07/06 20:35,0.0
06/07/06 20:40,0.0
06/07/06 20:45,0.0
06/07/06 20:50,0.0
06/07/06 20:55,0.0
06/07/06 21:00,0.0
06/07/06 21:05,0.0
06/07/06 21:10,0.0
06/07/06 21:15,0.0
06/07/06 21:20,0.0
06/07/06 21:25,0.0
06/07/06 21:30,0.0
06/07/06 21:35,0.0
06/07/06 21:40,0.0
06/07/06 21:45,0.0
06/07/06 21:50,0.0
06/07/06 21:55,0.0
06/07/06 22:00,0.0
06/07/06 22:05,0.0
06/07/06 22:10,0.0
06/07/06 22:15,0.0
06/07/06 22:20,0.0
06/07/06 22:25,0.0
06/07/06 22:30,0.0
06/07/06 22:35,0.0
06/07/06 22:40,0.0
06/07/06 22:45,0.0
06/07/06 22:50,0.0
06/07/06 22:55,0.0
06/07/06 23:00,0.0
06/07/06 23:05,0.0
06/07/06 23:10,0.0
06/07/06 23:15,0.0
06/07/06 23:20,0.0
06/07/06 23:25,0.0
06/07/06 23:30,0.0
06/07/06 23:35,0.0
06/07/06 23:40,0.0
06/07/06 23:45,0.0
06/07/06 23:50,0.0
06/07/06 23:55,0.0
06/08/06 00:00,0.0
06/08/06 00:05,0.0
06/08/06 00:10,0.0
06/08/06 00:15,0.0
06/08/06 00:20,0.0
06/08/06 00:25,0.0
06/08/06 00:30,0.0
06/08/06 00:35,0.0
06/08/06 00:40,0.0
06/08/06 00:45,0.0
06/08/06 00:50,0.0
06/08/06 00:55,0.0
06/08/06 01:00,0.0
06/08/06 01:05,0.0
06/08/06 01:10,0.0
06/08/06 01:15,0.0
06/08/06 01:20,0.0
06/08/06 01:25,0.0
06/08/06 01:30,0.0
06/08/06 01:35,0.0
06/08/06 01:40,0.0
06/08/06 01:45,0.0
06/08/06 01:50,0.0
06/08/06 01:55,0.0
06/08/06 02:00,0.0
06/08/06 02:05,0.0
06/08/06 02:10,0.0
06/08/06 02:15,0.0
06/08/06 02:20,0.0
06/08/06 02:25,0.0
06/08/06 02:30,0.0
06/08/06 02:35,0.0
06/08/06 02:40,0.0
06/08/06 02:45,0.0
06/08/06 02:50,0.0
06/08/06 02:55,0.0
06/08/06 03:00,0.0
06/08/06 03:05,0.0
06/08/06 03:10,0.0
06/08/06 03:15,0.0
06/08/06 03:20,0.0
06/08/06 03:25,0.0
06/08/06 03:30,0.0
06/08/06 03:35,0.0
06/08/06 03:40,0.0
06/08/06 03:45,0.0
06/08/06 03:50,0.0
06/08/06 03:55,0.0
06/08/06 04:00,0.0
06/08/06 04:05,0.0
06/08/06 04:10,0.0
06/08/06 04:15,0.0
06/08/06 04:20,0.0
06/08/06 04:25,0.0
06/08/06 04:30,0.0
06/08/06 04:35,0.0
06/08/06 04:40,0.0
06/08/06 04:45,0.0
06/08/06 04:50,0.0
06/08/06 04:55,0.0
06/08/06 05:00,0.0
06/08/06 05:05,0.0
06/08/06 05:10,0.0
06/08/06 05:15,0.0
06/08/06 05:20,0.0
06/08/06 05:25,0.0
06/08/06 05:30,0.0
06/08/06 05:35,0.0
06/08/06 05:40,0.1
06/08/06 05:45,0.2
06/08/06 05:50,0.4
06/08/06 05:55,0.6
06/08/06 06:00,1.0
06/08/06 06:05,1.8
06/08/06 06:10,2.1
06/08/06 06:15,2.5
06/08/06 06:20,3.2
06/08/06 06:25,3.6
06/08/06 06:30,3.9
06/08/06 06:35,4.3
06/08/06 06:40,4.8
06/08/06 06:45,5.3
06/08/06 06:50,5.7
06/08/06 06:55,6.2
06/08/06 07:00,6.7
06/08/06 07:05,7.3
06/08/06 07:10,8.0
06/08/06 07:15,8.9
06/08/06 07:20,9.5
06/08/06 07:25,10.2
06/08/06 07:30,10.8
06/08/06 07:35,11.5
06/08/06 07:40,12.2
06/08/06 07:45,12.7
06/08/06 07:50,13.3
06/08/06 07:55,13.8
06/08/06 08:00,14.4
06/08/06 08:05,15.1
06/08/06 08:10,15.7
06/08/06 08:15,16.4
06/08/06 08:20,17.0
06/08/06 08:25,17.3
06/08/06 08:30,17.7
06/08/06 08:35,18.1
06/08/06 08:40,18.4
06/08/06 08:45,18.8
06/08/06 08:50,19.2
06/08/06 08:55,19.6
06/08/06 09:00,19.9
06/08/06 09:05,20.2
06/08/06 09:10,20.4
06/08/06 09:15,20.8
06/08/06 09:20,21.3
06/08/06 09:25,21.6
06/08/06 09:30,21.9
06/08/06 09:35,22.2
06/08/06 09:40,22.5
06/08/06 09:45,22.9
06/08/06 09:50,23.3
06/08/06 09:55,23.6
06/08/06 10:00,23.9
06/08/06 10:05,24.2
06/08/06 10:10,24.4
06/08/06 10:15,24.4
06/08/06 10:20,24.0
06/08/06 10:25,23.7
06/08/06 10:30,23.1
06/08/06 10:35,22.9
06/08/06 10:40,22.4
06/08/06 10:45,22.4
06/08/06 10:50,22.4
06/08/06 10:55,22.7
06/08/06 11:00,23.3
06/08/06 11:05,23.8
06/08/06 11:10,24.1
06/08/06 11:15,24.3
06/08/06 11:20,24.4
06/08/06 11:25,23.9
06/08/06 11:30,23.7
06/08/06 11:35,23.6
06/08/06 11:40,23.3
06/08/06 11:45,22.8
06/08/06 11:50,22.3
06/08/06 11:55,22.1
06/08/06 12:00,22.4
06/08/06 12:05,23.0
06/08/06 12:10,23.3
06/08/06 12:15,23.4
06/08/06 12:20,23.5
06/08/06 12:25,23.4
06/08/06 12:30,23.4
06/08/06 12:35,23.6
06/08/06 12:40,23.5
06/08/06 12:45,23.5
06/08/06 12:50,23.7
06/08/06 12:55,23.9
06/08/06 13:00,24.1
06/08/06 13:05,24.4
06/08/06 13:10,24.4
06/08/06 13:15,24.1
06/08/06 13:20,23.8
06/08/06 13:25,23.4
06/08/06 13:30,22.6
06/08/06 13:35,22.1
06/08/06 13:40,21.8
06/08/06 13:45,20.9
06/08/06 13:50,21.0
06/08/06 13:55,20.4
06/08/06 14:00,20.1
06/08/06 14:05,19.2
06/08/06 14:10,19.4
06/08/06 14:15,19.8
06/08/06 14:20,19.6
06/08/06 14:25,19.0
06/08/06 14:30,18.7
06/08/06 14:35,17.9
06/08/06 14:40,17.9
06/08/06 14:45,17.3
06/08/06 14:50,17.2
06/08/06 14:55,17.2
06/08/06 15:00,17.1
06/08/06 15:05,16.8
06/08/06 15:10,16.1
06/08/06 15:15,15.8
06/08/06 15:20,15.7
06/08/06 15:25,15.2
06/08/06 15:30,14.8
06/08/06 15:35,14.5
06/08/06 15:40,14.1
06/08/06 15:45,12.3
06/08/06 15:50,10.3
06/08/06 15:55,10.6
06/08/06 16:00,10.7
06/08/06 16:05,10.6
06/08/06 16:10,10.4
06/08/06 16:15,10.0
06/08/06 16:20,9.6
06/08/06 16:25,8.9
06/08/06 16:30,8.0
06/08/06 16:35,7.1
06/08/06 16:40,6.3
06/08/06 16:45,6.0
06/08/06 16:50,5.5
06/08/06 16:55,4.8
06/08/06 17:00,4.2
06/08/06 17:05,3.8
06/08/06 17:10,2.8
06/08/06 17:15,3.5
06/08/06 17:20,3.7
06/08/06 17:25,3.6
06/08/06 17:30,3.0
06/08/06 17:35,2.1
06/08/06 17:40,1.3
06/08/06 17:45,0.8
06/08/06 17:50,0.4
06/08/06 17:55,0.2
06/08/06 18:00,0.1
06/08/06 18:05,0.1
06/08/06 18:10,0.0
06/08/06 18:15,0.0
06/08/06 18:20,0.0
06/08/06 18:25,0.0
06/08/06 18:30,0.0
06/08/06 18:35,0.0
06/08/06 18:40,0.0
06/08/06 18:45,0.0
06/08/06 18:50,0.0
06/08/06 18:55,0.0
06/08/06 19:00,0.0
06/08/06 19:05,0.0
06/08/06 19:10,0.0
06/08/06 19:15,0.0
06/08/06 19:20,0.0
06/08/06 19:25,0.0
06/08/06 19:30,0.0
06/08/06 19:35,0.0
06/08/06 19:40,0.0
06/08/06 19:45,0.0
06/08/06 19:50,0.0
06/08/06 19:55,0.0
06/08/06 20:00,0.0
06/08/06 20:05,0.0
06/08/06 20:10,0.0
06/08/06 20:15,0.0
06/08/06 20:20,0.0
06/08/06 20:25,0.0
06/08/06 20:30,0.0
06/08/06 20:35,0.0
06/08/06 20:40,0.0
06/08/06 20:45,0.0
06/08/06 20:50,0.0
06/08/06 20:55,0.0
06/08/06 21:00,0.0
06/08/06 21:05,0.0
06/08/06 21:10,0.0
06/08/06 21:15,0.0
06/08/06 21:20,0.0
06/08/06 21:25,0.0
06/08/06 21:30,0.0
06/08/06 21:35,0.0
06/08/06 21:40,0.0
06/08/06 21:45,0.0
06/08/06 21:50,0.0
06/08/06 21:55,0.0
06/08/06 22:00,0.0
06/08/06 22:05,0.0
06/08/06 22:10,0.0
06/08/06 22:15,0.0
06/08/06 22:20,0.0
06/08/06 22:25,0.0
06/08/06 22:30,0.0
06/08/06 22:35,0.0
06/08/06 22:40,0.0
06/08/06 22:45,0.0
06/08/06 22:50,0.0
06/08/06 22:55,0.0
06/08/06 23:00,0.0
06/08/06 23:05,0.0
06/08/06 23:10,0.0
06/08/06 23:15,0.0
06/08/06 23:20,0.0
06/08/06 23:25,0.0
06/08/06 23:30,0.0
06/08/06 23:35,0.0
06/08/06 23:40,0.0
06/08/06 23:45,0.0
06/08/06 23:50,0.0
06/08/06 23:55,0.0
06/09/06 00:00,0.0
06/09/06 00:05,0.0
06/09/06 00:10,0.0
06/09/06 00:15,0.0
06/09/06 00:20,0.0
06/09/06 00:25,0.0
06/09/06 00:30,0.0
06/09/06 00:35,0.0
06/09/06 00:40,0.0
06/09/06 00:45,0.0
06/09/06 00:50,0.0
06/09/06 00:55,0.0
06/09/06 01:00,0.0
06/09/06 01:05,0.0
06/09/06 01:10,0.0
06/09/06 01:15,0.0
06/09/06 01:20,0.0
06/09/06 01:25,0.0
06/09/06 01:30,0.0
06/09/06 01:35,0.0
06/09/06 01:40,0.0
06/09/06 01:45,0.0
06/09/06 01:50,0.0
06/09/06 01:55,0.0
06/09/06 02:00,0.0
06/09/06 02:05,0.0
06/09/06 02:10,0.0
06/09/06 02:15,0.0
06/09/06 02:20,0.0
06/09/06 02:25,0.0
06/09/06 02:30,0.0
06/09/06 02:35,0.0
06/09/06 02:40,0.0
06/09/06 02:45,0.0
06/09/06 02:50,0.0
06/09/06 02:55,0.0
06/09/06 03:00,0.0
06/09/06 03:05,0.0
06/09/06 03:10,0.0
06/09/06 03:15,0.0
06/09/06 03:20,0.0
06/09/06 03:25,0.0
06/09/06 03:30,0.0
06/09/06 03:35,0.0
06/09/06 03:40,0.0
06/09/06 03:45,0.0
06/09/06 03:50,0.0
06/09/06 03:55,0.0
06/09/06 04:00,0.0
06/09/06 04:05,0.0
06/09/06 04:10,0.0
06/09/06 04:15,0.0
06/09/06 04:20,0.0
06/09/06 04:25,0.0
06/09/06 04:30,0.0
06/09/06 04:35,0.0
06/09/06 04:40,0.0
06/09/06 04:45,0.0
06/09/06 04:50,0.0
06/09/06 04:55,0.0
06/09/06 05:00,0.0
06/09/06 05:05,0.0
06/09/06 05:10,0.0
06/09/06 05:15,0.0
06/09/06 05:20,0.0
06/09/06 05:25,0.0
06/09/06 05:30,0.0
06/09/06 05:35,0.1
06/09/06 05:40,0.1
06/09/06 05:45,0.2
06/09/06 05:50,0.4
06/09/06 05:55,0.7
06/09/06 06:00,1.1
06/09/06 06:05,1.6
06/09/06 06:10,2.4
06/09/06 06:15,3.5
06/09/06 06:20,3.8
06/09/06 06:25,4.2
06/09/06 06:30,4.6
06/09/06 06:35,5.0
06/09/06 06:40,5.5
06/09/06 06:45,5.9
06/09/06 06:50,6.4
06/09/06 06:55,6.9
06/09/06 07:00,7.4
06/09/06 07:05,8.0
06/09/06 07:10,8.6
06/09/06 07:15,9.2
06/09/06 07:20,9.9
06/09/06 07:25,10.6
06/09/06 07:30,11.3
06/09/06 07:35,12.1
06/09/06 07:40,12.8
06/09/06 07:45,13.5
06/09/06 07:50,14.2
06/09/06 07:55,14.8
06/09/06 08:00,15.5
06/09/06 08:05,16.1
06/09/06 08:10,16.7
06/09/06 08:15,17.2
06/09/06 08:20,17.7
06/09/06 08:25,18.0
06/09/06 08:30,18.3
06/09/06 08:35,18.6
06/09/06 08:40,18.9
06/09/06 08:45,19.3
06/09/06 08:50,19.9
06/09/06 08:55,20.4
06/09/06 09:00,20.8
06/09/06 09:05,21.0
06/09/06 09:10,21.3
06/09/06 09:15,21.5
06/09/06 09:20,21.6
06/09/06 09:25,21.8
06/09/06 09:30,22.3
06/09/06 09:35,22.1
06/09/06 09:40,21.9
06/09/06 09:45,22.0
06/09/06 09:50,22.2
06/09/06 09:55,22.5
06/09/06 10:00,22.7
06/09/06 10:05,23.1
06/09/06 10:10,23.4
06/09/06 10:15,23.8
06/09/06 10:20,24.2
06/09/06 10:25,24.5
06/09/06 10:30,24.9
06/09/06 10:35,25.2
06/09/06 10:40,25.4
06/09/06 10:45,25.6
06/09/06 10:50,25.8
06/09/06 10:55,26.1
06/09/06 11:00,26.3
06/09/06 11:05,26.3
06/09/06 11:10,26.4
06/09/06 11:15,26.3
06/09/06 11:20,25.7
06/09/06 11:25,25.0
06/09/06 11:30,24.9
06/09/06 11:35,25.2
06/09/06 11:40,25.0
06/09/06 11:45,24.4
06/09/06 11:50,23.6
06/09/06 11:55,23.5
06/09/06 12:00,24.2
06/09/06 12:05,24.5
06/09/06 12:10,24.3
06/09/06 12:15,24.7
06/09/06 12:20,25.4
06/09/06 12:25,25.8
06/09/06 12:30,26.0
06/09/06 12:35,26.0
06/09/06 12:40,25.9
06/09/06 12:45,25.8
06/09/06 12:50,25.6
06/09/06 12:55,25.6
06/09/06 13:00,25.3
06/09/06 13:05,24.7
06/09/06 13:10,24.2
06/09/06 13:15,24.0
06/09/06 13:20,23.8
06/09/06 13:25,23.6
06/09/06 13:30,23.4
06/09/06 13:35,23.1
06/09/06 13:40,22.8
06/09/06 13:45,22.6
06/09/06 13:50,22.3
06/09/06 13:55,22.0
06/09/06 14:00,21.7
06/09/06 14:05,21.7
06/09/06 14:10,21.7
06/09/06 14:15,21.5
06/09/06 14:20,21.2
06/09/06 14:25,21.0
06/09/06 14:30,20.7
06/09/06 14:35,20.4
06/09/06 14:40,20.1
06/09/06 14:45,19.8
06/09/06 14:50,19.6
06/09/06 14:55,19.4
06/09/06 15:00,19.0
06/09/06 15:05,18.6
06/09/06 15:10,18.2
06/09/06 15:15,17.6
06/09/06 15:20,16.9
06/09/06 15:25,16.2
06/09/06 15:30,15.7
06/09/06 15:35,15.2
06/09/06 15:40,14.7
06/09/06 15:45,14.1
06/09/06 15:50,13.5
06/09/06 15:55,13.0
06/09/06 16:00,12.4
06/09/06 16:05,11.9
06/09/06 16:10,11.3
06/09/06 16:15,10.8
06/09/06 16:20,10.4
06/09/06 16:25,9.8
06/09/06 16:30,9.3
06/09/06 16:35,8.7
06/09/06 16:40,8.2
06/09/06 16:45,7.6
06/09/06 16:50,7.0
06/09/06 16:55,6.5
06/09/06 17:00,5.9
06/09/06 17:05,5.4
06/09/06 17:10,4.9
06/09/06 17:15,4.5
06/09/06 17:20,4.2
06/09/06 17:25,3.8
06/09/06 17:30,3.4
06/09/06 17:35,2.3
06/09/06 17:40,1.4
06/09/06 17:45,0.8
06/09/06 17:50,0.5
06/09/06 17:55,0.3
06/09/06 18:00,0.1
06/09/06 18:05,0.1
06/09/06 18:10,0.0
06/09/06 18:15,0.0
06/09/06 18:20,0.0
06/09/06 18:25,0.0
06/09/06 18:30,0.0
06/09/06 18:35,0.0
06/09/06 18:40,0.0
06/09/06 18:45,0.0
06/09/06 18:50,0.0
06/09/06 18:55,0.0
06/09/06 19:00,0.0
06/09/06 19:05,0.0
06/09/06 19:10,0.0
06/09/06 19:15,0.0
06/09/06 19:20,0.0
06/09/06 19:25,0.0
06/09/06 19:30,0.0
06/09/06 19:35,0.0
06/09/06 19:40,0.0
06/09/06 19:45,0.0
06/09/06 19:50,0.0
06/09/06 19:55,0.0
06/09/06 20:00,0.0
06/09/06 20:05,0.0
06/09/06 20:10,0.0
06/09/06 20:15,0.0
06/09/06 20:20,0.0
06/09/06 20:25,0.0
06/09/06 20:30,0.0
06/09/06 20:35,0.0
06/09/06 20:40,0.0
06/09/06 20:45,0.0
06/09/06 20:50,0.0
06/09/06 20:55,0.0
06/09/06 21:00,0.0
06/09/06 21:05,0.0
06/09/06 21:10,0.0
06/09/06 21:15,0.0
06/09/06 21:20,0.0
06/09/06 21:25,0.0
06/09/06 21:30,0.0
06/09/06 21:35,0.0
06/09/06 21:40,0.0
06/09/06 21:45,0.0
06/09/06 21:50,0.0
06/09/06 21:55,0.0
06/09/06 22:00,0.0
06/09/06 22:05,0.0
06/09/06 22:10,0.0
06/09/06 22:15,0.0
06/09/06 22:20,0.0
06/09/06 22:25,0.0
06/09/06 22:30,0.0
06/09/06 22:35,0.0
06/09/06 22:40,0.0
06/09/06 22:45,0.0
06/09/06 22:50,0.0
06/09/06 22:55,0.0
06/09/06 23:00,0.0
06/09/06 23:05,0.0
06/09/06 23:10,0.0
06/09/06 23:15,0.0
06/09/06 23:20,0.0
06/09/06 23:25,0.0
06/09/06 23:30,0.0
06/09/06 23:35,0.0
06/09/06 23:40,0.0
06/09/06 23:45,0.0
06/09/06 23:50,0.0
06/09/06 23:55,0.0
06/10/06 00:00,0.0
06/10/06 00:05,0.0
06/10/06 00:10,0.0
06/10/06 00:15,0.0
06/10/06 00:20,0.0
06/10/06 00:25,0.0
06/10/06 00:30,0.0
06/10/06 00:35,0.0
06/10/06 00:40,0.0
06/10/06 00:45,0.0
06/10/06 00:50,0.0
06/10/06 00:55,0.0
06/10/06 01:00,0.0
06/10/06 01:05,0.0
06/10/06 01:10,0.0
06/10/06 01:15,0.0
06/10/06 01:20,0.0
06/10/06 01:25,0.0
06/10/06 01:30,0.0
06/10/06 01:35,0.0
06/10/06 01:40,0.0
06/10/06 01:45,0.0
06/10/06 01:50,0.0
06/10/06 01:55,0.0
06/10/06 02:00,0.0
06/10/06 02:05,0.0
06/10/06 02:10,0.0
06/10/06 02:15,0.0
06/10/06 02:20,0.0
06/10/06 02:25,0.0
06/10/06 02:30,0.0
06/10/06 02:35,0.0
06/10/06 02:40,0.0
06/10/06 02:45,0.0
06/10/06 02:50,0.0
06/10/06 02:55,0.0
06/10/06 03:00,0.0
06/10/06 03:05,0.0
06/10/06 03:10,0.0
06/10/06 03:15,0.0
06/10/06 03:20,0.0
06/10/06 03:25,0.0
06/10/06 03:30,0.0
06/10/06 03:35,0.0
06/10/06 03:40,0.0
06/10/06 03:45,0.0
06/10/06 03:50,0.0
06/10/06 03:55,0.0
06/10/06 04:00,0.0
06/10/06 04:05,0.0
06/10/06 04:10,0.0
06/10/06 04:15,0.0
06/10/06 04:20,0.0
06/10/06 04:25,0.0
06/10/06 04:30,0.0
06/10/06 04:35,0.0
06/10/06 04:40,0.0
06/10/06 04:45,0.0
06/10/06 04:50,0.0
06/10/06 04:55,0.0
06/10/06 05:00,0.0
06/10/06 05:05,0.0
06/10/06 05:10,0.0
06/10/06 05:15,0.0
06/10/06 05:20,0.0
06/10/06 05:25,0.0
06/10/06 05:30,0.0
06/10/06 05:35,0.1
06/10/06 05:40,0.2
06/10/06 05:45,0.4
06/10/06 05:50,0.8
06/10/06 05:55,1.3
06/10/06 06:00,2.3
06/10/06 06:05,3.5
06/10/06 06:10,3.9
06/10/06 06:15,4.2
06/10/06 06:20,4.6
06/10/06 06:25,4.9
06/10/06 06:30,5.1
06/10/06 06:35,5.3
06/10/06 06:40,5.6
06/10/06 06:45,5.8
06/10/06 06:50,5.9
06/10/06 06:55,6.1
06/10/06 07:00,6.5
06/10/06 07:05,7.1
06/10/06 07:10,7.7
06/10/06 07:15,8.3
06/10/06 07:20,9.2
06/10/06 07:25,9.8
06/10/06 07:30,10.5
06/10/06 07:35,11.1
06/10/06 07:40,11.7
06/10/06 07:45,12.4
06/10/06 07:50,13.1
06/10/06 07:55,13.8
06/10/06 08:00,14.5
06/10/06 08:05,15.1
06/10/06 08:10,15.7
06/10/06 08:15,16.2
06/10/06 08:20,16.7
06/10/06 08:25,17.0
06/10/06 08:30,17.4
06/10/06 08:35,17.8
06/10/06 08:40,18.2
06/10/06 08:45,18.4
06/10/06 08:50,18.6
06/10/06 08:55,18.9
06/10/06 09:00,19.2
06/10/06 09:05,19.6
06/10/06 09:10,20.0
06/10/06 09:15,20.2
06/10/06 09:20,20.3
06/10/06 09:25,20.4
06/10/06 09:30,20.5
06/10/06 09:35,20.7
06/10/06 09:40,20.8
06/10/06 09:45,21.0
06/10/06 09:50,21.3
06/10/06 09:55,21.6
06/10/06 10:00,21.9
06/10/06 10:05,22.2
06/10/06 10:10,22.4
06/10/06 10:15,22.5
06/10/06 10:20,22.6
06/10/06 10:25,22.6
06/10/06 10:30,22.7
06/10/06 10:35,22.9
06/10/06 10:40,23.0
06/10/06 10:45,23.2
06/10/06 10:50,23.4
06/10/06 10:55,23.6
06/10/06 11:00,23.9
06/10/06 11:05,24.1
06/10/06 11:10,24.4
06/10/06 11:15,24.5
06/10/06 11:20,24.7
06/10/06 11:25,24.9
06/10/06 11:30,24.9
06/10/06 11:35,24.9
06/10/06 11:40,25.1
06/10/06 11:45,25.3
06/10/06 11:50,25.4
06/10/06 11:55,25.5
06/10/06 12:00,25.5
06/10/06 12:05,25.4
06/10/06 12:10,25.3
06/10/06 12:15,25.2
06/10/06 12:20,25.3
06/10/06 12:25,25.3
06/10/06 12:30,25.3
06/10/06 12:35,25.3
06/10/06 12:40,25.3
06/10/06 12:45,25.1
06/10/06 12:50,25.0
06/10/06 12:55,24.9
06/10/06 13:00,24.7
06/10/06 13:05,24.6
06/10/06 13:10,24.4
06/10/06 13:15,24.3
06/10/06 13:20,24.2
06/10/06 13:25,24.3
06/10/06 13:30,24.2
06/10/06 13:35,24.0
06/10/06 13:40,23.8
06/10/06 13:45,23.4
06/10/06 13:50,22.8
06/10/06 13:55,22.3
06/10/06 14:00,21.8
06/10/06 14:05,21.3
06/10/06 14:10,20.9
06/10/06 14:15,20.7
06/10/06 14:20,20.7
06/10/06 14:25,20.5
06/10/06 14:30,20.2
06/10/06 14:35,19.7
06/10/06 14:40,19.4
06/10/06 14:45,19.1
06/10/06 14:50,18.9
06/10/06 14:55,18.6
06/10/06 15:00,18.2
06/10/06 15:05,17.9
06/10/06 15:10,17.4
06/10/06 15:15,17.0
06/10/06 15:20,16.7
06/10/06 15:25,16.1
06/10/06 15:30,15.5
06/10/06 15:35,14.9
06/10/06 15:40,14.4
06/10/06 15:45,13.9
06/10/06 15:50,13.5
06/10/06 15:55,13.0
06/10/06 16:00,12.6
06/10/06 16:05,12.0
06/10/06 16:10,11.5
06/10/06 16:15,11.0
06/10/06 16:20,10.4
06/10/06 16:25,9.8
06/10/06 16:30,9.3
06/10/06 16:35,8.8
06/10/06 16:40,8.4
06/10/06 16:45,7.9
06/10/06 16:50,7.3
06/10/06 16:55,6.8
06/10/06 17:00,6.3
06/10/06 17:05,5.8
06/10/06 17:10,5.3
06/10/06 17:15,4.9
06/10/06 17:20,4.6
06/10/06 17:25,4.3
06/10/06 17:30,3.9
06/10/06 17:35,3.5
06/10/06 17:40,2.9
06/10/06 17:45,2.0
06/10/06 17:50,1.3
06/10/06 17:55,0.7
06/10/06 18:00,0.3
06/10/06 18:05,0.2
06/10/06 18:10,0.1
06/10/06 18:15,0.0
06/10/06 18:20,0.0
06/10/06 18:25,0.0
06/10/06 18:30,0.0
06/10/06 18:35,0.0
06/10/06 18:40,0.0
06/10/06 18:45,0.0
06/10/06 18:50,0.0
06/10/06 18:55,0.0
06/10/06 19:00,0.0
06/10/06 19:05,0.0
06/10/06 19:10,0.0
06/10/06 19:15,0.0
06/10/06 19:20,0.0
06/10/06 19:25,0.0
06/10/06 19:30,0.0
06/10/06 19:35,0.0
06/10/06 19:40,0.0
06/10/06 19:45,0.0
06/10/06 19:50,0.0
06/10/06 19:55,0.0
06/10/06 20:00,0.0
06/10/06 20:05,0.0
06/10/06 20:10,0.0
06/10/06 20:15,0.0
06/10/06 20:20,0.0
06/10/06 20:25,0.0
06/10/06 20:30,0.0
06/10/06 20:35,0.0
06/10/06 20:40,0.0
06/10/06 20:45,0.0
06/10/06 20:50,0.0
06/10/06 20:55,0.0
06/10/06 21:00,0.0
06/10/06 21:05,0.0
06/10/06 21:10,0.0
06/10/06 21:15,0.0
06/10/06 21:20,0.0
06/10/06 21:25,0.0
06/10/06 21:30,0.0
06/10/06 21:35,0.0
06/10/06 21:40,0.0
06/10/06 21:45,0.0
06/10/06 21:50,0.0
06/10/06 21:55,0.0
06/10/06 22:00,0.0
06/10/06 22:05,0.0
06/10/06 22:10,0.0
06/10/06 22:15,0.0
06/10/06 22:20,0.0
06/10/06 22:25,0.0
06/10/06 22:30,0.0
06/10/06 22:35,0.0
06/10/06 22:40,0.0
06/10/06 22:45,0.0
06/10/06 22:50,0.0
06/10/06 22:55,0.0
06/10/06 23:00,0.0
06/10/06 23:05,0.0
06/10/06 23:10,0.0
06/10/06 23:15,0.0
06/10/06 23:20,0.0
06/10/06 23:25,0.0
06/10/06 23:30,0.0
06/10/06 23:35,0.0
06/10/06 23:40,0.0
06/10/06 23:45,0.0
06/10/06 23:50,0.0
06/10/06 23:55,0.0
06/11/06 00:00,0.0
06/11/06 00:05,0.0
06/11/06 00:10,0.0
06/11/06 00:15,0.0
06/11/06 00:20,0.0
06/11/06 00:25,0.0
06/11/06 00:30,0.0
06/11/06 00:35,0.0
06/11/06 00:40,0.0
06/11/06 00:45,0.0
06/11/06 00:50,0.0
06/11/06 00:55,0.0
06/11/06 01:00,0.0
06/11/06 01:05,0.0
06/11/06 01:10,0.0
06/11/06 01:15,0.0
06/11/06 01:20,0.0
06/11/06 01:25,0.0
06/11/06 01:30,0.0
06/11/06 01:35,0.0
06/11/06 01:40,0.0
06/11/06 01:45,0.0
06/11/06 01:50,0.0
06/11/06 01:55,0.0
06/11/06 02:00,0.0
06/11/06 02:05,0.0
06/11/06 02:10,0.0
06/11/06 02:15,0.0
06/11/06 02:20,0.0
06/11/06 02:25,0.0
06/11/06 02:30,0.0
06/11/06 02:35,0.0
06/11/06 02:40,0.0
06/11/06 02:45,0.0
06/11/06 02:50,0.0
06/11/06 02:55,0.0
06/11/06 03:00,0.0
06/11/06 03:05,0.0
06/11/06 03:10,0.0
06/11/06 03:15,0.0
06/11/06 03:20,0.0
06/11/06 03:25,0.0
06/11/06 03:30,0.0
06/11/06 03:35,0.0
06/11/06 03:40,0.0
06/11/06 03:45,0.0
06/11/06 03:50,0.0
06/11/06 03:55,0.0
06/11/06 04:00,0.0
06/11/06 04:05,0.0
06/11/06 04:10,0.0
06/11/06 04:15,0.0
06/11/06 04:20,0.0
06/11/06 04:25,0.0
06/11/06 04:30,0.0
06/11/06 04:35,0.0
06/11/06 04:40,0.0
06/11/06 04:45,0.0
06/11/06 04:50,0.0
06/11/06 04:55,0.0
06/11/06 05:00,0.0
06/11/06 05:05,0.0
06/11/06 05:10,0.0
06/11/06 05:15,0.0
06/11/06 05:20,0.0
06/11/06 05:25,0.0
06/11/06 05:30,0.0
06/11/06 05:35,0.0
06/11/06 05:40,0.1
06/11/06 05:45,0.2
06/11/06 05:50,0.4
06/11/06 05:55,0.6
06/11/06 06:00,0.9
06/11/06 06:05,1.6
06/11/06 06:10,2.7
06/11/06 06:15,3.5
06/11/06 06:20,3.8
06/11/06 06:25,4.1
06/11/06 06:30,4.5
06/11/06 06:35,4.9
06/11/06 06:40,5.4
06/11/06 06:45,5.9
06/11/06 06:50,6.4
06/11/06 06:55,6.9
06/11/06 07:00,7.4
06/11/06 07:05,8.0
06/11/06 07:10,8.5
06/11/06 07:15,9.0
06/11/06 07:20,9.6
06/11/06 07:25,10.2
06/11/06 07:30,10.8
06/11/06 07:35,11.4
06/11/06 07:40,12.0
06/11/06 07:45,12.6
06/11/06 07:50,13.1
06/11/06 07:55,13.7
06/11/06 08:00,14.3
06/11/06 08:05,15.0
06/11/06 08:10,15.6
06/11/06 08:15,16.2
06/11/06 08:20,16.7
06/11/06 08:25,17.4
06/11/06 08:30,17.7
06/11/06 08:35,17.9
06/11/06 08:40,18.2
06/11/06 08:45,18.4
06/11/06 08:50,18.4
06/11/06 08:55,18.5
06/11/06 09:00,18.7
06/11/06 09:05,19.0
06/11/06 09:10,19.1
06/11/06 09:15,18.3
06/11/06 09:20,18.3
06/11/06 09:25,19.2
06/11/06 09:30,19.4
06/11/06 09:35,19.8
06/11/06 09:40,20.3
06/11/06 09:45,20.2
06/11/06 09:50,20.1
06/11/06 09:55,20.1
06/11/06 10:00,20.6
06/11/06 10:05,21.5
06/11/06 10:10,21.5
06/11/06 10:15,22.3
06/11/06 10:20,23.0
06/11/06 10:25,23.4
06/11/06 10:30,23.7
06/11/06 10:35,23.9
06/11/06 10:40,24.1
06/11/06 10:45,24.4
06/11/06 10:50,24.5
06/11/06 10:55,24.5
06/11/06 11:00,24.4
06/11/06 11:05,24.3
06/11/06 11:10,24.1
06/11/06 11:15,23.8
06/11/06 11:20,23.6
06/11/06 11:25,23.7
06/11/06 11:30,23.8
06/11/06 11:35,24.1
06/11/06 11:40,24.5
06/11/06 11:45,24.9
06/11/06 11:50,25.1
06/11/06 11:55,25.3
06/11/06 12:00,25.3
06/11/06 12:05,25.3
06/11/06 12:10,25.5
06/11/06 12:15,25.6
06/11/06 12:20,25.8
06/11/06 12:25,26.1
06/11/06 12:30,26.6
06/11/06 12:35,26.6
06/11/06 12:40,26.2
06/11/06 12:45,25.6
06/11/06 12:50,25.3
06/11/06 12:55,24.8
06/11/06 13:00,24.2
06/11/06 13:05,24.0
06/11/06 13:10,24.5
06/11/06 13:15,24.5
06/11/06 13:20,24.6
06/11/06 13:25,24.4
06/11/06 13:30,24.3
06/11/06 13:35,24.0
06/11/06 13:40,23.7
06/11/06 13:45,23.3
06/11/06 13:50,22.9
06/11/06 13:55,22.4
06/11/06 14:00,21.8
06/11/06 14:05,21.1
06/11/06 14:10,20.6
06/11/06 14:15,19.2
06/11/06 14:20,18.8
06/11/06 14:25,18.6
06/11/06 14:30,16.7
06/11/06 14:35,13.8
06/11/06 14:40,11.5
06/11/06 14:45,12.7
06/11/06 14:50,15.2
06/11/06 14:55,16.4
06/11/06 15:00,16.6
06/11/06 15:05,16.1
06/11/06 15:10,14.4
06/11/06 15:15,14.1
06/11/06 15:20,15.0
06/11/06 15:25,15.1
06/11/06 15:30,14.6
06/11/06 15:35,14.3
06/11/06 15:40,14.0
06/11/06 15:45,13.5
06/11/06 15:50,13.1
06/11/06 15:55,12.7
06/11/06 16:00,12.2
06/11/06 16:05,11.5
06/11/06 16:10,11.0
06/11/06 16:15,10.7
06/11/06 16:20,10.1
06/11/06 16:25,9.3
06/11/06 16:30,8.5
06/11/06 16:35,7.6
06/11/06 16:40,6.7
06/11/06 16:45,6.1
06/11/06 16:50,5.6
06/11/06 16:55,5.2
06/11/06 17:00,4.7
06/11/06 17:05,4.4
06/11/06 17:10,4.1
06/11/06 17:15,4.0
06/11/06 17:20,3.9
06/11/06 17:25,3.7
06/11/06 17:30,3.2
06/11/06 17:35,2.2
06/11/06 17:40,1.4
06/11/06 17:45,0.8
06/11/06 17:50,0.5
06/11/06 17:55,0.3
06/11/06 18:00,0.2
06/11/06 18:05,0.1
06/11/06 18:10,0.0
06/11/06 18:15,0.0
06/11/06 18:20,0.0
06/11/06 18:25,0.0
06/11/06 18:30,0.0
06/11/06 18:35,0.0
06/11/06 18:40,0.0
06/11/06 18:45,0.0
06/11/06 18:50,0.0
06/11/06 18:55,0.0
06/11/06 19:00,0.0
06/11/06 19:05,0.0
06/11/06 19:10,0.0
06/11/06 19:15,0.0
06/11/06 19:20,0.0
06/11/06 19:25,0.0
06/11/06 19:30,0.0
06/11/06 19:35,0.0
06/11/06 19:40,0.0
06/11/06 19:45,0.0
06/11/06 19:50,0.0
06/11/06 19:55,0.0
06/11/06 20:00,0.0
06/11/06 20:05,0.0
06/11/06 20:10,0.0
06/11/06 20:15,0.0
06/11/06 20:20,0.0
06/11/06 20:25,0.0
06/11/06 20:30,0.0
06/11/06 20:35,0.0
06/11/06 20:40,0.0
06/11/06 20:45,0.0
06/11/06 20:50,0.0
06/11/06 20:55,0.0
06/11/06 21:00,0.0
06/11/06 21:05,0.0
06/11/06 21:10,0.0
06/11/06 21:15,0.0
06/11/06 21:20,0.0
06/11/06 21:25,0.0
06/11/06 21:30,0.0
06/11/06 21:35,0.0
06/11/06 21:40,0.0
06/11/06 21:45,0.0
06/11/06 21:50,0.0
06/11/06 21:55,0.0
06/11/06 22:00,0.0
06/11/06 22:05,0.0
06/11/06 22:10,0.0
06/11/06 22:15,0.0
06/11/06 22:20,0.0
06/11/06 22:25,0.0
06/11/06 22:30,0.0
06/11/06 22:35,0.0
06/11/06 22:40,0.0
06/11/06 22:45,0.0
06/11/06 22:50,0.0
06/11/06 22:55,0.0
06/11/06 23:00,0.0
06/11/06 23:05,0.0
06/11/06 23:10,0.0
06/11/06 23:15,0.0
06/11/06 23:20,0.0
06/11/06 23:25,0.0
06/11/06 23:30,0.0
06/11/06 23:35,0.0
06/11/06 23:40,0.0
06/11/06 23:45,0.0
06/11/06 23:50,0.0
06/11/06 23:55,0.0
06/12/06 00:00,0.0
06/12/06 00:05,0.0
06/12/06 00:10,0.0
06/12/06 00:15,0.0
06/12/06 00:20,0.0
06/12/06 00:25,0.0
06/12/06 00:30,0.0
06/12/06 00:35,0.0
06/12/06 00:40,0.0
06/12/06 00:45,0.0
06/12/06 00:50,0.0
06/12/06 00:55,0.0
06/12/06 01:00,0.0
06/12/06 01:05,0.0
06/12/06 01:10,0.0
06/12/06 01:15,0.0
06/12/06 01:20,0.0
06/12/06 01:25,0.0
06/12/06 01:30,0.0
06/12/06 01:35,0.0
06/12/06 01:40,0.0
06/12/06 01:45,0.0
06/12/06 01:50,0.0
06/12/06 01:55,0.0
06/12/06 02:00,0.0
06/12/06 02:05,0.0
06/12/06 02:10,0.0
06/12/06 02:15,0.0
06/12/06 02:20,0.0
06/12/06 02:25,0.0
06/12/06 02:30,0.0
06/12/06 02:35,0.0
06/12/06 02:40,0.0
06/12/06 02:45,0.0
06/12/06 02:50,0.0
06/12/06 02:55,0.0
06/12/06 03:00,0.0
06/12/06 03:05,0.0
06/12/06 03:10,0.0
06/12/06 03:15,0.0
06/12/06 03:20,0.0
06/12/06 03:25,0.0
06/12/06 03:30,0.0
06/12/06 03:35,0.0
06/12/06 03:40,0.0
06/12/06 03:45,0.0
06/12/06 03:50,0.0
06/12/06 03:55,0.0
06/12/06 04:00,0.0
06/12/06 04:05,0.0
06/12/06 04:10,0.0
06/12/06 04:15,0.0
06/12/06 04:20,0.0
06/12/06 04:25,0.0
06/12/06 04:30,0.0
06/12/06 04:35,0.0
06/12/06 04:40,0.0
06/12/06 04:45,0.0
06/12/06 04:50,0.0
06/12/06 04:55,0.0
06/12/06 05:00,0.0
06/12/06 05:05,0.0
06/12/06 05:10,0.0
06/12/06 05:15,0.0
06/12/06 05:20,0.0
06/12/06 05:25,0.0
06/12/06 05:30,0.0
06/12/06 05:35,0.1
06/12/06 05:40,0.2
06/12/06 05:45,0.3
06/12/06 05:50,0.5
06/12/06 05:55,0.9
06/12/06 06:00,1.4
06/12/06 06:05,2.3
06/12/06 06:10,3.5
06/12/06 06:15,3.8
06/12/06 06:20,4.1
06/12/06 06:25,4.4
06/12/06 06:30,4.7
06/12/06 06:35,5.1
06/12/06 06:40,5.6
06/12/06 06:45,6.0
06/12/06 06:50,6.5
06/12/06 06:55,6.9
06/12/06 07:00,7.3
06/12/06 07:05,7.8
06/12/06 07:10,8.3
06/12/06 07:15,8.9
06/12/06 07:20,9.7
06/12/06 07:25,10.2
06/12/06 07:30,10.8
06/12/06 07:35,11.5
06/12/06 07:40,12.5
06/12/06 07:45,13.5
06/12/06 07:50,14.4
06/12/06 07:55,15.2
06/12/06 08:00,16.0
06/12/06 08:05,16.8
06/12/06 08:10,17.5
06/12/06 08:15,17.9
06/12/06 08:20,18.1
06/12/06 08:25,18.3
06/12/06 08:30,18.4
06/12/06 08:35,18.7
06/12/06 08:40,19.0
06/12/06 08:45,19.2
06/12/06 08:50,19.5
06/12/06 08:55,19.9
06/12/06 09:00,20.2
06/12/06 09:05,20.6
06/12/06 09:10,20.9
06/12/06 09:15,21.1
06/12/06 09:20,21.3
06/12/06 09:25,21.8
06/12/06 09:30,22.8
06/12/06 09:35,24.0
06/12/06 09:40,24.4
06/12/06 09:45,24.3
06/12/06 09:50,24.1
06/12/06 09:55,24.6
06/12/06 10:00,25.1
06/12/06 10:05,25.7
06/12/06 10:10,26.0
06/12/06 10:15,25.9
06/12/06 10:20,25.5
06/12/06 10:25,25.2
06/12/06 10:30,25.1
06/12/06 10:35,25.1
06/12/06 10:40,25.4
06/12/06 10:45,24.6
06/12/06 10:50,23.4
06/12/06 10:55,23.6
06/12/06 11:00,23.7
06/12/06 11:05,24.1
06/12/06 11:10,25.0
06/12/06 11:15,24.5
06/12/06 11:20,23.7
06/12/06 11:25,22.9
06/12/06 11:30,23.1
06/12/06 11:35,24.1
06/12/06 11:40,24.8
06/12/06 11:45,25.4
06/12/06 11:50,25.6
06/12/06 11:55,25.4
06/12/06 12:00,24.9
06/12/06 12:05,24.8
06/12/06 12:10,24.2
06/12/06 12:15,22.8
06/12/06 12:20,20.4
06/12/06 12:25,20.6
06/12/06 12:30,21.3
06/12/06 12:35,21.8
06/12/06 12:40,23.4
06/12/06 12:45,24.5
06/12/06 12:50,24.9
06/12/06 12:55,24.1
06/12/06 13:00,24.1
06/12/06 13:05,23.6
06/12/06 13:10,23.8
06/12/06 13:15,23.8
06/12/06 13:20,23.4
06/12/06 13:25,23.0
06/12/06 13:30,22.6
06/12/06 13:35,22.3
06/12/06 13:40,22.0
06/12/06 13:45,21.7
06/12/06 13:50,21.4
06/12/06 13:55,21.0
06/12/06 14:00,20.6
06/12/06 14:05,20.3
06/12/06 14:10,20.1
06/12/06 14:15,20.0
06/12/06 14:20,20.0
06/12/06 14:25,19.7
06/12/06 14:30,19.5
06/12/06 14:35,19.5
06/12/06 14:40,19.5
06/12/06 14:45,19.4
06/12/06 14:50,19.5
06/12/06 14:55,19.7
06/12/06 15:00,19.8
06/12/06 15:05,19.6
06/12/06 15:10,19.1
06/12/06 15:15,18.3
06/12/06 15:20,17.3
06/12/06 15:25,16.3
06/12/06 15:30,15.4
06/12/06 15:35,14.4
06/12/06 15:40,13.5
06/12/06 15:45,12.6
06/12/06 15:50,11.9
06/12/06 15:55,11.4
06/12/06 16:00,10.8
06/12/06 16:05,10.3
06/12/06 16:10,9.7
06/12/06 16:15,9.4
06/12/06 16:20,9.1
06/12/06 16:25,8.6
06/12/06 16:30,8.0
06/12/06 16:35,7.3
06/12/06 16:40,6.7
06/12/06 16:45,6.1
06/12/06 16:50,5.5
06/12/06 16:55,5.0
06/12/06 17:00,4.4
06/12/06 17:05,3.9
06/12/06 17:10,3.5
06/12/06 17:15,2.5
06/12/06 17:20,2.1
06/12/06 17:25,1.0
06/12/06 17:30,0.5
06/12/06 17:35,0.2
06/12/06 17:40,0.3
06/12/06 17:45,0.2
06/12/06 17:50,0.1
06/12/06 17:55,0.0
06/12/06 18:00,0.0
06/12/06 18:05,0.0
06/12/06 18:10,0.0
06/12/06 18:15,0.0
06/12/06 18:20,0.0
06/12/06 18:25,0.0
06/12/06 18:30,0.0
06/12/06 18:35,0.0
06/12/06 18:40,0.0
06/12/06 18:45,0.0
06/12/06 18:50,0.0
06/12/06 18:55,0.0
06/12/06 19:00,0.0
06/12/06 19:05,0.0
06/12/06 19:10,0.0
06/12/06 19:15,0.0
06/12/06 19:20,0.0
06/12/06 19:25,0.0
06/12/06 19:30,0.0
06/12/06 19:35,0.0
06/12/06 19:40,0.0
06/12/06 19:45,0.0
06/12/06 19:50,0.0
06/12/06 19:55,0.0
06/12/06 20:00,0.0
06/12/06 20:05,0.0
06/12/06 20:10,0.0
06/12/06 20:15,0.0
06/12/06 20:20,0.0
06/12/06 20:25,0.0
06/12/06 20:30,0.0
06/12/06 20:35,0.0
06/12/06 20:40,0.0
06/12/06 20:45,0.0
06/12/06 20:50,0.0
06/12/06 20:55,0.0
06/12/06 21:00,0.0
06/12/06 21:05,0.0
06/12/06 21:10,0.0
06/12/06 21:15,0.0
06/12/06 21:20,0.0
06/12/06 21:25,0.0
06/12/06 21:30,0.0
06/12/06 21:35,0.0
06/12/06 21:40,0.0
06/12/06 21:45,0.0
06/12/06 21:50,0.0
06/12/06 21:55,0.0
06/12/06 22:00,0.0
06/12/06 22:05,0.0
06/12/06 22:10,0.0
06/12/06 22:15,0.0
06/12/06 22:20,0.0
06/12/06 22:25,0.0
06/12/06 22:30,0.0
06/12/06 22:35,0.0
06/12/06 22:40,0.0
06/12/06 22:45,0.0
06/12/06 22:50,0.0
06/12/06 22:55,0.0
06/12/06 23:00,0.0
06/12/06 23:05,0.0
06/12/06 23:10,0.0
06/12/06 23:15,0.0
06/12/06 23:20,0.0
06/12/06 23:25,0.0
06/12/06 23:30,0.0
06/12/06 23:35,0.0
06/12/06 23:40,0.0
06/12/06 23:45,0.0
06/12/06 23:50,0.0
06/12/06 23:55,0.0
06/13/06 00:00,0.0
06/13/06 00:05,0.0
06/13/06 00:10,0.0
06/13/06 00:15,0.0
06/13/06 00:20,0.0
06/13/06 00:25,0.0
06/13/06 00:30,0.0
06/13/06 00:35,0.0
06/13/06 00:40,0.0
06/13/06 00:45,0.0
06/13/06 00:50,0.0
06/13/06 00:55,0.0
06/13/06 01:00,0.0
06/13/06 01:05,0.0
06/13/06 01:10,0.0
06/13/06 01:15,0.0
06/13/06 01:20,0.0
06/13/06 01:25,0.0
06/13/06 01:30,0.0
06/13/06 01:35,0.0
06/13/06 01:40,0.0
06/13/06 01:45,0.0
06/13/06 01:50,0.0
06/13/06 01:55,0.0
06/13/06 02:00,0.0
06/13/06 02:05,0.0
06/13/06 02:10,0.0
06/13/06 02:15,0.0
06/13/06 02:20,0.0
06/13/06 02:25,0.0
06/13/06 02:30,0.0
06/13/06 02:35,0.0
06/13/06 02:40,0.0
06/13/06 02:45,0.0
06/13/06 02:50,0.0
06/13/06 02:55,0.0
06/13/06 03:00,0.0
06/13/06 03:05,0.0
06/13/06 03:10,0.0
06/13/06 03:15,0.0
06/13/06 03:20,0.0
06/13/06 03:25,0.0
06/13/06 03:30,0.0
06/13/06 03:35,0.0
06/13/06 03:40,0.0
06/13/06 03:45,0.0
06/13/06 03:50,0.0
06/13/06 03:55,0.0
06/13/06 04:00,0.0
06/13/06 04:05,0.0
06/13/06 04:10,0.0
06/13/06 04:15,0.0
06/13/06 04:20,0.0
06/13/06 04:25,0.0
06/13/06 04:30,0.0
06/13/06 04:35,0.0
06/13/06 04:40,0.0
06/13/06 04:45,0.0
06/13/06 04:50,0.0
06/13/06 04:55,0.0
06/13/06 05:00,0.0
06/13/06 05:05,0.0
06/13/06 05:10,0.0
06/13/06 05:15,0.0
06/13/06 05:20,0.0
06/13/06 05:25,0.0
06/13/06 05:30,0.1
06/13/06 05:35,0.1
06/13/06 05:40,0.3
06/13/06 05:45,0.4
06/13/06 05:50,0.6
06/13/06 05:55,1.0
06/13/06 06:00,1.6
06/13/06 06:05,2.4
06/13/06 06:10,3.1
06/13/06 06:15,3.7
06/13/06 06:20,4.2
06/13/06 06:25,4.8
06/13/06 06:30,5.3
06/13/06 06:35,5.7
06/13/06 06:40,6.0
06/13/06 06:45,6.3
06/13/06 06:50,6.6
06/13/06 06:55,7.0
06/13/06 07:00,7.3
06/13/06 07:05,7.4
06/13/06 07:10,7.5
06/13/06 07:15,8.2
06/13/06 07:20,9.2
06/13/06 07:25,10.1
06/13/06 07:30,10.9
06/13/06 07:35,11.7
06/13/06 07:40,12.3
06/13/06 07:45,12.9
06/13/06 07:50,13.5
06/13/06 07:55,14.1
06/13/06 08:00,14.6
06/13/06 08:05,15.1
06/13/06 08:10,15.6
06/13/06 08:15,16.1
06/13/06 08:20,16.8
06/13/06 08:25,17.7
06/13/06 08:30,18.1
06/13/06 08:35,17.9
06/13/06 08:40,18.0
06/13/06 08:45,18.1
06/13/06 08:50,18.3
06/13/06 08:55,18.5
06/13/06 09:00,18.8
06/13/06 09:05,19.8
06/13/06 09:10,20.6
06/13/06 09:15,21.0
06/13/06 09:20,21.0
06/13/06 09:25,21.1
06/13/06 09:30,21.3
06/13/06 09:35,21.2
06/13/06 09:40,18.5
06/13/06 09:45,16.0
06/13/06 09:50,16.0
06/13/06 09:55,18.4
06/13/06 10:00,19.7
06/13/06 10:05,20.1
06/13/06 10:10,19.3
06/13/06 10:15,19.3
06/13/06 10:20,19.9
06/13/06 10:25,18.5
06/13/06 10:30,19.1
06/13/06 10:35,20.3
06/13/06 10:40,21.1
06/13/06 10:45,21.1
06/13/06 10:50,20.1
06/13/06 10:55,20.8
06/13/06 11:00,22.6
06/13/06 11:05,23.1
06/13/06 11:10,22.6
06/13/06 11:15,22.3
06/13/06 11:20,22.0
06/13/06 11:25,21.9
06/13/06 11:30,22.0
06/13/06 11:35,21.9
06/13/06 11:40,21.7
06/13/06 11:45,21.5
06/13/06 11:50,21.5
06/13/06 11:55,21.6
06/13/06 12:00,21.6
06/13/06 12:05,21.7
06/13/06 12:10,21.7
06/13/06 12:15,22.1
06/13/06 12:20,23.0
06/13/06 12:25,22.3
06/13/06 12:30,23.2
06/13/06 12:35,23.3
06/13/06 12:40,21.2
06/13/06 12:45,20.6
06/13/06 12:50,21.5
06/13/06 12:55,22.1
06/13/06 13:00,22.5
06/13/06 13:05,23.1
06/13/06 13:10,23.9
06/13/06 13:15,22.3
06/13/06 13:20,22.8
06/13/06 13:25,22.3
06/13/06 13:30,21.8
06/13/06 13:35,23.0
06/13/06 13:40,23.3
06/13/06 13:45,22.7
06/13/06 13:50,21.8
06/13/06 13:55,20.5
06/13/06 14:00,20.2
06/13/06 14:05,20.6
06/13/06 14:10,19.1
06/13/06 14:15,19.3
06/13/06 14:20,19.7
06/13/06 14:25,19.8
06/13/06 14:30,20.0
06/13/06 14:35,20.1
06/13/06 14:40,20.0
06/13/06 14:45,19.9
06/13/06 14:50,19.7
06/13/06 14:55,19.4
06/13/06 15:00,19.1
06/13/06 15:05,18.8
06/13/06 15:10,18.4
06/13/06 15:15,17.7
06/13/06 15:20,16.5
06/13/06 15:25,15.9
06/13/06 15:30,15.2
06/13/06 15:35,14.7
06/13/06 15:40,13.8
06/13/06 15:45,13.2
06/13/06 15:50,12.7
06/13/06 15:55,12.1
06/13/06 16:00,11.7
06/13/06 16:05,10.7
06/13/06 16:10,9.9
06/13/06 16:15,10.0
06/13/06 16:20,9.9
06/13/06 16:25,9.5
06/13/06 16:30,9.1
06/13/06 16:35,8.7
06/13/06 16:40,8.2
06/13/06 16:45,7.8
06/13/06 16:50,7.3
06/13/06 16:55,6.8
06/13/06 17:00,6.3
06/13/06 17:05,5.8
06/13/06 17:10,5.3
06/13/06 17:15,4.9
06/13/06 17:20,4.4
06/13/06 17:25,3.8
06/13/06 17:30,3.5
06/13/06 17:35,2.4
06/13/06 17:40,1.6
06/13/06 17:45,1.0
06/13/06 17:50,0.6
06/13/06 17:55,0.4
06/13/06 18:00,0.2
06/13/06 18:05,0.1
06/13/06 18:10,0.1
06/13/06 18:15,0.0
06/13/06 18:20,0.0
06/13/06 18:25,0.0
06/13/06 18:30,0.0
06/13/06 18:35,0.0
06/13/06 18:40,0.0
06/13/06 18:45,0.0
06/13/06 18:50,0.0
06/13/06 18:55,0.0
06/13/06 19:00,0.0
06/13/06 19:05,0.0
06/13/06 19:10,0.0
06/13/06 19:15,0.0
06/13/06 19:20,0.0
06/13/06 19:25,0.0
06/13/06 19:30,0.0
06/13/06 19:35,0.0
06/13/06 19:40,0.0
06/13/06 19:45,0.0
06/13/06 19:50,0.0
06/13/06 19:55,0.0
06/13/06 20:00,0.0
06/13/06 20:05,0.0
06/13/06 20:10,0.0
06/13/06 20:15,0.0
06/13/06 20:20,0.0
06/13/06 20:25,0.0
06/13/06 20:30,0.0
06/13/06 20:35,0.0
06/13/06 20:40,0.0
06/13/06 20:45,0.0
06/13/06 20:50,0.0
06/13/06 20:55,0.0
06/13/06 21:00,0.0
06/13/06 21:05,0.0
06/13/06 21:10,0.0
06/13/06 21:15,0.0
06/13/06 21:20,0.0
06/13/06 21:25,0.0
06/13/06 21:30,0.0
06/13/06 21:35,0.0
06/13/06 21:40,0.0
06/13/06 21:45,0.0
06/13/06 21:50,0.0
06/13/06 21:55,0.0
06/13/06 22:00,0.0
06/13/06 22:05,0.0
06/13/06 22:10,0.0
06/13/06 22:15,0.0
06/13/06 22:20,0.0
06/13/06 22:25,0.0
06/13/06 22:30,0.0
06/13/06 22:35,0.0
06/13/06 22:40,0.0
06/13/06 22:45,0.0
06/13/06 22:50,0.0
06/13/06 22:55,0.0
06/13/06 23:00,0.0
06/13/06 23:05,0.0
06/13/06 23:10,0.0
06/13/06 23:15,0.0
06/13/06 23:20,0.0
06/13/06 23:25,0.0
06/13/06 23:30,0.0
06/13/06 23:35,0.0
06/13/06 23:40,0.0
06/13/06 23:45,0.0
06/13/06 23:50,0.0
06/13/06 23:55,0.0
06/14/06 00:00,0.0
06/14/06 00:05,0.0
06/14/06 00:10,0.0
06/14/06 00:15,0.0
06/14/06 00:20,0.0
06/14/06 00:25,0.0
06/14/06 00:30,0.0
06/14/06 00:35,0.0
06/14/06 00:40,0.0
06/14/06 00:45,0.0
06/14/06 00:50,0.0
06/14/06 00:55,0.0
06/14/06 01:00,0.0
06/14/06 01:05,0.0
06/14/06 01:10,0.0
06/14/06 01:15,0.0
06/14/06 01:20,0.0
06/14/06 01:25,0.0
06/14/06 01:30,0.0
06/14/06 01:35,0.0
06/14/06 01:40,0.0
06/14/06 01:45,0.0
06/14/06 01:50,0.0
06/14/06 01:55,0.0
06/14/06 02:00,0.0
06/14/06 02:05,0.0
06/14/06 02:10,0.0
06/14/06 02:15,0.0
06/14/06 02:20,0.0
06/14/06 02:25,0.0
06/14/06 02:30,0.0
06/14/06 02:35,0.0
06/14/06 02:40,0.0
06/14/06 02:45,0.0
06/14/06 02:50,0.0
06/14/06 02:55,0.0
06/14/06 03:00,0.0
06/14/06 03:05,0.0
06/14/06 03:10,0.0
06/14/06 03:15,0.0
06/14/06 03:20,0.0
06/14/06 03:25,0.0
06/14/06 03:30,0.0
06/14/06 03:35,0.0
06/14/06 03:40,0.0
06/14/06 03:45,0.0
06/14/06 03:50,0.0
06/14/06 03:55,0.0
06/14/06 04:00,0.0
06/14/06 04:05,0.0
06/14/06 04:10,0.0
06/14/06 04:15,0.0
06/14/06 04:20,0.0
06/14/06 04:25,0.0
06/14/06 04:30,0.0
06/14/06 04:35,0.0
06/14/06 04:40,0.0
06/14/06 04:45,0.0
06/14/06 04:50,0.0
06/14/06 04:55,0.0
06/14/06 05:00,0.0
06/14/06 05:05,0.0
06/14/06 05:10,0.0
06/14/06 05:15,0.0
06/14/06 05:20,0.0
06/14/06 05:25,0.0
06/14/06 05:30,0.0
06/14/06 05:35,0.1
06/14/06 05:40,0.1
06/14/06 05:45,0.1
06/14/06 05:50,0.2
06/14/06 05:55,0.3
06/14/06 06:00,0.4
06/14/06 06:05,0.6
06/14/06 06:10,0.8
06/14/06 06:15,1.3
06/14/06 06:20,2.3
06/14/06 06:25,3.5
06/14/06 06:30,4.0
06/14/06 06:35,4.5
06/14/06 06:40,5.0
06/14/06 06:45,5.5
06/14/06 06:50,6.1
06/14/06 06:55,6.8
06/14/06 07:00,7.4
06/14/06 07:05,8.1
06/14/06 07:10,8.8
06/14/06 07:15,9.5
06/14/06 07:20,10.1
06/14/06 07:25,10.6
06/14/06 07:30,10.7
06/14/06 07:35,10.8
06/14/06 07:40,11.3
06/14/06 07:45,11.9
06/14/06 07:50,12.6
06/14/06 07:55,13.3
06/14/06 08:00,13.9
06/14/06 08:05,14.3
06/14/06 08:10,14.8
06/14/06 08:15,15.7
06/14/06 08:20,16.7
06/14/06 08:25,17.3
06/14/06 08:30,17.8
06/14/06 08:35,18.3
06/14/06 08:40,18.6
06/14/06 08:45,19.0
06/14/06 08:50,19.3
06/14/06 08:55,19.6
06/14/06 09:00,19.9
06/14/06 09:05,20.2
06/14/06 09:10,20.6
06/14/06 09:15,21.0
06/14/06 09:20,21.4
06/14/06 09:25,21.6
06/14/06 09:30,21.8
06/14/06 09:35,21.9
06/14/06 09:40,21.9
06/14/06 09:45,22.0
06/14/06 09:50,22.0
06/14/06 09:55,22.1
06/14/06 10:00,22.2
06/14/06 10:05,22.2
06/14/06 10:10,22.3
06/14/06 10:15,22.5
06/14/06 10:20,22.1
06/14/06 10:25,21.6
06/14/06 10:30,19.9
06/14/06 10:35,19.7
06/14/06 10:40,19.9
06/14/06 10:45,19.9
06/14/06 10:50,19.9
06/14/06 10:55,20.7
06/14/06 11:00,23.4
06/14/06 11:05,24.8
06/14/06 11:10,24.2
06/14/06 11:15,23.8
06/14/06 11:20,23.5
06/14/06 11:25,21.6
06/14/06 11:30,16.7
06/14/06 11:35,15.5
06/14/06 11:40,18.6
06/14/06 11:45,20.0
06/14/06 11:50,21.2
06/14/06 11:55,20.7
06/14/06 12:00,19.1
06/14/06 12:05,19.6
06/14/06 12:10,20.9
06/14/06 12:15,20.3
06/14/06 12:20,19.3
06/14/06 12:25,18.9
06/14/06 12:30,19.1
06/14/06 12:35,19.5
06/14/06 12:40,20.2
06/14/06 12:45,20.9
06/14/06 12:50,21.5
06/14/06 12:55,22.2
06/14/06 13:00,22.7
06/14/06 13:05,23.0
06/14/06 13:10,23.2
06/14/06 13:15,23.2
06/14/06 13:20,22.8
06/14/06 13:25,22.3
06/14/06 13:30,21.9
06/14/06 13:35,21.6
06/14/06 13:40,21.4
06/14/06 13:45,21.0
06/14/06 13:50,20.5
06/14/06 13:55,20.1
06/14/06 14:00,19.4
06/14/06 14:05,19.1
06/14/06 14:10,19.3
06/14/06 14:15,19.7
06/14/06 14:20,19.9
06/14/06 14:25,19.6
06/14/06 14:30,19.0
06/14/06 14:35,18.2
06/14/06 14:40,17.4
06/14/06 14:45,16.4
06/14/06 14:50,15.3
06/14/06 14:55,13.8
06/14/06 15:00,12.4
06/14/06 15:05,10.8
06/14/06 15:10,9.3
06/14/06 15:15,8.8
06/14/06 15:20,9.4
06/14/06 15:25,10.9
06/14/06 15:30,10.8
06/14/06 15:35,9.1
06/14/06 15:40,7.2
06/14/06 15:45,7.4
06/14/06 15:50,7.3
06/14/06 15:55,8.1
06/14/06 16:00,7.9
06/14/06 16:05,8.3
06/14/06 16:10,8.8
06/14/06 16:15,9.3
06/14/06 16:20,9.5
06/14/06 16:25,9.3
06/14/06 16:30,8.9
06/14/06 16:35,8.3
06/14/06 16:40,7.7
06/14/06 16:45,7.1
06/14/06 16:50,6.6
06/14/06 16:55,6.1
06/14/06 17:00,5.7
06/14/06 17:05,5.2
06/14/06 17:10,4.7
06/14/06 17:15,4.3
06/14/06 17:20,4.1
06/14/06 17:25,3.1
06/14/06 17:30,1.0
06/14/06 17:35,0.3
06/14/06 17:40,0.3
06/14/06 17:45,0.1
06/14/06 17:50,0.0
06/14/06 17:55,0.0
06/14/06 18:00,0.0
06/14/06 18:05,0.0
06/14/06 18:10,0.0
06/14/06 18:15,0.0
06/14/06 18:20,0.0
06/14/06 18:25,0.0
06/14/06 18:30,0.0
06/14/06 18:35,0.0
06/14/06 18:40,0.0
06/14/06 18:45,0.0
06/14/06 18:50,0.0
06/14/06 18:55,0.0
06/14/06 19:00,0.0
06/14/06 19:05,0.0
06/14/06 19:10,0.0
06/14/06 19:15,0.0
06/14/06 19:20,0.0
06/14/06 19:25,0.0
06/14/06 19:30,0.0
06/14/06 19:35,0.0
06/14/06 19:40,0.0
06/14/06 19:45,0.0
06/14/06 19:50,0.0
06/14/06 19:55,0.0
06/14/06 20:00,0.0
06/14/06 20:05,0.0
06/14/06 20:10,0.0
06/14/06 20:15,0.0
06/14/06 20:20,0.0
06/14/06 20:25,0.0
06/14/06 20:30,0.0
06/14/06 20:35,0.0
06/14/06 20:40,0.0
06/14/06 20:45,0.0
06/14/06 20:50,0.0
06/14/06 20:55,0.0
06/14/06 21:00,0.0
06/14/06 21:05,0.0
06/14/06 21:10,0.0
06/14/06 21:15,0.0
06/14/06 21:20,0.0
06/14/06 21:25,0.0
06/14/06 21:30,0.0
06/14/06 21:35,0.0
06/14/06 21:40,0.0
06/14/06 21:45,0.0
06/14/06 21:50,0.0
06/14/06 21:55,0.0
06/14/06 22:00,0.0
06/14/06 22:05,0.0
06/14/06 22:10,0.0
06/14/06 22:15,0.0
06/14/06 22:20,0.0
06/14/06 22:25,0.0
06/14/06 22:30,0.0
06/14/06 22:35,0.0
06/14/06 22:40,0.0
06/14/06 22:45,0.0
06/14/06 22:50,0.0
06/14/06 22:55,0.0
06/14/06 23:00,0.0
06/14/06 23:05,0.0
06/14/06 23:10,0.0
06/14/06 23:15,0.0
06/14/06 23:20,0.0
06/14/06 23:25,0.0
06/14/06 23:30,0.0
06/14/06 23:35,0.0
06/14/06 23:40,0.0
06/14/06 23:45,0.0
06/14/06 23:50,0.0
06/14/06 23:55,0.0
06/15/06 00:00,0.0
06/15/06 00:05,0.0
06/15/06 00:10,0.0
06/15/06 00:15,0.0
06/15/06 00:20,0.0
06/15/06 00:25,0.0
06/15/06 00:30,0.0
06/15/06 00:35,0.0
06/15/06 00:40,0.0
06/15/06 00:45,0.0
06/15/06 00:50,0.0
06/15/06 00:55,0.0
06/15/06 01:00,0.0
06/15/06 01:05,0.0
06/15/06 01:10,0.0
06/15/06 01:15,0.0
06/15/06 01:20,0.0
06/15/06 01:25,0.0
06/15/06 01:30,0.0
06/15/06 01:35,0.0
06/15/06 01:40,0.0
06/15/06 01:45,0.0
06/15/06 01:50,0.0
06/15/06 01:55,0.0
06/15/06 02:00,0.0
06/15/06 02:05,0.0
06/15/06 02:10,0.0
06/15/06 02:15,0.0
06/15/06 02:20,0.0
06/15/06 02:25,0.0
06/15/06 02:30,0.0
06/15/06 02:35,0.0
06/15/06 02:40,0.0
06/15/06 02:45,0.0
06/15/06 02:50,0.0
06/15/06 02:55,0.0
06/15/06 03:00,0.0
06/15/06 03:05,0.0
06/15/06 03:10,0.0
06/15/06 03:15,0.0
06/15/06 03:20,0.0
06/15/06 03:25,0.0
06/15/06 03:30,0.0
06/15/06 03:35,0.0
06/15/06 03:40,0.0
06/15/06 03:45,0.0
06/15/06 03:50,0.0
06/15/06 03:55,0.0
06/15/06 04:00,0.0
06/15/06 04:05,0.0
06/15/06 04:10,0.0
06/15/06 04:15,0.0
06/15/06 04:20,0.0
06/15/06 04:25,0.0
06/15/06 04:30,0.0
06/15/06 04:35,0.0
06/15/06 04:40,0.0
06/15/06 04:45,0.0
06/15/06 04:50,0.0
06/15/06 04:55,0.0
06/15/06 05:00,0.0
06/15/06 05:05,0.0
06/15/06 05:10,0.0
06/15/06 05:15,0.0
06/15/06 05:20,0.0
06/15/06 05:25,0.0
06/15/06 05:30,0.0
06/15/06 05:35,0.1
06/15/06 05:40,0.1
06/15/06 05:45,0.2
06/15/06 05:50,0.4
06/15/06 05:55,0.6
06/15/06 06:00,1.0
06/15/06 06:05,1.4
06/15/06 06:10,2.3
06/15/06 06:15,3.4
06/15/06 06:20,3.7
06/15/06 06:25,4.0
06/15/06 06:30,4.3
06/15/06 06:35,4.6
06/15/06 06:40,5.1
06/15/06 06:45,5.5
06/15/06 06:50,6.0
06/15/06 06:55,6.5
06/15/06 07:00,7.0
06/15/06 07:05,7.6
06/15/06 07:10,8.3
06/15/06 07:15,8.8
06/15/06 07:20,9.3
06/15/06 07:25,9.8
06/15/06 07:30,10.5
06/15/06 07:35,11.2
06/15/06 07:40,12.0
06/15/06 07:45,12.6
06/15/06 07:50,13.3
06/15/06 07:55,14.0
06/15/06 08:00,14.7
06/15/06 08:05,15.3
06/15/06 08:10,16.0
06/15/06 08:15,16.4
06/15/06 08:20,16.8
06/15/06 08:25,17.2
06/15/06 08:30,17.6
06/15/06 08:35,18.0
06/15/06 08:40,18.5
06/15/06 08:45,18.9
06/15/06 08:50,19.3
06/15/06 08:55,19.7
06/15/06 09:00,20.0
06/15/06 09:05,20.3
06/15/06 09:10,20.6
06/15/06 09:15,20.0
06/15/06 09:20,18.8
06/15/06 09:25,19.1
06/15/06 09:30,19.5
06/15/06 09:35,20.0
06/15/06 09:40,20.2
06/15/06 09:45,20.4
06/15/06 09:50,21.1
06/15/06 09:55,21.5
06/15/06 10:00,21.7
06/15/06 10:05,22.2
06/15/06 10:10,22.7
06/15/06 10:15,22.6
06/15/06 10:20,22.3
06/15/06 10:25,21.9
06/15/06 10:30,21.5
06/15/06 10:35,21.2
06/15/06 10:40,21.5
06/15/06 10:45,21.7
06/15/06 10:50,21.4
06/15/06 10:55,21.1
06/15/06 11:00,20.8
06/15/06 11:05,20.0
06/15/06 11:10,19.8
06/15/06 11:15,20.6
06/15/06 11:20,21.7
06/15/06 11:25,22.1
06/15/06 11:30,23.0
06/15/06 11:35,22.7
06/15/06 11:40,23.6
06/15/06 11:45,24.2
06/15/06 11:50,24.7
06/15/06 11:55,25.4
06/15/06 12:00,25.7
06/15/06 12:05,25.8
06/15/06 12:10,25.9
06/15/06 12:15,25.3
06/15/06 12:20,20.8
06/15/06 12:25,21.4
06/15/06 12:30,21.5
06/15/06 12:35,20.5
06/15/06 12:40,20.7
06/15/06 12:45,21.6
06/15/06 12:50,22.6
06/15/06 12:55,22.9
06/15/06 13:00,22.1
06/15/06 13:05,22.7
06/15/06 13:10,23.1
06/15/06 13:15,22.7
06/15/06 13:20,22.3
06/15/06 13:25,22.1
06/15/06 13:30,22.1
06/15/06 13:35,22.0
06/15/06 13:40,21.7
06/15/06 13:45,21.5
06/15/06 13:50,21.3
06/15/06 13:55,21.2
06/15/06 14:00,21.1
06/15/06 14:05,20.9
06/15/06 14:10,20.8
06/15/06 14:15,20.6
06/15/06 14:20,19.9
06/15/06 14:25,18.7
06/15/06 14:30,17.3
06/15/06 14:35,16.2
06/15/06 14:40,16.3
06/15/06 14:45,14.4
06/15/06 14:50,13.6
06/15/06 14:55,12.7
06/15/06 15:00,14.0
06/15/06 15:05,13.5
06/15/06 15:10,10.4
06/15/06 15:15,11.5
06/15/06 15:20,12.8
06/15/06 15:25,13.3
06/15/06 15:30,13.5
06/15/06 15:35,13.5
06/15/06 15:40,13.3
06/15/06 15:45,13.0
06/15/06 15:50,12.7
06/15/06 15:55,12.3
06/15/06 16:00,11.9
06/15/06 16:05,11.6
06/15/06 16:10,11.2
06/15/06 16:15,10.7
06/15/06 16:20,10.1
06/15/06 16:25,9.6
06/15/06 16:30,9.0
06/15/06 16:35,8.4
06/15/06 16:40,7.8
06/15/06 16:45,7.2
06/15/06 16:50,6.7
06/15/06 16:55,6.2
06/15/06 17:00,5.7
06/15/06 17:05,5.3
06/15/06 17:10,4.9
06/15/06 17:15,4.6
06/15/06 17:20,4.3
06/15/06 17:25,4.0
06/15/06 17:30,3.7
06/15/06 17:35,2.7
06/15/06 17:40,1.7
06/15/06 17:45,1.1
06/15/06 17:50,0.7
06/15/06 17:55,0.4
06/15/06 18:00,0.2
06/15/06 18:05,0.2
06/15/06 18:10,0.1
06/15/06 18:15,0.0
06/15/06 18:20,0.0
06/15/06 18:25,0.0
06/15/06 18:30,0.0
06/15/06 18:35,0.0
06/15/06 18:40,0.0
06/15/06 18:45,0.0
06/15/06 18:50,0.0
06/15/06 18:55,0.0
06/15/06 19:00,0.0
06/15/06 19:05,0.0
06/15/06 19:10,0.0
06/15/06 19:15,0.0
06/15/06 19:20,0.0
06/15/06 19:25,0.0
06/15/06 19:30,0.0
06/15/06 19:35,0.0
06/15/06 19:40,0.0
06/15/06 19:45,0.0
06/15/06 19:50,0.0
06/15/06 19:55,0.0
06/15/06 20:00,0.0
06/15/06 20:05,0.0
06/15/06 20:10,0.0
06/15/06 20:15,0.0
06/15/06 20:20,0.0
06/15/06 20:25,0.0
06/15/06 20:30,0.0
06/15/06 20:35,0.0
06/15/06 20:40,0.0
06/15/06 20:45,0.0
06/15/06 20:50,0.0
06/15/06 20:55,0.0
06/15/06 21:00,0.0
06/15/06 21:05,0.0
06/15/06 21:10,0.0
06/15/06 21:15,0.0
06/15/06 21:20,0.0
06/15/06 21:25,0.0
06/15/06 21:30,0.0
06/15/06 21:35,0.0
06/15/06 21:40,0.0
06/15/06 21:45,0.0
06/15/06 21:50,0.0
06/15/06 21:55,0.0
06/15/06 22:00,0.0
06/15/06 22:05,0.0
06/15/06 22:10,0.0
06/15/06 22:15,0.0
06/15/06 22:20,0.0
06/15/06 22:25,0.0
06/15/06 22:30,0.0
06/15/06 22:35,0.0
06/15/06 22:40,0.0
06/15/06 22:45,0.0
06/15/06 22:50,0.0
06/15/06 22:55,0.0
06/15/06 23:00,0.0
06/15/06 23:05,0.0
06/15/06 23:10,0.0
06/15/06 23:15,0.0
06/15/06 23:20,0.0
06/15/06 23:25,0.0
06/15/06 23:30,0.0
06/15/06 23:35,0.0
06/15/06 23:40,0.0
06/15/06 23:45,0.0
06/15/06 23:50,0.0
06/15/06 23:55,0.0
06/16/06 00:00,0.0
06/16/06 00:05,0.0
06/16/06 00:10,0.0
06/16/06 00:15,0.0
06/16/06 00:20,0.0
06/16/06 00:25,0.0
06/16/06 00:30,0.0
06/16/06 00:35,0.0
06/16/06 00:40,0.0
06/16/06 00:45,0.0
06/16/06 00:50,0.0
06/16/06 00:55,0.0
06/16/06 01:00,0.0
06/16/06 01:05,0.0
06/16/06 01:10,0.0
06/16/06 01:15,0.0
06/16/06 01:20,0.0
06/16/06 01:25,0.0
06/16/06 01:30,0.0
06/16/06 01:35,0.0
06/16/06 01:40,0.0
06/16/06 01:45,0.0
06/16/06 01:50,0.0
06/16/06 01:55,0.0
06/16/06 02:00,0.0
06/16/06 02:05,0.0
06/16/06 02:10,0.0
06/16/06 02:15,0.0
06/16/06 02:20,0.0
06/16/06 02:25,0.0
06/16/06 02:30,0.0
06/16/06 02:35,0.0
06/16/06 02:40,0.0
06/16/06 02:45,0.0
06/16/06 02:50,0.0
06/16/06 02:55,0.0
06/16/06 03:00,0.0
06/16/06 03:05,0.0
06/16/06 03:10,0.0
06/16/06 03:15,0.0
06/16/06 03:20,0.0
06/16/06 03:25,0.0
06/16/06 03:30,0.0
06/16/06 03:35,0.0
06/16/06 03:40,0.0
06/16/06 03:45,0.0
06/16/06 03:50,0.0
06/16/06 03:55,0.0
06/16/06 04:00,0.0
06/16/06 04:05,0.0
06/16/06 04:10,0.0
06/16/06 04:15,0.0
06/16/06 04:20,0.0
06/16/06 04:25,0.0
06/16/06 04:30,0.0
06/16/06 04:35,0.0
06/16/06 04:40,0.0
06/16/06 04:45,0.0
06/16/06 04:50,0.0
06/16/06 04:55,0.0
06/16/06 05:00,0.0
06/16/06 05:05,0.0
06/16/06 05:10,0.0
06/16/06 05:15,0.0
06/16/06 05:20,0.0
06/16/06 05:25,0.0
06/16/06 05:30,0.0
06/16/06 05:35,0.0
06/16/06 05:40,0.1
06/16/06 05:45,0.1
06/16/06 05:50,0.2
06/16/06 05:55,0.3
06/16/06 06:00,0.5
06/16/06 06:05,0.8
06/16/06 06:10,1.2
06/16/06 06:15,1.8
06/16/06 06:20,2.0
06/16/06 06:25,2.4
06/16/06 06:30,3.0
06/16/06 06:35,3.5
06/16/06 06:40,3.7
06/16/06 06:45,3.9
06/16/06 06:50,3.9
06/16/06 06:55,4.0
06/16/06 07:00,4.0
06/16/06 07:05,4.0
06/16/06 07:10,4.1
06/16/06 07:15,4.3
06/16/06 07:20,4.5
06/16/06 07:25,4.7
06/16/06 07:30,4.9
06/16/06 07:35,5.2
06/16/06 07:40,6.2
06/16/06 07:45,8.6
06/16/06 07:50,10.3
06/16/06 07:55,11.9
06/16/06 08:00,12.3
06/16/06 08:05,11.9
06/16/06 08:10,11.8
06/16/06 08:15,12.1
06/16/06 08:20,12.7
06/16/06 08:25,13.4
06/16/06 08:30,14.2
06/16/06 08:35,14.9
06/16/06 08:40,15.7
06/16/06 08:45,16.6
06/16/06 08:50,17.3
06/16/06 08:55,18.2
06/16/06 09:00,19.0
06/16/06 09:05,19.6
06/16/06 09:10,20.2
06/16/06 09:15,20.0
06/16/06 09:20,19.7
06/16/06 09:25,19.8
06/16/06 09:30,18.9
06/16/06 09:35,17.8
06/16/06 09:40,15.6
06/16/06 09:45,15.9
06/16/06 09:50,16.5
06/16/06 09:55,16.8
06/16/06 10:00,18.1
06/16/06 10:05,19.3
06/16/06 10:10,20.1
06/16/06 10:15,20.9
06/16/06 10:20,22.4
06/16/06 10:25,23.4
06/16/06 10:30,24.0
06/16/06 10:35,24.4
06/16/06 10:40,24.8
06/16/06 10:45,24.8
06/16/06 10:50,25.0
06/16/06 10:55,25.4
06/16/06 11:00,25.4
06/16/06 11:05,25.2
06/16/06 11:10,25.0
06/16/06 11:15,24.0
06/16/06 11:20,23.4
06/16/06 11:25,22.5
06/16/06 11:30,20.6
06/16/06 11:35,20.5
06/16/06 11:40,19.3
06/16/06 11:45,19.3
06/16/06 11:50,19.0
06/16/06 11:55,19.6
06/16/06 12:00,18.5
06/16/06 12:05,18.3
06/16/06 12:10,19.8
06/16/06 12:15,19.8
06/16/06 12:20,17.2
06/16/06 12:25,16.8
06/16/06 12:30,18.6
06/16/06 12:35,17.6
06/16/06 12:40,14.9
06/16/06 12:45,15.6
06/16/06 12:50,18.5
06/16/06 12:55,20.0
06/16/06 13:00,19.9
06/16/06 13:05,18.5
06/16/06 13:10,18.3
06/16/06 13:15,18.9
06/16/06 13:20,19.9
06/16/06 13:25,21.1
06/16/06 13:30,21.8
06/16/06 13:35,20.9
06/16/06 13:40,20.3
06/16/06 13:45,19.4
06/16/06 13:50,18.5
06/16/06 13:55,18.8
06/16/06 14:00,16.2
06/16/06 14:05,14.0
06/16/06 14:10,12.9
06/16/06 14:15,13.3
06/16/06 14:20,14.4
06/16/06 14:25,13.0
06/16/06 14:30,12.7
06/16/06 14:35,13.0
06/16/06 14:40,13.2
06/16/06 14:45,13.1
06/16/06 14:50,14.0
06/16/06 14:55,13.6
06/16/06 15:00,12.7
06/16/06 15:05,12.0
06/16/06 15:10,11.6
06/16/06 15:15,11.9
06/16/06 15:20,9.6
06/16/06 15:25,8.7
06/16/06 15:30,8.8
06/16/06 15:35,9.9
06/16/06 15:40,9.5
06/16/06 15:45,9.6
06/16/06 15:50,10.0
06/16/06 15:55,9.6
06/16/06 16:00,8.2
06/16/06 16:05,5.8
06/16/06 16:10,4.8
06/16/06 16:15,6.2
06/16/06 16:20,7.4
06/16/06 16:25,7.8
06/16/06 16:30,7.8
06/16/06 16:35,7.6
06/16/06 16:40,7.1
06/16/06 16:45,6.6
06/16/06 16:50,6.0
06/16/06 16:55,5.5
06/16/06 17:00,5.0
06/16/06 17:05,4.4
06/16/06 17:10,3.9
06/16/06 17:15,3.5
06/16/06 17:20,2.4
06/16/06 17:25,1.7
06/16/06 17:30,1.2
06/16/06 17:35,0.8
06/16/06 17:40,0.6
06/16/06 17:45,0.5
06/16/06 17:50,0.3
06/16/06 17:55,0.2
06/16/06 18:00,0.1
06/16/06 18:05,0.1
06/16/06 18:10,0.0
06/16/06 18:15,0.0
06/16/06 18:20,0.0
06/16/06 18:25,0.0
06/16/06 18:30,0.0
06/16/06 18:35,0.0
06/16/06 18:40,0.0
06/16/06 18:45,0.0
06/16/06 18:50,0.0
06/16/06 18:55,0.0
06/16/06 19:00,0.0
06/16/06 19:05,0.0
06/16/06 19:10,0.0
06/16/06 19:15,0.0
06/16/06 19:20,0.0
06/16/06 19:25,0.0
06/16/06 19:30,0.0
06/16/06 19:35,0.0
06/16/06 19:40,0.0
06/16/06 19:45,0.0
06/16/06 19:50,0.0
06/16/06 19:55,0.0
06/16/06 20:00,0.0
06/16/06 20:05,0.0
06/16/06 20:10,0.0
06/16/06 20:15,0.0
06/16/06 20:20,0.0
06/16/06 20:25,0.0
06/16/06 20:30,0.0
06/16/06 20:35,0.0
06/16/06 20:40,0.0
06/16/06 20:45,0.0
06/16/06 20:50,0.0
06/16/06 20:55,0.0
06/16/06 21:00,0.0
06/16/06 21:05,0.0
06/16/06 21:10,0.0
06/16/06 21:15,0.0
06/16/06 21:20,0.0
06/16/06 21:25,0.0
06/16/06 21:30,0.0
06/16/06 21:35,0.0
06/16/06 21:40,0.0
06/16/06 21:45,0.0
06/16/06 21:50,0.0
06/16/06 21:55,0.0
06/16/06 22:00,0.0
06/16/06 22:05,0.0
06/16/06 22:10,0.0
06/16/06 22:15,0.0
06/16/06 22:20,0.0
06/16/06 22:25,0.0
06/16/06 22:30,0.0
06/16/06 22:35,0.0
06/16/06 22:40,0.0
06/16/06 22:45,0.0
06/16/06 22:50,0.0
06/16/06 22:55,0.0
06/16/06 23:00,0.0
06/16/06 23:05,0.0
06/16/06 23:10,0.0
06/16/06 23:15,0.0
06/16/06 23:20,0.0
06/16/06 23:25,0.0
06/16/06 23:30,0.0
06/16/06 23:35,0.0
06/16/06 23:40,0.0
06/16/06 23:45,0.0
06/16/06 23:50,0.0
06/16/06 23:55,0.0
06/17/06 00:00,0.0
06/17/06 00:05,0.0
06/17/06 00:10,0.0
06/17/06 00:15,0.0
06/17/06 00:20,0.0
06/17/06 00:25,0.0
06/17/06 00:30,0.0
06/17/06 00:35,0.0
06/17/06 00:40,0.0
06/17/06 00:45,0.0
06/17/06 00:50,0.0
06/17/06 00:55,0.0
06/17/06 01:00,0.0
06/17/06 01:05,0.0
06/17/06 01:10,0.0
06/17/06 01:15,0.0
06/17/06 01:20,0.0
06/17/06 01:25,0.0
06/17/06 01:30,0.0
06/17/06 01:35,0.0
06/17/06 01:40,0.0
06/17/06 01:45,0.0
06/17/06 01:50,0.0
06/17/06 01:55,0.0
06/17/06 02:00,0.0
06/17/06 02:05,0.0
06/17/06 02:10,0.0
06/17/06 02:15,0.0
06/17/06 02:20,0.0
06/17/06 02:25,0.0
06/17/06 02:30,0.0
06/17/06 02:35,0.0
06/17/06 02:40,0.0
06/17/06 02:45,0.0
06/17/06 02:50,0.0
06/17/06 02:55,0.0
06/17/06 03:00,0.0
06/17/06 03:05,0.0
06/17/06 03:10,0.0
06/17/06 03:15,0.0
06/17/06 03:20,0.0
06/17/06 03:25,0.0
06/17/06 03:30,0.0
06/17/06 03:35,0.0
06/17/06 03:40,0.0
06/17/06 03:45,0.0
06/17/06 03:50,0.0
06/17/06 03:55,0.0
06/17/06 04:00,0.0
06/17/06 04:05,0.0
06/17/06 04:10,0.0
06/17/06 04:15,0.0
06/17/06 04:20,0.0
06/17/06 04:25,0.0
06/17/06 04:30,0.0
06/17/06 04:35,0.0
06/17/06 04:40,0.0
06/17/06 04:45,0.0
06/17/06 04:50,0.0
06/17/06 04:55,0.0
06/17/06 05:00,0.0
06/17/06 05:05,0.0
06/17/06 05:10,0.0
06/17/06 05:15,0.0
06/17/06 05:20,0.0
06/17/06 05:25,0.0
06/17/06 05:30,0.0
06/17/06 05:35,0.0
06/17/06 05:40,0.0
06/17/06 05:45,0.0
06/17/06 05:50,0.0
06/17/06 05:55,0.0
06/17/06 06:00,0.0
06/17/06 06:05,0.0
06/17/06 06:10,0.0
06/17/06 06:15,0.0
06/17/06 06:20,0.3
06/17/06 06:25,1.5
06/17/06 06:30,3.6
06/17/06 06:35,4.4
06/17/06 06:40,5.2
06/17/06 06:45,5.6
06/17/06 06:50,6.0
06/17/06 06:55,6.8
06/17/06 07:00,7.4
06/17/06 07:05,8.0
06/17/06 07:10,8.7
06/17/06 07:15,9.2
06/17/06 07:20,9.2
06/17/06 07:25,9.3
06/17/06 07:30,9.4
06/17/06 07:35,9.5
06/17/06 07:40,9.8
06/17/06 07:45,10.2
06/17/06 07:50,10.8
06/17/06 07:55,11.5
06/17/06 08:00,12.1
06/17/06 08:05,12.8
06/17/06 08:10,13.5
06/17/06 08:15,14.4
06/17/06 08:20,14.7
06/17/06 08:25,14.8
06/17/06 08:30,15.0
06/17/06 08:35,15.4
06/17/06 08:40,15.6
06/17/06 08:45,15.4
06/17/06 08:50,16.1
06/17/06 08:55,17.9
06/17/06 09:00,19.6
06/17/06 09:05,21.2
06/17/06 09:10,22.4
06/17/06 09:15,21.3
06/17/06 09:20,20.0
06/17/06 09:25,20.5
06/17/06 09:30,20.6
06/17/06 09:35,20.3
06/17/06 09:40,20.1
06/17/06 09:45,17.6
06/17/06 09:50,17.4
06/17/06 09:55,18.9
06/17/06 10:00,20.0
06/17/06 10:05,20.6
06/17/06 10:10,21.8
06/17/06 10:15,21.1
06/17/06 10:20,20.1
06/17/06 10:25,19.5
06/17/06 10:30,20.3
06/17/06 10:35,21.5
06/17/06 10:40,22.7
06/17/06 10:45,24.0
06/17/06 10:50,24.9
06/17/06 10:55,25.7
06/17/06 11:00,26.4
06/17/06 11:05,27.0
06/17/06 11:10,27.3
06/17/06 11:15,26.3
06/17/06 11:20,23.6
06/17/06 11:25,21.2
06/17/06 11:30,19.0
06/17/06 11:35,19.8
06/17/06 11:40,19.7
06/17/06 11:45,19.8
06/17/06 11:50,19.8
06/17/06 11:55,20.3
06/17/06 12:00,20.2
06/17/06 12:05,21.2
06/17/06 12:10,22.0
06/17/06 12:15,19.4
06/17/06 12:20,15.5
06/17/06 12:25,13.0
06/17/06 12:30,14.2
06/17/06 12:35,15.4
06/17/06 12:40,16.2
06/17/06 12:45,13.3
06/17/06 12:50,14.7
06/17/06 12:55,13.2
06/17/06 13:00,15.3
06/17/06 13:05,16.0
06/17/06 13:10,14.2
06/17/06 13:15,12.3
06/17/06 13:20,11.0
06/17/06 13:25,8.9
06/17/06 13:30,8.4
06/17/06 13:35,7.6
06/17/06 13:40,9.9
06/17/06 13:45,13.0
06/17/06 13:50,12.2
06/17/06 13:55,9.5
06/17/06 14:00,10.6
06/17/06 14:05,13.8
06/17/06 14:10,13.4
06/17/06 14:15,14.2
06/17/06 14:20,13.7
06/17/06 14:25,12.1
06/17/06 14:30,9.8
06/17/06 14:35,10.7
06/17/06 14:40,9.6
06/17/06 14:45,7.3
06/17/06 14:50,7.2
06/17/06 14:55,7.5
06/17/06 15:00,7.6
06/17/06 15:05,8.0
06/17/06 15:10,7.5
06/17/06 15:15,6.4
06/17/06 15:20,6.0
06/17/06 15:25,5.4
06/17/06 15:30,4.9
06/17/06 15:35,3.9
06/17/06 15:40,2.4
06/17/06 15:45,1.4
06/17/06 15:50,1.0
06/17/06 15:55,0.9
06/17/06 16:00,1.2
06/17/06 16:05,2.6
06/17/06 16:10,3.5
06/17/06 16:15,3.3
06/17/06 16:20,3.1
06/17/06 16:25,5.5
06/17/06 16:30,6.1
06/17/06 16:35,4.7
06/17/06 16:40,3.9
06/17/06 16:45,4.3
06/17/06 16:50,5.8
06/17/06 16:55,6.3
06/17/06 17:00,6.1
06/17/06 17:05,5.5
06/17/06 17:10,5.0
06/17/06 17:15,4.7
06/17/06 17:20,4.4
06/17/06 17:25,4.0
06/17/06 17:30,3.7
06/17/06 17:35,3.3
06/17/06 17:40,2.2
06/17/06 17:45,1.4
06/17/06 17:50,0.8
06/17/06 17:55,0.4
06/17/06 18:00,0.3
06/17/06 18:05,0.2
06/17/06 18:10,0.1
06/17/06 18:15,0.1
06/17/06 18:20,0.0
06/17/06 18:25,0.0
06/17/06 18:30,0.0
06/17/06 18:35,0.0
06/17/06 18:40,0.0
06/17/06 18:45,0.0
06/17/06 18:50,0.0
06/17/06 18:55,0.0
06/17/06 19:00,0.0
06/17/06 19:05,0.0
06/17/06 19:10,0.0
06/17/06 19:15,0.0
06/17/06 19:20,0.0
06/17/06 19:25,0.0
06/17/06 19:30,0.0
06/17/06 19:35,0.0
06/17/06 19:40,0.0
06/17/06 19:45,0.0
06/17/06 19:50,0.0
06/17/06 19:55,0.0
06/17/06 20:00,0.0
06/17/06 20:05,0.0
06/17/06 20:10,0.0
06/17/06 20:15,0.0
06/17/06 20:20,0.0
06/17/06 20:25,0.0
06/17/06 20:30,0.0
06/17/06 20:35,0.0
06/17/06 20:40,0.0
06/17/06 20:45,0.0
06/17/06 20:50,0.0
06/17/06 20:55,0.0
06/17/06 21:00,0.0
06/17/06 21:05,0.0
06/17/06 21:10,0.0
06/17/06 21:15,0.0
06/17/06 21:20,0.0
06/17/06 21:25,0.0
06/17/06 21:30,0.0
06/17/06 21:35,0.0
06/17/06 21:40,0.0
06/17/06 21:45,0.0
06/17/06 21:50,0.0
06/17/06 21:55,0.0
06/17/06 22:00,0.0
06/17/06 22:05,0.0
06/17/06 22:10,0.0
06/17/06 22:15,0.0
06/17/06 22:20,0.0
06/17/06 22:25,0.0
06/17/06 22:30,0.0
06/17/06 22:35,0.0
06/17/06 22:40,0.0
06/17/06 22:45,0.0
06/17/06 22:50,0.0
06/17/06 22:55,0.0
06/17/06 23:00,0.0
06/17/06 23:05,0.0
06/17/06 23:10,0.0
06/17/06 23:15,0.0
06/17/06 23:20,0.0
06/17/06 23:25,0.0
06/17/06 23:30,0.0
06/17/06 23:35,0.0
06/17/06 23:40,0.0
06/17/06 23:45,0.0
06/17/06 23:50,0.0
06/17/06 23:55,0.0
06/18/06 00:00,0.0
06/18/06 00:05,0.0
06/18/06 00:10,0.0
06/18/06 00:15,0.0
06/18/06 00:20,0.0
06/18/06 00:25,0.0
06/18/06 00:30,0.0
06/18/06 00:35,0.0
06/18/06 00:40,0.0
06/18/06 00:45,0.0
06/18/06 00:50,0.0
06/18/06 00:55,0.0
06/18/06 01:00,0.0
06/18/06 01:05,0.0
06/18/06 01:10,0.0
06/18/06 01:15,0.0
06/18/06 01:20,0.0
06/18/06 01:25,0.0
06/18/06 01:30,0.0
06/18/06 01:35,0.0
06/18/06 01:40,0.0
06/18/06 01:45,0.0
06/18/06 01:50,0.0
06/18/06 01:55,0.0
06/18/06 02:00,0.0
06/18/06 02:05,0.0
06/18/06 02:10,0.0
06/18/06 02:15,0.0
06/18/06 02:20,0.0
06/18/06 02:25,0.0
06/18/06 02:30,0.0
06/18/06 02:35,0.0
06/18/06 02:40,0.0
06/18/06 02:45,0.0
06/18/06 02:50,0.0
06/18/06 02:55,0.0
06/18/06 03:00,0.0
06/18/06 03:05,0.0
06/18/06 03:10,0.0
06/18/06 03:15,0.0
06/18/06 03:20,0.0
06/18/06 03:25,0.0
06/18/06 03:30,0.0
06/18/06 03:35,0.0
06/18/06 03:40,0.0
06/18/06 03:45,0.0
06/18/06 03:50,0.0
06/18/06 03:55,0.0
06/18/06 04:00,0.0
06/18/06 04:05,0.0
06/18/06 04:10,0.0
06/18/06 04:15,0.0
06/18/06 04:20,0.0
06/18/06 04:25,0.0
06/18/06 04:30,0.0
06/18/06 04:35,0.0
06/18/06 04:40,0.0
06/18/06 04:45,0.0
06/18/06 04:50,0.0
06/18/06 04:55,0.0
06/18/06 05:00,0.0
06/18/06 05:05,0.0
06/18/06 05:10,0.0
06/18/06 05:15,0.0
06/18/06 05:20,0.0
06/18/06 05:25,0.0
06/18/06 05:30,0.0
06/18/06 05:35,0.0
06/18/06 05:40,0.0
06/18/06 05:45,0.0
06/18/06 05:50,0.0
06/18/06 05:55,0.0
06/18/06 06:00,0.1
06/18/06 06:05,0.1
06/18/06 06:10,0.2
06/18/06 06:15,0.4
06/18/06 06:20,1.0
06/18/06 06:25,1.7
06/18/06 06:30,3.4
06/18/06 06:35,4.1
06/18/06 06:40,5.0
06/18/06 06:45,5.4
06/18/06 06:50,5.2
06/18/06 06:55,5.5
06/18/06 07:00,6.1
06/18/06 07:05,7.2
06/18/06 07:10,7.5
06/18/06 07:15,6.4
06/18/06 07:20,5.5
06/18/06 07:25,6.9
06/18/06 07:30,8.6
06/18/06 07:35,9.5
06/18/06 07:40,9.0
06/18/06 07:45,10.1
06/18/06 07:50,11.4
06/18/06 07:55,12.7
06/18/06 08:00,12.4
06/18/06 08:05,12.0
06/18/06 08:10,10.8
06/18/06 08:15,9.7
06/18/06 08:20,11.1
06/18/06 08:25,12.5
06/18/06 08:30,14.2
06/18/06 08:35,14.9
06/18/06 08:40,16.2
06/18/06 08:45,15.1
06/18/06 08:50,14.4
06/18/06 08:55,15.1
06/18/06 09:00,16.3
06/18/06 09:05,17.5
06/18/06 09:10,18.1
06/18/06 09:15,16.5
06/18/06 09:20,13.9
06/18/06 09:25,12.2
06/18/06 09:30,11.7
06/18/06 09:35,14.9
06/18/06 09:40,17.7
06/18/06 09:45,18.3
06/18/06 09:50,17.5
06/18/06 09:55,16.4
06/18/06 10:00,17.4
06/18/06 10:05,19.0
06/18/06 10:10,20.9
06/18/06 10:15,20.7
06/18/06 10:20,19.6
06/18/06 10:25,19.2
06/18/06 10:30,19.0
06/18/06 10:35,19.4
06/18/06 10:40,19.2
06/18/06 10:45,19.0
06/18/06 10:50,19.6
06/18/06 10:55,19.8
06/18/06 11:00,18.8
06/18/06 11:05,18.8
06/18/06 11:10,19.4
06/18/06 11:15,19.4
06/18/06 11:20,20.5
06/18/06 11:25,21.6
06/18/06 11:30,20.0
06/18/06 11:35,18.5
06/18/06 11:40,15.6
06/18/06 11:45,14.0
06/18/06 11:50,12.2
06/18/06 11:55,10.8
06/18/06 12:00,10.2
06/18/06 12:05,10.0
06/18/06 12:10,10.1
06/18/06 12:15,10.6
06/18/06 12:20,13.6
06/18/06 12:25,14.7
06/18/06 12:30,15.1
06/18/06 12:35,15.2
06/18/06 12:40,14.5
06/18/06 12:45,12.3
06/18/06 12:50,14.5
06/18/06 12:55,16.2
06/18/06 13:00,14.3
06/18/06 13:05,12.4
06/18/06 13:10,11.3
06/18/06 13:15,12.5
06/18/06 13:20,15.9
06/18/06 13:25,18.7
06/18/06 13:30,20.2
06/18/06 13:35,20.5
06/18/06 13:40,18.5
06/18/06 13:45,17.0
06/18/06 13:50,14.1
06/18/06 13:55,14.0
06/18/06 14:00,12.7
06/18/06 14:05,10.9
06/18/06 14:10,11.1
06/18/06 14:15,13.4
06/18/06 14:20,14.0
06/18/06 14:25,15.7
06/18/06 14:30,16.4
06/18/06 14:35,15.3
06/18/06 14:40,12.2
06/18/06 14:45,10.0
06/18/06 14:50,12.0
06/18/06 14:55,14.4
06/18/06 15:00,14.1
06/18/06 15:05,10.9
06/18/06 15:10,10.3
06/18/06 15:15,11.1
06/18/06 15:20,8.7
06/18/06 15:25,8.1
06/18/06 15:30,9.4
06/18/06 15:35,9.2
06/18/06 15:40,9.3
06/18/06 15:45,9.5
06/18/06 15:50,8.7
06/18/06 15:55,7.7
06/18/06 16:00,7.7
06/18/06 16:05,7.7
06/18/06 16:10,7.1
06/18/06 16:15,6.1
06/18/06 16:20,5.5
06/18/06 16:25,5.1
06/18/06 16:30,4.8
06/18/06 16:35,4.3
06/18/06 16:40,3.7
06/18/06 16:45,3.0
06/18/06 16:50,3.4
06/18/06 16:55,3.5
06/18/06 17:00,3.6
06/18/06 17:05,3.5
06/18/06 17:10,3.4
06/18/06 17:15,2.2
06/18/06 17:20,1.0
06/18/06 17:25,0.5
06/18/06 17:30,0.3
06/18/06 17:35,0.2
06/18/06 17:40,0.2
06/18/06 17:45,0.1
06/18/06 17:50,0.0
06/18/06 17:55,0.0
06/18/06 18:00,0.0
06/18/06 18:05,0.0
06/18/06 18:10,0.0
06/18/06 18:15,0.0
06/18/06 18:20,0.0
06/18/06 18:25,0.0
06/18/06 18:30,0.0
06/18/06 18:35,0.0
06/18/06 18:40,0.0
06/18/06 18:45,0.0
06/18/06 18:50,0.0
06/18/06 18:55,0.0
06/18/06 19:00,0.0
06/18/06 19:05,0.0
06/18/06 19:10,0.0
06/18/06 19:15,0.0
06/18/06 19:20,0.0
06/18/06 19:25,0.0
06/18/06 19:30,0.0
06/18/06 19:35,0.0
06/18/06 19:40,0.0
06/18/06 19:45,0.0
06/18/06 19:50,0.0
06/18/06 19:55,0.0
06/18/06 20:00,0.0
06/18/06 20:05,0.0
06/18/06 20:10,0.0
06/18/06 20:15,0.0
06/18/06 20:20,0.0
06/18/06 20:25,0.0
06/18/06 20:30,0.0
06/18/06 20:35,0.0
06/18/06 20:40,0.0
06/18/06 20:45,0.0
06/18/06 20:50,0.0
06/18/06 20:55,0.0
06/18/06 21:00,0.0
06/18/06 21:05,0.0
06/18/06 21:10,0.0
06/18/06 21:15,0.0
06/18/06 21:20,0.0
06/18/06 21:25,0.0
06/18/06 21:30,0.0
06/18/06 21:35,0.0
06/18/06 21:40,0.0
06/18/06 21:45,0.0
06/18/06 21:50,0.0
06/18/06 21:55,0.0
06/18/06 22:00,0.0
06/18/06 22:05,0.0
06/18/06 22:10,0.0
06/18/06 22:15,0.0
06/18/06 22:20,0.0
06/18/06 22:25,0.0
06/18/06 22:30,0.0
06/18/06 22:35,0.0
06/18/06 22:40,0.0
06/18/06 22:45,0.0
06/18/06 22:50,0.0
06/18/06 22:55,0.0
06/18/06 23:00,0.0
06/18/06 23:05,0.0
06/18/06 23:10,0.0
06/18/06 23:15,0.0
06/18/06 23:20,0.0
06/18/06 23:25,0.0
06/18/06 23:30,0.0
06/18/06 23:35,0.0
06/18/06 23:40,0.0
06/18/06 23:45,0.0
06/18/06 23:50,0.0
06/18/06 23:55,0.0
06/19/06 00:00,0.0
06/19/06 00:05,0.0
06/19/06 00:10,0.0
06/19/06 00:15,0.0
06/19/06 00:20,0.0
06/19/06 00:25,0.0
06/19/06 00:30,0.0
06/19/06 00:35,0.0
06/19/06 00:40,0.0
06/19/06 00:45,0.0
06/19/06 00:50,0.0
06/19/06 00:55,0.0
06/19/06 01:00,0.0
06/19/06 01:05,0.0
06/19/06 01:10,0.0
06/19/06 01:15,0.0
06/19/06 01:20,0.0
06/19/06 01:25,0.0
06/19/06 01:30,0.0
06/19/06 01:35,0.0
06/19/06 01:40,0.0
06/19/06 01:45,0.0
06/19/06 01:50,0.0
06/19/06 01:55,0.0
06/19/06 02:00,0.0
06/19/06 02:05,0.0
06/19/06 02:10,0.0
06/19/06 02:15,0.0
06/19/06 02:20,0.0
06/19/06 02:25,0.0
06/19/06 02:30,0.0
06/19/06 02:35,0.0
06/19/06 02:40,0.0
06/19/06 02:45,0.0
06/19/06 02:50,0.0
06/19/06 02:55,0.0
06/19/06 03:00,0.0
06/19/06 03:05,0.0
06/19/06 03:10,0.0
06/19/06 03:15,0.0
06/19/06 03:20,0.0
06/19/06 03:25,0.0
06/19/06 03:30,0.0
06/19/06 03:35,0.0
06/19/06 03:40,0.0
06/19/06 03:45,0.0
06/19/06 03:50,0.0
06/19/06 03:55,0.0
06/19/06 04:00,0.0
06/19/06 04:05,0.0
06/19/06 04:10,0.0
06/19/06 04:15,0.0
06/19/06 04:20,0.0
06/19/06 04:25,0.0
06/19/06 04:30,0.0
06/19/06 04:35,0.0
06/19/06 04:40,0.0
06/19/06 04:45,0.0
06/19/06 04:50,0.0
06/19/06 04:55,0.0
06/19/06 05:00,0.0
06/19/06 05:05,0.0
06/19/06 05:10,0.0
06/19/06 05:15,0.0
06/19/06 05:20,0.0
06/19/06 05:25,0.0
06/19/06 05:30,0.0
06/19/06 05:35,0.1
06/19/06 05:40,0.1
06/19/06 05:45,0.2
06/19/06 05:50,0.3
06/19/06 05:55,0.5
06/19/06 06:00,0.8
06/19/06 06:05,1.2
06/19/06 06:10,1.7
06/19/06 06:15,2.5
06/19/06 06:20,3.4
06/19/06 06:25,3.8
06/19/06 06:30,4.1
06/19/06 06:35,4.5
06/19/06 06:40,4.9
06/19/06 06:45,5.4
06/19/06 06:50,6.0
06/19/06 06:55,6.6
06/19/06 07:00,7.2
06/19/06 07:05,7.9
06/19/06 07:10,8.6
06/19/06 07:15,9.1
06/19/06 07:20,9.6
06/19/06 07:25,10.1
06/19/06 07:30,10.6
06/19/06 07:35,11.3
06/19/06 07:40,12.0
06/19/06 07:45,12.7
06/19/06 07:50,13.5
06/19/06 07:55,14.3
06/19/06 08:00,15.1
06/19/06 08:05,15.9
06/19/06 08:10,16.6
06/19/06 08:15,17.0
06/19/06 08:20,17.2
06/19/06 08:25,17.4
06/19/06 08:30,17.7
06/19/06 08:35,18.1
06/19/06 08:40,18.6
06/19/06 08:45,19.1
06/19/06 08:50,19.6
06/19/06 08:55,20.1
06/19/06 09:00,20.2
06/19/06 09:05,21.4
06/19/06 09:10,21.7
06/19/06 09:15,21.5
06/19/06 09:20,21.3
06/19/06 09:25,21.3
06/19/06 09:30,21.8
06/19/06 09:35,22.1
06/19/06 09:40,22.0
06/19/06 09:45,22.2
06/19/06 09:50,22.4
06/19/06 09:55,22.7
06/19/06 10:00,22.8
06/19/06 10:05,23.4
06/19/06 10:10,24.0
06/19/06 10:15,24.0
06/19/06 10:20,22.8
06/19/06 10:25,22.1
06/19/06 10:30,22.5
06/19/06 10:35,23.2
06/19/06 10:40,22.3
06/19/06 10:45,19.7
06/19/06 10:50,18.9
06/19/06 10:55,20.4
06/19/06 11:00,22.0
06/19/06 11:05,23.6
06/19/06 11:10,23.7
06/19/06 11:15,23.7
06/19/06 11:20,23.4
06/19/06 11:25,23.8
06/19/06 11:30,24.4
06/19/06 11:35,25.1
06/19/06 11:40,25.7
06/19/06 11:45,25.9
06/19/06 11:50,26.1
06/19/06 11:55,26.2
06/19/06 12:00,26.2
06/19/06 12:05,26.3
06/19/06 12:10,26.2
06/19/06 12:15,25.1
06/19/06 12:20,23.6
06/19/06 12:25,22.1
06/19/06 12:30,21.3
06/19/06 12:35,20.9
06/19/06 12:40,20.4
06/19/06 12:45,19.8
06/19/06 12:50,18.6
06/19/06 12:55,17.4
06/19/06 13:00,16.3
06/19/06 13:05,16.0
06/19/06 13:10,16.0
06/19/06 13:15,17.3
06/19/06 13:20,19.0
06/19/06 13:25,17.6
06/19/06 13:30,16.0
06/19/06 13:35,14.6
06/19/06 13:40,14.9
06/19/06 13:45,17.0
06/19/06 13:50,19.5
06/19/06 13:55,20.0
06/19/06 14:00,20.0
06/19/06 14:05,21.4
06/19/06 14:10,21.8
06/19/06 14:15,20.4
06/19/06 14:20,18.0
06/19/06 14:25,16.1
06/19/06 14:30,16.9
06/19/06 14:35,17.2
06/19/06 14:40,16.4
06/19/06 14:45,15.3
06/19/06 14:50,14.6
06/19/06 14:55,12.6
06/19/06 15:00,11.9
06/19/06 15:05,12.0
06/19/06 15:10,10.7
06/19/06 15:15,10.6
06/19/06 15:20,9.8
06/19/06 15:25,9.4
06/19/06 15:30,9.2
06/19/06 15:35,9.1
06/19/06 15:40,10.0
06/19/06 15:45,10.5
06/19/06 15:50,10.1
06/19/06 15:55,9.3
06/19/06 16:00,9.0
06/19/06 16:05,8.8
06/19/06 16:10,7.8
06/19/06 16:15,8.0
06/19/06 16:20,8.4
06/19/06 16:25,7.7
06/19/06 16:30,7.7
06/19/06 16:35,6.7
06/19/06 16:40,5.8
06/19/06 16:45,6.0
06/19/06 16:50,6.7
06/19/06 16:55,7.0
06/19/06 17:00,6.7
06/19/06 17:05,5.6
06/19/06 17:10,4.9
06/19/06 17:15,4.5
06/19/06 17:20,4.0
06/19/06 17:25,3.7
06/19/06 17:30,3.1
06/19/06 17:35,2.0
06/19/06 17:40,1.2
06/19/06 17:45,0.8
06/19/06 17:50,0.4
06/19/06 17:55,0.2
06/19/06 18:00,0.1
06/19/06 18:05,0.1
06/19/06 18:10,0.0
06/19/06 18:15,0.0
06/19/06 18:20,0.0
06/19/06 18:25,0.0
06/19/06 18:30,0.0
06/19/06 18:35,0.0
06/19/06 18:40,0.0
06/19/06 18:45,0.0
06/19/06 18:50,0.0
06/19/06 18:55,0.0
06/19/06 19:00,0.0
06/19/06 19:05,0.0
06/19/06 19:10,0.0
06/19/06 19:15,0.0
06/19/06 19:20,0.0
06/19/06 19:25,0.0
06/19/06 19:30,0.0
06/19/06 19:35,0.0
06/19/06 19:40,0.0
06/19/06 19:45,0.0
06/19/06 19:50,0.0
06/19/06 19:55,0.0
06/19/06 20:00,0.0
06/19/06 20:05,0.0
06/19/06 20:10,0.0
06/19/06 20:15,0.0
06/19/06 20:20,0.0
06/19/06 20:25,0.0
06/19/06 20:30,0.0
06/19/06 20:35,0.0
06/19/06 20:40,0.0
06/19/06 20:45,0.0
06/19/06 20:50,0.0
06/19/06 20:55,0.0
06/19/06 21:00,0.0
06/19/06 21:05,0.0
06/19/06 21:10,0.0
06/19/06 21:15,0.0
06/19/06 21:20,0.0
06/19/06 21:25,0.0
06/19/06 21:30,0.0
06/19/06 21:35,0.0
06/19/06 21:40,0.0
06/19/06 21:45,0.0
06/19/06 21:50,0.0
06/19/06 21:55,0.0
06/19/06 22:00,0.0
06/19/06 22:05,0.0
06/19/06 22:10,0.0
06/19/06 22:15,0.0
06/19/06 22:20,0.0
06/19/06 22:25,0.0
06/19/06 22:30,0.0
06/19/06 22:35,0.0
06/19/06 22:40,0.0
06/19/06 22:45,0.0
06/19/06 22:50,0.0
06/19/06 22:55,0.0
06/19/06 23:00,0.0
06/19/06 23:05,0.0
06/19/06 23:10,0.0
06/19/06 23:15,0.0
06/19/06 23:20,0.0
06/19/06 23:25,0.0
06/19/06 23:30,0.0
06/19/06 23:35,0.0
06/19/06 23:40,0.0
06/19/06 23:45,0.0
06/19/06 23:50,0.0
06/19/06 23:55,0.0
06/20/06 00:00,0.0
06/20/06 00:05,0.0
06/20/06 00:10,0.0
06/20/06 00:15,0.0
06/20/06 00:20,0.0
06/20/06 00:25,0.0
06/20/06 00:30,0.0
06/20/06 00:35,0.0
06/20/06 00:40,0.0
06/20/06 00:45,0.0
06/20/06 00:50,0.0
06/20/06 00:55,0.0
06/20/06 01:00,0.0
06/20/06 01:05,0.0
06/20/06 01:10,0.0
06/20/06 01:15,0.0
06/20/06 01:20,0.0
06/20/06 01:25,0.0
06/20/06 01:30,0.0
06/20/06 01:35,0.0
06/20/06 01:40,0.0
06/20/06 01:45,0.0
06/20/06 01:50,0.0
06/20/06 01:55,0.0
06/20/06 02:00,0.0
06/20/06 02:05,0.0
06/20/06 02:10,0.0
06/20/06 02:15,0.0
06/20/06 02:20,0.0
06/20/06 02:25,0.0
06/20/06 02:30,0.0
06/20/06 02:35,0.0
06/20/06 02:40,0.0
06/20/06 02:45,0.0
06/20/06 02:50,0.0
06/20/06 02:55,0.0
06/20/06 03:00,0.0
06/20/06 03:05,0.0
06/20/06 03:10,0.0
06/20/06 03:15,0.0
06/20/06 03:20,0.0
06/20/06 03:25,0.0
06/20/06 03:30,0.0
06/20/06 03:35,0.0
06/20/06 03:40,0.0
06/20/06 03:45,0.0
06/20/06 03:50,0.0
06/20/06 03:55,0.0
06/20/06 04:00,0.0
06/20/06 04:05,0.0
06/20/06 04:10,0.0
06/20/06 04:15,0.0
06/20/06 04:20,0.0
06/20/06 04:25,0.0
06/20/06 04:30,0.0
06/20/06 04:35,0.0
06/20/06 04:40,0.0
06/20/06 04:45,0.0
06/20/06 04:50,0.0
06/20/06 04:55,0.0
06/20/06 05:00,0.0
06/20/06 05:05,0.0
06/20/06 05:10,0.0
06/20/06 05:15,0.0
06/20/06 05:20,0.0
06/20/06 05:25,0.0
06/20/06 05:30,0.0
06/20/06 05:35,0.1
06/20/06 05:40,0.1
06/20/06 05:45,0.3
06/20/06 05:50,0.5
06/20/06 05:55,0.8
06/20/06 06:00,1.4
06/20/06 06:05,2.1
06/20/06 06:10,3.2
06/20/06 06:15,3.7
06/20/06 06:20,4.0
06/20/06 06:25,4.4
06/20/06 06:30,4.7
06/20/06 06:35,5.0
06/20/06 06:40,5.4
06/20/06 06:45,5.8
06/20/06 06:50,6.3
06/20/06 06:55,6.7
06/20/06 07:00,7.2
06/20/06 07:05,7.8
06/20/06 07:10,8.3
06/20/06 07:15,8.9
06/20/06 07:20,9.4
06/20/06 07:25,10.1
06/20/06 07:30,10.9
06/20/06 07:35,11.6
06/20/06 07:40,12.1
06/20/06 07:45,12.6
06/20/06 07:50,13.0
06/20/06 07:55,13.3
06/20/06 08:00,13.5
06/20/06 08:05,13.8
06/20/06 08:10,14.1
06/20/06 08:15,14.4
06/20/06 08:20,14.4
06/20/06 08:25,13.9
06/20/06 08:30,13.3
06/20/06 08:35,12.9
06/20/06 08:40,12.3
06/20/06 08:45,11.5
06/20/06 08:50,10.7
06/20/06 08:55,10.3
06/20/06 09:00,10.5
06/20/06 09:05,10.7
06/20/06 09:10,10.8
06/20/06 09:15,12.4
06/20/06 09:20,15.1
06/20/06 09:25,16.6
06/20/06 09:30,14.9
06/20/06 09:35,12.3
06/20/06 09:40,12.2
06/20/06 09:45,12.6
06/20/06 09:50,14.0
06/20/06 09:55,14.9
06/20/06 10:00,15.1
06/20/06 10:05,15.8
06/20/06 10:10,18.6
06/20/06 10:15,20.4
06/20/06 10:20,21.1
06/20/06 10:25,21.5
06/20/06 10:30,21.8
06/20/06 10:35,22.1
06/20/06 10:40,22.4
06/20/06 10:45,22.5
06/20/06 10:50,22.3
06/20/06 10:55,22.2
06/20/06 11:00,22.1
06/20/06 11:05,22.0
06/20/06 11:10,21.8
06/20/06 11:15,22.0
06/20/06 11:20,22.6
06/20/06 11:25,23.0
06/20/06 11:30,23.3
06/20/06 11:35,23.1
06/20/06 11:40,22.6
06/20/06 11:45,22.1
06/20/06 11:50,21.9
06/20/06 11:55,21.7
06/20/06 12:00,21.4
06/20/06 12:05,21.2
06/20/06 12:10,21.1
06/20/06 12:15,20.7
06/20/06 12:20,20.0
06/20/06 12:25,19.6
06/20/06 12:30,20.4
06/20/06 12:35,21.1
06/20/06 12:40,21.7
06/20/06 12:45,21.8
06/20/06 12:50,21.4
06/20/06 12:55,21.3
06/20/06 13:00,21.7
06/20/06 13:05,21.4
06/20/06 13:10,22.1
06/20/06 13:15,22.1
06/20/06 13:20,21.9
06/20/06 13:25,21.9
06/20/06 13:30,21.9
06/20/06 13:35,21.6
06/20/06 13:40,21.3
06/20/06 13:45,21.0
06/20/06 13:50,20.4
06/20/06 13:55,20.4
06/20/06 14:00,20.4
06/20/06 14:05,20.5
06/20/06 14:10,20.4
06/20/06 14:15,18.8
06/20/06 14:20,17.0
06/20/06 14:25,15.8
06/20/06 14:30,14.7
06/20/06 14:35,13.8
06/20/06 14:40,13.0
06/20/06 14:45,12.4
06/20/06 14:50,11.9
06/20/06 14:55,11.5
06/20/06 15:00,11.3
06/20/06 15:05,11.1
06/20/06 15:10,10.8
06/20/06 15:15,11.1
06/20/06 15:20,12.1
06/20/06 15:25,12.6
06/20/06 15:30,12.8
06/20/06 15:35,12.8
06/20/06 15:40,12.5
06/20/06 15:45,12.4
06/20/06 15:50,12.3
06/20/06 15:55,12.1
06/20/06 16:00,11.9
06/20/06 16:05,11.7
06/20/06 16:10,11.2
06/20/06 16:15,10.7
06/20/06 16:20,10.1
06/20/06 16:25,9.5
06/20/06 16:30,8.9
06/20/06 16:35,8.3
06/20/06 16:40,7.8
06/20/06 16:45,7.2
06/20/06 16:50,6.7
06/20/06 16:55,6.2
06/20/06 17:00,5.8
06/20/06 17:05,5.3
06/20/06 17:10,4.8
06/20/06 17:15,4.4
06/20/06 17:20,4.1
06/20/06 17:25,3.8
06/20/06 17:30,3.4
06/20/06 17:35,2.2
06/20/06 17:40,1.3
06/20/06 17:45,0.9
06/20/06 17:50,0.5
06/20/06 17:55,0.3
06/20/06 18:00,0.2
06/20/06 18:05,0.1
06/20/06 18:10,0.1
06/20/06 18:15,0.0
06/20/06 18:20,0.0
06/20/06 18:25,0.0
06/20/06 18:30,0.0
06/20/06 18:35,0.0
06/20/06 18:40,0.0
06/20/06 18:45,0.0
06/20/06 18:50,0.0
06/20/06 18:55,0.0
06/20/06 19:00,0.0
06/20/06 19:05,0.0
06/20/06 19:10,0.0
06/20/06 19:15,0.0
06/20/06 19:20,0.0
06/20/06 19:25,0.0
06/20/06 19:30,0.0
06/20/06 19:35,0.0
06/20/06 19:40,0.0
06/20/06 19:45,0.0
06/20/06 19:50,0.0
06/20/06 19:55,0.0
06/20/06 20:00,0.0
06/20/06 20:05,0.0
06/20/06 20:10,0.0
06/20/06 20:15,0.0
06/20/06 20:20,0.0
06/20/06 20:25,0.0
06/20/06 20:30,0.0
06/20/06 20:35,0.0
06/20/06 20:40,0.0
06/20/06 20:45,0.0
06/20/06 20:50,0.0
06/20/06 20:55,0.0
06/20/06 21:00,0.0
06/20/06 21:05,0.0
06/20/06 21:10,0.0
06/20/06 21:15,0.0
06/20/06 21:20,0.0
06/20/06 21:25,0.0
06/20/06 21:30,0.0
06/20/06 21:35,0.0
06/20/06 21:40,0.0
06/20/06 21:45,0.0
06/20/06 21:50,0.0
06/20/06 21:55,0.0
06/20/06 22:00,0.0
06/20/06 22:05,0.0
06/20/06 22:10,0.0
06/20/06 22:15,0.0
06/20/06 22:20,0.0
06/20/06 22:25,0.0
06/20/06 22:30,0.0
06/20/06 22:35,0.0
06/20/06 22:40,0.0
06/20/06 22:45,0.0
06/20/06 22:50,0.0
06/20/06 22:55,0.0
06/20/06 23:00,0.0
06/20/06 23:05,0.0
06/20/06 23:10,0.0
06/20/06 23:15,0.0
06/20/06 23:20,0.0
06/20/06 23:25,0.0
06/20/06 23:30,0.0
06/20/06 23:35,0.0
06/20/06 23:40,0.0
06/20/06 23:45,0.0
06/20/06 23:50,0.0
06/20/06 23:55,0.0
06/21/06 00:00,0.0
06/21/06 00:05,0.0
06/21/06 00:10,0.0
06/21/06 00:15,0.0
06/21/06 00:20,0.0
06/21/06 00:25,0.0
06/21/06 00:30,0.0
06/21/06 00:35,0.0
06/21/06 00:40,0.0
06/21/06 00:45,0.0
06/21/06 00:50,0.0
06/21/06 00:55,0.0
06/21/06 01:00,0.0
06/21/06 01:05,0.0
06/21/06 01:10,0.0
06/21/06 01:15,0.0
06/21/06 01:20,0.0
06/21/06 01:25,0.0
06/21/06 01:30,0.0
06/21/06 01:35,0.0
06/21/06 01:40,0.0
06/21/06 01:45,0.0
06/21/06 01:50,0.0
06/21/06 01:55,0.0
06/21/06 02:00,0.0
06/21/06 02:05,0.0
06/21/06 02:10,0.0
06/21/06 02:15,0.0
06/21/06 02:20,0.0
06/21/06 02:25,0.0
06/21/06 02:30,0.0
06/21/06 02:35,0.0
06/21/06 02:40,0.0
06/21/06 02:45,0.0
06/21/06 02:50,0.0
06/21/06 02:55,0.0
06/21/06 03:00,0.0
06/21/06 03:05,0.0
06/21/06 03:10,0.0
06/21/06 03:15,0.0
06/21/06 03:20,0.0
06/21/06 03:25,0.0
06/21/06 03:30,0.0
06/21/06 03:35,0.0
06/21/06 03:40,0.0
06/21/06 03:45,0.0
06/21/06 03:50,0.0
06/21/06 03:55,0.0
06/21/06 04:00,0.0
06/21/06 04:05,0.0
06/21/06 04:10,0.0
06/21/06 04:15,0.0
06/21/06 04:20,0.0
06/21/06 04:25,0.0
06/21/06 04:30,0.0
06/21/06 04:35,0.0
06/21/06 04:40,0.0
06/21/06 04:45,0.0
06/21/06 04:50,0.0
06/21/06 04:55,0.0
06/21/06 05:00,0.0
06/21/06 05:05,0.0
06/21/06 05:10,0.0
06/21/06 05:15,0.0
06/21/06 05:20,0.0
06/21/06 05:25,0.0
06/21/06 05:30,0.1
06/21/06 05:35,0.1
06/21/06 05:40,0.2
06/21/06 05:45,0.4
06/21/06 05:50,0.7
06/21/06 05:55,1.1
06/21/06 06:00,1.7
06/21/06 06:05,2.6
06/21/06 06:10,3.6
06/21/06 06:15,3.9
06/21/06 06:20,4.3
06/21/06 06:25,4.6
06/21/06 06:30,5.0
06/21/06 06:35,5.4
06/21/06 06:40,5.8
06/21/06 06:45,6.2
06/21/06 06:50,6.6
06/21/06 06:55,7.0
06/21/06 07:00,7.5
06/21/06 07:05,8.0
06/21/06 07:10,8.4
06/21/06 07:15,8.9
06/21/06 07:20,8.4
06/21/06 07:25,8.7
06/21/06 07:30,8.9
06/21/06 07:35,7.4
06/21/06 07:40,6.9
06/21/06 07:45,9.0
06/21/06 07:50,10.9
06/21/06 07:55,12.3
06/21/06 08:00,12.5
06/21/06 08:05,12.4
06/21/06 08:10,12.2
06/21/06 08:15,11.4
06/21/06 08:20,12.3
06/21/06 08:25,13.6
06/21/06 08:30,13.5
06/21/06 08:35,13.6
06/21/06 08:40,12.9
06/21/06 08:45,13.8
06/21/06 08:50,15.3
06/21/06 08:55,15.1
06/21/06 09:00,14.9
06/21/06 09:05,16.2
06/21/06 09:10,17.5
06/21/06 09:15,17.9
06/21/06 09:20,17.6
06/21/06 09:25,17.4
06/21/06 09:30,17.4
06/21/06 09:35,17.3
06/21/06 09:40,17.3
06/21/06 09:45,17.5
06/21/06 09:50,17.7
06/21/06 09:55,17.9
06/21/06 10:00,18.0
06/21/06 10:05,18.0
06/21/06 10:10,18.0
06/21/06 10:15,18.0
06/21/06 10:20,18.3
06/21/06 10:25,18.5
06/21/06 10:30,18.9
06/21/06 10:35,19.4
06/21/06 10:40,19.8
06/21/06 10:45,20.2
06/21/06 10:50,20.6
06/21/06 10:55,21.1
06/21/06 11:00,21.6
06/21/06 11:05,22.1
06/21/06 11:10,22.7
06/21/06 11:15,23.5
06/21/06 11:20,24.1
06/21/06 11:25,24.5
06/21/06 11:30,24.8
06/21/06 11:35,25.0
06/21/06 11:40,25.1
06/21/06 11:45,25.1
06/21/06 11:50,24.9
06/21/06 11:55,24.9
06/21/06 12:00,25.0
06/21/06 12:05,25.1
06/21/06 12:10,25.1
06/21/06 12:15,25.2
06/21/06 12:20,25.3
06/21/06 12:25,25.3
06/21/06 12:30,25.2
06/21/06 12:35,25.1
06/21/06 12:40,24.9
06/21/06 12:45,24.6
06/21/06 12:50,24.6
06/21/06 12:55,24.4
06/21/06 13:00,24.3
06/21/06 13:05,24.3
06/21/06 13:10,24.2
06/21/06 13:15,24.1
06/21/06 13:20,24.0
06/21/06 13:25,24.0
06/21/06 13:30,23.9
06/21/06 13:35,23.9
06/21/06 13:40,23.8
06/21/06 13:45,23.7
06/21/06 13:50,23.6
06/21/06 13:55,23.3
06/21/06 14:00,23.1
06/21/06 14:05,22.8
06/21/06 14:10,22.6
06/21/06 14:15,22.1
06/21/06 14:20,21.4
06/21/06 14:25,20.6
06/21/06 14:30,19.9
06/21/06 14:35,19.3
06/21/06 14:40,18.9
06/21/06 14:45,18.5
06/21/06 14:50,18.1
06/21/06 14:55,17.5
06/21/06 15:00,16.7
06/21/06 15:05,16.1
06/21/06 15:10,15.5
06/21/06 15:15,15.4
06/21/06 15:20,15.7
06/21/06 15:25,15.5
06/21/06 15:30,15.1
06/21/06 15:35,14.5
06/21/06 15:40,13.9
06/21/06 15:45,13.3
06/21/06 15:50,12.9
06/21/06 15:55,12.6
06/21/06 16:00,12.0
06/21/06 16:05,11.4
06/21/06 16:10,10.8
06/21/06 16:15,10.1
06/21/06 16:20,9.3
06/21/06 16:25,9.1
06/21/06 16:30,8.9
06/21/06 16:35,8.5
06/21/06 16:40,7.4
06/21/06 16:45,6.7
06/21/06 16:50,6.3
06/21/06 16:55,6.2
06/21/06 17:00,5.8
06/21/06 17:05,5.5
06/21/06 17:10,4.9
06/21/06 17:15,4.6
06/21/06 17:20,4.3
06/21/06 17:25,3.9
06/21/06 17:30,3.5
06/21/06 17:35,2.2
06/21/06 17:40,1.2
06/21/06 17:45,0.6
06/21/06 17:50,0.4
06/21/06 17:55,0.3
06/21/06 18:00,0.2
06/21/06 18:05,0.1
06/21/06 18:10,0.1
06/21/06 18:15,0.0
06/21/06 18:20,0.0
06/21/06 18:25,0.0
06/21/06 18:30,0.0
06/21/06 18:35,0.0
06/21/06 18:40,0.0
06/21/06 18:45,0.0
06/21/06 18:50,0.0
06/21/06 18:55,0.0
06/21/06 19:00,0.0
06/21/06 19:05,0.0
06/21/06 19:10,0.0
06/21/06 19:15,0.0
06/21/06 19:20,0.0
06/21/06 19:25,0.0
06/21/06 19:30,0.0
06/21/06 19:35,0.0
06/21/06 19:40,0.0
06/21/06 19:45,0.0
06/21/06 19:50,0.0
06/21/06 19:55,0.0
06/21/06 20:00,0.0
06/21/06 20:05,0.0
06/21/06 20:10,0.0
06/21/06 20:15,0.0
06/21/06 20:20,0.0
06/21/06 20:25,0.0
06/21/06 20:30,0.0
06/21/06 20:35,0.0
06/21/06 20:40,0.0
06/21/06 20:45,0.0
06/21/06 20:50,0.0
06/21/06 20:55,0.0
06/21/06 21:00,0.0
06/21/06 21:05,0.0
06/21/06 21:10,0.0
06/21/06 21:15,0.0
06/21/06 21:20,0.0
06/21/06 21:25,0.0
06/21/06 21:30,0.0
06/21/06 21:35,0.0
06/21/06 21:40,0.0
06/21/06 21:45,0.0
06/21/06 21:50,0.0
06/21/06 21:55,0.0
06/21/06 22:00,0.0
06/21/06 22:05,0.0
06/21/06 22:10,0.0
06/21/06 22:15,0.0
06/21/06 22:20,0.0
06/21/06 22:25,0.0
06/21/06 22:30,0.0
06/21/06 22:35,0.0
06/21/06 22:40,0.0
06/21/06 22:45,0.0
06/21/06 22:50,0.0
06/21/06 22:55,0.0
06/21/06 23:00,0.0
06/21/06 23:05,0.0
06/21/06 23:10,0.0
06/21/06 23:15,0.0
06/21/06 23:20,0.0
06/21/06 23:25,0.0
06/21/06 23:30,0.0
06/21/06 23:35,0.0
06/21/06 23:40,0.0
06/21/06 23:45,0.0
06/21/06 23:50,0.0
06/21/06 23:55,0.0
06/22/06 00:00,0.0
06/22/06 00:05,0.0
06/22/06 00:10,0.0
06/22/06 00:15,0.0
06/22/06 00:20,0.0
06/22/06 00:25,0.0
06/22/06 00:30,0.0
06/22/06 00:35,0.0
06/22/06 00:40,0.0
06/22/06 00:45,0.0
06/22/06 00:50,0.0
06/22/06 00:55,0.0
06/22/06 01:00,0.0
06/22/06 01:05,0.0
06/22/06 01:10,0.0
06/22/06 01:15,0.0
06/22/06 01:20,0.0
06/22/06 01:25,0.0
06/22/06 01:30,0.0
06/22/06 01:35,0.0
06/22/06 01:40,0.0
06/22/06 01:45,0.0
06/22/06 01:50,0.0
06/22/06 01:55,0.0
06/22/06 02:00,0.0
06/22/06 02:05,0.0
06/22/06 02:10,0.0
06/22/06 02:15,0.0
06/22/06 02:20,0.0
06/22/06 02:25,0.0
06/22/06 02:30,0.0
06/22/06 02:35,0.0
06/22/06 02:40,0.0
06/22/06 02:45,0.0
06/22/06 02:50,0.0
06/22/06 02:55,0.0
06/22/06 03:00,0.0
06/22/06 03:05,0.0
06/22/06 03:10,0.0
06/22/06 03:15,0.0
06/22/06 03:20,0.0
06/22/06 03:25,0.0
06/22/06 03:30,0.0
06/22/06 03:35,0.0
06/22/06 03:40,0.0
06/22/06 03:45,0.0
06/22/06 03:50,0.0
06/22/06 03:55,0.0
06/22/06 04:00,0.0
06/22/06 04:05,0.0
06/22/06 04:10,0.0
06/22/06 04:15,0.0
06/22/06 04:20,0.0
06/22/06 04:25,0.0
06/22/06 04:30,0.0
06/22/06 04:35,0.0
06/22/06 04:40,0.0
06/22/06 04:45,0.0
06/22/06 04:50,0.0
06/22/06 04:55,0.0
06/22/06 05:00,0.0
06/22/06 05:05,0.0
06/22/06 05:10,0.0
06/22/06 05:15,0.0
06/22/06 05:20,0.0
06/22/06 05:25,0.0
06/22/06 05:30,0.0
06/22/06 05:35,0.1
06/22/06 05:40,0.1
06/22/06 05:45,0.2
06/22/06 05:50,0.4
06/22/06 05:55,0.7
06/22/06 06:00,1.0
06/22/06 06:05,1.5
06/22/06 06:10,2.3
06/22/06 06:15,3.5
06/22/06 06:20,4.0
06/22/06 06:25,4.6
06/22/06 06:30,5.2
06/22/06 06:35,6.0
06/22/06 06:40,6.5
06/22/06 06:45,6.8
06/22/06 06:50,7.0
06/22/06 06:55,7.2
06/22/06 07:00,7.5
06/22/06 07:05,7.9
06/22/06 07:10,8.2
06/22/06 07:15,8.8
06/22/06 07:20,9.6
06/22/06 07:25,10.3
06/22/06 07:30,11.0
06/22/06 07:35,11.7
06/22/06 07:40,12.3
06/22/06 07:45,13.2
06/22/06 07:50,14.0
06/22/06 07:55,14.8
06/22/06 08:00,15.7
06/22/06 08:05,16.6
06/22/06 08:10,17.4
06/22/06 08:15,17.6
06/22/06 08:20,17.4
06/22/06 08:25,17.4
06/22/06 08:30,17.4
06/22/06 08:35,17.4
06/22/06 08:40,17.4
06/22/06 08:45,17.4
06/22/06 08:50,17.5
06/22/06 08:55,17.5
06/22/06 09:00,17.6
06/22/06 09:05,17.7
06/22/06 09:10,17.8
06/22/06 09:15,17.9
06/22/06 09:20,18.3
06/22/06 09:25,18.5
06/22/06 09:30,18.8
06/22/06 09:35,19.2
06/22/06 09:40,19.7
06/22/06 09:45,19.9
06/22/06 09:50,20.0
06/22/06 09:55,19.9
06/22/06 10:00,20.0
06/22/06 10:05,20.2
06/22/06 10:10,20.6
06/22/06 10:15,21.5
06/22/06 10:20,22.3
06/22/06 10:25,22.9
06/22/06 10:30,23.2
06/22/06 10:35,23.3
06/22/06 10:40,23.4
06/22/06 10:45,23.4
06/22/06 10:50,23.3
06/22/06 10:55,23.2
06/22/06 11:00,23.1
06/22/06 11:05,23.3
06/22/06 11:10,23.5
06/22/06 11:15,23.5
06/22/06 11:20,22.8
06/22/06 11:25,23.5
06/22/06 11:30,24.0
06/22/06 11:35,24.5
06/22/06 11:40,24.7
06/22/06 11:45,24.6
06/22/06 11:50,24.4
06/22/06 11:55,24.1
06/22/06 12:00,24.1
06/22/06 12:05,24.1
06/22/06 12:10,24.0
06/22/06 12:15,24.0
06/22/06 12:20,23.7
06/22/06 12:25,23.6
06/22/06 12:30,23.8
06/22/06 12:35,23.9
06/22/06 12:40,23.4
06/22/06 12:45,23.0
06/22/06 12:50,23.0
06/22/06 12:55,22.6
06/22/06 13:00,23.8
06/22/06 13:05,25.0
06/22/06 13:10,25.8
06/22/06 13:15,25.0
06/22/06 13:20,22.8
06/22/06 13:25,22.9
06/22/06 13:30,22.4
06/22/06 13:35,22.5
06/22/06 13:40,22.4
06/22/06 13:45,21.9
06/22/06 13:50,20.9
06/22/06 13:55,19.3
06/22/06 14:00,18.4
06/22/06 14:05,19.0
06/22/06 14:10,18.3
06/22/06 14:15,17.0
06/22/06 14:20,15.8
06/22/06 14:25,15.1
06/22/06 14:30,14.6
06/22/06 14:35,14.6
06/22/06 14:40,14.8
06/22/06 14:45,15.3
06/22/06 14:50,15.6
06/22/06 14:55,15.8
06/22/06 15:00,16.1
06/22/06 15:05,16.2
06/22/06 15:10,16.2
06/22/06 15:15,15.8
06/22/06 15:20,14.1
06/22/06 15:25,11.9
06/22/06 15:30,11.9
06/22/06 15:35,12.4
06/22/06 15:40,12.6
06/22/06 15:45,12.6
06/22/06 15:50,11.6
06/22/06 15:55,11.3
06/22/06 16:00,11.1
06/22/06 16:05,10.6
06/22/06 16:10,10.0
06/22/06 16:15,9.2
06/22/06 16:20,8.2
06/22/06 16:25,7.2
06/22/06 16:30,5.2
06/22/06 16:35,3.7
06/22/06 16:40,1.7
06/22/06 16:45,3.6
06/22/06 16:50,4.2
06/22/06 16:55,3.9
06/22/06 17:00,3.8
06/22/06 17:05,2.4
06/22/06 17:10,1.2
06/22/06 17:15,0.7
06/22/06 17:20,0.8
06/22/06 17:25,1.0
06/22/06 17:30,0.7
06/22/06 17:35,0.2
06/22/06 17:40,0.1
06/22/06 17:45,0.0
06/22/06 17:50,0.0
06/22/06 17:55,0.0
06/22/06 18:00,0.0
06/22/06 18:05,0.0
06/22/06 18:10,0.0
06/22/06 18:15,0.0
06/22/06 18:20,0.0
06/22/06 18:25,0.0
06/22/06 18:30,0.0
06/22/06 18:35,0.0
06/22/06 18:40,0.0
06/22/06 18:45,0.0
06/22/06 18:50,0.0
06/22/06 18:55,0.0
06/22/06 19:00,0.0
06/22/06 19:05,0.0
06/22/06 19:10,0.0
06/22/06 19:15,0.0
06/22/06 19:20,0.0
06/22/06 19:25,0.0
06/22/06 19:30,0.0
06/22/06 19:35,0.0
06/22/06 19:40,0.0
06/22/06 19:45,0.0
06/22/06 19:50,0.0
06/22/06 19:55,0.0
06/22/06 20:00,0.0
06/22/06 20:05,0.0
06/22/06 20:10,0.0
06/22/06 20:15,0.0
06/22/06 20:20,0.0
06/22/06 20:25,0.0
06/22/06 20:30,0.0
06/22/06 20:35,0.0
06/22/06 20:40,0.0
06/22/06 20:45,0.0
06/22/06 20:50,0.0
06/22/06 20:55,0.0
06/22/06 21:00,0.0
06/22/06 21:05,0.0
06/22/06 21:10,0.0
06/22/06 21:15,0.0
06/22/06 21:20,0.0
06/22/06 21:25,0.0
06/22/06 21:30,0.0
06/22/06 21:35,0.0
06/22/06 21:40,0.0
06/22/06 21:45,0.0
06/22/06 21:50,0.0
06/22/06 21:55,0.0
06/22/06 22:00,0.0
06/22/06 22:05,0.0
06/22/06 22:10,0.0
06/22/06 22:15,0.0
06/22/06 22:20,0.0
06/22/06 22:25,0.0
06/22/06 22:30,0.0
06/22/06 22:35,0.0
06/22/06 22:40,0.0
06/22/06 22:45,0.0
06/22/06 22:50,0.0
06/22/06 22:55,0.0
06/22/06 23:00,0.0
06/22/06 23:05,0.0
06/22/06 23:10,0.0
06/22/06 23:15,0.0
06/22/06 23:20,0.0
06/22/06 23:25,0.0
06/22/06 23:30,0.0
06/22/06 23:35,0.0
06/22/06 23:40,0.0
06/22/06 23:45,0.0
06/22/06 23:50,0.0
06/22/06 23:55,0.0
06/23/06 00:00,0.0
06/23/06 00:05,0.0
06/23/06 00:10,0.0
06/23/06 00:15,0.0
06/23/06 00:20,0.0
06/23/06 00:25,0.0
06/23/06 00:30,0.0
06/23/06 00:35,0.0
06/23/06 00:40,0.0
06/23/06 00:45,0.0
06/23/06 00:50,0.0
06/23/06 00:55,0.0
06/23/06 01:00,0.0
06/23/06 01:05,0.0
06/23/06 01:10,0.0
06/23/06 01:15,0.0
06/23/06 01:20,0.0
06/23/06 01:25,0.0
06/23/06 01:30,0.0
06/23/06 01:35,0.0
06/23/06 01:40,0.0
06/23/06 01:45,0.0
06/23/06 01:50,0.0
06/23/06 01:55,0.0
06/23/06 02:00,0.0
06/23/06 02:05,0.0
06/23/06 02:10,0.0
06/23/06 02:15,0.0
06/23/06 02:20,0.0
06/23/06 02:25,0.0
06/23/06 02:30,0.0
06/23/06 02:35,0.0
06/23/06 02:40,0.0
06/23/06 02:45,0.0
06/23/06 02:50,0.0
06/23/06 02:55,0.0
06/23/06 03:00,0.0
06/23/06 03:05,0.0
06/23/06 03:10,0.0
06/23/06 03:15,0.0
06/23/06 03:20,0.0
06/23/06 03:25,0.0
06/23/06 03:30,0.0
06/23/06 03:35,0.0
06/23/06 03:40,0.0
06/23/06 03:45,0.0
06/23/06 03:50,0.0
06/23/06 03:55,0.0
06/23/06 04:00,0.0
06/23/06 04:05,0.0
06/23/06 04:10,0.0
06/23/06 04:15,0.0
06/23/06 04:20,0.0
06/23/06 04:25,0.0
06/23/06 04:30,0.0
06/23/06 04:35,0.0
06/23/06 04:40,0.0
06/23/06 04:45,0.0
06/23/06 04:50,0.0
06/23/06 04:55,0.0
06/23/06 05:00,0.0
06/23/06 05:05,0.0
06/23/06 05:10,0.0
06/23/06 05:15,0.0
06/23/06 05:20,0.0
06/23/06 05:25,0.0
06/23/06 05:30,0.0
06/23/06 05:35,0.1
06/23/06 05:40,0.1
06/23/06 05:45,0.2
06/23/06 05:50,0.3
06/23/06 05:55,0.5
06/23/06 06:00,0.6
06/23/06 06:05,0.9
06/23/06 06:10,1.5
06/23/06 06:15,2.6
06/23/06 06:20,3.8
06/23/06 06:25,4.3
06/23/06 06:30,4.9
06/23/06 06:35,5.6
06/23/06 06:40,6.1
06/23/06 06:45,6.5
06/23/06 06:50,7.0
06/23/06 06:55,7.6
06/23/06 07:00,8.2
06/23/06 07:05,8.9
06/23/06 07:10,9.3
06/23/06 07:15,9.7
06/23/06 07:20,10.3
06/23/06 07:25,10.9
06/23/06 07:30,11.5
06/23/06 07:35,11.8
06/23/06 07:40,12.0
06/23/06 07:45,12.3
06/23/06 07:50,12.6
06/23/06 07:55,13.1
06/23/06 08:00,13.6
06/23/06 08:05,14.0
06/23/06 08:10,14.4
06/23/06 08:15,15.1
06/23/06 08:20,16.0
06/23/06 08:25,16.8
06/23/06 08:30,17.2
06/23/06 08:35,17.5
06/23/06 08:40,17.8
06/23/06 08:45,18.2
06/23/06 08:50,18.6
06/23/06 08:55,19.0
06/23/06 09:00,19.3
06/23/06 09:05,19.7
06/23/06 09:10,20.1
06/23/06 09:15,20.4
06/23/06 09:20,20.8
06/23/06 09:25,21.2
06/23/06 09:30,21.4
06/23/06 09:35,21.6
06/23/06 09:40,21.6
06/23/06 09:45,21.6
06/23/06 09:50,21.7
06/23/06 09:55,21.9
06/23/06 10:00,22.2
06/23/06 10:05,22.5
06/23/06 10:10,22.8
06/23/06 10:15,23.6
06/23/06 10:20,24.6
06/23/06 10:25,25.3
06/23/06 10:30,25.9
06/23/06 10:35,26.6
06/23/06 10:40,27.4
06/23/06 10:45,27.9
06/23/06 10:50,28.3
06/23/06 10:55,28.7
06/23/06 11:00,29.1
06/23/06 11:05,29.2
06/23/06 11:10,29.4
06/23/06 11:15,29.1
06/23/06 11:20,28.9
06/23/06 11:25,28.8
06/23/06 11:30,28.6
06/23/06 11:35,28.5
06/23/06 11:40,28.4
06/23/06 11:45,28.5
06/23/06 11:50,28.5
06/23/06 11:55,28.4
06/23/06 12:00,28.3
06/23/06 12:05,28.3
06/23/06 12:10,28.4
06/23/06 12:15,28.1
06/23/06 12:20,26.9
06/23/06 12:25,25.6
06/23/06 12:30,23.9
06/23/06 12:35,21.9
06/23/06 12:40,19.9
06/23/06 12:45,17.9
06/23/06 12:50,15.8
06/23/06 12:55,13.7
06/23/06 13:00,11.7
06/23/06 13:05,9.7
06/23/06 13:10,7.6
06/23/06 13:15,6.1
06/23/06 13:20,5.4
06/23/06 13:25,5.2
06/23/06 13:30,5.2
06/23/06 13:35,5.0
06/23/06 13:40,4.7
06/23/06 13:45,4.6
06/23/06 13:50,4.4
06/23/06 13:55,4.1
06/23/06 14:00,3.8
06/23/06 14:05,3.6
06/23/06 14:10,3.2
06/23/06 14:15,3.6
06/23/06 14:20,3.6
06/23/06 14:25,2.8
06/23/06 14:30,2.2
06/23/06 14:35,2.1
06/23/06 14:40,2.3
06/23/06 14:45,2.1
06/23/06 14:50,1.9
06/23/06 14:55,1.7
06/23/06 15:00,1.8
06/23/06 15:05,1.6
06/23/06 15:10,1.5
06/23/06 15:15,1.5
06/23/06 15:20,1.3
06/23/06 15:25,1.1
06/23/06 15:30,0.8
06/23/06 15:35,0.6
06/23/06 15:40,0.4
06/23/06 15:45,0.3
06/23/06 15:50,0.2
06/23/06 15:55,0.2
06/23/06 16:00,0.1
06/23/06 16:05,0.1
06/23/06 16:10,0.0
06/23/06 16:15,0.1
06/23/06 16:20,0.1
06/23/06 16:25,0.2
06/23/06 16:30,0.2
06/23/06 16:35,0.2
06/23/06 16:40,0.2
06/23/06 16:45,0.2
06/23/06 16:50,0.1
06/23/06 16:55,0.1
06/23/06 17:00,0.1
06/23/06 17:05,0.0
06/23/06 17:10,0.0
06/23/06 17:15,0.0
06/23/06 17:20,0.0
06/23/06 17:25,0.0
06/23/06 17:30,0.0
06/23/06 17:35,0.0
06/23/06 17:40,0.0
06/23/06 17:45,0.0
06/23/06 17:50,0.0
06/23/06 17:55,0.0
06/23/06 18:00,0.0
06/23/06 18:05,0.0
06/23/06 18:10,0.0
06/23/06 18:15,0.0
06/23/06 18:20,0.0
06/23/06 18:25,0.0
06/23/06 18:30,0.0
06/23/06 18:35,0.0
06/23/06 18:40,0.0
06/23/06 18:45,0.0
06/23/06 18:50,0.0
06/23/06 18:55,0.0
06/23/06 19:00,0.0
06/23/06 19:05,0.0
06/23/06 19:10,0.0
06/23/06 19:15,0.0
06/23/06 19:20,0.0
06/23/06 19:25,0.0
06/23/06 19:30,0.0
06/23/06 19:35,0.0
06/23/06 19:40,0.0
06/23/06 19:45,0.0
06/23/06 19:50,0.0
06/23/06 19:55,0.0
06/23/06 20:00,0.0
06/23/06 20:05,0.0
06/23/06 20:10,0.0
06/23/06 20:15,0.0
06/23/06 20:20,0.0
06/23/06 20:25,0.0
06/23/06 20:30,0.0
06/23/06 20:35,0.0
06/23/06 20:40,0.0
06/23/06 20:45,0.0
06/23/06 20:50,0.0
06/23/06 20:55,0.0
06/23/06 21:00,0.0
06/23/06 21:05,0.0
06/23/06 21:10,0.0
06/23/06 21:15,0.0
06/23/06 21:20,0.0
06/23/06 21:25,0.0
06/23/06 21:30,0.0
06/23/06 21:35,0.0
06/23/06 21:40,0.0
06/23/06 21:45,0.0
06/23/06 21:50,0.0
06/23/06 21:55,0.0
06/23/06 22:00,0.0
06/23/06 22:05,0.0
06/23/06 22:10,0.0
06/23/06 22:15,0.0
06/23/06 22:20,0.0
06/23/06 22:25,0.0
06/23/06 22:30,0.0
06/23/06 22:35,0.0
06/23/06 22:40,0.0
06/23/06 22:45,0.0
06/23/06 22:50,0.0
06/23/06 22:55,0.0
06/23/06 23:00,0.0
06/23/06 23:05,0.0
06/23/06 23:10,0.0
06/23/06 23:15,0.0
06/23/06 23:20,0.0
06/23/06 23:25,0.0
06/23/06 23:30,0.0
06/23/06 23:35,0.0
06/23/06 23:40,0.0
06/23/06 23:45,0.0
06/23/06 23:50,0.0
06/23/06 23:55,0.0
06/24/06 00:00,0.0
06/24/06 00:05,0.0
06/24/06 00:10,0.0
06/24/06 00:15,0.0
06/24/06 00:20,0.0
06/24/06 00:25,0.0
06/24/06 00:30,0.0
06/24/06 00:35,0.0
06/24/06 00:40,0.0
06/24/06 00:45,0.0
06/24/06 00:50,0.0
06/24/06 00:55,0.0
06/24/06 01:00,0.0
06/24/06 01:05,0.0
06/24/06 01:10,0.0
06/24/06 01:15,0.0
06/24/06 01:20,0.0
06/24/06 01:25,0.0
06/24/06 01:30,0.0
06/24/06 01:35,0.0
06/24/06 01:40,0.0
06/24/06 01:45,0.0
06/24/06 01:50,0.0
06/24/06 01:55,0.0
06/24/06 02:00,0.0
06/24/06 02:05,0.0
06/24/06 02:10,0.0
06/24/06 02:15,0.0
06/24/06 02:20,0.0
06/24/06 02:25,0.0
06/24/06 02:30,0.0
06/24/06 02:35,0.0
06/24/06 02:40,0.0
06/24/06 02:45,0.0
06/24/06 02:50,0.0
06/24/06 02:55,0.0
06/24/06 03:00,0.0
06/24/06 03:05,0.0
06/24/06 03:10,0.0
06/24/06 03:15,0.0
06/24/06 03:20,0.0
06/24/06 03:25,0.0
06/24/06 03:30,0.0
06/24/06 03:35,0.0
06/24/06 03:40,0.0
06/24/06 03:45,0.0
06/24/06 03:50,0.0
06/24/06 03:55,0.0
06/24/06 04:00,0.0
06/24/06 04:05,0.0
06/24/06 04:10,0.0
06/24/06 04:15,0.0
06/24/06 04:20,0.0
06/24/06 04:25,0.0
06/24/06 04:30,0.0
06/24/06 04:35,0.0
06/24/06 04:40,0.0
06/24/06 04:45,0.0
06/24/06 04:50,0.0
06/24/06 04:55,0.0
06/24/06 05:00,0.0
06/24/06 05:05,0.0
06/24/06 05:10,0.0
06/24/06 05:15,0.0
06/24/06 05:20,0.0
06/24/06 05:25,0.0
06/24/06 05:30,0.0
06/24/06 05:35,0.0
06/24/06 05:40,0.0
06/24/06 05:45,0.0
06/24/06 05:50,0.0
06/24/06 05:55,0.0
06/24/06 06:00,0.1
06/24/06 06:05,0.1
06/24/06 06:10,0.2
06/24/06 06:15,0.3
06/24/06 06:20,0.4
06/24/06 06:25,0.3
06/24/06 06:30,0.2
06/24/06 06:35,0.1
06/24/06 06:40,0.1
06/24/06 06:45,0.4
06/24/06 06:50,2.2
06/24/06 06:55,4.3
06/24/06 07:00,5.1
06/24/06 07:05,5.5
06/24/06 07:10,5.4
06/24/06 07:15,4.9
06/24/06 07:20,5.2
06/24/06 07:25,5.3
06/24/06 07:30,5.4
06/24/06 07:35,5.9
06/24/06 07:40,5.2
06/24/06 07:45,5.2
06/24/06 07:50,6.1
06/24/06 07:55,7.2
06/24/06 08:00,7.4
06/24/06 08:05,8.1
06/24/06 08:10,7.7
06/24/06 08:15,8.5
06/24/06 08:20,10.4
06/24/06 08:25,12.7
06/24/06 08:30,12.4
06/24/06 08:35,11.3
06/24/06 08:40,10.7
06/24/06 08:45,10.3
06/24/06 08:50,9.9
06/24/06 08:55,9.9
06/24/06 09:00,9.7
06/24/06 09:05,9.8
06/24/06 09:10,10.5
06/24/06 09:15,10.8
06/24/06 09:20,11.2
06/24/06 09:25,11.8
06/24/06 09:30,12.2
06/24/06 09:35,12.8
06/24/06 09:40,13.2
06/24/06 09:45,13.6
06/24/06 09:50,14.2
06/24/06 09:55,14.7
06/24/06 10:00,15.2
06/24/06 10:05,15.5
06/24/06 10:10,15.8
06/24/06 10:15,15.2
06/24/06 10:20,13.8
06/24/06 10:25,13.3
06/24/06 10:30,17.2
06/24/06 10:35,20.2
06/24/06 10:40,22.2
06/24/06 10:45,23.7
06/24/06 10:50,24.4
06/24/06 10:55,24.9
06/24/06 11:00,24.9
06/24/06 11:05,24.5
06/24/06 11:10,24.7
06/24/06 11:15,24.2
06/24/06 11:20,24.0
06/24/06 11:25,24.1
06/24/06 11:30,24.4
06/24/06 11:35,24.2
06/24/06 11:40,24.2
06/24/06 11:45,23.7
06/24/06 11:50,23.8
06/24/06 11:55,24.5
06/24/06 12:00,24.7
06/24/06 12:05,24.3
06/24/06 12:10,24.3
06/24/06 12:15,24.2
06/24/06 12:20,23.9
06/24/06 12:25,23.5
06/24/06 12:30,23.6
06/24/06 12:35,23.7
06/24/06 12:40,23.5
06/24/06 12:45,23.1
06/24/06 12:50,22.8
06/24/06 12:55,23.0
06/24/06 13:00,23.4
06/24/06 13:05,23.4
06/24/06 13:10,23.4
06/24/06 13:15,23.2
06/24/06 13:20,23.3
06/24/06 13:25,23.7
06/24/06 13:30,23.8
06/24/06 13:35,23.7
06/24/06 13:40,23.4
06/24/06 13:45,23.3
06/24/06 13:50,23.1
06/24/06 13:55,22.7
06/24/06 14:00,22.3
06/24/06 14:05,21.7
06/24/06 14:10,21.0
06/24/06 14:15,20.5
06/24/06 14:20,20.0
06/24/06 14:25,18.6
06/24/06 14:30,18.0
06/24/06 14:35,18.1
06/24/06 14:40,18.2
06/24/06 14:45,18.5
06/24/06 14:50,18.5
06/24/06 14:55,18.0
06/24/06 15:00,17.3
06/24/06 15:05,16.8
06/24/06 15:10,16.1
06/24/06 15:15,15.8
06/24/06 15:20,15.5
06/24/06 15:25,15.1
06/24/06 15:30,14.7
06/24/06 15:35,14.4
06/24/06 15:40,14.2
06/24/06 15:45,13.9
06/24/06 15:50,13.5
06/24/06 15:55,13.1
06/24/06 16:00,12.7
06/24/06 16:05,12.4
06/24/06 16:10,12.1
06/24/06 16:15,11.6
06/24/06 16:20,10.9
06/24/06 16:25,10.3
06/24/06 16:30,9.7
06/24/06 16:35,9.2
06/24/06 16:40,8.7
06/24/06 16:45,8.2
06/24/06 16:50,7.8
06/24/06 16:55,7.4
06/24/06 17:00,6.9
06/24/06 17:05,6.3
06/24/06 17:10,5.8
06/24/06 17:15,5.2
06/24/06 17:20,4.6
06/24/06 17:25,4.1
06/24/06 17:30,3.5
06/24/06 17:35,2.4
06/24/06 17:40,1.4
06/24/06 17:45,0.8
06/24/06 17:50,0.4
06/24/06 17:55,0.2
06/24/06 18:00,0.1
06/24/06 18:05,0.0
06/24/06 18:10,0.0
06/24/06 18:15,0.0
06/24/06 18:20,0.0
06/24/06 18:25,0.0
06/24/06 18:30,0.0
06/24/06 18:35,0.0
06/24/06 18:40,0.0
06/24/06 18:45,0.0
06/24/06 18:50,0.0
06/24/06 18:55,0.0
06/24/06 19:00,0.0
06/24/06 19:05,0.0
06/24/06 19:10,0.0
06/24/06 19:15,0.0
06/24/06 19:20,0.0
06/24/06 19:25,0.0
06/24/06 19:30,0.0
06/24/06 19:35,0.0
06/24/06 19:40,0.0
06/24/06 19:45,0.0
06/24/06 19:50,0.0
06/24/06 19:55,0.0
06/24/06 20:00,0.0
06/24/06 20:05,0.0
06/24/06 20:10,0.0
06/24/06 20:15,0.0
06/24/06 20:20,0.0
06/24/06 20:25,0.0
06/24/06 20:30,0.0
06/24/06 20:35,0.0
06/24/06 20:40,0.0
06/24/06 20:45,0.0
06/24/06 20:50,0.0
06/24/06 20:55,0.0
06/24/06 21:00,0.0
06/24/06 21:05,0.0
06/24/06 21:10,0.0
06/24/06 21:15,0.0
06/24/06 21:20,0.0
06/24/06 21:25,0.0
06/24/06 21:30,0.0
06/24/06 21:35,0.0
06/24/06 21:40,0.0
06/24/06 21:45,0.0
06/24/06 21:50,0.0
06/24/06 21:55,0.0
06/24/06 22:00,0.0
06/24/06 22:05,0.0
06/24/06 22:10,0.0
06/24/06 22:15,0.0
06/24/06 22:20,0.0
06/24/06 22:25,0.0
06/24/06 22:30,0.0
06/24/06 22:35,0.0
06/24/06 22:40,0.0
06/24/06 22:45,0.0
06/24/06 22:50,0.0
06/24/06 22:55,0.0
06/24/06 23:00,0.0
06/24/06 23:05,0.0
06/24/06 23:10,0.0
06/24/06 23:15,0.0
06/24/06 23:20,0.0
06/24/06 23:25,0.0
06/24/06 23:30,0.0
06/24/06 23:35,0.0
06/24/06 23:40,0.0
06/24/06 23:45,0.0
06/24/06 23:50,0.0
06/24/06 23:55,0.0
06/25/06 00:00,0.0
06/25/06 00:05,0.0
06/25/06 00:10,0.0
06/25/06 00:15,0.0
06/25/06 00:20,0.0
06/25/06 00:25,0.0
06/25/06 00:30,0.0
06/25/06 00:35,0.0
06/25/06 00:40,0.0
06/25/06 00:45,0.0
06/25/06 00:50,0.0
06/25/06 00:55,0.0
06/25/06 01:00,0.0
06/25/06 01:05,0.0
06/25/06 01:10,0.0
06/25/06 01:15,0.0
06/25/06 01:20,0.0
06/25/06 01:25,0.0
06/25/06 01:30,0.0
06/25/06 01:35,0.0
06/25/06 01:40,0.0
06/25/06 01:45,0.0
06/25/06 01:50,0.0
06/25/06 01:55,0.0
06/25/06 02:00,0.0
06/25/06 02:05,0.0
06/25/06 02:10,0.0
06/25/06 02:15,0.0
06/25/06 02:20,0.0
06/25/06 02:25,0.0
06/25/06 02:30,0.0
06/25/06 02:35,0.0
06/25/06 02:40,0.0
06/25/06 02:45,0.0
06/25/06 02:50,0.0
06/25/06 02:55,0.0
06/25/06 03:00,0.0
06/25/06 03:05,0.0
06/25/06 03:10,0.0
06/25/06 03:15,0.0
06/25/06 03:20,0.0
06/25/06 03:25,0.0
06/25/06 03:30,0.0
06/25/06 03:35,0.0
06/25/06 03:40,0.0
06/25/06 03:45,0.0
06/25/06 03:50,0.0
06/25/06 03:55,0.0
06/25/06 04:00,0.0
06/25/06 04:05,0.0
06/25/06 04:10,0.0
06/25/06 04:15,0.0
06/25/06 04:20,0.0
06/25/06 04:25,0.0
06/25/06 04:30,0.0
06/25/06 04:35,0.0
06/25/06 04:40,0.0
06/25/06 04:45,0.0
06/25/06 04:50,0.0
06/25/06 04:55,0.0
06/25/06 05:00,0.0
06/25/06 05:05,0.0
06/25/06 05:10,0.0
06/25/06 05:15,0.0
06/25/06 05:20,0.0
06/25/06 05:25,0.0
06/25/06 05:30,0.0
06/25/06 05:35,0.0
06/25/06 05:40,0.0
06/25/06 05:45,0.0
06/25/06 05:50,0.0
06/25/06 05:55,0.1
06/25/06 06:00,0.4
06/25/06 06:05,0.6
06/25/06 06:10,0.9
06/25/06 06:15,0.7
06/25/06 06:20,0.9
06/25/06 06:25,1.6
06/25/06 06:30,2.8
06/25/06 06:35,3.6
06/25/06 06:40,4.1
06/25/06 06:45,4.9
06/25/06 06:50,5.4
06/25/06 06:55,5.3
06/25/06 07:00,5.1
06/25/06 07:05,5.7
06/25/06 07:10,6.1
06/25/06 07:15,6.4
06/25/06 07:20,6.6
06/25/06 07:25,7.8
06/25/06 07:30,9.1
06/25/06 07:35,10.8
06/25/06 07:40,12.1
06/25/06 07:45,13.1
06/25/06 07:50,11.8
06/25/06 07:55,10.2
06/25/06 08:00,9.5
06/25/06 08:05,9.0
06/25/06 08:10,9.7
06/25/06 08:15,11.7
06/25/06 08:20,13.4
06/25/06 08:25,14.6
06/25/06 08:30,15.4
06/25/06 08:35,15.8
06/25/06 08:40,16.0
06/25/06 08:45,16.2
06/25/06 08:50,16.3
06/25/06 08:55,16.4
06/25/06 09:00,16.4
06/25/06 09:05,16.3
06/25/06 09:10,16.3
06/25/06 09:15,16.1
06/25/06 09:20,16.9
06/25/06 09:25,18.4
06/25/06 09:30,19.8
06/25/06 09:35,20.0
06/25/06 09:40,20.5
06/25/06 09:45,21.5
06/25/06 09:50,22.2
06/25/06 09:55,23.2
06/25/06 10:00,23.7
06/25/06 10:05,24.3
06/25/06 10:10,23.8
06/25/06 10:15,22.3
06/25/06 10:20,22.7
06/25/06 10:25,22.6
06/25/06 10:30,22.9
06/25/06 10:35,23.3
06/25/06 10:40,24.1
06/25/06 10:45,24.7
06/25/06 10:50,24.5
06/25/06 10:55,24.5
06/25/06 11:00,24.5
06/25/06 11:05,24.1
06/25/06 11:10,23.9
06/25/06 11:15,24.3
06/25/06 11:20,24.3
06/25/06 11:25,23.3
06/25/06 11:30,20.2
06/25/06 11:35,19.2
06/25/06 11:40,21.6
06/25/06 11:45,23.5
06/25/06 11:50,23.1
06/25/06 11:55,22.7
06/25/06 12:00,20.8
06/25/06 12:05,22.0
06/25/06 12:10,23.0
06/25/06 12:15,24.5
06/25/06 12:20,25.3
06/25/06 12:25,25.3
06/25/06 12:30,24.3
06/25/06 12:35,24.3
06/25/06 12:40,24.2
06/25/06 12:45,24.5
06/25/06 12:50,25.2
06/25/06 12:55,25.9
06/25/06 13:00,26.6
06/25/06 13:05,27.0
06/25/06 13:10,26.7
06/25/06 13:15,24.2
06/25/06 13:20,21.6
06/25/06 13:25,20.0
06/25/06 13:30,19.0
06/25/06 13:35,18.3
06/25/06 13:40,17.8
06/25/06 13:45,17.3
06/25/06 13:50,16.9
06/25/06 13:55,16.4
06/25/06 14:00,16.1
06/25/06 14:05,16.2
06/25/06 14:10,16.2
06/25/06 14:15,15.5
06/25/06 14:20,15.5
06/25/06 14:25,16.3
06/25/06 14:30,12.7
06/25/06 14:35,9.0
06/25/06 14:40,6.9
06/25/06 14:45,6.3
06/25/06 14:50,7.6
06/25/06 14:55,10.2
06/25/06 15:00,11.0
06/25/06 15:05,9.9
06/25/06 15:10,8.9
06/25/06 15:15,7.3
06/25/06 15:20,5.7
06/25/06 15:25,5.2
06/25/06 15:30,5.0
06/25/06 15:35,5.4
06/25/06 15:40,6.2
06/25/06 15:45,6.8
06/25/06 15:50,7.2
06/25/06 15:55,7.2
06/25/06 16:00,7.6
06/25/06 16:05,8.0
06/25/06 16:10,8.1
06/25/06 16:15,6.7
06/25/06 16:20,4.6
06/25/06 16:25,2.9
06/25/06 16:30,0.9
06/25/06 16:35,0.3
06/25/06 16:40,0.1
06/25/06 16:45,0.1
06/25/06 16:50,0.0
06/25/06 16:55,0.0
06/25/06 17:00,0.0
06/25/06 17:05,0.0
06/25/06 17:10,0.0
06/25/06 17:15,0.0
06/25/06 17:20,0.0
06/25/06 17:25,0.0
06/25/06 17:30,0.1
06/25/06 17:35,0.3
06/25/06 17:40,0.5
06/25/06 17:45,0.5
06/25/06 17:50,0.3
06/25/06 17:55,0.2
06/25/06 18:00,0.1
06/25/06 18:05,0.1
06/25/06 18:10,0.0
06/25/06 18:15,0.0
06/25/06 18:20,0.0
06/25/06 18:25,0.0
06/25/06 18:30,0.0
06/25/06 18:35,0.0
06/25/06 18:40,0.0
06/25/06 18:45,0.0
06/25/06 18:50,0.0
06/25/06 18:55,0.0
06/25/06 19:00,0.0
06/25/06 19:05,0.0
06/25/06 19:10,0.0
06/25/06 19:15,0.0
06/25/06 19:20,0.0
06/25/06 19:25,0.0
06/25/06 19:30,0.0
06/25/06 19:35,0.0
06/25/06 19:40,0.0
06/25/06 19:45,0.0
06/25/06 19:50,0.0
06/25/06 19:55,0.0
06/25/06 20:00,0.0
06/25/06 20:05,0.0
06/25/06 20:10,0.0
06/25/06 20:15,0.0
06/25/06 20:20,0.0
06/25/06 20:25,0.0
06/25/06 20:30,0.0
06/25/06 20:35,0.0
06/25/06 20:40,0.0
06/25/06 20:45,0.0
06/25/06 20:50,0.0
06/25/06 20:55,0.0
06/25/06 21:00,0.0
06/25/06 21:05,0.0
06/25/06 21:10,0.0
06/25/06 21:15,0.0
06/25/06 21:20,0.0
06/25/06 21:25,0.0
06/25/06 21:30,0.0
06/25/06 21:35,0.0
06/25/06 21:40,0.0
06/25/06 21:45,0.0
06/25/06 21:50,0.0
06/25/06 21:55,0.0
06/25/06 22:00,0.0
06/25/06 22:05,0.0
06/25/06 22:10,0.0
06/25/06 22:15,0.0
06/25/06 22:20,0.0
06/25/06 22:25,0.0
06/25/06 22:30,0.0
06/25/06 22:35,0.0
06/25/06 22:40,0.0
06/25/06 22:45,0.0
06/25/06 22:50,0.0
06/25/06 22:55,0.0
06/25/06 23:00,0.0
06/25/06 23:05,0.0
06/25/06 23:10,0.0
06/25/06 23:15,0.0
06/25/06 23:20,0.0
06/25/06 23:25,0.0
06/25/06 23:30,0.0
06/25/06 23:35,0.0
06/25/06 23:40,0.0
06/25/06 23:45,0.0
06/25/06 23:50,0.0
06/25/06 23:55,0.0
06/26/06 00:00,0.0
06/26/06 00:05,0.0
06/26/06 00:10,0.0
06/26/06 00:15,0.0
06/26/06 00:20,0.0
06/26/06 00:25,0.0
06/26/06 00:30,0.0
06/26/06 00:35,0.0
06/26/06 00:40,0.0
06/26/06 00:45,0.0
06/26/06 00:50,0.0
06/26/06 00:55,0.0
06/26/06 01:00,0.0
06/26/06 01:05,0.0
06/26/06 01:10,0.0
06/26/06 01:15,0.0
06/26/06 01:20,0.0
06/26/06 01:25,0.0
06/26/06 01:30,0.0
06/26/06 01:35,0.0
06/26/06 01:40,0.0
06/26/06 01:45,0.0
06/26/06 01:50,0.0
06/26/06 01:55,0.0
06/26/06 02:00,0.0
06/26/06 02:05,0.0
06/26/06 02:10,0.0
06/26/06 02:15,0.0
06/26/06 02:20,0.0
06/26/06 02:25,0.0
06/26/06 02:30,0.0
06/26/06 02:35,0.0
06/26/06 02:40,0.0
06/26/06 02:45,0.0
06/26/06 02:50,0.0
06/26/06 02:55,0.0
06/26/06 03:00,0.0
06/26/06 03:05,0.0
06/26/06 03:10,0.0
06/26/06 03:15,0.0
06/26/06 03:20,0.0
06/26/06 03:25,0.0
06/26/06 03:30,0.0
06/26/06 03:35,0.0
06/26/06 03:40,0.0
06/26/06 03:45,0.0
06/26/06 03:50,0.0
06/26/06 03:55,0.0
06/26/06 04:00,0.0
06/26/06 04:05,0.0
06/26/06 04:10,0.0
06/26/06 04:15,0.0
06/26/06 04:20,0.0
06/26/06 04:25,0.0
06/26/06 04:30,0.0
06/26/06 04:35,0.0
06/26/06 04:40,0.0
06/26/06 04:45,0.0
06/26/06 04:50,0.0
06/26/06 04:55,0.0
06/26/06 05:00,0.0
06/26/06 05:05,0.0
06/26/06 05:10,0.0
06/26/06 05:15,0.0
06/26/06 05:20,0.0
06/26/06 05:25,0.0
06/26/06 05:30,0.0
06/26/06 05:35,0.1
06/26/06 05:40,0.1
06/26/06 05:45,0.2
06/26/06 05:50,0.4
06/26/06 05:55,0.7
06/26/06 06:00,1.3
06/26/06 06:05,2.6
06/26/06 06:10,3.6
06/26/06 06:15,4.0
06/26/06 06:20,4.2
06/26/06 06:25,4.6
06/26/06 06:30,4.9
06/26/06 06:35,5.3
06/26/06 06:40,5.6
06/26/06 06:45,6.0
06/26/06 06:50,6.4
06/26/06 06:55,6.8
06/26/06 07:00,7.1
06/26/06 07:05,7.4
06/26/06 07:10,7.6
06/26/06 07:15,8.2
06/26/06 07:20,8.9
06/26/06 07:25,9.6
06/26/06 07:30,10.3
06/26/06 07:35,10.9
06/26/06 07:40,11.5
06/26/06 07:45,12.1
06/26/06 07:50,12.6
06/26/06 07:55,13.2
06/26/06 08:00,13.7
06/26/06 08:05,14.0
06/26/06 08:10,14.5
06/26/06 08:15,15.1
06/26/06 08:20,15.9
06/26/06 08:25,16.6
06/26/06 08:30,17.2
06/26/06 08:35,17.6
06/26/06 08:40,18.2
06/26/06 08:45,18.6
06/26/06 08:50,19.0
06/26/06 08:55,19.3
06/26/06 09:00,19.7
06/26/06 09:05,20.3
06/26/06 09:10,20.8
06/26/06 09:15,21.1
06/26/06 09:20,21.2
06/26/06 09:25,21.3
06/26/06 09:30,21.4
06/26/06 09:35,21.5
06/26/06 09:40,21.7
06/26/06 09:45,21.8
06/26/06 09:50,21.9
06/26/06 09:55,22.0
06/26/06 10:00,22.2
06/26/06 10:05,22.4
06/26/06 10:10,22.7
06/26/06 10:15,23.0
06/26/06 10:20,23.5
06/26/06 10:25,23.9
06/26/06 10:30,24.1
06/26/06 10:35,24.4
06/26/06 10:40,24.6
06/26/06 10:45,24.7
06/26/06 10:50,25.0
06/26/06 10:55,25.2
06/26/06 11:00,25.4
06/26/06 11:05,25.3
06/26/06 11:10,25.1
06/26/06 11:15,25.1
06/26/06 11:20,25.0
06/26/06 11:25,24.9
06/26/06 11:30,24.7
06/26/06 11:35,24.5
06/26/06 11:40,24.5
06/26/06 11:45,24.3
06/26/06 11:50,24.2
06/26/06 11:55,24.2
06/26/06 12:00,24.1
06/26/06 12:05,23.9
06/26/06 12:10,23.8
06/26/06 12:15,23.4
06/26/06 12:20,23.1
06/26/06 12:25,22.5
06/26/06 12:30,21.3
06/26/06 12:35,19.9
06/26/06 12:40,19.2
06/26/06 12:45,21.3
06/26/06 12:50,23.4
06/26/06 12:55,22.6
06/26/06 13:00,20.3
06/26/06 13:05,19.6
06/26/06 13:10,19.7
06/26/06 13:15,20.3
06/26/06 13:20,20.8
06/26/06 13:25,21.5
06/26/06 13:30,22.1
06/26/06 13:35,22.3
06/26/06 13:40,22.2
06/26/06 13:45,22.3
06/26/06 13:50,22.4
06/26/06 13:55,21.8
06/26/06 14:00,21.1
06/26/06 14:05,20.7
06/26/06 14:10,20.2
06/26/06 14:15,18.8
06/26/06 14:20,17.5
06/26/06 14:25,16.7
06/26/06 14:30,16.3
06/26/06 14:35,16.1
06/26/06 14:40,16.0
06/26/06 14:45,15.9
06/26/06 14:50,15.7
06/26/06 14:55,15.6
06/26/06 15:00,15.6
06/26/06 15:05,15.7
06/26/06 15:10,15.7
06/26/06 15:15,15.7
06/26/06 15:20,15.7
06/26/06 15:25,15.6
06/26/06 15:30,15.3
06/26/06 15:35,15.3
06/26/06 15:40,15.1
06/26/06 15:45,14.7
06/26/06 15:50,14.3
06/26/06 15:55,14.0
06/26/06 16:00,14.0
06/26/06 16:05,13.8
06/26/06 16:10,13.5
06/26/06 16:15,12.4
06/26/06 16:20,10.9
06/26/06 16:25,10.0
06/26/06 16:30,9.2
06/26/06 16:35,8.6
06/26/06 16:40,8.0
06/26/06 16:45,7.5
06/26/06 16:50,7.1
06/26/06 16:55,6.6
06/26/06 17:00,6.2
06/26/06 17:05,5.8
06/26/06 17:10,5.4
06/26/06 17:15,4.9
06/26/06 17:20,4.5
06/26/06 17:25,4.1
06/26/06 17:30,3.7
06/26/06 17:35,3.2
06/26/06 17:40,2.2
06/26/06 17:45,1.4
06/26/06 17:50,0.9
06/26/06 17:55,0.5
06/26/06 18:00,0.3
06/26/06 18:05,0.2
06/26/06 18:10,0.1
06/26/06 18:15,0.0
06/26/06 18:20,0.0
06/26/06 18:25,0.0
06/26/06 18:30,0.0
06/26/06 18:35,0.0
06/26/06 18:40,0.0
06/26/06 18:45,0.0
06/26/06 18:50,0.0
06/26/06 18:55,0.0
06/26/06 19:00,0.0
06/26/06 19:05,0.0
06/26/06 19:10,0.0
06/26/06 19:15,0.0
06/26/06 19:20,0.0
06/26/06 19:25,0.0
06/26/06 19:30,0.0
06/26/06 19:35,0.0
06/26/06 19:40,0.0
06/26/06 19:45,0.0
06/26/06 19:50,0.0
06/26/06 19:55,0.0
06/26/06 20:00,0.0
06/26/06 20:05,0.0
06/26/06 20:10,0.0
06/26/06 20:15,0.0
06/26/06 20:20,0.0
06/26/06 20:25,0.0
06/26/06 20:30,0.0
06/26/06 20:35,0.0
06/26/06 20:40,0.0
06/26/06 20:45,0.0
06/26/06 20:50,0.0
06/26/06 20:55,0.0
06/26/06 21:00,0.0
06/26/06 21:05,0.0
06/26/06 21:10,0.0
06/26/06 21:15,0.0
06/26/06 21:20,0.0
06/26/06 21:25,0.0
06/26/06 21:30,0.0
06/26/06 21:35,0.0
06/26/06 21:40,0.0
06/26/06 21:45,0.0
06/26/06 21:50,0.0
06/26/06 21:55,0.0
06/26/06 22:00,0.0
06/26/06 22:05,0.0
06/26/06 22:10,0.0
06/26/06 22:15,0.0
06/26/06 22:20,0.0
06/26/06 22:25,0.0
06/26/06 22:30,0.0
06/26/06 22:35,0.0
06/26/06 22:40,0.0
06/26/06 22:45,0.0
06/26/06 22:50,0.0
06/26/06 22:55,0.0
06/26/06 23:00,0.0
06/26/06 23:05,0.0
06/26/06 23:10,0.0
06/26/06 23:15,0.0
06/26/06 23:20,0.0
06/26/06 23:25,0.0
06/26/06 23:30,0.0
06/26/06 23:35,0.0
06/26/06 23:40,0.0
06/26/06 23:45,0.0
06/26/06 23:50,0.0
06/26/06 23:55,0.0
06/27/06 00:00,0.0
06/27/06 00:05,0.0
06/27/06 00:10,0.0
06/27/06 00:15,0.0
06/27/06 00:20,0.0
06/27/06 00:25,0.0
06/27/06 00:30,0.0
06/27/06 00:35,0.0
06/27/06 00:40,0.0
06/27/06 00:45,0.0
06/27/06 00:50,0.0
06/27/06 00:55,0.0
06/27/06 01:00,0.0
06/27/06 01:05,0.0
06/27/06 01:10,0.0
06/27/06 01:15,0.0
06/27/06 01:20,0.0
06/27/06 01:25,0.0
06/27/06 01:30,0.0
06/27/06 01:35,0.0
06/27/06 01:40,0.0
06/27/06 01:45,0.0
06/27/06 01:50,0.0
06/27/06 01:55,0.0
06/27/06 02:00,0.0
06/27/06 02:05,0.0
06/27/06 02:10,0.0
06/27/06 02:15,0.0
06/27/06 02:20,0.0
06/27/06 02:25,0.0
06/27/06 02:30,0.0
06/27/06 02:35,0.0
06/27/06 02:40,0.0
06/27/06 02:45,0.0
06/27/06 02:50,0.0
06/27/06 02:55,0.0
06/27/06 03:00,0.0
06/27/06 03:05,0.0
06/27/06 03:10,0.0
06/27/06 03:15,0.0
06/27/06 03:20,0.0
06/27/06 03:25,0.0
06/27/06 03:30,0.0
06/27/06 03:35,0.0
06/27/06 03:40,0.0
06/27/06 03:45,0.0
06/27/06 03:50,0.0
06/27/06 03:55,0.0
06/27/06 04:00,0.0
06/27/06 04:05,0.0
06/27/06 04:10,0.0
06/27/06 04:15,0.0
06/27/06 04:20,0.0
06/27/06 04:25,0.0
06/27/06 04:30,0.0
06/27/06 04:35,0.0
06/27/06 04:40,0.0
06/27/06 04:45,0.0
06/27/06 04:50,0.0
06/27/06 04:55,0.0
06/27/06 05:00,0.0
06/27/06 05:05,0.0
06/27/06 05:10,0.0
06/27/06 05:15,0.0
06/27/06 05:20,0.0
06/27/06 05:25,0.0
06/27/06 05:30,0.0
06/27/06 05:35,0.0
06/27/06 05:40,0.0
06/27/06 05:45,0.1
06/27/06 05:50,0.3
06/27/06 05:55,0.6
06/27/06 06:00,0.9
06/27/06 06:05,1.4
06/27/06 06:10,2.4
06/27/06 06:15,3.5
06/27/06 06:20,3.9
06/27/06 06:25,4.3
06/27/06 06:30,5.0
06/27/06 06:35,5.5
06/27/06 06:40,5.4
06/27/06 06:45,5.0
06/27/06 06:50,5.1
06/27/06 06:55,5.2
06/27/06 07:00,5.0
06/27/06 07:05,4.6
06/27/06 07:10,5.0
06/27/06 07:15,6.1
06/27/06 07:20,7.2
06/27/06 07:25,8.0
06/27/06 07:30,9.0
06/27/06 07:35,9.6
06/27/06 07:40,10.5
06/27/06 07:45,11.6
06/27/06 07:50,12.2
06/27/06 07:55,12.8
06/27/06 08:00,13.3
06/27/06 08:05,13.7
06/27/06 08:10,14.0
06/27/06 08:15,14.6
06/27/06 08:20,15.7
06/27/06 08:25,16.0
06/27/06 08:30,16.1
06/27/06 08:35,16.3
06/27/06 08:40,16.1
06/27/06 08:45,15.6
06/27/06 08:50,13.5
06/27/06 08:55,11.9
06/27/06 09:00,13.8
06/27/06 09:05,15.4
06/27/06 09:10,16.1
06/27/06 09:15,16.5
06/27/06 09:20,17.8
06/27/06 09:25,18.1
06/27/06 09:30,17.2
06/27/06 09:35,18.2
06/27/06 09:40,18.4
06/27/06 09:45,18.5
06/27/06 09:50,19.2
06/27/06 09:55,19.3
06/27/06 10:00,19.4
06/27/06 10:05,19.3
06/27/06 10:10,19.1
06/27/06 10:15,18.8
06/27/06 10:20,16.7
06/27/06 10:25,13.8
06/27/06 10:30,12.0
06/27/06 10:35,12.1
06/27/06 10:40,15.2
06/27/06 10:45,18.2
06/27/06 10:50,16.2
06/27/06 10:55,13.5
06/27/06 11:00,11.1
06/27/06 11:05,9.9
06/27/06 11:10,9.1
06/27/06 11:15,13.3
06/27/06 11:20,17.8
06/27/06 11:25,20.0
06/27/06 11:30,21.3
06/27/06 11:35,21.6
06/27/06 11:40,21.6
06/27/06 11:45,21.5
06/27/06 11:50,21.3
06/27/06 11:55,20.9
06/27/06 12:00,20.5
06/27/06 12:05,20.1
06/27/06 12:10,19.6
06/27/06 12:15,19.2
06/27/06 12:20,19.3
06/27/06 12:25,19.6
06/27/06 12:30,20.1
06/27/06 12:35,20.6
06/27/06 12:40,21.2
06/27/06 12:45,21.8
06/27/06 12:50,22.4
06/27/06 12:55,23.2
06/27/06 13:00,24.2
06/27/06 13:05,24.9
06/27/06 13:10,25.3
06/27/06 13:15,24.9
06/27/06 13:20,24.1
06/27/06 13:25,23.4
06/27/06 13:30,23.1
06/27/06 13:35,23.0
06/27/06 13:40,22.6
06/27/06 13:45,21.9
06/27/06 13:50,21.5
06/27/06 13:55,20.5
06/27/06 14:00,19.4
06/27/06 14:05,18.7
06/27/06 14:10,18.3
06/27/06 14:15,18.6
06/27/06 14:20,19.1
06/27/06 14:25,19.2
06/27/06 14:30,19.3
06/27/06 14:35,19.3
06/27/06 14:40,19.1
06/27/06 14:45,18.9
06/27/06 14:50,18.6
06/27/06 14:55,18.3
06/27/06 15:00,17.8
06/27/06 15:05,17.3
06/27/06 15:10,16.9
06/27/06 15:15,16.3
06/27/06 15:20,15.2
06/27/06 15:25,13.0
06/27/06 15:30,12.1
06/27/06 15:35,11.3
06/27/06 15:40,10.4
06/27/06 15:45,9.4
06/27/06 15:50,8.1
06/27/06 15:55,7.8
06/27/06 16:00,7.6
06/27/06 16:05,8.0
06/27/06 16:10,9.6
06/27/06 16:15,9.4
06/27/06 16:20,7.9
06/27/06 16:25,7.7
06/27/06 16:30,7.6
06/27/06 16:35,7.5
06/27/06 16:40,6.8
06/27/06 16:45,6.2
06/27/06 16:50,5.7
06/27/06 16:55,5.4
06/27/06 17:00,5.1
06/27/06 17:05,4.7
06/27/06 17:10,3.8
06/27/06 17:15,2.0
06/27/06 17:20,1.4
06/27/06 17:25,2.3
06/27/06 17:30,3.1
06/27/06 17:35,2.6
06/27/06 17:40,1.8
06/27/06 17:45,1.2
06/27/06 17:50,0.6
06/27/06 17:55,0.4
06/27/06 18:00,0.2
06/27/06 18:05,0.1
06/27/06 18:10,0.0
06/27/06 18:15,0.0
06/27/06 18:20,0.0
06/27/06 18:25,0.0
06/27/06 18:30,0.0
06/27/06 18:35,0.0
06/27/06 18:40,0.0
06/27/06 18:45,0.0
06/27/06 18:50,0.0
06/27/06 18:55,0.0
06/27/06 19:00,0.0
06/27/06 19:05,0.0
06/27/06 19:10,0.0
06/27/06 19:15,0.0
06/27/06 19:20,0.0
06/27/06 19:25,0.0
06/27/06 19:30,0.0
06/27/06 19:35,0.0
06/27/06 19:40,0.0
06/27/06 19:45,0.0
06/27/06 19:50,0.0
06/27/06 19:55,0.0
06/27/06 20:00,0.0
06/27/06 20:05,0.0
06/27/06 20:10,0.0
06/27/06 20:15,0.0
06/27/06 20:20,0.0
06/27/06 20:25,0.0
06/27/06 20:30,0.0
06/27/06 20:35,0.0
06/27/06 20:40,0.0
06/27/06 20:45,0.0
06/27/06 20:50,0.0
06/27/06 20:55,0.0
06/27/06 21:00,0.0
06/27/06 21:05,0.0
06/27/06 21:10,0.0
06/27/06 21:15,0.0
06/27/06 21:20,0.0
06/27/06 21:25,0.0
06/27/06 21:30,0.0
06/27/06 21:35,0.0
06/27/06 21:40,0.0
06/27/06 21:45,0.0
06/27/06 21:50,0.0
06/27/06 21:55,0.0
06/27/06 22:00,0.0
06/27/06 22:05,0.0
06/27/06 22:10,0.0
06/27/06 22:15,0.0
06/27/06 22:20,0.0
06/27/06 22:25,0.0
06/27/06 22:30,0.0
06/27/06 22:35,0.0
06/27/06 22:40,0.0
06/27/06 22:45,0.0
06/27/06 22:50,0.0
06/27/06 22:55,0.0
06/27/06 23:00,0.0
06/27/06 23:05,0.0
06/27/06 23:10,0.0
06/27/06 23:15,0.0
06/27/06 23:20,0.0
06/27/06 23:25,0.0
06/27/06 23:30,0.0
06/27/06 23:35,0.0
06/27/06 23:40,0.0
06/27/06 23:45,0.0
06/27/06 23:50,0.0
06/27/06 23:55,0.0
06/28/06 00:00,0.0
06/28/06 00:05,0.0
06/28/06 00:10,0.0
06/28/06 00:15,0.0
06/28/06 00:20,0.0
06/28/06 00:25,0.0
06/28/06 00:30,0.0
06/28/06 00:35,0.0
06/28/06 00:40,0.0
06/28/06 00:45,0.0
06/28/06 00:50,0.0
06/28/06 00:55,0.0
06/28/06 01:00,0.0
06/28/06 01:05,0.0
06/28/06 01:10,0.0
06/28/06 01:15,0.0
06/28/06 01:20,0.0
06/28/06 01:25,0.0
06/28/06 01:30,0.0
06/28/06 01:35,0.0
06/28/06 01:40,0.0
06/28/06 01:45,0.0
06/28/06 01:50,0.0
06/28/06 01:55,0.0
06/28/06 02:00,0.0
06/28/06 02:05,0.0
06/28/06 02:10,0.0
06/28/06 02:15,0.0
06/28/06 02:20,0.0
06/28/06 02:25,0.0
06/28/06 02:30,0.0
06/28/06 02:35,0.0
06/28/06 02:40,0.0
06/28/06 02:45,0.0
06/28/06 02:50,0.0
06/28/06 02:55,0.0
06/28/06 03:00,0.0
06/28/06 03:05,0.0
06/28/06 03:10,0.0
06/28/06 03:15,0.0
06/28/06 03:20,0.0
06/28/06 03:25,0.0
06/28/06 03:30,0.0
06/28/06 03:35,0.0
06/28/06 03:40,0.0
06/28/06 03:45,0.0
06/28/06 03:50,0.0
06/28/06 03:55,0.0
06/28/06 04:00,0.0
06/28/06 04:05,0.0
06/28/06 04:10,0.0
06/28/06 04:15,0.0
06/28/06 04:20,0.0
06/28/06 04:25,0.0
06/28/06 04:30,0.0
06/28/06 04:35,0.0
06/28/06 04:40,0.0
06/28/06 04:45,0.0
06/28/06 04:50,0.0
06/28/06 04:55,0.0
06/28/06 05:00,0.0
06/28/06 05:05,0.0
06/28/06 05:10,0.0
06/28/06 05:15,0.0
06/28/06 05:20,0.0
06/28/06 05:25,0.0
06/28/06 05:30,0.0
06/28/06 05:35,0.0
06/28/06 05:40,0.1
06/28/06 05:45,0.1
06/28/06 05:50,0.2
06/28/06 05:55,0.4
06/28/06 06:00,0.7
06/28/06 06:05,1.0
06/28/06 06:10,1.8
06/28/06 06:15,2.9
06/28/06 06:20,3.7
06/28/06 06:25,4.1
06/28/06 06:30,4.5
06/28/06 06:35,4.9
06/28/06 06:40,5.4
06/28/06 06:45,5.9
06/28/06 06:50,6.5
06/28/06 06:55,6.9
06/28/06 07:00,7.5
06/28/06 07:05,7.9
06/28/06 07:10,8.5
06/28/06 07:15,9.2
06/28/06 07:20,9.7
06/28/06 07:25,10.2
06/28/06 07:30,10.6
06/28/06 07:35,10.9
06/28/06 07:40,11.0
06/28/06 07:45,11.0
06/28/06 07:50,11.1
06/28/06 07:55,11.3
06/28/06 08:00,11.5
06/28/06 08:05,11.4
06/28/06 08:10,11.3
06/28/06 08:15,12.5
06/28/06 08:20,14.2
06/28/06 08:25,15.5
06/28/06 08:30,16.4
06/28/06 08:35,17.0
06/28/06 08:40,17.4
06/28/06 08:45,17.7
06/28/06 08:50,17.8
06/28/06 08:55,18.0
06/28/06 09:00,18.2
06/28/06 09:05,18.5
06/28/06 09:10,18.8
06/28/06 09:15,19.3
06/28/06 09:20,20.0
06/28/06 09:25,20.6
06/28/06 09:30,21.1
06/28/06 09:35,21.7
06/28/06 09:40,22.3
06/28/06 09:45,22.8
06/28/06 09:50,23.1
06/28/06 09:55,23.4
06/28/06 10:00,23.8
06/28/06 10:05,24.1
06/28/06 10:10,24.5
06/28/06 10:15,24.5
06/28/06 10:20,24.4
06/28/06 10:25,24.6
06/28/06 10:30,24.8
06/28/06 10:35,25.2
06/28/06 10:40,25.3
06/28/06 10:45,25.3
06/28/06 10:50,25.2
06/28/06 10:55,25.1
06/28/06 11:00,25.2
06/28/06 11:05,25.5
06/28/06 11:10,25.9
06/28/06 11:15,25.7
06/28/06 11:20,25.0
06/28/06 11:25,23.4
06/28/06 11:30,19.6
06/28/06 11:35,21.3
06/28/06 11:40,23.2
06/28/06 11:45,24.4
06/28/06 11:50,25.3
06/28/06 11:55,25.6
06/28/06 12:00,24.6
06/28/06 12:05,23.3
06/28/06 12:10,23.4
06/28/06 12:15,23.9
06/28/06 12:20,24.4
06/28/06 12:25,24.7
06/28/06 12:30,24.9
06/28/06 12:35,24.9
06/28/06 12:40,24.8
06/28/06 12:45,24.8
06/28/06 12:50,24.8
06/28/06 12:55,24.6
06/28/06 13:00,24.4
06/28/06 13:05,24.2
06/28/06 13:10,23.9
06/28/06 13:15,23.6
06/28/06 13:20,22.8
06/28/06 13:25,21.7
06/28/06 13:30,20.3
06/28/06 13:35,18.8
06/28/06 13:40,17.9
06/28/06 13:45,17.3
06/28/06 13:50,15.5
06/28/06 13:55,13.7
06/28/06 14:00,11.8
06/28/06 14:05,10.1
06/28/06 14:10,8.3
06/28/06 14:15,8.0
06/28/06 14:20,10.4
06/28/06 14:25,12.8
06/28/06 14:30,13.5
06/28/06 14:35,14.2
06/28/06 14:40,15.5
06/28/06 14:45,16.0
06/28/06 14:50,15.1
06/28/06 14:55,13.9
06/28/06 15:00,13.1
06/28/06 15:05,12.6
06/28/06 15:10,11.5
06/28/06 15:15,11.4
06/28/06 15:20,10.6
06/28/06 15:25,10.8
06/28/06 15:30,11.7
06/28/06 15:35,11.7
06/28/06 15:40,10.1
06/28/06 15:45,7.7
06/28/06 15:50,7.9
06/28/06 15:55,9.3
06/28/06 16:00,10.2
06/28/06 16:05,11.3
06/28/06 16:10,10.5
06/28/06 16:15,9.3
06/28/06 16:20,8.6
06/28/06 16:25,7.8
06/28/06 16:30,7.0
06/28/06 16:35,6.8
06/28/06 16:40,6.2
06/28/06 16:45,6.1
06/28/06 16:50,5.9
06/28/06 16:55,5.3
06/28/06 17:00,4.8
06/28/06 17:05,4.6
06/28/06 17:10,4.2
06/28/06 17:15,3.9
06/28/06 17:20,3.7
06/28/06 17:25,3.2
06/28/06 17:30,2.0
06/28/06 17:35,1.2
06/28/06 17:40,0.8
06/28/06 17:45,0.4
06/28/06 17:50,0.2
06/28/06 17:55,0.1
06/28/06 18:00,0.1
06/28/06 18:05,0.1
06/28/06 18:10,0.0
06/28/06 18:15,0.0
06/28/06 18:20,0.0
06/28/06 18:25,0.0
06/28/06 18:30,0.0
06/28/06 18:35,0.0
06/28/06 18:40,0.0
06/28/06 18:45,0.0
06/28/06 18:50,0.0
06/28/06 18:55,0.0
06/28/06 19:00,0.0
06/28/06 19:05,0.0
06/28/06 19:10,0.0
06/28/06 19:15,0.0
06/28/06 19:20,0.0
06/28/06 19:25,0.0
06/28/06 19:30,0.0
06/28/06 19:35,0.0
06/28/06 19:40,0.0
06/28/06 19:45,0.0
06/28/06 19:50,0.0
06/28/06 19:55,0.0
06/28/06 20:00,0.0
06/28/06 20:05,0.0
06/28/06 20:10,0.0
06/28/06 20:15,0.0
06/28/06 20:20,0.0
06/28/06 20:25,0.0
06/28/06 20:30,0.0
06/28/06 20:35,0.0
06/28/06 20:40,0.0
06/28/06 20:45,0.0
06/28/06 20:50,0.0
06/28/06 20:55,0.0
06/28/06 21:00,0.0
06/28/06 21:05,0.0
06/28/06 21:10,0.0
06/28/06 21:15,0.0
06/28/06 21:20,0.0
06/28/06 21:25,0.0
06/28/06 21:30,0.0
06/28/06 21:35,0.0
06/28/06 21:40,0.0
06/28/06 21:45,0.0
06/28/06 21:50,0.0
06/28/06 21:55,0.0
06/28/06 22:00,0.0
06/28/06 22:05,0.0
06/28/06 22:10,0.0
06/28/06 22:15,0.0
06/28/06 22:20,0.0
06/28/06 22:25,0.0
06/28/06 22:30,0.0
06/28/06 22:35,0.0
06/28/06 22:40,0.0
06/28/06 22:45,0.0
06/28/06 22:50,0.0
06/28/06 22:55,0.0
06/28/06 23:00,0.0
06/28/06 23:05,0.0
06/28/06 23:10,0.0
06/28/06 23:15,0.0
06/28/06 23:20,0.0
06/28/06 23:25,0.0
06/28/06 23:30,0.0
06/28/06 23:35,0.0
06/28/06 23:40,0.0
06/28/06 23:45,0.0
06/28/06 23:50,0.0
06/28/06 23:55,0.0
06/29/06 00:00,0.0
06/29/06 00:05,0.0
06/29/06 00:10,0.0
06/29/06 00:15,0.0
06/29/06 00:20,0.0
06/29/06 00:25,0.0
06/29/06 00:30,0.0
06/29/06 00:35,0.0
06/29/06 00:40,0.0
06/29/06 00:45,0.0
06/29/06 00:50,0.0
06/29/06 00:55,0.0
06/29/06 01:00,0.0
06/29/06 01:05,0.0
06/29/06 01:10,0.0
06/29/06 01:15,0.0
06/29/06 01:20,0.0
06/29/06 01:25,0.0
06/29/06 01:30,0.0
06/29/06 01:35,0.0
06/29/06 01:40,0.0
06/29/06 01:45,0.0
06/29/06 01:50,0.0
06/29/06 01:55,0.0
06/29/06 02:00,0.0
06/29/06 02:05,0.0
06/29/06 02:10,0.0
06/29/06 02:15,0.0
06/29/06 02:20,0.0
06/29/06 02:25,0.0
06/29/06 02:30,0.0
06/29/06 02:35,0.0
06/29/06 02:40,0.0
06/29/06 02:45,0.0
06/29/06 02:50,0.0
06/29/06 02:55,0.0
06/29/06 03:00,0.0
06/29/06 03:05,0.0
06/29/06 03:10,0.0
06/29/06 03:15,0.0
06/29/06 03:20,0.0
06/29/06 03:25,0.0
06/29/06 03:30,0.0
06/29/06 03:35,0.0
06/29/06 03:40,0.0
06/29/06 03:45,0.0
06/29/06 03:50,0.0
06/29/06 03:55,0.0
06/29/06 04:00,0.0
06/29/06 04:05,0.0
06/29/06 04:10,0.0
06/29/06 04:15,0.0
06/29/06 04:20,0.0
06/29/06 04:25,0.0
06/29/06 04:30,0.0
06/29/06 04:35,0.0
06/29/06 04:40,0.0
06/29/06 04:45,0.0
06/29/06 04:50,0.0
06/29/06 04:55,0.0
06/29/06 05:00,0.0
06/29/06 05:05,0.0
06/29/06 05:10,0.0
06/29/06 05:15,0.0
06/29/06 05:20,0.0
06/29/06 05:25,0.0
06/29/06 05:30,0.0
06/29/06 05:35,0.1
06/29/06 05:40,0.1
06/29/06 05:45,0.2
06/29/06 05:50,0.4
06/29/06 05:55,0.6
06/29/06 06:00,1.1
06/29/06 06:05,1.7
06/29/06 06:10,2.7
06/29/06 06:15,3.7
06/29/06 06:20,4.1
06/29/06 06:25,4.5
06/29/06 06:30,4.9
06/29/06 06:35,5.3
06/29/06 06:40,5.8
06/29/06 06:45,6.2
06/29/06 06:50,6.7
06/29/06 06:55,7.1
06/29/06 07:00,7.5
06/29/06 07:05,7.9
06/29/06 07:10,8.3
06/29/06 07:15,8.8
06/29/06 07:20,9.3
06/29/06 07:25,9.9
06/29/06 07:30,10.6
06/29/06 07:35,11.3
06/29/06 07:40,12.0
06/29/06 07:45,12.7
06/29/06 07:50,13.5
06/29/06 07:55,14.2
06/29/06 08:00,14.9
06/29/06 08:05,15.7
06/29/06 08:10,16.4
06/29/06 08:15,16.8
06/29/06 08:20,17.1
06/29/06 08:25,17.5
06/29/06 08:30,17.9
06/29/06 08:35,18.4
06/29/06 08:40,19.1
06/29/06 08:45,19.6
06/29/06 08:50,20.1
06/29/06 08:55,20.5
06/29/06 09:00,21.0
06/29/06 09:05,21.4
06/29/06 09:10,21.7
06/29/06 09:15,21.7
06/29/06 09:20,21.7
06/29/06 09:25,21.8
06/29/06 09:30,22.1
06/29/06 09:35,22.4
06/29/06 09:40,22.7
06/29/06 09:45,23.0
06/29/06 09:50,23.3
06/29/06 09:55,23.5
06/29/06 10:00,23.5
06/29/06 10:05,23.7
06/29/06 10:10,23.9
06/29/06 10:15,24.1
06/29/06 10:20,24.2
06/29/06 10:25,24.5
06/29/06 10:30,24.8
06/29/06 10:35,25.3
06/29/06 10:40,25.6
06/29/06 10:45,25.7
06/29/06 10:50,25.8
06/29/06 10:55,25.8
06/29/06 11:00,25.8
06/29/06 11:05,25.8
06/29/06 11:10,25.9
06/29/06 11:15,25.9
06/29/06 11:20,25.9
06/29/06 11:25,25.9
06/29/06 11:30,26.0
06/29/06 11:35,26.0
06/29/06 11:40,26.1
06/29/06 11:45,26.2
06/29/06 11:50,26.3
06/29/06 11:55,26.5
06/29/06 12:00,26.5
06/29/06 12:05,26.5
06/29/06 12:10,26.6
06/29/06 12:15,26.5
06/29/06 12:20,26.0
06/29/06 12:25,25.6
06/29/06 12:30,25.3
06/29/06 12:35,25.0
06/29/06 12:40,24.7
06/29/06 12:45,24.5
06/29/06 12:50,24.2
06/29/06 12:55,23.9
06/29/06 13:00,23.8
06/29/06 13:05,23.7
06/29/06 13:10,23.6
06/29/06 13:15,23.5
06/29/06 13:20,22.4
06/29/06 13:25,22.2
06/29/06 13:30,22.4
06/29/06 13:35,22.2
06/29/06 13:40,22.4
06/29/06 13:45,22.1
06/29/06 13:50,20.7
06/29/06 13:55,19.7
06/29/06 14:00,19.0
06/29/06 14:05,18.7
06/29/06 14:10,18.5
06/29/06 14:15,19.0
06/29/06 14:20,19.6
06/29/06 14:25,19.9
06/29/06 14:30,20.0
06/29/06 14:35,19.9
06/29/06 14:40,19.7
06/29/06 14:45,19.5
06/29/06 14:50,19.2
06/29/06 14:55,18.9
06/29/06 15:00,18.6
06/29/06 15:05,18.2
06/29/06 15:10,17.9
06/29/06 15:15,17.3
06/29/06 15:20,16.8
06/29/06 15:25,16.3
06/29/06 15:30,15.4
06/29/06 15:35,14.6
06/29/06 15:40,14.0
06/29/06 15:45,13.5
06/29/06 15:50,13.0
06/29/06 15:55,12.3
06/29/06 16:00,11.7
06/29/06 16:05,11.1
06/29/06 16:10,10.5
06/29/06 16:15,10.2
06/29/06 16:20,10.5
06/29/06 16:25,10.6
06/29/06 16:30,10.5
06/29/06 16:35,10.2
06/29/06 16:40,9.8
06/29/06 16:45,9.4
06/29/06 16:50,9.0
06/29/06 16:55,8.5
06/29/06 17:00,7.9
06/29/06 17:05,7.3
06/29/06 17:10,6.7
06/29/06 17:15,6.0
06/29/06 17:20,5.2
06/29/06 17:25,4.5
06/29/06 17:30,4.0
06/29/06 17:35,3.5
06/29/06 17:40,2.4
06/29/06 17:45,1.3
06/29/06 17:50,0.7
06/29/06 17:55,0.4
06/29/06 18:00,0.2
06/29/06 18:05,0.1
06/29/06 18:10,0.0
06/29/06 18:15,0.0
06/29/06 18:20,0.0
06/29/06 18:25,0.0
06/29/06 18:30,0.0
06/29/06 18:35,0.0
06/29/06 18:40,0.0
06/29/06 18:45,0.0
06/29/06 18:50,0.0
06/29/06 18:55,0.0
06/29/06 19:00,0.0
06/29/06 19:05,0.0
06/29/06 19:10,0.0
06/29/06 19:15,0.0
06/29/06 19:20,0.0
06/29/06 19:25,0.0
06/29/06 19:30,0.0
06/29/06 19:35,0.0
06/29/06 19:40,0.0
06/29/06 19:45,0.0
06/29/06 19:50,0.0
06/29/06 19:55,0.0
06/29/06 20:00,0.0
06/29/06 20:05,0.0
06/29/06 20:10,0.0
06/29/06 20:15,0.0
06/29/06 20:20,0.0
06/29/06 20:25,0.0
06/29/06 20:30,0.0
06/29/06 20:35,0.0
06/29/06 20:40,0.0
06/29/06 20:45,0.0
06/29/06 20:50,0.0
06/29/06 20:55,0.0
06/29/06 21:00,0.0
06/29/06 21:05,0.0
06/29/06 21:10,0.0
06/29/06 21:15,0.0
06/29/06 21:20,0.0
06/29/06 21:25,0.0
06/29/06 21:30,0.0
06/29/06 21:35,0.0
06/29/06 21:40,0.0
06/29/06 21:45,0.0
06/29/06 21:50,0.0
06/29/06 21:55,0.0
06/29/06 22:00,0.0
06/29/06 22:05,0.0
06/29/06 22:10,0.0
06/29/06 22:15,0.0
06/29/06 22:20,0.0
06/29/06 22:25,0.0
06/29/06 22:30,0.0
06/29/06 22:35,0.0
06/29/06 22:40,0.0
06/29/06 22:45,0.0
06/29/06 22:50,0.0
06/29/06 22:55,0.0
06/29/06 23:00,0.0
06/29/06 23:05,0.0
06/29/06 23:10,0.0
06/29/06 23:15,0.0
06/29/06 23:20,0.0
06/29/06 23:25,0.0
06/29/06 23:30,0.0
06/29/06 23:35,0.0
06/29/06 23:40,0.0
06/29/06 23:45,0.0
06/29/06 23:50,0.0
06/29/06 23:55,0.0
06/30/06 00:00,0.0
06/30/06 00:05,0.0
06/30/06 00:10,0.0
06/30/06 00:15,0.0
06/30/06 00:20,0.0
06/30/06 00:25,0.0
06/30/06 00:30,0.0
06/30/06 00:35,0.0
06/30/06 00:40,0.0
06/30/06 00:45,0.0
06/30/06 00:50,0.0
06/30/06 00:55,0.0
06/30/06 01:00,0.0
06/30/06 01:05,0.0
06/30/06 01:10,0.0
06/30/06 01:15,0.0
06/30/06 01:20,0.0
06/30/06 01:25,0.0
06/30/06 01:30,0.0
06/30/06 01:35,0.0
06/30/06 01:40,0.0
06/30/06 01:45,0.0
06/30/06 01:50,0.0
06/30/06 01:55,0.0
06/30/06 02:00,0.0
06/30/06 02:05,0.0
06/30/06 02:10,0.0
06/30/06 02:15,0.0
06/30/06 02:20,0.0
06/30/06 02:25,0.0
06/30/06 02:30,0.0
06/30/06 02:35,0.0
06/30/06 02:40,0.0
06/30/06 02:45,0.0
06/30/06 02:50,0.0
06/30/06 02:55,0.0
06/30/06 03:00,0.0
06/30/06 03:05,0.0
06/30/06 03:10,0.0
06/30/06 03:15,0.0
06/30/06 03:20,0.0
06/30/06 03:25,0.0
06/30/06 03:30,0.0
06/30/06 03:35,0.0
06/30/06 03:40,0.0
06/30/06 03:45,0.0
06/30/06 03:50,0.0
06/30/06 03:55,0.0
06/30/06 04:00,0.0
06/30/06 04:05,0.0
06/30/06 04:10,0.0
06/30/06 04:15,0.0
06/30/06 04:20,0.0
06/30/06 04:25,0.0
06/30/06 04:30,0.0
06/30/06 04:35,0.0
06/30/06 04:40,0.0
06/30/06 04:45,0.0
06/30/06 04:50,0.0
06/30/06 04:55,0.0
06/30/06 05:00,0.0
06/30/06 05:05,0.0
06/30/06 05:10,0.0
06/30/06 05:15,0.0
06/30/06 05:20,0.0
06/30/06 05:25,0.0
06/30/06 05:30,0.0
06/30/06 05:35,0.0
06/30/06 05:40,0.1
06/30/06 05:45,0.1
06/30/06 05:50,0.2
06/30/06 05:55,0.4
06/30/06 06:00,0.7
06/30/06 06:05,1.1
06/30/06 06:10,1.8
06/30/06 06:15,2.6
06/30/06 06:20,3.6
06/30/06 06:25,3.9
06/30/06 06:30,4.3
06/30/06 06:35,4.7
06/30/06 06:40,5.1
06/30/06 06:45,5.6
06/30/06 06:50,6.0
06/30/06 06:55,6.5
06/30/06 07:00,7.1
06/30/06 07:05,7.6
06/30/06 07:10,8.2
06/30/06 07:15,8.8
06/30/06 07:20,9.4
06/30/06 07:25,10.0
06/30/06 07:30,10.5
06/30/06 07:35,11.0
06/30/06 07:40,11.5
06/30/06 07:45,12.0
06/30/06 07:50,12.6
06/30/06 07:55,13.2
06/30/06 08:00,13.8
06/30/06 08:05,14.3
06/30/06 08:10,14.9
06/30/06 08:15,15.6
06/30/06 08:20,16.3
06/30/06 08:25,16.9
06/30/06 08:30,17.4
06/30/06 08:35,17.8
06/30/06 08:40,18.3
06/30/06 08:45,18.7
06/30/06 08:50,19.1
06/30/06 08:55,19.6
06/30/06 09:00,20.0
06/30/06 09:05,20.4
06/30/06 09:10,20.8
06/30/06 09:15,21.1
06/30/06 09:20,21.3
06/30/06 09:25,21.6
06/30/06 09:30,21.9
06/30/06 09:35,22.0
06/30/06 09:40,22.1
06/30/06 09:45,22.3
06/30/06 09:50,22.6
06/30/06 09:55,23.0
06/30/06 10:00,23.5
06/30/06 10:05,23.8
06/30/06 10:10,24.1
06/30/06 10:15,24.2
06/30/06 10:20,24.3
06/30/06 10:25,24.5
06/30/06 10:30,24.7
06/30/06 10:35,24.9
06/30/06 10:40,25.1
06/30/06 10:45,25.2
06/30/06 10:50,25.4
06/30/06 10:55,25.7
06/30/06 11:00,25.8
06/30/06 11:05,25.7
06/30/06 11:10,25.6
06/30/06 11:15,25.6
06/30/06 11:20,25.8
06/30/06 11:25,25.8
06/30/06 11:30,25.8
06/30/06 11:35,26.0
06/30/06 11:40,26.1
06/30/06 11:45,26.2
06/30/06 11:50,26.4
06/30/06 11:55,26.4
06/30/06 12:00,26.1
06/30/06 12:05,25.9
06/30/06 12:10,25.7
06/30/06 12:15,25.6
06/30/06 12:20,25.4
06/30/06 12:25,25.1
06/30/06 12:30,25.0
06/30/06 12:35,25.2
06/30/06 12:40,25.3
06/30/06 12:45,24.9
06/30/06 12:50,24.5
06/30/06 12:55,24.4
06/30/06 13:00,24.3
06/30/06 13:05,24.1
06/30/06 13:10,24.0
06/30/06 13:15,23.9
06/30/06 13:20,23.7
06/30/06 13:25,23.4
06/30/06 13:30,23.1
06/30/06 13:35,22.7
06/30/06 13:40,22.4
06/30/06 13:45,22.0
06/30/06 13:50,21.5
06/30/06 13:55,21.1
06/30/06 14:00,20.5
06/30/06 14:05,20.1
06/30/06 14:10,19.7
06/30/06 14:15,19.5
06/30/06 14:20,19.4
06/30/06 14:25,19.4
06/30/06 14:30,19.1
06/30/06 14:35,18.8
06/30/06 14:40,18.5
06/30/06 14:45,18.3
06/30/06 14:50,18.0
06/30/06 14:55,17.7
06/30/06 15:00,17.4
06/30/06 15:05,17.1
06/30/06 15:10,16.9
06/30/06 15:15,16.6
06/30/06 15:20,15.9
06/30/06 15:25,15.6
06/30/06 15:30,13.0
06/30/06 15:35,12.3
06/30/06 15:40,11.5
06/30/06 15:45,10.0
06/30/06 15:50,8.4
06/30/06 15:55,8.0
06/30/06 16:00,6.9
06/30/06 16:05,5.5
06/30/06 16:10,4.6
06/30/06 16:15,6.0
06/30/06 16:20,7.2
06/30/06 16:25,7.7
06/30/06 16:30,7.9
06/30/06 16:35,7.8
06/30/06 16:40,7.5
06/30/06 16:45,7.2
06/30/06 16:50,6.8
06/30/06 16:55,6.3
06/30/06 17:00,5.9
06/30/06 17:05,5.5
06/30/06 17:10,5.1
06/30/06 17:15,4.7
06/30/06 17:20,4.2
06/30/06 17:25,3.9
06/30/06 17:30,3.5
06/30/06 17:35,2.6
06/30/06 17:40,1.7
06/30/06 17:45,1.1
06/30/06 17:50,0.7
06/30/06 17:55,0.4
06/30/06 18:00,0.2
06/30/06 18:05,0.1
06/30/06 18:10,0.1
06/30/06 18:15,0.0
06/30/06 18:20,0.0
06/30/06 18:25,0.0
06/30/06 18:30,0.0
06/30/06 18:35,0.0
06/30/06 18:40,0.0
06/30/06 18:45,0.0
06/30/06 18:50,0.0
06/30/06 18:55,0.0
06/30/06 19:00,0.0
06/30/06 19:05,0.0
06/30/06 19:10,0.0
06/30/06 19:15,0.0
06/30/06 19:20,0.0
06/30/06 19:25,0.0
06/30/06 19:30,0.0
06/30/06 19:35,0.0
06/30/06 19:40,0.0
06/30/06 19:45,0.0
06/30/06 19:50,0.0
06/30/06 19:55,0.0
06/30/06 20:00,0.0
06/30/06 20:05,0.0
06/30/06 20:10,0.0
06/30/06 20:15,0.0
06/30/06 20:20,0.0
06/30/06 20:25,0.0
06/30/06 20:30,0.0
06/30/06 20:35,0.0
06/30/06 20:40,0.0
06/30/06 20:45,0.0
06/30/06 20:50,0.0
06/30/06 20:55,0.0
06/30/06 21:00,0.0
06/30/06 21:05,0.0
06/30/06 21:10,0.0
06/30/06 21:15,0.0
06/30/06 21:20,0.0
06/30/06 21:25,0.0
06/30/06 21:30,0.0
06/30/06 21:35,0.0
06/30/06 21:40,0.0
06/30/06 21:45,0.0
06/30/06 21:50,0.0
06/30/06 21:55,0.0
06/30/06 22:00,0.0
06/30/06 22:05,0.0
06/30/06 22:10,0.0
06/30/06 22:15,0.0
06/30/06 22:20,0.0
06/30/06 22:25,0.0
06/30/06 22:30,0.0
06/30/06 22:35,0.0
06/30/06 22:40,0.0
06/30/06 22:45,0.0
06/30/06 22:50,0.0
06/30/06 22:55,0.0
06/30/06 23:00,0.0
06/30/06 23:05,0.0
06/30/06 23:10,0.0
06/30/06 23:15,0.0
06/30/06 23:20,0.0
06/30/06 23:25,0.0
06/30/06 23:30,0.0
06/30/06 23:35,0.0
06/30/06 23:40,0.0
06/30/06 23:45,0.0
06/30/06 23:50,0.0
06/30/06 23:55,0.0
07/01/06 00:00,0.0
07/01/06 00:05,0.0
07/01/06 00:10,0.0
07/01/06 00:15,0.0
07/01/06 00:20,0.0
07/01/06 00:25,0.0
07/01/06 00:30,0.0
07/01/06 00:35,0.0
07/01/06 00:40,0.0
07/01/06 00:45,0.0
07/01/06 00:50,0.0
07/01/06 00:55,0.0
07/01/06 01:00,0.0
07/01/06 01:05,0.0
07/01/06 01:10,0.0
07/01/06 01:15,0.0
07/01/06 01:20,0.0
07/01/06 01:25,0.0
07/01/06 01:30,0.0
07/01/06 01:35,0.0
07/01/06 01:40,0.0
07/01/06 01:45,0.0
07/01/06 01:50,0.0
07/01/06 01:55,0.0
07/01/06 02:00,0.0
07/01/06 02:05,0.0
07/01/06 02:10,0.0
07/01/06 02:15,0.0
07/01/06 02:20,0.0
07/01/06 02:25,0.0
07/01/06 02:30,0.0
07/01/06 02:35,0.0
07/01/06 02:40,0.0
07/01/06 02:45,0.0
07/01/06 02:50,0.0
07/01/06 02:55,0.0
07/01/06 03:00,0.0
07/01/06 03:05,0.0
07/01/06 03:10,0.0
07/01/06 03:15,0.0
07/01/06 03:20,0.0
07/01/06 03:25,0.0
07/01/06 03:30,0.0
07/01/06 03:35,0.0
07/01/06 03:40,0.0
07/01/06 03:45,0.0
07/01/06 03:50,0.0
07/01/06 03:55,0.0
07/01/06 04:00,0.0
07/01/06 04:05,0.0
07/01/06 04:10,0.0
07/01/06 04:15,0.0
07/01/06 04:20,0.0
07/01/06 04:25,0.0
07/01/06 04:30,0.0
07/01/06 04:35,0.0
07/01/06 04:40,0.0
07/01/06 04:45,0.0
07/01/06 04:50,0.0
07/01/06 04:55,0.0
07/01/06 05:00,0.0
07/01/06 05:05,0.0
07/01/06 05:10,0.0
07/01/06 05:15,0.0
07/01/06 05:20,0.0
07/01/06 05:25,0.0
07/01/06 05:30,0.0
07/01/06 05:35,0.0
07/01/06 05:40,0.0
07/01/06 05:45,0.1
07/01/06 05:50,0.2
07/01/06 05:55,0.3
07/01/06 06:00,0.4
07/01/06 06:05,0.6
07/01/06 06:10,1.1
07/01/06 06:15,1.3
07/01/06 06:20,2.3
07/01/06 06:25,3.5
07/01/06 06:30,4.1
07/01/06 06:35,4.6
07/01/06 06:40,5.2
07/01/06 06:45,5.7
07/01/06 06:50,6.1
07/01/06 06:55,6.7
07/01/06 07:00,7.4
07/01/06 07:05,7.7
07/01/06 07:10,8.1
07/01/06 07:15,8.1
07/01/06 07:20,8.5
07/01/06 07:25,9.1
07/01/06 07:30,9.4
07/01/06 07:35,9.5
07/01/06 07:40,9.0
07/01/06 07:45,8.3
07/01/06 07:50,7.9
07/01/06 07:55,8.8
07/01/06 08:00,9.8
07/01/06 08:05,11.3
07/01/06 08:10,12.4
07/01/06 08:15,12.7
07/01/06 08:20,12.5
07/01/06 08:25,12.4
07/01/06 08:30,12.0
07/01/06 08:35,12.1
07/01/06 08:40,11.8
07/01/06 08:45,11.7
07/01/06 08:50,11.8
07/01/06 08:55,12.0
07/01/06 09:00,12.6
07/01/06 09:05,13.7
07/01/06 09:10,14.7
07/01/06 09:15,16.0
07/01/06 09:20,17.4
07/01/06 09:25,18.5
07/01/06 09:30,19.3
07/01/06 09:35,19.9
07/01/06 09:40,20.3
07/01/06 09:45,20.8
07/01/06 09:50,21.2
07/01/06 09:55,21.6
07/01/06 10:00,21.9
07/01/06 10:05,22.1
07/01/06 10:10,22.5
07/01/06 10:15,22.9
07/01/06 10:20,23.3
07/01/06 10:25,23.7
07/01/06 10:30,23.9
07/01/06 10:35,24.1
07/01/06 10:40,24.1
07/01/06 10:45,24.0
07/01/06 10:50,23.9
07/01/06 10:55,24.1
07/01/06 11:00,23.9
07/01/06 11:05,23.5
07/01/06 11:10,23.3
07/01/06 11:15,23.3
07/01/06 11:20,23.3
07/01/06 11:25,23.5
07/01/06 11:30,23.4
07/01/06 11:35,20.1
07/01/06 11:40,15.7
07/01/06 11:45,17.0
07/01/06 11:50,19.7
07/01/06 11:55,20.8
07/01/06 12:00,21.8
07/01/06 12:05,22.4
07/01/06 12:10,22.9
07/01/06 12:15,23.4
07/01/06 12:20,21.1
07/01/06 12:25,17.7
07/01/06 12:30,14.2
07/01/06 12:35,16.3
07/01/06 12:40,18.1
07/01/06 12:45,19.6
07/01/06 12:50,18.6
07/01/06 12:55,17.6
07/01/06 13:00,17.8
07/01/06 13:05,18.9
07/01/06 13:10,19.8
07/01/06 13:15,20.2
07/01/06 13:20,20.7
07/01/06 13:25,20.9
07/01/06 13:30,21.0
07/01/06 13:35,20.8
07/01/06 13:40,20.4
07/01/06 13:45,20.0
07/01/06 13:50,19.5
07/01/06 13:55,19.1
07/01/06 14:00,18.6
07/01/06 14:05,18.0
07/01/06 14:10,17.4
07/01/06 14:15,16.8
07/01/06 14:20,16.3
07/01/06 14:25,15.5
07/01/06 14:30,14.3
07/01/06 14:35,13.5
07/01/06 14:40,12.8
07/01/06 14:45,12.2
07/01/06 14:50,11.7
07/01/06 14:55,11.5
07/01/06 15:00,11.0
07/01/06 15:05,10.4
07/01/06 15:10,9.8
07/01/06 15:15,9.3
07/01/06 15:20,9.1
07/01/06 15:25,9.3
07/01/06 15:30,9.4
07/01/06 15:35,9.4
07/01/06 15:40,8.9
07/01/06 15:45,8.1
07/01/06 15:50,7.5
07/01/06 15:55,7.0
07/01/06 16:00,6.5
07/01/06 16:05,5.9
07/01/06 16:10,5.6
07/01/06 16:15,5.6
07/01/06 16:20,5.3
07/01/06 16:25,5.0
07/01/06 16:30,4.6
07/01/06 16:35,4.2
07/01/06 16:40,3.9
07/01/06 16:45,3.7
07/01/06 16:50,3.5
07/01/06 16:55,2.7
07/01/06 17:00,2.0
07/01/06 17:05,1.3
07/01/06 17:10,0.8
07/01/06 17:15,0.5
07/01/06 17:20,0.4
07/01/06 17:25,0.4
07/01/06 17:30,0.4
07/01/06 17:35,0.3
07/01/06 17:40,0.2
07/01/06 17:45,0.2
07/01/06 17:50,0.1
07/01/06 17:55,0.1
07/01/06 18:00,0.1
07/01/06 18:05,0.0
07/01/06 18:10,0.0
07/01/06 18:15,0.0
07/01/06 18:20,0.0
07/01/06 18:25,0.0
07/01/06 18:30,0.0
07/01/06 18:35,0.0
07/01/06 18:40,0.0
07/01/06 18:45,0.0
07/01/06 18:50,0.0
07/01/06 18:55,0.0
07/01/06 19:00,0.0
07/01/06 19:05,0.0
07/01/06 19:10,0.0
07/01/06 19:15,0.0
07/01/06 19:20,0.0
07/01/06 19:25,0.0
07/01/06 19:30,0.0
07/01/06 19:35,0.0
07/01/06 19:40,0.0
07/01/06 19:45,0.0
07/01/06 19:50,0.0
07/01/06 19:55,0.0
07/01/06 20:00,0.0
07/01/06 20:05,0.0
07/01/06 20:10,0.0
07/01/06 20:15,0.0
07/01/06 20:20,0.0
07/01/06 20:25,0.0
07/01/06 20:30,0.0
07/01/06 20:35,0.0
07/01/06 20:40,0.0
07/01/06 20:45,0.0
07/01/06 20:50,0.0
07/01/06 20:55,0.0
07/01/06 21:00,0.0
07/01/06 21:05,0.0
07/01/06 21:10,0.0
07/01/06 21:15,0.0
07/01/06 21:20,0.0
07/01/06 21:25,0.0
07/01/06 21:30,0.0
07/01/06 21:35,0.0
07/01/06 21:40,0.0
07/01/06 21:45,0.0
07/01/06 21:50,0.0
07/01/06 21:55,0.0
07/01/06 22:00,0.0
07/01/06 22:05,0.0
07/01/06 22:10,0.0
07/01/06 22:15,0.0
07/01/06 22:20,0.0
07/01/06 22:25,0.0
07/01/06 22:30,0.0
07/01/06 22:35,0.0
07/01/06 22:40,0.0
07/01/06 22:45,0.0
07/01/06 22:50,0.0
07/01/06 22:55,0.0
07/01/06 23:00,0.0
07/01/06 23:05,0.0
07/01/06 23:10,0.0
07/01/06 23:15,0.0
07/01/06 23:20,0.0
07/01/06 23:25,0.0
07/01/06 23:30,0.0
07/01/06 23:35,0.0
07/01/06 23:40,0.0
07/01/06 23:45,0.0
07/01/06 23:50,0.0
07/01/06 23:55,0.0
07/02/06 00:00,0.0
07/02/06 00:05,0.0
07/02/06 00:10,0.0
07/02/06 00:15,0.0
07/02/06 00:20,0.0
07/02/06 00:25,0.0
07/02/06 00:30,0.0
07/02/06 00:35,0.0
07/02/06 00:40,0.0
07/02/06 00:45,0.0
07/02/06 00:50,0.0
07/02/06 00:55,0.0
07/02/06 01:00,0.0
07/02/06 01:05,0.0
07/02/06 01:10,0.0
07/02/06 01:15,0.0
07/02/06 01:20,0.0
07/02/06 01:25,0.0
07/02/06 01:30,0.0
07/02/06 01:35,0.0
07/02/06 01:40,0.0
07/02/06 01:45,0.0
07/02/06 01:50,0.0
07/02/06 01:55,0.0
07/02/06 02:00,0.0
07/02/06 02:05,0.0
07/02/06 02:10,0.0
07/02/06 02:15,0.0
07/02/06 02:20,0.0
07/02/06 02:25,0.0
07/02/06 02:30,0.0
07/02/06 02:35,0.0
07/02/06 02:40,0.0
07/02/06 02:45,0.0
07/02/06 02:50,0.0
07/02/06 02:55,0.0
07/02/06 03:00,0.0
07/02/06 03:05,0.0
07/02/06 03:10,0.0
07/02/06 03:15,0.0
07/02/06 03:20,0.0
07/02/06 03:25,0.0
07/02/06 03:30,0.0
07/02/06 03:35,0.0
07/02/06 03:40,0.0
07/02/06 03:45,0.0
07/02/06 03:50,0.0
07/02/06 03:55,0.0
07/02/06 04:00,0.0
07/02/06 04:05,0.0
07/02/06 04:10,0.0
07/02/06 04:15,0.0
07/02/06 04:20,0.0
07/02/06 04:25,0.0
07/02/06 04:30,0.0
07/02/06 04:35,0.0
07/02/06 04:40,0.0
07/02/06 04:45,0.0
07/02/06 04:50,0.0
07/02/06 04:55,0.0
07/02/06 05:00,0.0
07/02/06 05:05,0.0
07/02/06 05:10,0.0
07/02/06 05:15,0.0
07/02/06 05:20,0.0
07/02/06 05:25,0.0
07/02/06 05:30,0.0
07/02/06 05:35,0.0
07/02/06 05:40,0.0
07/02/06 05:45,0.1
07/02/06 05:50,0.1
07/02/06 05:55,0.2
07/02/06 06:00,0.3
07/02/06 06:05,0.5
07/02/06 06:10,0.8
07/02/06 06:15,1.1
07/02/06 06:20,1.4
07/02/06 06:25,1.8
07/02/06 06:30,2.4
07/02/06 06:35,3.2
07/02/06 06:40,3.6
07/02/06 06:45,3.8
07/02/06 06:50,4.0
07/02/06 06:55,4.2
07/02/06 07:00,4.4
07/02/06 07:05,4.7
07/02/06 07:10,4.9
07/02/06 07:15,5.1
07/02/06 07:20,5.2
07/02/06 07:25,4.9
07/02/06 07:30,4.6
07/02/06 07:35,4.5
07/02/06 07:40,4.7
07/02/06 07:45,4.8
07/02/06 07:50,5.3
07/02/06 07:55,5.6
07/02/06 08:00,5.7
07/02/06 08:05,6.5
07/02/06 08:10,6.8
07/02/06 08:15,6.9
07/02/06 08:20,7.8
07/02/06 08:25,8.7
07/02/06 08:30,8.7
07/02/06 08:35,9.2
07/02/06 08:40,9.6
07/02/06 08:45,10.2
07/02/06 08:50,11.0
07/02/06 08:55,12.0
07/02/06 09:00,12.6
07/02/06 09:05,12.4
07/02/06 09:10,11.7
07/02/06 09:15,12.1
07/02/06 09:20,12.6
07/02/06 09:25,13.6
07/02/06 09:30,15.4
07/02/06 09:35,16.2
07/02/06 09:40,16.3
07/02/06 09:45,16.0
07/02/06 09:50,18.1
07/02/06 09:55,19.6
07/02/06 10:00,19.4
07/02/06 10:05,19.3
07/02/06 10:10,18.5
07/02/06 10:15,18.3
07/02/06 10:20,17.2
07/02/06 10:25,17.8
07/02/06 10:30,21.0
07/02/06 10:35,23.1
07/02/06 10:40,22.1
07/02/06 10:45,20.5
07/02/06 10:50,17.7
07/02/06 10:55,15.7
07/02/06 11:00,18.8
07/02/06 11:05,21.0
07/02/06 11:10,21.5
07/02/06 11:15,21.4
07/02/06 11:20,21.8
07/02/06 11:25,22.4
07/02/06 11:30,22.6
07/02/06 11:35,22.5
07/02/06 11:40,22.6
07/02/06 11:45,22.7
07/02/06 11:50,22.8
07/02/06 11:55,22.7
07/02/06 12:00,22.4
07/02/06 12:05,22.1
07/02/06 12:10,21.5
07/02/06 12:15,21.0
07/02/06 12:20,19.4
07/02/06 12:25,18.9
07/02/06 12:30,19.2
07/02/06 12:35,19.5
07/02/06 12:40,19.3
07/02/06 12:45,18.8
07/02/06 12:50,18.1
07/02/06 12:55,17.7
07/02/06 13:00,14.9
07/02/06 13:05,10.8
07/02/06 13:10,8.5
07/02/06 13:15,11.1
07/02/06 13:20,12.9
07/02/06 13:25,10.0
07/02/06 13:30,7.5
07/02/06 13:35,7.5
07/02/06 13:40,8.6
07/02/06 13:45,7.3
07/02/06 13:50,6.4
07/02/06 13:55,6.1
07/02/06 14:00,5.2
07/02/06 14:05,6.4
07/02/06 14:10,5.9
07/02/06 14:15,6.2
07/02/06 14:20,6.4
07/02/06 14:25,6.3
07/02/06 14:30,6.1
07/02/06 14:35,5.9
07/02/06 14:40,5.6
07/02/06 14:45,5.4
07/02/06 14:50,5.0
07/02/06 14:55,4.7
07/02/06 15:00,4.2
07/02/06 15:05,3.7
07/02/06 15:10,3.0
07/02/06 15:15,2.2
07/02/06 15:20,1.7
07/02/06 15:25,1.5
07/02/06 15:30,1.3
07/02/06 15:35,1.2
07/02/06 15:40,1.0
07/02/06 15:45,1.0
07/02/06 15:50,1.1
07/02/06 15:55,1.1
07/02/06 16:00,0.9
07/02/06 16:05,0.6
07/02/06 16:10,0.5
07/02/06 16:15,0.5
07/02/06 16:20,1.2
07/02/06 16:25,2.0
07/02/06 16:30,2.3
07/02/06 16:35,1.9
07/02/06 16:40,1.6
07/02/06 16:45,0.9
07/02/06 16:50,0.5
07/02/06 16:55,0.4
07/02/06 17:00,0.5
07/02/06 17:05,0.6
07/02/06 17:10,0.6
07/02/06 17:15,0.4
07/02/06 17:20,0.3
07/02/06 17:25,0.2
07/02/06 17:30,0.1
07/02/06 17:35,0.1
07/02/06 17:40,0.1
07/02/06 17:45,0.0
07/02/06 17:50,0.0
07/02/06 17:55,0.0
07/02/06 18:00,0.0
07/02/06 18:05,0.0
07/02/06 18:10,0.0
07/02/06 18:15,0.0
07/02/06 18:20,0.0
07/02/06 18:25,0.0
07/02/06 18:30,0.0
07/02/06 18:35,0.0
07/02/06 18:40,0.0
07/02/06 18:45,0.0
07/02/06 18:50,0.0
07/02/06 18:55,0.0
07/02/06 19:00,0.0
07/02/06 19:05,0.0
07/02/06 19:10,0.0
07/02/06 19:15,0.0
07/02/06 19:20,0.0
07/02/06 19:25,0.0
07/02/06 19:30,0.0
07/02/06 19:35,0.0
07/02/06 19:40,0.0
07/02/06 19:45,0.0
07/02/06 19:50,0.0
07/02/06 19:55,0.0
07/02/06 20:00,0.0
07/02/06 20:05,0.0
07/02/06 20:10,0.0
07/02/06 20:15,0.0
07/02/06 20:20,0.0
07/02/06 20:25,0.0
07/02/06 20:30,0.0
07/02/06 20:35,0.0
07/02/06 20:40,0.0
07/02/06 20:45,0.0
07/02/06 20:50,0.0
07/02/06 20:55,0.0
07/02/06 21:00,0.0
07/02/06 21:05,0.0
07/02/06 21:10,0.0
07/02/06 21:15,0.0
07/02/06 21:20,0.0
07/02/06 21:25,0.0
07/02/06 21:30,0.0
07/02/06 21:35,0.0
07/02/06 21:40,0.0
07/02/06 21:45,0.0
07/02/06 21:50,0.0
07/02/06 21:55,0.0
07/02/06 22:00,0.0
07/02/06 22:05,0.0
07/02/06 22:10,0.0
07/02/06 22:15,0.0
07/02/06 22:20,0.0
07/02/06 22:25,0.0
07/02/06 22:30,0.0
07/02/06 22:35,0.0
07/02/06 22:40,0.0
07/02/06 22:45,0.0
07/02/06 22:50,0.0
07/02/06 22:55,0.0
07/02/06 23:00,0.0
07/02/06 23:05,0.0
07/02/06 23:10,0.0
07/02/06 23:15,0.0
07/02/06 23:20,0.0
07/02/06 23:25,0.0
07/02/06 23:30,0.0
07/02/06 23:35,0.0
07/02/06 23:40,0.0
07/02/06 23:45,0.0
07/02/06 23:50,0.0
07/02/06 23:55,0.0
07/03/06 00:00,0.0
07/03/06 00:05,0.0
07/03/06 00:10,0.0
07/03/06 00:15,0.0
07/03/06 00:20,0.0
07/03/06 00:25,0.0
07/03/06 00:30,0.0
07/03/06 00:35,0.0
07/03/06 00:40,0.0
07/03/06 00:45,0.0
07/03/06 00:50,0.0
07/03/06 00:55,0.0
07/03/06 01:00,0.0
07/03/06 01:05,0.0
07/03/06 01:10,0.0
07/03/06 01:15,0.0
07/03/06 01:20,0.0
07/03/06 01:25,0.0
07/03/06 01:30,0.0
07/03/06 01:35,0.0
07/03/06 01:40,0.0
07/03/06 01:45,0.0
07/03/06 01:50,0.0
07/03/06 01:55,0.0
07/03/06 02:00,0.0
07/03/06 02:05,0.0
07/03/06 02:10,0.0
07/03/06 02:15,0.0
07/03/06 02:20,0.0
07/03/06 02:25,0.0
07/03/06 02:30,0.0
07/03/06 02:35,0.0
07/03/06 02:40,0.0
07/03/06 02:45,0.0
07/03/06 02:50,0.0
07/03/06 02:55,0.0
07/03/06 03:00,0.0
07/03/06 03:05,0.0
07/03/06 03:10,0.0
07/03/06 03:15,0.0
07/03/06 03:20,0.0
07/03/06 03:25,0.0
07/03/06 03:30,0.0
07/03/06 03:35,0.0
07/03/06 03:40,0.0
07/03/06 03:45,0.0
07/03/06 03:50,0.0
07/03/06 03:55,0.0
07/03/06 04:00,0.0
07/03/06 04:05,0.0
07/03/06 04:10,0.0
07/03/06 04:15,0.0
07/03/06 04:20,0.0
07/03/06 04:25,0.0
07/03/06 04:30,0.0
07/03/06 04:35,0.0
07/03/06 04:40,0.0
07/03/06 04:45,0.0
07/03/06 04:50,0.0
07/03/06 04:55,0.0
07/03/06 05:00,0.0
07/03/06 05:05,0.0
07/03/06 05:10,0.0
07/03/06 05:15,0.0
07/03/06 05:20,0.0
07/03/06 05:25,0.0
07/03/06 05:30,0.0
07/03/06 05:35,0.0
07/03/06 05:40,0.0
07/03/06 05:45,0.0
07/03/06 05:50,0.1
07/03/06 05:55,0.1
07/03/06 06:00,0.1
07/03/06 06:05,0.2
07/03/06 06:10,0.4
07/03/06 06:15,0.6
07/03/06 06:20,0.9
07/03/06 06:25,1.3
07/03/06 06:30,1.7
07/03/06 06:35,2.3
07/03/06 06:40,2.9
07/03/06 06:45,3.5
07/03/06 06:50,3.7
07/03/06 06:55,3.8
07/03/06 07:00,4.0
07/03/06 07:05,4.2
07/03/06 07:10,4.3
07/03/06 07:15,4.4
07/03/06 07:20,4.8
07/03/06 07:25,5.0
07/03/06 07:30,4.9
07/03/06 07:35,4.8
07/03/06 07:40,4.7
07/03/06 07:45,4.7
07/03/06 07:50,4.7
07/03/06 07:55,4.8
07/03/06 08:00,4.9
07/03/06 08:05,5.0
07/03/06 08:10,5.3
07/03/06 08:15,5.9
07/03/06 08:20,7.7
07/03/06 08:25,8.9
07/03/06 08:30,9.8
07/03/06 08:35,11.0
07/03/06 08:40,12.9
07/03/06 08:45,16.1
07/03/06 08:50,17.8
07/03/06 08:55,17.5
07/03/06 09:00,17.2
07/03/06 09:05,17.0
07/03/06 09:10,16.6
07/03/06 09:15,17.5
07/03/06 09:20,18.6
07/03/06 09:25,19.0
07/03/06 09:30,19.3
07/03/06 09:35,19.6
07/03/06 09:40,19.9
07/03/06 09:45,20.1
07/03/06 09:50,20.3
07/03/06 09:55,20.4
07/03/06 10:00,20.4
07/03/06 10:05,20.6
07/03/06 10:10,20.7
07/03/06 10:15,21.5
07/03/06 10:20,22.4
07/03/06 10:25,22.9
07/03/06 10:30,23.2
07/03/06 10:35,23.5
07/03/06 10:40,23.9
07/03/06 10:45,24.3
07/03/06 10:50,24.6
07/03/06 10:55,24.8
07/03/06 11:00,24.9
07/03/06 11:05,24.9
07/03/06 11:10,25.0
07/03/06 11:15,24.9
07/03/06 11:20,23.2
07/03/06 11:25,21.9
07/03/06 11:30,20.4
07/03/06 11:35,21.8
07/03/06 11:40,24.2
07/03/06 11:45,25.9
07/03/06 11:50,26.7
07/03/06 11:55,24.8
07/03/06 12:00,23.3
07/03/06 12:05,22.2
07/03/06 12:10,19.7
07/03/06 12:15,20.6
07/03/06 12:20,21.9
07/03/06 12:25,23.1
07/03/06 12:30,23.9
07/03/06 12:35,24.5
07/03/06 12:40,25.0
07/03/06 12:45,25.4
07/03/06 12:50,25.7
07/03/06 12:55,25.8
07/03/06 13:00,25.6
07/03/06 13:05,25.4
07/03/06 13:10,25.0
07/03/06 13:15,22.8
07/03/06 13:20,17.7
07/03/06 13:25,13.7
07/03/06 13:30,12.2
07/03/06 13:35,14.0
07/03/06 13:40,15.4
07/03/06 13:45,14.6
07/03/06 13:50,13.5
07/03/06 13:55,15.3
07/03/06 14:00,14.3
07/03/06 14:05,14.8
07/03/06 14:10,16.3
07/03/06 14:15,16.2
07/03/06 14:20,14.7
07/03/06 14:25,14.0
07/03/06 14:30,13.5
07/03/06 14:35,12.6
07/03/06 14:40,13.0
07/03/06 14:45,13.6
07/03/06 14:50,14.4
07/03/06 14:55,14.1
07/03/06 15:00,14.2
07/03/06 15:05,14.1
07/03/06 15:10,12.6
07/03/06 15:15,12.8
07/03/06 15:20,13.6
07/03/06 15:25,13.4
07/03/06 15:30,12.1
07/03/06 15:35,11.3
07/03/06 15:40,10.5
07/03/06 15:45,9.4
07/03/06 15:50,8.5
07/03/06 15:55,7.5
07/03/06 16:00,6.6
07/03/06 16:05,6.1
07/03/06 16:10,5.8
07/03/06 16:15,5.9
07/03/06 16:20,6.1
07/03/06 16:25,6.2
07/03/06 16:30,6.1
07/03/06 16:35,5.9
07/03/06 16:40,5.5
07/03/06 16:45,5.2
07/03/06 16:50,5.0
07/03/06 16:55,4.7
07/03/06 17:00,4.5
07/03/06 17:05,4.3
07/03/06 17:10,4.1
07/03/06 17:15,4.0
07/03/06 17:20,3.8
07/03/06 17:25,3.4
07/03/06 17:30,2.0
07/03/06 17:35,1.3
07/03/06 17:40,0.9
07/03/06 17:45,0.6
07/03/06 17:50,0.3
07/03/06 17:55,0.2
07/03/06 18:00,0.1
07/03/06 18:05,0.0
07/03/06 18:10,0.0
07/03/06 18:15,0.0
07/03/06 18:20,0.0
07/03/06 18:25,0.0
07/03/06 18:30,0.0
07/03/06 18:35,0.0
07/03/06 18:40,0.0
07/03/06 18:45,0.0
07/03/06 18:50,0.0
07/03/06 18:55,0.0
07/03/06 19:00,0.0
07/03/06 19:05,0.0
07/03/06 19:10,0.0
07/03/06 19:15,0.0
07/03/06 19:20,0.0
07/03/06 19:25,0.0
07/03/06 19:30,0.0
07/03/06 19:35,0.0
07/03/06 19:40,0.0
07/03/06 19:45,0.0
07/03/06 19:50,0.0
07/03/06 19:55,0.0
07/03/06 20:00,0.0
07/03/06 20:05,0.0
07/03/06 20:10,0.0
07/03/06 20:15,0.0
07/03/06 20:20,0.0
07/03/06 20:25,0.0
07/03/06 20:30,0.0
07/03/06 20:35,0.0
07/03/06 20:40,0.0
07/03/06 20:45,0.0
07/03/06 20:50,0.0
07/03/06 20:55,0.0
07/03/06 21:00,0.0
07/03/06 21:05,0.0
07/03/06 21:10,0.0
07/03/06 21:15,0.0
07/03/06 21:20,0.0
07/03/06 21:25,0.0
07/03/06 21:30,0.0
07/03/06 21:35,0.0
07/03/06 21:40,0.0
07/03/06 21:45,0.0
07/03/06 21:50,0.0
07/03/06 21:55,0.0
07/03/06 22:00,0.0
07/03/06 22:05,0.0
07/03/06 22:10,0.0
07/03/06 22:15,0.0
07/03/06 22:20,0.0
07/03/06 22:25,0.0
07/03/06 22:30,0.0
07/03/06 22:35,0.0
07/03/06 22:40,0.0
07/03/06 22:45,0.0
07/03/06 22:50,0.0
07/03/06 22:55,0.0
07/03/06 23:00,0.0
07/03/06 23:05,0.0
07/03/06 23:10,0.0
07/03/06 23:15,0.0
07/03/06 23:20,0.0
07/03/06 23:25,0.0
07/03/06 23:30,0.0
07/03/06 23:35,0.0
07/03/06 23:40,0.0
07/03/06 23:45,0.0
07/03/06 23:50,0.0
07/03/06 23:55,0.0
07/04/06 00:00,0.0
07/04/06 00:05,0.0
07/04/06 00:10,0.0
07/04/06 00:15,0.0
07/04/06 00:20,0.0
07/04/06 00:25,0.0
07/04/06 00:30,0.0
07/04/06 00:35,0.0
07/04/06 00:40,0.0
07/04/06 00:45,0.0
07/04/06 00:50,0.0
07/04/06 00:55,0.0
07/04/06 01:00,0.0
07/04/06 01:05,0.0
07/04/06 01:10,0.0
07/04/06 01:15,0.0
07/04/06 01:20,0.0
07/04/06 01:25,0.0
07/04/06 01:30,0.0
07/04/06 01:35,0.0
07/04/06 01:40,0.0
07/04/06 01:45,0.0
07/04/06 01:50,0.0
07/04/06 01:55,0.0
07/04/06 02:00,0.0
07/04/06 02:05,0.0
07/04/06 02:10,0.0
07/04/06 02:15,0.0
07/04/06 02:20,0.0
07/04/06 02:25,0.0
07/04/06 02:30,0.0
07/04/06 02:35,0.0
07/04/06 02:40,0.0
07/04/06 02:45,0.0
07/04/06 02:50,0.0
07/04/06 02:55,0.0
07/04/06 03:00,0.0
07/04/06 03:05,0.0
07/04/06 03:10,0.0
07/04/06 03:15,0.0
07/04/06 03:20,0.0
07/04/06 03:25,0.0
07/04/06 03:30,0.0
07/04/06 03:35,0.0
07/04/06 03:40,0.0
07/04/06 03:45,0.0
07/04/06 03:50,0.0
07/04/06 03:55,0.0
07/04/06 04:00,0.0
07/04/06 04:05,0.0
07/04/06 04:10,0.0
07/04/06 04:15,0.0
07/04/06 04:20,0.0
07/04/06 04:25,0.0
07/04/06 04:30,0.0
07/04/06 04:35,0.0
07/04/06 04:40,0.0
07/04/06 04:45,0.0
07/04/06 04:50,0.0
07/04/06 04:55,0.0
07/04/06 05:00,0.0
07/04/06 05:05,0.0
07/04/06 05:10,0.0
07/04/06 05:15,0.0
07/04/06 05:20,0.0
07/04/06 05:25,0.0
07/04/06 05:30,0.0
07/04/06 05:35,0.0
07/04/06 05:40,0.0
07/04/06 05:45,0.0
07/04/06 05:50,0.0
07/04/06 05:55,0.1
07/04/06 06:00,0.1
07/04/06 06:05,0.2
07/04/06 06:10,0.4
07/04/06 06:15,0.6
07/04/06 06:20,0.7
07/04/06 06:25,0.9
07/04/06 06:30,1.1
07/04/06 06:35,1.4
07/04/06 06:40,1.6
07/04/06 06:45,2.0
07/04/06 06:50,2.5
07/04/06 06:55,2.9
07/04/06 07:00,3.4
07/04/06 07:05,3.6
07/04/06 07:10,3.7
07/04/06 07:15,3.7
07/04/06 07:20,3.8
07/04/06 07:25,3.9
07/04/06 07:30,4.1
07/04/06 07:35,4.3
07/04/06 07:40,4.5
07/04/06 07:45,4.7
07/04/06 07:50,4.8
07/04/06 07:55,4.9
07/04/06 08:00,4.9
07/04/06 08:05,4.8
07/04/06 08:10,4.7
07/04/06 08:15,4.7
07/04/06 08:20,4.6
07/04/06 08:25,4.6
07/04/06 08:30,4.7
07/04/06 08:35,4.8
07/04/06 08:40,4.9
07/04/06 08:45,5.0
07/04/06 08:50,5.1
07/04/06 08:55,5.1
07/04/06 09:00,5.1
07/04/06 09:05,5.1
07/04/06 09:10,5.3
07/04/06 09:15,5.3
07/04/06 09:20,5.0
07/04/06 09:25,4.8
07/04/06 09:30,4.5
07/04/06 09:35,4.0
07/04/06 09:40,4.0
07/04/06 09:45,4.0
07/04/06 09:50,4.1
07/04/06 09:55,4.5
07/04/06 10:00,5.0
07/04/06 10:05,5.8
07/04/06 10:10,7.5
07/04/06 10:15,9.5
07/04/06 10:20,10.3
07/04/06 10:25,12.2
07/04/06 10:30,12.4
07/04/06 10:35,12.6
07/04/06 10:40,13.1
07/04/06 10:45,15.6
07/04/06 10:50,16.3
07/04/06 10:55,13.7
07/04/06 11:00,10.9
07/04/06 11:05,9.5
07/04/06 11:10,9.4
07/04/06 11:15,10.9
07/04/06 11:20,12.4
07/04/06 11:25,13.5
07/04/06 11:30,14.3
07/04/06 11:35,15.1
07/04/06 11:40,16.0
07/04/06 11:45,16.7
07/04/06 11:50,17.3
07/04/06 11:55,17.7
07/04/06 12:00,18.1
07/04/06 12:05,18.3
07/04/06 12:10,18.5
07/04/06 12:15,19.3
07/04/06 12:20,19.9
07/04/06 12:25,19.2
07/04/06 12:30,18.5
07/04/06 12:35,17.2
07/04/06 12:40,17.4
07/04/06 12:45,18.8
07/04/06 12:50,19.6
07/04/06 12:55,20.2
07/04/06 13:00,19.1
07/04/06 13:05,17.7
07/04/06 13:10,14.2
07/04/06 13:15,14.9
07/04/06 13:20,16.7
07/04/06 13:25,18.1
07/04/06 13:30,19.1
07/04/06 13:35,18.6
07/04/06 13:40,16.4
07/04/06 13:45,16.2
07/04/06 13:50,17.7
07/04/06 13:55,18.9
07/04/06 14:00,18.1
07/04/06 14:05,17.4
07/04/06 14:10,16.1
07/04/06 14:15,14.8
07/04/06 14:20,15.2
07/04/06 14:25,16.0
07/04/06 14:30,15.4
07/04/06 14:35,15.2
07/04/06 14:40,13.9
07/04/06 14:45,14.7
07/04/06 14:50,14.3
07/04/06 14:55,11.4
07/04/06 15:00,10.5
07/04/06 15:05,10.7
07/04/06 15:10,10.8
07/04/06 15:15,11.0
07/04/06 15:20,10.1
07/04/06 15:25,8.7
07/04/06 15:30,7.0
07/04/06 15:35,5.9
07/04/06 15:40,7.3
07/04/06 15:45,9.0
07/04/06 15:50,10.4
07/04/06 15:55,11.4
07/04/06 16:00,12.2
07/04/06 16:05,11.1
07/04/06 16:10,8.7
07/04/06 16:15,6.3
07/04/06 16:20,4.7
07/04/06 16:25,4.7
07/04/06 16:30,4.9
07/04/06 16:35,5.4
07/04/06 16:40,6.0
07/04/06 16:45,5.0
07/04/06 16:50,3.8
07/04/06 16:55,3.4
07/04/06 17:00,2.6
07/04/06 17:05,2.3
07/04/06 17:10,1.6
07/04/06 17:15,0.6
07/04/06 17:20,1.0
07/04/06 17:25,0.8
07/04/06 17:30,0.7
07/04/06 17:35,0.8
07/04/06 17:40,0.5
07/04/06 17:45,0.2
07/04/06 17:50,0.1
07/04/06 17:55,0.1
07/04/06 18:00,0.0
07/04/06 18:05,0.0
07/04/06 18:10,0.0
07/04/06 18:15,0.0
07/04/06 18:20,0.0
07/04/06 18:25,0.0
07/04/06 18:30,0.0
07/04/06 18:35,0.0
07/04/06 18:40,0.0
07/04/06 18:45,0.0
07/04/06 18:50,0.0
07/04/06 18:55,0.0
07/04/06 19:00,0.0
07/04/06 19:05,0.0
07/04/06 19:10,0.0
07/04/06 19:15,0.0
07/04/06 19:20,0.0
07/04/06 19:25,0.0
07/04/06 19:30,0.0
07/04/06 19:35,0.0
07/04/06 19:40,0.0
07/04/06 19:45,0.0
07/04/06 19:50,0.0
07/04/06 19:55,0.0
07/04/06 20:00,0.0
07/04/06 20:05,0.0
07/04/06 20:10,0.0
07/04/06 20:15,0.0
07/04/06 20:20,0.0
07/04/06 20:25,0.0
07/04/06 20:30,0.0
07/04/06 20:35,0.0
07/04/06 20:40,0.0
07/04/06 20:45,0.0
07/04/06 20:50,0.0
07/04/06 20:55,0.0
07/04/06 21:00,0.0
07/04/06 21:05,0.0
07/04/06 21:10,0.0
07/04/06 21:15,0.0
07/04/06 21:20,0.0
07/04/06 21:25,0.0
07/04/06 21:30,0.0
07/04/06 21:35,0.0
07/04/06 21:40,0.0
07/04/06 21:45,0.0
07/04/06 21:50,0.0
07/04/06 21:55,0.0
07/04/06 22:00,0.0
07/04/06 22:05,0.0
07/04/06 22:10,0.0
07/04/06 22:15,0.0
07/04/06 22:20,0.0
07/04/06 22:25,0.0
07/04/06 22:30,0.0
07/04/06 22:35,0.0
07/04/06 22:40,0.0
07/04/06 22:45,0.0
07/04/06 22:50,0.0
07/04/06 22:55,0.0
07/04/06 23:00,0.0
07/04/06 23:05,0.0
07/04/06 23:10,0.0
07/04/06 23:15,0.0
07/04/06 23:20,0.0
07/04/06 23:25,0.0
07/04/06 23:30,0.0
07/04/06 23:35,0.0
07/04/06 23:40,0.0
07/04/06 23:45,0.0
07/04/06 23:50,0.0
07/04/06 23:55,0.0
07/05/06 00:00,0.0
07/05/06 00:05,0.0
07/05/06 00:10,0.0
07/05/06 00:15,0.0
07/05/06 00:20,0.0
07/05/06 00:25,0.0
07/05/06 00:30,0.0
07/05/06 00:35,0.0
07/05/06 00:40,0.0
07/05/06 00:45,0.0
07/05/06 00:50,0.0
07/05/06 00:55,0.0
07/05/06 01:00,0.0
07/05/06 01:05,0.0
07/05/06 01:10,0.0
07/05/06 01:15,0.0
07/05/06 01:20,0.0
07/05/06 01:25,0.0
07/05/06 01:30,0.0
07/05/06 01:35,0.0
07/05/06 01:40,0.0
07/05/06 01:45,0.0
07/05/06 01:50,0.0
07/05/06 01:55,0.0
07/05/06 02:00,0.0
07/05/06 02:05,0.0
07/05/06 02:10,0.0
07/05/06 02:15,0.0
07/05/06 02:20,0.0
07/05/06 02:25,0.0
07/05/06 02:30,0.0
07/05/06 02:35,0.0
07/05/06 02:40,0.0
07/05/06 02:45,0.0
07/05/06 02:50,0.0
07/05/06 02:55,0.0
07/05/06 03:00,0.0
07/05/06 03:05,0.0
07/05/06 03:10,0.0
07/05/06 03:15,0.0
07/05/06 03:20,0.0
07/05/06 03:25,0.0
07/05/06 03:30,0.0
07/05/06 03:35,0.0
07/05/06 03:40,0.0
07/05/06 03:45,0.0
07/05/06 03:50,0.0
07/05/06 03:55,0.0
07/05/06 04:00,0.0
07/05/06 04:05,0.0
07/05/06 04:10,0.0
07/05/06 04:15,0.0
07/05/06 04:20,0.0
07/05/06 04:25,0.0
07/05/06 04:30,0.0
07/05/06 04:35,0.0
07/05/06 04:40,0.0
07/05/06 04:45,0.0
07/05/06 04:50,0.0
07/05/06 04:55,0.0
07/05/06 05:00,0.0
07/05/06 05:05,0.0
07/05/06 05:10,0.0
07/05/06 05:15,0.0
07/05/06 05:20,0.0
07/05/06 05:25,0.0
07/05/06 05:30,0.0
07/05/06 05:35,0.0
07/05/06 05:40,0.1
07/05/06 05:45,0.1
07/05/06 05:50,0.1
07/05/06 05:55,0.2
07/05/06 06:00,0.4
07/05/06 06:05,0.5
07/05/06 06:10,1.1
07/05/06 06:15,1.7
07/05/06 06:20,2.8
07/05/06 06:25,3.7
07/05/06 06:30,4.2
07/05/06 06:35,4.6
07/05/06 06:40,4.9
07/05/06 06:45,5.2
07/05/06 06:50,5.5
07/05/06 06:55,6.0
07/05/06 07:00,6.6
07/05/06 07:05,7.2
07/05/06 07:10,7.8
07/05/06 07:15,8.4
07/05/06 07:20,9.1
07/05/06 07:25,9.8
07/05/06 07:30,10.5
07/05/06 07:35,11.1
07/05/06 07:40,11.6
07/05/06 07:45,12.2
07/05/06 07:50,12.6
07/05/06 07:55,13.0
07/05/06 08:00,12.8
07/05/06 08:05,13.4
07/05/06 08:10,14.4
07/05/06 08:15,15.2
07/05/06 08:20,16.5
07/05/06 08:25,17.7
07/05/06 08:30,18.6
07/05/06 08:35,19.5
07/05/06 08:40,19.9
07/05/06 08:45,19.8
07/05/06 08:50,20.0
07/05/06 08:55,20.1
07/05/06 09:00,20.6
07/05/06 09:05,20.9
07/05/06 09:10,21.1
07/05/06 09:15,21.0
07/05/06 09:20,20.6
07/05/06 09:25,20.1
07/05/06 09:30,19.7
07/05/06 09:35,19.3
07/05/06 09:40,18.7
07/05/06 09:45,18.1
07/05/06 09:50,17.2
07/05/06 09:55,16.3
07/05/06 10:00,15.6
07/05/06 10:05,14.9
07/05/06 10:10,14.3
07/05/06 10:15,13.4
07/05/06 10:20,11.1
07/05/06 10:25,9.7
07/05/06 10:30,13.5
07/05/06 10:35,17.6
07/05/06 10:40,16.3
07/05/06 10:45,12.5
07/05/06 10:50,12.8
07/05/06 10:55,16.0
07/05/06 11:00,15.7
07/05/06 11:05,17.7
07/05/06 11:10,19.6
07/05/06 11:15,15.8
07/05/06 11:20,14.0
07/05/06 11:25,15.5
07/05/06 11:30,13.9
07/05/06 11:35,12.4
07/05/06 11:40,11.7
07/05/06 11:45,15.2
07/05/06 11:50,18.4
07/05/06 11:55,20.4
07/05/06 12:00,21.7
07/05/06 12:05,22.8
07/05/06 12:10,23.4
07/05/06 12:15,18.9
07/05/06 12:20,13.7
07/05/06 12:25,11.6
07/05/06 12:30,12.8
07/05/06 12:35,13.4
07/05/06 12:40,11.9
07/05/06 12:45,9.5
07/05/06 12:50,7.8
07/05/06 12:55,6.9
07/05/06 13:00,6.7
07/05/06 13:05,6.7
07/05/06 13:10,6.5
07/05/06 13:15,8.1
07/05/06 13:20,9.6
07/05/06 13:25,10.2
07/05/06 13:30,10.1
07/05/06 13:35,9.6
07/05/06 13:40,8.9
07/05/06 13:45,8.2
07/05/06 13:50,7.3
07/05/06 13:55,6.6
07/05/06 14:00,5.9
07/05/06 14:05,5.1
07/05/06 14:10,4.3
07/05/06 14:15,3.8
07/05/06 14:20,3.5
07/05/06 14:25,3.5
07/05/06 14:30,3.0
07/05/06 14:35,1.6
07/05/06 14:40,0.8
07/05/06 14:45,1.1
07/05/06 14:50,2.6
07/05/06 14:55,3.8
07/05/06 15:00,3.9
07/05/06 15:05,2.6
07/05/06 15:10,1.5
07/05/06 15:15,1.2
07/05/06 15:20,1.2
07/05/06 15:25,1.1
07/05/06 15:30,1.1
07/05/06 15:35,1.2
07/05/06 15:40,1.9
07/05/06 15:45,2.6
07/05/06 15:50,3.2
07/05/06 15:55,3.7
07/05/06 16:00,3.8
07/05/06 16:05,3.8
07/05/06 16:10,3.9
07/05/06 16:15,4.0
07/05/06 16:20,4.0
07/05/06 16:25,3.9
07/05/06 16:30,3.7
07/05/06 16:35,3.7
07/05/06 16:40,3.6
07/05/06 16:45,3.3
07/05/06 16:50,2.9
07/05/06 16:55,2.5
07/05/06 17:00,2.0
07/05/06 17:05,1.6
07/05/06 17:10,1.4
07/05/06 17:15,0.9
07/05/06 17:20,0.5
07/05/06 17:25,0.3
07/05/06 17:30,0.2
07/05/06 17:35,0.2
07/05/06 17:40,0.1
07/05/06 17:45,0.1
07/05/06 17:50,0.1
07/05/06 17:55,0.0
07/05/06 18:00,0.0
07/05/06 18:05,0.0
07/05/06 18:10,0.0
07/05/06 18:15,0.0
07/05/06 18:20,0.0
07/05/06 18:25,0.0
07/05/06 18:30,0.0
07/05/06 18:35,0.0
07/05/06 18:40,0.0
07/05/06 18:45,0.0
07/05/06 18:50,0.0
07/05/06 18:55,0.0
07/05/06 19:00,0.0
07/05/06 19:05,0.0
07/05/06 19:10,0.0
07/05/06 19:15,0.0
07/05/06 19:20,0.0
07/05/06 19:25,0.0
07/05/06 19:30,0.0
07/05/06 19:35,0.0
07/05/06 19:40,0.0
07/05/06 19:45,0.0
07/05/06 19:50,0.0
07/05/06 19:55,0.0
07/05/06 20:00,0.0
07/05/06 20:05,0.0
07/05/06 20:10,0.0
07/05/06 20:15,0.0
07/05/06 20:20,0.0
07/05/06 20:25,0.0
07/05/06 20:30,0.0
07/05/06 20:35,0.0
07/05/06 20:40,0.0
07/05/06 20:45,0.0
07/05/06 20:50,0.0
07/05/06 20:55,0.0
07/05/06 21:00,0.0
07/05/06 21:05,0.0
07/05/06 21:10,0.0
07/05/06 21:15,0.0
07/05/06 21:20,0.0
07/05/06 21:25,0.0
07/05/06 21:30,0.0
07/05/06 21:35,0.0
07/05/06 21:40,0.0
07/05/06 21:45,0.0
07/05/06 21:50,0.0
07/05/06 21:55,0.0
07/05/06 22:00,0.0
07/05/06 22:05,0.0
07/05/06 22:10,0.0
07/05/06 22:15,0.0
07/05/06 22:20,0.0
07/05/06 22:25,0.0
07/05/06 22:30,0.0
07/05/06 22:35,0.0
07/05/06 22:40,0.0
07/05/06 22:45,0.0
07/05/06 22:50,0.0
07/05/06 22:55,0.0
07/05/06 23:00,0.0
07/05/06 23:05,0.0
07/05/06 23:10,0.0
07/05/06 23:15,0.0
07/05/06 23:20,0.0
07/05/06 23:25,0.0
07/05/06 23:30,0.0
07/05/06 23:35,0.0
07/05/06 23:40,0.0
07/05/06 23:45,0.0
07/05/06 23:50,0.0
07/05/06 23:55,0.0
07/06/06 00:00,0.0
07/06/06 00:05,0.0
07/06/06 00:10,0.0
07/06/06 00:15,0.0
07/06/06 00:20,0.0
07/06/06 00:25,0.0
07/06/06 00:30,0.0
07/06/06 00:35,0.0
07/06/06 00:40,0.0
07/06/06 00:45,0.0
07/06/06 00:50,0.0
07/06/06 00:55,0.0
07/06/06 01:00,0.0
07/06/06 01:05,0.0
07/06/06 01:10,0.0
07/06/06 01:15,0.0
07/06/06 01:20,0.0
07/06/06 01:25,0.0
07/06/06 01:30,0.0
07/06/06 01:35,0.0
07/06/06 01:40,0.0
07/06/06 01:45,0.0
07/06/06 01:50,0.0
07/06/06 01:55,0.0
07/06/06 02:00,0.0
07/06/06 02:05,0.0
07/06/06 02:10,0.0
07/06/06 02:15,0.0
07/06/06 02:20,0.0
07/06/06 02:25,0.0
07/06/06 02:30,0.0
07/06/06 02:35,0.0
07/06/06 02:40,0.0
07/06/06 02:45,0.0
07/06/06 02:50,0.0
07/06/06 02:55,0.0
07/06/06 03:00,0.0
07/06/06 03:05,0.0
07/06/06 03:10,0.0
07/06/06 03:15,0.0
07/06/06 03:20,0.0
07/06/06 03:25,0.0
07/06/06 03:30,0.0
07/06/06 03:35,0.0
07/06/06 03:40,0.0
07/06/06 03:45,0.0
07/06/06 03:50,0.0
07/06/06 03:55,0.0
07/06/06 04:00,0.0
07/06/06 04:05,0.0
07/06/06 04:10,0.0
07/06/06 04:15,0.0
07/06/06 04:20,0.0
07/06/06 04:25,0.0
07/06/06 04:30,0.0
07/06/06 04:35,0.0
07/06/06 04:40,0.0
07/06/06 04:45,0.0
07/06/06 04:50,0.0
07/06/06 04:55,0.0
07/06/06 05:00,0.0
07/06/06 05:05,0.0
07/06/06 05:10,0.0
07/06/06 05:15,0.0
07/06/06 05:20,0.0
07/06/06 05:25,0.0
07/06/06 05:30,0.0
07/06/06 05:35,0.0
07/06/06 05:40,0.0
07/06/06 05:45,0.0
07/06/06 05:50,0.0
07/06/06 05:55,0.0
07/06/06 06:00,0.0
07/06/06 06:05,0.0
07/06/06 06:10,0.0
07/06/06 06:15,0.0
07/06/06 06:20,0.0
07/06/06 06:25,0.1
07/06/06 06:30,0.2
07/06/06 06:35,0.5
07/06/06 06:40,1.0
07/06/06 06:45,1.8
07/06/06 06:50,2.8
07/06/06 06:55,3.6
07/06/06 07:00,4.1
07/06/06 07:05,4.6
07/06/06 07:10,5.2
07/06/06 07:15,5.5
07/06/06 07:20,5.5
07/06/06 07:25,6.2
07/06/06 07:30,7.7
07/06/06 07:35,9.4
07/06/06 07:40,10.3
07/06/06 07:45,11.2
07/06/06 07:50,11.9
07/06/06 07:55,11.0
07/06/06 08:00,9.2
07/06/06 08:05,9.0
07/06/06 08:10,11.4
07/06/06 08:15,12.3
07/06/06 08:20,13.5
07/06/06 08:25,13.4
07/06/06 08:30,14.1
07/06/06 08:35,14.4
07/06/06 08:40,14.0
07/06/06 08:45,13.9
07/06/06 08:50,15.0
07/06/06 08:55,15.4
07/06/06 09:00,15.0
07/06/06 09:05,14.6
07/06/06 09:10,15.3
07/06/06 09:15,15.5
07/06/06 09:20,16.7
07/06/06 09:25,18.8
07/06/06 09:30,18.4
07/06/06 09:35,18.8
07/06/06 09:40,17.4
07/06/06 09:45,15.7
07/06/06 09:50,14.2
07/06/06 09:55,14.8
07/06/06 10:00,15.6
07/06/06 10:05,14.7
07/06/06 10:10,15.2
07/06/06 10:15,15.7
07/06/06 10:20,15.5
07/06/06 10:25,15.0
07/06/06 10:30,14.7
07/06/06 10:35,14.3
07/06/06 10:40,14.2
07/06/06 10:45,13.9
07/06/06 10:50,13.3
07/06/06 10:55,12.9
07/06/06 11:00,12.3
07/06/06 11:05,11.7
07/06/06 11:10,11.3
07/06/06 11:15,10.8
07/06/06 11:20,12.8
07/06/06 11:25,14.4
07/06/06 11:30,11.6
07/06/06 11:35,9.1
07/06/06 11:40,7.8
07/06/06 11:45,10.5
07/06/06 11:50,14.9
07/06/06 11:55,19.8
07/06/06 12:00,23.3
07/06/06 12:05,25.5
07/06/06 12:10,26.5
07/06/06 12:15,22.4
07/06/06 12:20,17.9
07/06/06 12:25,15.5
07/06/06 12:30,14.4
07/06/06 12:35,13.6
07/06/06 12:40,13.8
07/06/06 12:45,14.5
07/06/06 12:50,15.1
07/06/06 12:55,15.0
07/06/06 13:00,15.1
07/06/06 13:05,14.9
07/06/06 13:10,14.9
07/06/06 13:15,13.3
07/06/06 13:20,10.9
07/06/06 13:25,9.8
07/06/06 13:30,9.5
07/06/06 13:35,9.7
07/06/06 13:40,10.2
07/06/06 13:45,11.1
07/06/06 13:50,12.1
07/06/06 13:55,12.8
07/06/06 14:00,13.7
07/06/06 14:05,14.4
07/06/06 14:10,15.1
07/06/06 14:15,15.4
07/06/06 14:20,15.4
07/06/06 14:25,15.5
07/06/06 14:30,15.3
07/06/06 14:35,14.9
07/06/06 14:40,14.0
07/06/06 14:45,12.6
07/06/06 14:50,12.0
07/06/06 14:55,11.8
07/06/06 15:00,11.4
07/06/06 15:05,10.7
07/06/06 15:10,9.6
07/06/06 15:15,9.8
07/06/06 15:20,10.9
07/06/06 15:25,11.7
07/06/06 15:30,11.9
07/06/06 15:35,12.0
07/06/06 15:40,11.9
07/06/06 15:45,11.4
07/06/06 15:50,10.6
07/06/06 15:55,9.7
07/06/06 16:00,9.5
07/06/06 16:05,9.2
07/06/06 16:10,8.8
07/06/06 16:15,7.9
07/06/06 16:20,6.6
07/06/06 16:25,5.8
07/06/06 16:30,5.2
07/06/06 16:35,4.7
07/06/06 16:40,4.3
07/06/06 16:45,4.0
07/06/06 16:50,3.7
07/06/06 16:55,2.9
07/06/06 17:00,1.9
07/06/06 17:05,1.1
07/06/06 17:10,0.7
07/06/06 17:15,0.6
07/06/06 17:20,0.4
07/06/06 17:25,0.4
07/06/06 17:30,0.6
07/06/06 17:35,0.6
07/06/06 17:40,0.5
07/06/06 17:45,0.2
07/06/06 17:50,0.2
07/06/06 17:55,0.1
07/06/06 18:00,0.1
07/06/06 18:05,0.0
07/06/06 18:10,0.0
07/06/06 18:15,0.0
07/06/06 18:20,0.0
07/06/06 18:25,0.0
07/06/06 18:30,0.0
07/06/06 18:35,0.0
07/06/06 18:40,0.0
07/06/06 18:45,0.0
07/06/06 18:50,0.0
07/06/06 18:55,0.0
07/06/06 19:00,0.0
07/06/06 19:05,0.0
07/06/06 19:10,0.0
07/06/06 19:15,0.0
07/06/06 19:20,0.0
07/06/06 19:25,0.0
07/06/06 19:30,0.0
07/06/06 19:35,0.0
07/06/06 19:40,0.0
07/06/06 19:45,0.0
07/06/06 19:50,0.0
07/06/06 19:55,0.0
07/06/06 20:00,0.0
07/06/06 20:05,0.0
07/06/06 20:10,0.0
07/06/06 20:15,0.0
07/06/06 20:20,0.0
07/06/06 20:25,0.0
07/06/06 20:30,0.0
07/06/06 20:35,0.0
07/06/06 20:40,0.0
07/06/06 20:45,0.0
07/06/06 20:50,0.0
07/06/06 20:55,0.0
07/06/06 21:00,0.0
07/06/06 21:05,0.0
07/06/06 21:10,0.0
07/06/06 21:15,0.0
07/06/06 21:20,0.0
07/06/06 21:25,0.0
07/06/06 21:30,0.0
07/06/06 21:35,0.0
07/06/06 21:40,0.0
07/06/06 21:45,0.0
07/06/06 21:50,0.0
07/06/06 21:55,0.0
07/06/06 22:00,0.0
07/06/06 22:05,0.0
07/06/06 22:10,0.0
07/06/06 22:15,0.0
07/06/06 22:20,0.0
07/06/06 22:25,0.0
07/06/06 22:30,0.0
07/06/06 22:35,0.0
07/06/06 22:40,0.0
07/06/06 22:45,0.0
07/06/06 22:50,0.0
07/06/06 22:55,0.0
07/06/06 23:00,0.0
07/06/06 23:05,0.0
07/06/06 23:10,0.0
07/06/06 23:15,0.0
07/06/06 23:20,0.0
07/06/06 23:25,0.0
07/06/06 23:30,0.0
07/06/06 23:35,0.0
07/06/06 23:40,0.0
07/06/06 23:45,0.0
07/06/06 23:50,0.0
07/06/06 23:55,0.0
07/07/06 00:00,0.0
07/07/06 00:05,0.0
07/07/06 00:10,0.0
07/07/06 00:15,0.0
07/07/06 00:20,0.0
07/07/06 00:25,0.0
07/07/06 00:30,0.0
07/07/06 00:35,0.0
07/07/06 00:40,0.0
07/07/06 00:45,0.0
07/07/06 00:50,0.0
07/07/06 00:55,0.0
07/07/06 01:00,0.0
07/07/06 01:05,0.0
07/07/06 01:10,0.0
07/07/06 01:15,0.0
07/07/06 01:20,0.0
07/07/06 01:25,0.0
07/07/06 01:30,0.0
07/07/06 01:35,0.0
07/07/06 01:40,0.0
07/07/06 01:45,0.0
07/07/06 01:50,0.0
07/07/06 01:55,0.0
07/07/06 02:00,0.0
07/07/06 02:05,0.0
07/07/06 02:10,0.0
07/07/06 02:15,0.0
07/07/06 02:20,0.0
07/07/06 02:25,0.0
07/07/06 02:30,0.0
07/07/06 02:35,0.0
07/07/06 02:40,0.0
07/07/06 02:45,0.0
07/07/06 02:50,0.0
07/07/06 02:55,0.0
07/07/06 03:00,0.0
07/07/06 03:05,0.0
07/07/06 03:10,0.0
07/07/06 03:15,0.0
07/07/06 03:20,0.0
07/07/06 03:25,0.0
07/07/06 03:30,0.0
07/07/06 03:35,0.0
07/07/06 03:40,0.0
07/07/06 03:45,0.0
07/07/06 03:50,0.0
07/07/06 03:55,0.0
07/07/06 04:00,0.0
07/07/06 04:05,0.0
07/07/06 04:10,0.0
07/07/06 04:15,0.0
07/07/06 04:20,0.0
07/07/06 04:25,0.0
07/07/06 04:30,0.0
07/07/06 04:35,0.0
07/07/06 04:40,0.0
07/07/06 04:45,0.0
07/07/06 04:50,0.0
07/07/06 04:55,0.0
07/07/06 05:00,0.0
07/07/06 05:05,0.0
07/07/06 05:10,0.0
07/07/06 05:15,0.0
07/07/06 05:20,0.0
07/07/06 05:25,0.0
07/07/06 05:30,0.0
07/07/06 05:35,0.0
07/07/06 05:40,0.1
07/07/06 05:45,0.2
07/07/06 05:50,0.3
07/07/06 05:55,0.7
07/07/06 06:00,1.3
07/07/06 06:05,2.2
07/07/06 06:10,3.2
07/07/06 06:15,3.5
07/07/06 06:20,3.6
07/07/06 06:25,3.7
07/07/06 06:30,3.9
07/07/06 06:35,4.1
07/07/06 06:40,4.4
07/07/06 06:45,4.6
07/07/06 06:50,4.9
07/07/06 06:55,5.6
07/07/06 07:00,6.3
07/07/06 07:05,6.6
07/07/06 07:10,6.8
07/07/06 07:15,7.8
07/07/06 07:20,9.6
07/07/06 07:25,10.9
07/07/06 07:30,12.1
07/07/06 07:35,13.0
07/07/06 07:40,13.7
07/07/06 07:45,14.3
07/07/06 07:50,14.7
07/07/06 07:55,15.1
07/07/06 08:00,15.3
07/07/06 08:05,15.3
07/07/06 08:10,15.3
07/07/06 08:15,15.4
07/07/06 08:20,15.8
07/07/06 08:25,16.2
07/07/06 08:30,16.7
07/07/06 08:35,17.4
07/07/06 08:40,17.9
07/07/06 08:45,18.4
07/07/06 08:50,18.8
07/07/06 08:55,19.3
07/07/06 09:00,19.7
07/07/06 09:05,20.2
07/07/06 09:10,20.8
07/07/06 09:15,21.2
07/07/06 09:20,21.3
07/07/06 09:25,21.4
07/07/06 09:30,21.5
07/07/06 09:35,21.7
07/07/06 09:40,21.7
07/07/06 09:45,21.7
07/07/06 09:50,21.8
07/07/06 09:55,21.7
07/07/06 10:00,21.8
07/07/06 10:05,21.8
07/07/06 10:10,21.8
07/07/06 10:15,22.2
07/07/06 10:20,21.3
07/07/06 10:25,20.0
07/07/06 10:30,16.3
07/07/06 10:35,16.6
07/07/06 10:40,16.3
07/07/06 10:45,16.9
07/07/06 10:50,18.2
07/07/06 10:55,19.5
07/07/06 11:00,19.6
07/07/06 11:05,18.6
07/07/06 11:10,17.4
07/07/06 11:15,18.5
07/07/06 11:20,19.7
07/07/06 11:25,18.3
07/07/06 11:30,18.5
07/07/06 11:35,20.4
07/07/06 11:40,21.6
07/07/06 11:45,21.8
07/07/06 11:50,21.9
07/07/06 11:55,20.7
07/07/06 12:00,19.7
07/07/06 12:05,22.0
07/07/06 12:10,24.4
07/07/06 12:15,24.5
07/07/06 12:20,24.1
07/07/06 12:25,23.1
07/07/06 12:30,21.9
07/07/06 12:35,21.5
07/07/06 12:40,19.5
07/07/06 12:45,16.2
07/07/06 12:50,15.0
07/07/06 12:55,17.6
07/07/06 13:00,19.7
07/07/06 13:05,20.3
07/07/06 13:10,17.6
07/07/06 13:15,15.0
07/07/06 13:20,13.4
07/07/06 13:25,13.0
07/07/06 13:30,13.2
07/07/06 13:35,13.7
07/07/06 13:40,14.4
07/07/06 13:45,15.4
07/07/06 13:50,16.2
07/07/06 13:55,16.8
07/07/06 14:00,17.3
07/07/06 14:05,17.7
07/07/06 14:10,18.1
07/07/06 14:15,18.4
07/07/06 14:20,18.6
07/07/06 14:25,17.1
07/07/06 14:30,15.2
07/07/06 14:35,14.4
07/07/06 14:40,12.4
07/07/06 14:45,13.2
07/07/06 14:50,12.4
07/07/06 14:55,11.7
07/07/06 15:00,9.5
07/07/06 15:05,9.3
07/07/06 15:10,11.0
07/07/06 15:15,12.1
07/07/06 15:20,12.6
07/07/06 15:25,12.3
07/07/06 15:30,12.7
07/07/06 15:35,12.8
07/07/06 15:40,12.6
07/07/06 15:45,12.2
07/07/06 15:50,12.4
07/07/06 15:55,11.8
07/07/06 16:00,11.8
07/07/06 16:05,11.7
07/07/06 16:10,11.2
07/07/06 16:15,10.8
07/07/06 16:20,10.2
07/07/06 16:25,9.3
07/07/06 16:30,9.0
07/07/06 16:35,7.5
07/07/06 16:40,5.9
07/07/06 16:45,4.9
07/07/06 16:50,4.3
07/07/06 16:55,3.9
07/07/06 17:00,4.0
07/07/06 17:05,4.4
07/07/06 17:10,4.5
07/07/06 17:15,4.0
07/07/06 17:20,3.5
07/07/06 17:25,2.2
07/07/06 17:30,1.6
07/07/06 17:35,1.0
07/07/06 17:40,0.6
07/07/06 17:45,0.3
07/07/06 17:50,0.2
07/07/06 17:55,0.2
07/07/06 18:00,0.1
07/07/06 18:05,0.1
07/07/06 18:10,0.1
07/07/06 18:15,0.0
07/07/06 18:20,0.0
07/07/06 18:25,0.0
07/07/06 18:30,0.0
07/07/06 18:35,0.0
07/07/06 18:40,0.0
07/07/06 18:45,0.0
07/07/06 18:50,0.0
07/07/06 18:55,0.0
07/07/06 19:00,0.0
07/07/06 19:05,0.0
07/07/06 19:10,0.0
07/07/06 19:15,0.0
07/07/06 19:20,0.0
07/07/06 19:25,0.0
07/07/06 19:30,0.0
07/07/06 19:35,0.0
07/07/06 19:40,0.0
07/07/06 19:45,0.0
07/07/06 19:50,0.0
07/07/06 19:55,0.0
07/07/06 20:00,0.0
07/07/06 20:05,0.0
07/07/06 20:10,0.0
07/07/06 20:15,0.0
07/07/06 20:20,0.0
07/07/06 20:25,0.0
07/07/06 20:30,0.0
07/07/06 20:35,0.0
07/07/06 20:40,0.0
07/07/06 20:45,0.0
07/07/06 20:50,0.0
07/07/06 20:55,0.0
07/07/06 21:00,0.0
07/07/06 21:05,0.0
07/07/06 21:10,0.0
07/07/06 21:15,0.0
07/07/06 21:20,0.0
07/07/06 21:25,0.0
07/07/06 21:30,0.0
07/07/06 21:35,0.0
07/07/06 21:40,0.0
07/07/06 21:45,0.0
07/07/06 21:50,0.0
07/07/06 21:55,0.0
07/07/06 22:00,0.0
07/07/06 22:05,0.0
07/07/06 22:10,0.0
07/07/06 22:15,0.0
07/07/06 22:20,0.0
07/07/06 22:25,0.0
07/07/06 22:30,0.0
07/07/06 22:35,0.0
07/07/06 22:40,0.0
07/07/06 22:45,0.0
07/07/06 22:50,0.0
07/07/06 22:55,0.0
07/07/06 23:00,0.0
07/07/06 23:05,0.0
07/07/06 23:10,0.0
07/07/06 23:15,0.0
07/07/06 23:20,0.0
07/07/06 23:25,0.0
07/07/06 23:30,0.0
07/07/06 23:35,0.0
07/07/06 23:40,0.0
07/07/06 23:45,0.0
07/07/06 23:50,0.0
07/07/06 23:55,0.0
07/08/06 00:00,0.0
07/08/06 00:05,0.0
07/08/06 00:10,0.0
07/08/06 00:15,0.0
07/08/06 00:20,0.0
07/08/06 00:25,0.0
07/08/06 00:30,0.0
07/08/06 00:35,0.0
07/08/06 00:40,0.0
07/08/06 00:45,0.0
07/08/06 00:50,0.0
07/08/06 00:55,0.0
07/08/06 01:00,0.0
07/08/06 01:05,0.0
07/08/06 01:10,0.0
07/08/06 01:15,0.0
07/08/06 01:20,0.0
07/08/06 01:25,0.0
07/08/06 01:30,0.0
07/08/06 01:35,0.0
07/08/06 01:40,0.0
07/08/06 01:45,0.0
07/08/06 01:50,0.0
07/08/06 01:55,0.0
07/08/06 02:00,0.0
07/08/06 02:05,0.0
07/08/06 02:10,0.0
07/08/06 02:15,0.0
07/08/06 02:20,0.0
07/08/06 02:25,0.0
07/08/06 02:30,0.0
07/08/06 02:35,0.0
07/08/06 02:40,0.0
07/08/06 02:45,0.0
07/08/06 02:50,0.0
07/08/06 02:55,0.0
07/08/06 03:00,0.0
07/08/06 03:05,0.0
07/08/06 03:10,0.0
07/08/06 03:15,0.0
07/08/06 03:20,0.0
07/08/06 03:25,0.0
07/08/06 03:30,0.0
07/08/06 03:35,0.0
07/08/06 03:40,0.0
07/08/06 03:45,0.0
07/08/06 03:50,0.0
07/08/06 03:55,0.0
07/08/06 04:00,0.0
07/08/06 04:05,0.0
07/08/06 04:10,0.0
07/08/06 04:15,0.0
07/08/06 04:20,0.0
07/08/06 04:25,0.0
07/08/06 04:30,0.0
07/08/06 04:35,0.0
07/08/06 04:40,0.0
07/08/06 04:45,0.0
07/08/06 04:50,0.0
07/08/06 04:55,0.0
07/08/06 05:00,0.0
07/08/06 05:05,0.0
07/08/06 05:10,0.0
07/08/06 05:15,0.0
07/08/06 05:20,0.0
07/08/06 05:25,0.0
07/08/06 05:30,0.0
07/08/06 05:35,0.0
07/08/06 05:40,0.1
07/08/06 05:45,0.1
07/08/06 05:50,0.2
07/08/06 05:55,0.4
07/08/06 06:00,0.8
07/08/06 06:05,1.3
07/08/06 06:10,2.2
07/08/06 06:15,3.3
07/08/06 06:20,3.8
07/08/06 06:25,4.1
07/08/06 06:30,4.5
07/08/06 06:35,4.9
07/08/06 06:40,5.3
07/08/06 06:45,5.7
07/08/06 06:50,6.1
07/08/06 06:55,6.5
07/08/06 07:00,7.0
07/08/06 07:05,7.5
07/08/06 07:10,8.0
07/08/06 07:15,8.4
07/08/06 07:20,8.9
07/08/06 07:25,9.3
07/08/06 07:30,9.8
07/08/06 07:35,10.3
07/08/06 07:40,10.8
07/08/06 07:45,11.2
07/08/06 07:50,11.9
07/08/06 07:55,12.5
07/08/06 08:00,13.0
07/08/06 08:05,13.6
07/08/06 08:10,14.1
07/08/06 08:15,14.7
07/08/06 08:20,15.4
07/08/06 08:25,16.1
07/08/06 08:30,16.6
07/08/06 08:35,17.0
07/08/06 08:40,17.4
07/08/06 08:45,17.8
07/08/06 08:50,18.2
07/08/06 08:55,18.6
07/08/06 09:00,19.1
07/08/06 09:05,19.5
07/08/06 09:10,20.0
07/08/06 09:15,20.3
07/08/06 09:20,19.6
07/08/06 09:25,19.7
07/08/06 09:30,19.3
07/08/06 09:35,19.3
07/08/06 09:40,19.7
07/08/06 09:45,20.1
07/08/06 09:50,20.8
07/08/06 09:55,20.8
07/08/06 10:00,21.3
07/08/06 10:05,21.5
07/08/06 10:10,21.2
07/08/06 10:15,21.5
07/08/06 10:20,22.3
07/08/06 10:25,22.8
07/08/06 10:30,22.7
07/08/06 10:35,22.0
07/08/06 10:40,22.7
07/08/06 10:45,23.5
07/08/06 10:50,24.3
07/08/06 10:55,25.0
07/08/06 11:00,25.5
07/08/06 11:05,25.7
07/08/06 11:10,25.6
07/08/06 11:15,24.7
07/08/06 11:20,24.5
07/08/06 11:25,24.4
07/08/06 11:30,22.8
07/08/06 11:35,21.6
07/08/06 11:40,21.4
07/08/06 11:45,21.8
07/08/06 11:50,22.6
07/08/06 11:55,21.5
07/08/06 12:00,22.4
07/08/06 12:05,21.0
07/08/06 12:10,16.4
07/08/06 12:15,18.8
07/08/06 12:20,20.2
07/08/06 12:25,21.6
07/08/06 12:30,21.4
07/08/06 12:35,20.3
07/08/06 12:40,20.7
07/08/06 12:45,22.4
07/08/06 12:50,23.1
07/08/06 12:55,20.9
07/08/06 13:00,18.7
07/08/06 13:05,15.8
07/08/06 13:10,11.5
07/08/06 13:15,12.3
07/08/06 13:20,14.2
07/08/06 13:25,15.3
07/08/06 13:30,15.4
07/08/06 13:35,15.6
07/08/06 13:40,15.2
07/08/06 13:45,15.3
07/08/06 13:50,14.6
07/08/06 13:55,14.2
07/08/06 14:00,14.0
07/08/06 14:05,13.3
07/08/06 14:10,13.0
07/08/06 14:15,13.0
07/08/06 14:20,11.8
07/08/06 14:25,11.5
07/08/06 14:30,12.4
07/08/06 14:35,13.7
07/08/06 14:40,12.8
07/08/06 14:45,11.1
07/08/06 14:50,9.1
07/08/06 14:55,7.9
07/08/06 15:00,7.1
07/08/06 15:05,6.6
07/08/06 15:10,6.3
07/08/06 15:15,7.2
07/08/06 15:20,7.9
07/08/06 15:25,7.8
07/08/06 15:30,7.5
07/08/06 15:35,7.2
07/08/06 15:40,6.0
07/08/06 15:45,4.1
07/08/06 15:50,3.6
07/08/06 15:55,4.0
07/08/06 16:00,5.1
07/08/06 16:05,6.9
07/08/06 16:10,7.5
07/08/06 16:15,7.7
07/08/06 16:20,8.1
07/08/06 16:25,8.4
07/08/06 16:30,8.8
07/08/06 16:35,8.8
07/08/06 16:40,8.8
07/08/06 16:45,8.7
07/08/06 16:50,8.4
07/08/06 16:55,8.0
07/08/06 17:00,7.6
07/08/06 17:05,7.2
07/08/06 17:10,6.7
07/08/06 17:15,5.8
07/08/06 17:20,4.8
07/08/06 17:25,4.1
07/08/06 17:30,3.3
07/08/06 17:35,2.0
07/08/06 17:40,1.5
07/08/06 17:45,1.0
07/08/06 17:50,0.7
07/08/06 17:55,0.4
07/08/06 18:00,0.2
07/08/06 18:05,0.1
07/08/06 18:10,0.0
07/08/06 18:15,0.0
07/08/06 18:20,0.0
07/08/06 18:25,0.0
07/08/06 18:30,0.0
07/08/06 18:35,0.0
07/08/06 18:40,0.0
07/08/06 18:45,0.0
07/08/06 18:50,0.0
07/08/06 18:55,0.0
07/08/06 19:00,0.0
07/08/06 19:05,0.0
07/08/06 19:10,0.0
07/08/06 19:15,0.0
07/08/06 19:20,0.0
07/08/06 19:25,0.0
07/08/06 19:30,0.0
07/08/06 19:35,0.0
07/08/06 19:40,0.0
07/08/06 19:45,0.0
07/08/06 19:50,0.0
07/08/06 19:55,0.0
07/08/06 20:00,0.0
07/08/06 20:05,0.0
07/08/06 20:10,0.0
07/08/06 20:15,0.0
07/08/06 20:20,0.0
07/08/06 20:25,0.0
07/08/06 20:30,0.0
07/08/06 20:35,0.0
07/08/06 20:40,0.0
07/08/06 20:45,0.0
07/08/06 20:50,0.0
07/08/06 20:55,0.0
07/08/06 21:00,0.0
07/08/06 21:05,0.0
07/08/06 21:10,0.0
07/08/06 21:15,0.0
07/08/06 21:20,0.0
07/08/06 21:25,0.0
07/08/06 21:30,0.0
07/08/06 21:35,0.0
07/08/06 21:40,0.0
07/08/06 21:45,0.0
07/08/06 21:50,0.0
07/08/06 21:55,0.0
07/08/06 22:00,0.0
07/08/06 22:05,0.0
07/08/06 22:10,0.0
07/08/06 22:15,0.0
07/08/06 22:20,0.0
07/08/06 22:25,0.0
07/08/06 22:30,0.0
07/08/06 22:35,0.0
07/08/06 22:40,0.0
07/08/06 22:45,0.0
07/08/06 22:50,0.0
07/08/06 22:55,0.0
07/08/06 23:00,0.0
07/08/06 23:05,0.0
07/08/06 23:10,0.0
07/08/06 23:15,0.0
07/08/06 23:20,0.0
07/08/06 23:25,0.0
07/08/06 23:30,0.0
07/08/06 23:35,0.0
07/08/06 23:40,0.0
07/08/06 23:45,0.0
07/08/06 23:50,0.0
07/08/06 23:55,0.0
07/09/06 00:00,0.0
07/09/06 00:05,0.0
07/09/06 00:10,0.0
07/09/06 00:15,0.0
07/09/06 00:20,0.0
07/09/06 00:25,0.0
07/09/06 00:30,0.0
07/09/06 00:35,0.0
07/09/06 00:40,0.0
07/09/06 00:45,0.0
07/09/06 00:50,0.0
07/09/06 00:55,0.0
07/09/06 01:00,0.0
07/09/06 01:05,0.0
07/09/06 01:10,0.0
07/09/06 01:15,0.0
07/09/06 01:20,0.0
07/09/06 01:25,0.0
07/09/06 01:30,0.0
07/09/06 01:35,0.0
07/09/06 01:40,0.0
07/09/06 01:45,0.0
07/09/06 01:50,0.0
07/09/06 01:55,0.0
07/09/06 02:00,0.0
07/09/06 02:05,0.0
07/09/06 02:10,0.0
07/09/06 02:15,0.0
07/09/06 02:20,0.0
07/09/06 02:25,0.0
07/09/06 02:30,0.0
07/09/06 02:35,0.0
07/09/06 02:40,0.0
07/09/06 02:45,0.0
07/09/06 02:50,0.0
07/09/06 02:55,0.0
07/09/06 03:00,0.0
07/09/06 03:05,0.0
07/09/06 03:10,0.0
07/09/06 03:15,0.0
07/09/06 03:20,0.0
07/09/06 03:25,0.0
07/09/06 03:30,0.0
07/09/06 03:35,0.0
07/09/06 03:40,0.0
07/09/06 03:45,0.0
07/09/06 03:50,0.0
07/09/06 03:55,0.0
07/09/06 04:00,0.0
07/09/06 04:05,0.0
07/09/06 04:10,0.0
07/09/06 04:15,0.0
07/09/06 04:20,0.0
07/09/06 04:25,0.0
07/09/06 04:30,0.0
07/09/06 04:35,0.0
07/09/06 04:40,0.0
07/09/06 04:45,0.0
07/09/06 04:50,0.0
07/09/06 04:55,0.0
07/09/06 05:00,0.0
07/09/06 05:05,0.0
07/09/06 05:10,0.0
07/09/06 05:15,0.0
07/09/06 05:20,0.0
07/09/06 05:25,0.0
07/09/06 05:30,0.0
07/09/06 05:35,0.0
07/09/06 05:40,0.0
07/09/06 05:45,0.1
07/09/06 05:50,0.1
07/09/06 05:55,0.2
07/09/06 06:00,0.3
07/09/06 06:05,0.4
07/09/06 06:10,0.7
07/09/06 06:15,1.0
07/09/06 06:20,1.6
07/09/06 06:25,2.3
07/09/06 06:30,3.4
07/09/06 06:35,3.8
07/09/06 06:40,4.2
07/09/06 06:45,4.7
07/09/06 06:50,5.1
07/09/06 06:55,5.5
07/09/06 07:00,6.1
07/09/06 07:05,6.7
07/09/06 07:10,7.6
07/09/06 07:15,8.3
07/09/06 07:20,8.9
07/09/06 07:25,9.5
07/09/06 07:30,10.0
07/09/06 07:35,10.5
07/09/06 07:40,10.9
07/09/06 07:45,11.3
07/09/06 07:50,11.9
07/09/06 07:55,12.5
07/09/06 08:00,13.0
07/09/06 08:05,13.5
07/09/06 08:10,14.0
07/09/06 08:15,14.5
07/09/06 08:20,14.9
07/09/06 08:25,15.5
07/09/06 08:30,16.0
07/09/06 08:35,16.6
07/09/06 08:40,17.1
07/09/06 08:45,17.5
07/09/06 08:50,17.9
07/09/06 08:55,18.3
07/09/06 09:00,18.7
07/09/06 09:05,19.1
07/09/06 09:10,19.5
07/09/06 09:15,19.8
07/09/06 09:20,20.0
07/09/06 09:25,20.3
07/09/06 09:30,20.4
07/09/06 09:35,20.1
07/09/06 09:40,19.8
07/09/06 09:45,19.7
07/09/06 09:50,19.4
07/09/06 09:55,19.6
07/09/06 10:00,19.4
07/09/06 10:05,19.7
07/09/06 10:10,19.7
07/09/06 10:15,20.5
07/09/06 10:20,22.5
07/09/06 10:25,23.8
07/09/06 10:30,23.9
07/09/06 10:35,24.3
07/09/06 10:40,24.7
07/09/06 10:45,25.4
07/09/06 10:50,26.0
07/09/06 10:55,25.4
07/09/06 11:00,23.8
07/09/06 11:05,22.2
07/09/06 11:10,22.2
07/09/06 11:15,23.3
07/09/06 11:20,24.0
07/09/06 11:25,24.4
07/09/06 11:30,25.0
07/09/06 11:35,25.3
07/09/06 11:40,25.6
07/09/06 11:45,26.1
07/09/06 11:50,26.5
07/09/06 11:55,26.6
07/09/06 12:00,26.7
07/09/06 12:05,26.5
07/09/06 12:10,26.2
07/09/06 12:15,25.9
07/09/06 12:20,25.9
07/09/06 12:25,25.8
07/09/06 12:30,25.7
07/09/06 12:35,25.6
07/09/06 12:40,25.6
07/09/06 12:45,25.6
07/09/06 12:50,25.6
07/09/06 12:55,25.5
07/09/06 13:00,25.4
07/09/06 13:05,25.3
07/09/06 13:10,25.0
07/09/06 13:15,24.4
07/09/06 13:20,23.6
07/09/06 13:25,22.8
07/09/06 13:30,22.0
07/09/06 13:35,21.4
07/09/06 13:40,20.7
07/09/06 13:45,19.8
07/09/06 13:50,19.2
07/09/06 13:55,18.5
07/09/06 14:00,17.8
07/09/06 14:05,17.3
07/09/06 14:10,16.8
07/09/06 14:15,16.7
07/09/06 14:20,17.4
07/09/06 14:25,16.6
07/09/06 14:30,16.1
07/09/06 14:35,18.4
07/09/06 14:40,19.9
07/09/06 14:45,17.0
07/09/06 14:50,12.8
07/09/06 14:55,13.8
07/09/06 15:00,15.2
07/09/06 15:05,16.8
07/09/06 15:10,17.1
07/09/06 15:15,15.4
07/09/06 15:20,13.7
07/09/06 15:25,13.0
07/09/06 15:30,13.1
07/09/06 15:35,13.2
07/09/06 15:40,13.0
07/09/06 15:45,12.5
07/09/06 15:50,11.7
07/09/06 15:55,10.8
07/09/06 16:00,10.3
07/09/06 16:05,9.9
07/09/06 16:10,9.6
07/09/06 16:15,9.5
07/09/06 16:20,9.4
07/09/06 16:25,8.9
07/09/06 16:30,8.4
07/09/06 16:35,8.0
07/09/06 16:40,7.7
07/09/06 16:45,7.4
07/09/06 16:50,7.1
07/09/06 16:55,6.5
07/09/06 17:00,5.8
07/09/06 17:05,5.0
07/09/06 17:10,4.4
07/09/06 17:15,4.1
07/09/06 17:20,4.1
07/09/06 17:25,3.8
07/09/06 17:30,2.7
07/09/06 17:35,1.7
07/09/06 17:40,1.4
07/09/06 17:45,1.0
07/09/06 17:50,0.6
07/09/06 17:55,0.3
07/09/06 18:00,0.2
07/09/06 18:05,0.1
07/09/06 18:10,0.1
07/09/06 18:15,0.0
07/09/06 18:20,0.0
07/09/06 18:25,0.0
07/09/06 18:30,0.0
07/09/06 18:35,0.0
07/09/06 18:40,0.0
07/09/06 18:45,0.0
07/09/06 18:50,0.0
07/09/06 18:55,0.0
07/09/06 19:00,0.0
07/09/06 19:05,0.0
07/09/06 19:10,0.0
07/09/06 19:15,0.0
07/09/06 19:20,0.0
07/09/06 19:25,0.0
07/09/06 19:30,0.0
07/09/06 19:35,0.0
07/09/06 19:40,0.0
07/09/06 19:45,0.0
07/09/06 19:50,0.0
07/09/06 19:55,0.0
07/09/06 20:00,0.0
07/09/06 20:05,0.0
07/09/06 20:10,0.0
07/09/06 20:15,0.0
07/09/06 20:20,0.0
07/09/06 20:25,0.0
07/09/06 20:30,0.0
07/09/06 20:35,0.0
07/09/06 20:40,0.0
07/09/06 20:45,0.0
07/09/06 20:50,0.0
07/09/06 20:55,0.0
07/09/06 21:00,0.0
07/09/06 21:05,0.0
07/09/06 21:10,0.0
07/09/06 21:15,0.0
07/09/06 21:20,0.0
07/09/06 21:25,0.0
07/09/06 21:30,0.0
07/09/06 21:35,0.0
07/09/06 21:40,0.0
07/09/06 21:45,0.0
07/09/06 21:50,0.0
07/09/06 21:55,0.0
07/09/06 22:00,0.0
07/09/06 22:05,0.0
07/09/06 22:10,0.0
07/09/06 22:15,0.0
07/09/06 22:20,0.0
07/09/06 22:25,0.0
07/09/06 22:30,0.0
07/09/06 22:35,0.0
07/09/06 22:40,0.0
07/09/06 22:45,0.0
07/09/06 22:50,0.0
07/09/06 22:55,0.0
07/09/06 23:00,0.0
07/09/06 23:05,0.0
07/09/06 23:10,0.0
07/09/06 23:15,0.0
07/09/06 23:20,0.0
07/09/06 23:25,0.0
07/09/06 23:30,0.0
07/09/06 23:35,0.0
07/09/06 23:40,0.0
07/09/06 23:45,0.0
07/09/06 23:50,0.0
07/09/06 23:55,0.0
07/10/06 00:00,0.0
07/10/06 00:05,0.0
07/10/06 00:10,0.0
07/10/06 00:15,0.0
07/10/06 00:20,0.0
07/10/06 00:25,0.0
07/10/06 00:30,0.0
07/10/06 00:35,0.0
07/10/06 00:40,0.0
07/10/06 00:45,0.0
07/10/06 00:50,0.0
07/10/06 00:55,0.0
07/10/06 01:00,0.0
07/10/06 01:05,0.0
07/10/06 01:10,0.0
07/10/06 01:15,0.0
07/10/06 01:20,0.0
07/10/06 01:25,0.0
07/10/06 01:30,0.0
07/10/06 01:35,0.0
07/10/06 01:40,0.0
07/10/06 01:45,0.0
07/10/06 01:50,0.0
07/10/06 01:55,0.0
07/10/06 02:00,0.0
07/10/06 02:05,0.0
07/10/06 02:10,0.0
07/10/06 02:15,0.0
07/10/06 02:20,0.0
07/10/06 02:25,0.0
07/10/06 02:30,0.0
07/10/06 02:35,0.0
07/10/06 02:40,0.0
07/10/06 02:45,0.0
07/10/06 02:50,0.0
07/10/06 02:55,0.0
07/10/06 03:00,0.0
07/10/06 03:05,0.0
07/10/06 03:10,0.0
07/10/06 03:15,0.0
07/10/06 03:20,0.0
07/10/06 03:25,0.0
07/10/06 03:30,0.0
07/10/06 03:35,0.0
07/10/06 03:40,0.0
07/10/06 03:45,0.0
07/10/06 03:50,0.0
07/10/06 03:55,0.0
07/10/06 04:00,0.0
07/10/06 04:05,0.0
07/10/06 04:10,0.0
07/10/06 04:15,0.0
07/10/06 04:20,0.0
07/10/06 04:25,0.0
07/10/06 04:30,0.0
07/10/06 04:35,0.0
07/10/06 04:40,0.0
07/10/06 04:45,0.0
07/10/06 04:50,0.0
07/10/06 04:55,0.0
07/10/06 05:00,0.0
07/10/06 05:05,0.0
07/10/06 05:10,0.0
07/10/06 05:15,0.0
07/10/06 05:20,0.0
07/10/06 05:25,0.0
07/10/06 05:30,0.0
07/10/06 05:35,0.0
07/10/06 05:40,0.1
07/10/06 05:45,0.1
07/10/06 05:50,0.2
07/10/06 05:55,0.4
07/10/06 06:00,0.7
07/10/06 06:05,1.2
07/10/06 06:10,2.2
07/10/06 06:15,2.9
07/10/06 06:20,3.5
07/10/06 06:25,3.7
07/10/06 06:30,4.0
07/10/06 06:35,4.3
07/10/06 06:40,4.5
07/10/06 06:45,4.6
07/10/06 06:50,4.8
07/10/06 06:55,5.3
07/10/06 07:00,6.0
07/10/06 07:05,6.5
07/10/06 07:10,7.2
07/10/06 07:15,7.7
07/10/06 07:20,8.1
07/10/06 07:25,8.7
07/10/06 07:30,9.2
07/10/06 07:35,9.8
07/10/06 07:40,10.3
07/10/06 07:45,10.9
07/10/06 07:50,11.5
07/10/06 07:55,12.1
07/10/06 08:00,12.7
07/10/06 08:05,13.4
07/10/06 08:10,14.1
07/10/06 08:15,14.6
07/10/06 08:20,15.3
07/10/06 08:25,16.2
07/10/06 08:30,17.0
07/10/06 08:35,17.5
07/10/06 08:40,18.1
07/10/06 08:45,19.1
07/10/06 08:50,19.9
07/10/06 08:55,20.7
07/10/06 09:00,21.4
07/10/06 09:05,21.9
07/10/06 09:10,22.1
07/10/06 09:15,21.6
07/10/06 09:20,21.0
07/10/06 09:25,20.7
07/10/06 09:30,20.6
07/10/06 09:35,20.6
07/10/06 09:40,20.7
07/10/06 09:45,20.9
07/10/06 09:50,21.0
07/10/06 09:55,21.1
07/10/06 10:00,21.2
07/10/06 10:05,21.4
07/10/06 10:10,21.6
07/10/06 10:15,21.7
07/10/06 10:20,21.9
07/10/06 10:25,22.2
07/10/06 10:30,22.5
07/10/06 10:35,22.9
07/10/06 10:40,23.0
07/10/06 10:45,23.1
07/10/06 10:50,23.4
07/10/06 10:55,23.9
07/10/06 11:00,24.5
07/10/06 11:05,25.0
07/10/06 11:10,25.5
07/10/06 11:15,25.5
07/10/06 11:20,25.7
07/10/06 11:25,25.9
07/10/06 11:30,25.8
07/10/06 11:35,25.7
07/10/06 11:40,25.3
07/10/06 11:45,25.0
07/10/06 11:50,25.7
07/10/06 11:55,26.3
07/10/06 12:00,26.8
07/10/06 12:05,26.9
07/10/06 12:10,27.0
07/10/06 12:15,26.8
07/10/06 12:20,26.0
07/10/06 12:25,25.3
07/10/06 12:30,24.9
07/10/06 12:35,24.7
07/10/06 12:40,24.8
07/10/06 12:45,24.9
07/10/06 12:50,25.1
07/10/06 12:55,25.1
07/10/06 13:00,25.1
07/10/06 13:05,24.9
07/10/06 13:10,24.6
07/10/06 13:15,24.3
07/10/06 13:20,24.1
07/10/06 13:25,24.0
07/10/06 13:30,24.0
07/10/06 13:35,23.9
07/10/06 13:40,23.4
07/10/06 13:45,23.0
07/10/06 13:50,22.5
07/10/06 13:55,21.8
07/10/06 14:00,21.2
07/10/06 14:05,20.5
07/10/06 14:10,19.8
07/10/06 14:15,19.9
07/10/06 14:20,19.8
07/10/06 14:25,19.5
07/10/06 14:30,19.1
07/10/06 14:35,18.9
07/10/06 14:40,18.5
07/10/06 14:45,17.9
07/10/06 14:50,17.4
07/10/06 14:55,17.1
07/10/06 15:00,16.5
07/10/06 15:05,16.0
07/10/06 15:10,15.2
07/10/06 15:15,14.7
07/10/06 15:20,14.7
07/10/06 15:25,14.7
07/10/06 15:30,14.5
07/10/06 15:35,14.2
07/10/06 15:40,13.9
07/10/06 15:45,13.6
07/10/06 15:50,13.3
07/10/06 15:55,13.0
07/10/06 16:00,12.6
07/10/06 16:05,12.3
07/10/06 16:10,11.9
07/10/06 16:15,11.4
07/10/06 16:20,10.6
07/10/06 16:25,10.0
07/10/06 16:30,9.5
07/10/06 16:35,9.0
07/10/06 16:40,8.5
07/10/06 16:45,8.1
07/10/06 16:50,7.8
07/10/06 16:55,7.4
07/10/06 17:00,7.0
07/10/06 17:05,6.6
07/10/06 17:10,6.2
07/10/06 17:15,5.7
07/10/06 17:20,5.1
07/10/06 17:25,4.5
07/10/06 17:30,4.0
07/10/06 17:35,3.6
07/10/06 17:40,2.6
07/10/06 17:45,1.6
07/10/06 17:50,1.0
07/10/06 17:55,0.6
07/10/06 18:00,0.3
07/10/06 18:05,0.2
07/10/06 18:10,0.1
07/10/06 18:15,0.1
07/10/06 18:20,0.0
07/10/06 18:25,0.0
07/10/06 18:30,0.0
07/10/06 18:35,0.0
07/10/06 18:40,0.0
07/10/06 18:45,0.0
07/10/06 18:50,0.0
07/10/06 18:55,0.0
07/10/06 19:00,0.0
07/10/06 19:05,0.0
07/10/06 19:10,0.0
07/10/06 19:15,0.0
07/10/06 19:20,0.0
07/10/06 19:25,0.0
07/10/06 19:30,0.0
07/10/06 19:35,0.0
07/10/06 19:40,0.0
07/10/06 19:45,0.0
07/10/06 19:50,0.0
07/10/06 19:55,0.0
07/10/06 20:00,0.0
07/10/06 20:05,0.0
07/10/06 20:10,0.0
07/10/06 20:15,0.0
07/10/06 20:20,0.0
07/10/06 20:25,0.0
07/10/06 20:30,0.0
07/10/06 20:35,0.0
07/10/06 20:40,0.0
07/10/06 20:45,0.0
07/10/06 20:50,0.0
07/10/06 20:55,0.0
07/10/06 21:00,0.0
07/10/06 21:05,0.0
07/10/06 21:10,0.0
07/10/06 21:15,0.0
07/10/06 21:20,0.0
07/10/06 21:25,0.0
07/10/06 21:30,0.0
07/10/06 21:35,0.0
07/10/06 21:40,0.0
07/10/06 21:45,0.0
07/10/06 21:50,0.0
07/10/06 21:55,0.0
07/10/06 22:00,0.0
07/10/06 22:05,0.0
07/10/06 22:10,0.0
07/10/06 22:15,0.0
07/10/06 22:20,0.0
07/10/06 22:25,0.0
07/10/06 22:30,0.0
07/10/06 22:35,0.0
07/10/06 22:40,0.0
07/10/06 22:45,0.0
07/10/06 22:50,0.0
07/10/06 22:55,0.0
07/10/06 23:00,0.0
07/10/06 23:05,0.0
07/10/06 23:10,0.0
07/10/06 23:15,0.0
07/10/06 23:20,0.0
07/10/06 23:25,0.0
07/10/06 23:30,0.0
07/10/06 23:35,0.0
07/10/06 23:40,0.0
07/10/06 23:45,0.0
07/10/06 23:50,0.0
07/10/06 23:55,0.0
07/11/06 00:00,0.0
07/11/06 00:05,0.0
07/11/06 00:10,0.0
07/11/06 00:15,0.0
07/11/06 00:20,0.0
07/11/06 00:25,0.0
07/11/06 00:30,0.0
07/11/06 00:35,0.0
07/11/06 00:40,0.0
07/11/06 00:45,0.0
07/11/06 00:50,0.0
07/11/06 00:55,0.0
07/11/06 01:00,0.0
07/11/06 01:05,0.0
07/11/06 01:10,0.0
07/11/06 01:15,0.0
07/11/06 01:20,0.0
07/11/06 01:25,0.0
07/11/06 01:30,0.0
07/11/06 01:35,0.0
07/11/06 01:40,0.0
07/11/06 01:45,0.0
07/11/06 01:50,0.0
07/11/06 01:55,0.0
07/11/06 02:00,0.0
07/11/06 02:05,0.0
07/11/06 02:10,0.0
07/11/06 02:15,0.0
07/11/06 02:20,0.0
07/11/06 02:25,0.0
07/11/06 02:30,0.0
07/11/06 02:35,0.0
07/11/06 02:40,0.0
07/11/06 02:45,0.0
07/11/06 02:50,0.0
07/11/06 02:55,0.0
07/11/06 03:00,0.0
07/11/06 03:05,0.0
07/11/06 03:10,0.0
07/11/06 03:15,0.0
07/11/06 03:20,0.0
07/11/06 03:25,0.0
07/11/06 03:30,0.0
07/11/06 03:35,0.0
07/11/06 03:40,0.0
07/11/06 03:45,0.0
07/11/06 03:50,0.0
07/11/06 03:55,0.0
07/11/06 04:00,0.0
07/11/06 04:05,0.0
07/11/06 04:10,0.0
07/11/06 04:15,0.0
07/11/06 04:20,0.0
07/11/06 04:25,0.0
07/11/06 04:30,0.0
07/11/06 04:35,0.0
07/11/06 04:40,0.0
07/11/06 04:45,0.0
07/11/06 04:50,0.0
07/11/06 04:55,0.0
07/11/06 05:00,0.0
07/11/06 05:05,0.0
07/11/06 05:10,0.0
07/11/06 05:15,0.0
07/11/06 05:20,0.0
07/11/06 05:25,0.0
07/11/06 05:30,0.0
07/11/06 05:35,0.0
07/11/06 05:40,0.0
07/11/06 05:45,0.0
07/11/06 05:50,0.1
07/11/06 05:55,0.1
07/11/06 06:00,0.2
07/11/06 06:05,0.2
07/11/06 06:10,0.3
07/11/06 06:15,0.5
07/11/06 06:20,1.1
07/11/06 06:25,2.0
07/11/06 06:30,3.1
07/11/06 06:35,3.7
07/11/06 06:40,4.1
07/11/06 06:45,4.5
07/11/06 06:50,4.9
07/11/06 06:55,5.4
07/11/06 07:00,5.9
07/11/06 07:05,6.3
07/11/06 07:10,6.8
07/11/06 07:15,7.3
07/11/06 07:20,7.9
07/11/06 07:25,8.5
07/11/06 07:30,9.1
07/11/06 07:35,9.8
07/11/06 07:40,10.6
07/11/06 07:45,11.6
07/11/06 07:50,12.6
07/11/06 07:55,13.6
07/11/06 08:00,14.3
07/11/06 08:05,14.8
07/11/06 08:10,15.2
07/11/06 08:15,15.5
07/11/06 08:20,15.7
07/11/06 08:25,16.0
07/11/06 08:30,16.4
07/11/06 08:35,16.8
07/11/06 08:40,17.2
07/11/06 08:45,17.7
07/11/06 08:50,18.1
07/11/06 08:55,18.5
07/11/06 09:00,19.1
07/11/06 09:05,19.7
07/11/06 09:10,20.3
07/11/06 09:15,20.6
07/11/06 09:20,20.7
07/11/06 09:25,20.9
07/11/06 09:30,21.1
07/11/06 09:35,21.3
07/11/06 09:40,21.5
07/11/06 09:45,21.8
07/11/06 09:50,22.0
07/11/06 09:55,22.2
07/11/06 10:00,22.4
07/11/06 10:05,22.7
07/11/06 10:10,23.0
07/11/06 10:15,23.2
07/11/06 10:20,23.4
07/11/06 10:25,23.3
07/11/06 10:30,23.4
07/11/06 10:35,23.5
07/11/06 10:40,23.7
07/11/06 10:45,23.9
07/11/06 10:50,23.9
07/11/06 10:55,24.0
07/11/06 11:00,23.9
07/11/06 11:05,24.0
07/11/06 11:10,24.1
07/11/06 11:15,24.2
07/11/06 11:20,23.8
07/11/06 11:25,23.2
07/11/06 11:30,21.9
07/11/06 11:35,21.9
07/11/06 11:40,22.7
07/11/06 11:45,22.7
07/11/06 11:50,22.4
07/11/06 11:55,22.8
07/11/06 12:00,22.7
07/11/06 12:05,23.0
07/11/06 12:10,23.5
07/11/06 12:15,24.0
07/11/06 12:20,23.9
07/11/06 12:25,24.1
07/11/06 12:30,24.4
07/11/06 12:35,24.2
07/11/06 12:40,24.6
07/11/06 12:45,25.2
07/11/06 12:50,24.6
07/11/06 12:55,23.5
07/11/06 13:00,22.8
07/11/06 13:05,22.4
07/11/06 13:10,22.5
07/11/06 13:15,22.5
07/11/06 13:20,22.2
07/11/06 13:25,21.9
07/11/06 13:30,22.1
07/11/06 13:35,22.5
07/11/06 13:40,22.6
07/11/06 13:45,22.5
07/11/06 13:50,22.3
07/11/06 13:55,21.9
07/11/06 14:00,21.6
07/11/06 14:05,21.2
07/11/06 14:10,21.3
07/11/06 14:15,20.7
07/11/06 14:20,17.4
07/11/06 14:25,14.8
07/11/06 14:30,13.8
07/11/06 14:35,13.3
07/11/06 14:40,13.5
07/11/06 14:45,12.5
07/11/06 14:50,11.8
07/11/06 14:55,11.5
07/11/06 15:00,9.6
07/11/06 15:05,8.9
07/11/06 15:10,11.3
07/11/06 15:15,12.9
07/11/06 15:20,14.3
07/11/06 15:25,15.2
07/11/06 15:30,15.6
07/11/06 15:35,15.4
07/11/06 15:40,14.9
07/11/06 15:45,14.4
07/11/06 15:50,14.0
07/11/06 15:55,14.0
07/11/06 16:00,14.3
07/11/06 16:05,14.0
07/11/06 16:10,13.4
07/11/06 16:15,12.5
07/11/06 16:20,11.4
07/11/06 16:25,10.5
07/11/06 16:30,9.8
07/11/06 16:35,9.1
07/11/06 16:40,8.6
07/11/06 16:45,8.0
07/11/06 16:50,7.6
07/11/06 16:55,7.1
07/11/06 17:00,6.5
07/11/06 17:05,6.0
07/11/06 17:10,5.6
07/11/06 17:15,5.1
07/11/06 17:20,4.6
07/11/06 17:25,4.1
07/11/06 17:30,3.7
07/11/06 17:35,3.0
07/11/06 17:40,1.8
07/11/06 17:45,1.1
07/11/06 17:50,0.7
07/11/06 17:55,0.4
07/11/06 18:00,0.2
07/11/06 18:05,0.1
07/11/06 18:10,0.1
07/11/06 18:15,0.0
07/11/06 18:20,0.0
07/11/06 18:25,0.0
07/11/06 18:30,0.0
07/11/06 18:35,0.0
07/11/06 18:40,0.0
07/11/06 18:45,0.0
07/11/06 18:50,0.0
07/11/06 18:55,0.0
07/11/06 19:00,0.0
07/11/06 19:05,0.0
07/11/06 19:10,0.0
07/11/06 19:15,0.0
07/11/06 19:20,0.0
07/11/06 19:25,0.0
07/11/06 19:30,0.0
07/11/06 19:35,0.0
07/11/06 19:40,0.0
07/11/06 19:45,0.0
07/11/06 19:50,0.0
07/11/06 19:55,0.0
07/11/06 20:00,0.0
07/11/06 20:05,0.0
07/11/06 20:10,0.0
07/11/06 20:15,0.0
07/11/06 20:20,0.0
07/11/06 20:25,0.0
07/11/06 20:30,0.0
07/11/06 20:35,0.0
07/11/06 20:40,0.0
07/11/06 20:45,0.0
07/11/06 20:50,0.0
07/11/06 20:55,0.0
07/11/06 21:00,0.0
07/11/06 21:05,0.0
07/11/06 21:10,0.0
07/11/06 21:15,0.0
07/11/06 21:20,0.0
07/11/06 21:25,0.0
07/11/06 21:30,0.0
07/11/06 21:35,0.0
07/11/06 21:40,0.0
07/11/06 21:45,0.0
07/11/06 21:50,0.0
07/11/06 21:55,0.0
07/11/06 22:00,0.0
07/11/06 22:05,0.0
07/11/06 22:10,0.0
07/11/06 22:15,0.0
07/11/06 22:20,0.0
07/11/06 22:25,0.0
07/11/06 22:30,0.0
07/11/06 22:35,0.0
07/11/06 22:40,0.0
07/11/06 22:45,0.0
07/11/06 22:50,0.0
07/11/06 22:55,0.0
07/11/06 23:00,0.0
07/11/06 23:05,0.0
07/11/06 23:10,0.0
07/11/06 23:15,0.0
07/11/06 23:20,0.0
07/11/06 23:25,0.0
07/11/06 23:30,0.0
07/11/06 23:35,0.0
07/11/06 23:40,0.0
07/11/06 23:45,0.0
07/11/06 23:50,0.0
07/11/06 23:55,0.0
07/12/06 00:00,0.0
07/12/06 00:05,0.0
07/12/06 00:10,0.0
07/12/06 00:15,0.0
07/12/06 00:20,0.0
07/12/06 00:25,0.0
07/12/06 00:30,0.0
07/12/06 00:35,0.0
07/12/06 00:40,0.0
07/12/06 00:45,0.0
07/12/06 00:50,0.0
07/12/06 00:55,0.0
07/12/06 01:00,0.0
07/12/06 01:05,0.0
07/12/06 01:10,0.0
07/12/06 01:15,0.0
07/12/06 01:20,0.0
07/12/06 01:25,0.0
07/12/06 01:30,0.0
07/12/06 01:35,0.0
07/12/06 01:40,0.0
07/12/06 01:45,0.0
07/12/06 01:50,0.0
07/12/06 01:55,0.0
07/12/06 02:00,0.0
07/12/06 02:05,0.0
07/12/06 02:10,0.0
07/12/06 02:15,0.0
07/12/06 02:20,0.0
07/12/06 02:25,0.0
07/12/06 02:30,0.0
07/12/06 02:35,0.0
07/12/06 02:40,0.0
07/12/06 02:45,0.0
07/12/06 02:50,0.0
07/12/06 02:55,0.0
07/12/06 03:00,0.0
07/12/06 03:05,0.0
07/12/06 03:10,0.0
07/12/06 03:15,0.0
07/12/06 03:20,0.0
07/12/06 03:25,0.0
07/12/06 03:30,0.0
07/12/06 03:35,0.0
07/12/06 03:40,0.0
07/12/06 03:45,0.0
07/12/06 03:50,0.0
07/12/06 03:55,0.0
07/12/06 04:00,0.0
07/12/06 04:05,0.0
07/12/06 04:10,0.0
07/12/06 04:15,0.0
07/12/06 04:20,0.0
07/12/06 04:25,0.0
07/12/06 04:30,0.0
07/12/06 04:35,0.0
07/12/06 04:40,0.0
07/12/06 04:45,0.0
07/12/06 04:50,0.0
07/12/06 04:55,0.0
07/12/06 05:00,0.0
07/12/06 05:05,0.0
07/12/06 05:10,0.0
07/12/06 05:15,0.0
07/12/06 05:20,0.0
07/12/06 05:25,0.0
07/12/06 05:30,0.0
07/12/06 05:35,0.0
07/12/06 05:40,0.0
07/12/06 05:45,0.1
07/12/06 05:50,0.1
07/12/06 05:55,0.1
07/12/06 06:00,0.3
07/12/06 06:05,0.6
07/12/06 06:10,0.9
07/12/06 06:15,1.2
07/12/06 06:20,1.8
07/12/06 06:25,2.7
07/12/06 06:30,3.6
07/12/06 06:35,4.0
07/12/06 06:40,4.5
07/12/06 06:45,4.9
07/12/06 06:50,5.4
07/12/06 06:55,5.9
07/12/06 07:00,6.5
07/12/06 07:05,7.1
07/12/06 07:10,7.7
07/12/06 07:15,8.3
07/12/06 07:20,8.9
07/12/06 07:25,9.4
07/12/06 07:30,10.0
07/12/06 07:35,10.5
07/12/06 07:40,11.1
07/12/06 07:45,11.7
07/12/06 07:50,12.3
07/12/06 07:55,12.8
07/12/06 08:00,13.3
07/12/06 08:05,13.7
07/12/06 08:10,14.3
07/12/06 08:15,14.6
07/12/06 08:20,14.8
07/12/06 08:25,15.2
07/12/06 08:30,15.4
07/12/06 08:35,14.8
07/12/06 08:40,14.7
07/12/06 08:45,15.6
07/12/06 08:50,13.3
07/12/06 08:55,13.3
07/12/06 09:00,14.3
07/12/06 09:05,16.1
07/12/06 09:10,15.0
07/12/06 09:15,16.5
07/12/06 09:20,18.6
07/12/06 09:25,19.8
07/12/06 09:30,20.5
07/12/06 09:35,20.7
07/12/06 09:40,20.8
07/12/06 09:45,21.0
07/12/06 09:50,21.8
07/12/06 09:55,22.6
07/12/06 10:00,21.3
07/12/06 10:05,21.1
07/12/06 10:10,21.2
07/12/06 10:15,19.8
07/12/06 10:20,20.1
07/12/06 10:25,20.1
07/12/06 10:30,16.7
07/12/06 10:35,14.1
07/12/06 10:40,16.5
07/12/06 10:45,17.0
07/12/06 10:50,17.5
07/12/06 10:55,19.5
07/12/06 11:00,21.1
07/12/06 11:05,21.4
07/12/06 11:10,20.5
07/12/06 11:15,18.9
07/12/06 11:20,18.9
07/12/06 11:25,19.2
07/12/06 11:30,19.6
07/12/06 11:35,20.2
07/12/06 11:40,20.7
07/12/06 11:45,21.3
07/12/06 11:50,21.9
07/12/06 11:55,22.7
07/12/06 12:00,23.3
07/12/06 12:05,23.8
07/12/06 12:10,24.3
07/12/06 12:15,24.9
07/12/06 12:20,25.3
07/12/06 12:25,25.4
07/12/06 12:30,25.3
07/12/06 12:35,25.0
07/12/06 12:40,24.9
07/12/06 12:45,24.8
07/12/06 12:50,24.7
07/12/06 12:55,24.5
07/12/06 13:00,24.2
07/12/06 13:05,24.0
07/12/06 13:10,23.8
07/12/06 13:15,23.4
07/12/06 13:20,20.0
07/12/06 13:25,16.7
07/12/06 13:30,14.1
07/12/06 13:35,15.0
07/12/06 13:40,16.3
07/12/06 13:45,17.5
07/12/06 13:50,18.8
07/12/06 13:55,16.9
07/12/06 14:00,18.3
07/12/06 14:05,16.9
07/12/06 14:10,14.2
07/12/06 14:15,15.7
07/12/06 14:20,16.2
07/12/06 14:25,15.9
07/12/06 14:30,15.7
07/12/06 14:35,14.9
07/12/06 14:40,13.8
07/12/06 14:45,14.1
07/12/06 14:50,14.3
07/12/06 14:55,13.7
07/12/06 15:00,13.0
07/12/06 15:05,13.5
07/12/06 15:10,14.8
07/12/06 15:15,14.3
07/12/06 15:20,13.1
07/12/06 15:25,13.3
07/12/06 15:30,12.9
07/12/06 15:35,13.1
07/12/06 15:40,12.1
07/12/06 15:45,11.6
07/12/06 15:50,12.2
07/12/06 15:55,11.4
07/12/06 16:00,10.4
07/12/06 16:05,10.0
07/12/06 16:10,8.6
07/12/06 16:15,7.6
07/12/06 16:20,7.6
07/12/06 16:25,7.6
07/12/06 16:30,7.5
07/12/06 16:35,7.4
07/12/06 16:40,7.2
07/12/06 16:45,6.8
07/12/06 16:50,6.4
07/12/06 16:55,6.0
07/12/06 17:00,5.5
07/12/06 17:05,5.1
07/12/06 17:10,4.6
07/12/06 17:15,4.2
07/12/06 17:20,3.8
07/12/06 17:25,2.8
07/12/06 17:30,1.6
07/12/06 17:35,1.1
07/12/06 17:40,0.5
07/12/06 17:45,0.3
07/12/06 17:50,0.1
07/12/06 17:55,0.2
07/12/06 18:00,0.1
07/12/06 18:05,0.0
07/12/06 18:10,0.0
07/12/06 18:15,0.0
07/12/06 18:20,0.0
07/12/06 18:25,0.0
07/12/06 18:30,0.0
07/12/06 18:35,0.0
07/12/06 18:40,0.0
07/12/06 18:45,0.0
07/12/06 18:50,0.0
07/12/06 18:55,0.0
07/12/06 19:00,0.0
07/12/06 19:05,0.0
07/12/06 19:10,0.0
07/12/06 19:15,0.0
07/12/06 19:20,0.0
07/12/06 19:25,0.0
07/12/06 19:30,0.0
07/12/06 19:35,0.0
07/12/06 19:40,0.0
07/12/06 19:45,0.0
07/12/06 19:50,0.0
07/12/06 19:55,0.0
07/12/06 20:00,0.0
07/12/06 20:05,0.0
07/12/06 20:10,0.0
07/12/06 20:15,0.0
07/12/06 20:20,0.0
07/12/06 20:25,0.0
07/12/06 20:30,0.0
07/12/06 20:35,0.0
07/12/06 20:40,0.0
07/12/06 20:45,0.0
07/12/06 20:50,0.0
07/12/06 20:55,0.0
07/12/06 21:00,0.0
07/12/06 21:05,0.0
07/12/06 21:10,0.0
07/12/06 21:15,0.0
07/12/06 21:20,0.0
07/12/06 21:25,0.0
07/12/06 21:30,0.0
07/12/06 21:35,0.0
07/12/06 21:40,0.0
07/12/06 21:45,0.0
07/12/06 21:50,0.0
07/12/06 21:55,0.0
07/12/06 22:00,0.0
07/12/06 22:05,0.0
07/12/06 22:10,0.0
07/12/06 22:15,0.0
07/12/06 22:20,0.0
07/12/06 22:25,0.0
07/12/06 22:30,0.0
07/12/06 22:35,0.0
07/12/06 22:40,0.0
07/12/06 22:45,0.0
07/12/06 22:50,0.0
07/12/06 22:55,0.0
07/12/06 23:00,0.0
07/12/06 23:05,0.0
07/12/06 23:10,0.0
07/12/06 23:15,0.0
07/12/06 23:20,0.0
07/12/06 23:25,0.0
07/12/06 23:30,0.0
07/12/06 23:35,0.0
07/12/06 23:40,0.0
07/12/06 23:45,0.0
07/12/06 23:50,0.0
07/12/06 23:55,0.0
07/13/06 00:00,0.0
07/13/06 00:05,0.0
07/13/06 00:10,0.0
07/13/06 00:15,0.0
07/13/06 00:20,0.0
07/13/06 00:25,0.0
07/13/06 00:30,0.0
07/13/06 00:35,0.0
07/13/06 00:40,0.0
07/13/06 00:45,0.0
07/13/06 00:50,0.0
07/13/06 00:55,0.0
07/13/06 01:00,0.0
07/13/06 01:05,0.0
07/13/06 01:10,0.0
07/13/06 01:15,0.0
07/13/06 01:20,0.0
07/13/06 01:25,0.0
07/13/06 01:30,0.0
07/13/06 01:35,0.0
07/13/06 01:40,0.0
07/13/06 01:45,0.0
07/13/06 01:50,0.0
07/13/06 01:55,0.0
07/13/06 02:00,0.0
07/13/06 02:05,0.0
07/13/06 02:10,0.0
07/13/06 02:15,0.0
07/13/06 02:20,0.0
07/13/06 02:25,0.0
07/13/06 02:30,0.0
07/13/06 02:35,0.0
07/13/06 02:40,0.0
07/13/06 02:45,0.0
07/13/06 02:50,0.0
07/13/06 02:55,0.0
07/13/06 03:00,0.0
07/13/06 03:05,0.0
07/13/06 03:10,0.0
07/13/06 03:15,0.0
07/13/06 03:20,0.0
07/13/06 03:25,0.0
07/13/06 03:30,0.0
07/13/06 03:35,0.0
07/13/06 03:40,0.0
07/13/06 03:45,0.0
07/13/06 03:50,0.0
07/13/06 03:55,0.0
07/13/06 04:00,0.0
07/13/06 04:05,0.0
07/13/06 04:10,0.0
07/13/06 04:15,0.0
07/13/06 04:20,0.0
07/13/06 04:25,0.0
07/13/06 04:30,0.0
07/13/06 04:35,0.0
07/13/06 04:40,0.0
07/13/06 04:45,0.0
07/13/06 04:50,0.0
07/13/06 04:55,0.0
07/13/06 05:00,0.0
07/13/06 05:05,0.0
07/13/06 05:10,0.0
07/13/06 05:15,0.0
07/13/06 05:20,0.0
07/13/06 05:25,0.0
07/13/06 05:30,0.0
07/13/06 05:35,0.0
07/13/06 05:40,0.0
07/13/06 05:45,0.1
07/13/06 05:50,0.1
07/13/06 05:55,0.2
07/13/06 06:00,0.5
07/13/06 06:05,0.8
07/13/06 06:10,1.4
07/13/06 06:15,2.3
07/13/06 06:20,3.3
07/13/06 06:25,3.8
07/13/06 06:30,4.2
07/13/06 06:35,4.7
07/13/06 06:40,5.2
07/13/06 06:45,5.7
07/13/06 06:50,6.2
07/13/06 06:55,6.7
07/13/06 07:00,7.3
07/13/06 07:05,7.9
07/13/06 07:10,8.5
07/13/06 07:15,9.0
07/13/06 07:20,9.3
07/13/06 07:25,9.8
07/13/06 07:30,10.2
07/13/06 07:35,10.7
07/13/06 07:40,11.2
07/13/06 07:45,11.6
07/13/06 07:50,12.1
07/13/06 07:55,12.6
07/13/06 08:00,13.1
07/13/06 08:05,13.6
07/13/06 08:10,14.1
07/13/06 08:15,14.7
07/13/06 08:20,15.3
07/13/06 08:25,15.8
07/13/06 08:30,16.7
07/13/06 08:35,17.4
07/13/06 08:40,17.9
07/13/06 08:45,18.4
07/13/06 08:50,18.5
07/13/06 08:55,17.3
07/13/06 09:00,16.7
07/13/06 09:05,17.7
07/13/06 09:10,18.3
07/13/06 09:15,18.5
07/13/06 09:20,18.2
07/13/06 09:25,18.2
07/13/06 09:30,19.0
07/13/06 09:35,19.5
07/13/06 09:40,19.4
07/13/06 09:45,19.4
07/13/06 09:50,19.9
07/13/06 09:55,20.2
07/13/06 10:00,20.3
07/13/06 10:05,20.4
07/13/06 10:10,20.8
07/13/06 10:15,21.5
07/13/06 10:20,21.9
07/13/06 10:25,22.2
07/13/06 10:30,22.8
07/13/06 10:35,23.4
07/13/06 10:40,23.7
07/13/06 10:45,24.1
07/13/06 10:50,24.7
07/13/06 10:55,25.0
07/13/06 11:00,25.3
07/13/06 11:05,25.5
07/13/06 11:10,25.4
07/13/06 11:15,24.9
07/13/06 11:20,24.4
07/13/06 11:25,24.2
07/13/06 11:30,24.4
07/13/06 11:35,24.5
07/13/06 11:40,24.6
07/13/06 11:45,24.5
07/13/06 11:50,24.3
07/13/06 11:55,24.0
07/13/06 12:00,23.8
07/13/06 12:05,23.5
07/13/06 12:10,23.2
07/13/06 12:15,23.3
07/13/06 12:20,23.8
07/13/06 12:25,23.2
07/13/06 12:30,22.2
07/13/06 12:35,23.4
07/13/06 12:40,23.5
07/13/06 12:45,23.2
07/13/06 12:50,21.5
07/13/06 12:55,21.4
07/13/06 13:00,21.2
07/13/06 13:05,18.2
07/13/06 13:10,18.5
07/13/06 13:15,19.8
07/13/06 13:20,21.5
07/13/06 13:25,22.4
07/13/06 13:30,22.0
07/13/06 13:35,21.5
07/13/06 13:40,20.5
07/13/06 13:45,21.0
07/13/06 13:50,21.2
07/13/06 13:55,21.2
07/13/06 14:00,21.2
07/13/06 14:05,21.0
07/13/06 14:10,20.7
07/13/06 14:15,20.0
07/13/06 14:20,19.1
07/13/06 14:25,17.6
07/13/06 14:30,15.6
07/13/06 14:35,13.4
07/13/06 14:40,12.1
07/13/06 14:45,10.2
07/13/06 14:50,7.8
07/13/06 14:55,9.2
07/13/06 15:00,9.7
07/13/06 15:05,10.6
07/13/06 15:10,11.1
07/13/06 15:15,10.4
07/13/06 15:20,8.6
07/13/06 15:25,6.7
07/13/06 15:30,5.6
07/13/06 15:35,5.0
07/13/06 15:40,4.5
07/13/06 15:45,4.3
07/13/06 15:50,4.2
07/13/06 15:55,4.0
07/13/06 16:00,3.8
07/13/06 16:05,3.8
07/13/06 16:10,4.5
07/13/06 16:15,6.0
07/13/06 16:20,6.7
07/13/06 16:25,7.0
07/13/06 16:30,7.5
07/13/06 16:35,8.2
07/13/06 16:40,7.9
07/13/06 16:45,7.3
07/13/06 16:50,6.6
07/13/06 16:55,5.7
07/13/06 17:00,4.9
07/13/06 17:05,4.7
07/13/06 17:10,4.4
07/13/06 17:15,4.0
07/13/06 17:20,3.6
07/13/06 17:25,2.4
07/13/06 17:30,1.3
07/13/06 17:35,0.8
07/13/06 17:40,0.6
07/13/06 17:45,0.5
07/13/06 17:50,0.4
07/13/06 17:55,0.3
07/13/06 18:00,0.2
07/13/06 18:05,0.1
07/13/06 18:10,0.1
07/13/06 18:15,0.0
07/13/06 18:20,0.0
07/13/06 18:25,0.0
07/13/06 18:30,0.0
07/13/06 18:35,0.0
07/13/06 18:40,0.0
07/13/06 18:45,0.0
07/13/06 18:50,0.0
07/13/06 18:55,0.0
07/13/06 19:00,0.0
07/13/06 19:05,0.0
07/13/06 19:10,0.0
07/13/06 19:15,0.0
07/13/06 19:20,0.0
07/13/06 19:25,0.0
07/13/06 19:30,0.0
07/13/06 19:35,0.0
07/13/06 19:40,0.0
07/13/06 19:45,0.0
07/13/06 19:50,0.0
07/13/06 19:55,0.0
07/13/06 20:00,0.0
07/13/06 20:05,0.0
07/13/06 20:10,0.0
07/13/06 20:15,0.0
07/13/06 20:20,0.0
07/13/06 20:25,0.0
07/13/06 20:30,0.0
07/13/06 20:35,0.0
07/13/06 20:40,0.0
07/13/06 20:45,0.0
07/13/06 20:50,0.0
07/13/06 20:55,0.0
07/13/06 21:00,0.0
07/13/06 21:05,0.0
07/13/06 21:10,0.0
07/13/06 21:15,0.0
07/13/06 21:20,0.0
07/13/06 21:25,0.0
07/13/06 21:30,0.0
07/13/06 21:35,0.0
07/13/06 21:40,0.0
07/13/06 21:45,0.0
07/13/06 21:50,0.0
07/13/06 21:55,0.0
07/13/06 22:00,0.0
07/13/06 22:05,0.0
07/13/06 22:10,0.0
07/13/06 22:15,0.0
07/13/06 22:20,0.0
07/13/06 22:25,0.0
07/13/06 22:30,0.0
07/13/06 22:35,0.0
07/13/06 22:40,0.0
07/13/06 22:45,0.0
07/13/06 22:50,0.0
07/13/06 22:55,0.0
07/13/06 23:00,0.0
07/13/06 23:05,0.0
07/13/06 23:10,0.0
07/13/06 23:15,0.0
07/13/06 23:20,0.0
07/13/06 23:25,0.0
07/13/06 23:30,0.0
07/13/06 23:35,0.0
07/13/06 23:40,0.0
07/13/06 23:45,0.0
07/13/06 23:50,0.0
07/13/06 23:55,0.0
07/14/06 00:00,0.0
07/14/06 00:05,0.0
07/14/06 00:10,0.0
07/14/06 00:15,0.0
07/14/06 00:20,0.0
07/14/06 00:25,0.0
07/14/06 00:30,0.0
07/14/06 00:35,0.0
07/14/06 00:40,0.0
07/14/06 00:45,0.0
07/14/06 00:50,0.0
07/14/06 00:55,0.0
07/14/06 01:00,0.0
07/14/06 01:05,0.0
07/14/06 01:10,0.0
07/14/06 01:15,0.0
07/14/06 01:20,0.0
07/14/06 01:25,0.0
07/14/06 01:30,0.0
07/14/06 01:35,0.0
07/14/06 01:40,0.0
07/14/06 01:45,0.0
07/14/06 01:50,0.0
07/14/06 01:55,0.0
07/14/06 02:00,0.0
07/14/06 02:05,0.0
07/14/06 02:10,0.0
07/14/06 02:15,0.0
07/14/06 02:20,0.0
07/14/06 02:25,0.0
07/14/06 02:30,0.0
07/14/06 02:35,0.0
07/14/06 02:40,0.0
07/14/06 02:45,0.0
07/14/06 02:50,0.0
07/14/06 02:55,0.0
07/14/06 03:00,0.0
07/14/06 03:05,0.0
07/14/06 03:10,0.0
07/14/06 03:15,0.0
07/14/06 03:20,0.0
07/14/06 03:25,0.0
07/14/06 03:30,0.0
07/14/06 03:35,0.0
07/14/06 03:40,0.0
07/14/06 03:45,0.0
07/14/06 03:50,0.0
07/14/06 03:55,0.0
07/14/06 04:00,0.0
07/14/06 04:05,0.0
07/14/06 04:10,0.0
07/14/06 04:15,0.0
07/14/06 04:20,0.0
07/14/06 04:25,0.0
07/14/06 04:30,0.0
07/14/06 04:35,0.0
07/14/06 04:40,0.0
07/14/06 04:45,0.0
07/14/06 04:50,0.0
07/14/06 04:55,0.0
07/14/06 05:00,0.0
07/14/06 05:05,0.0
07/14/06 05:10,0.0
07/14/06 05:15,0.0
07/14/06 05:20,0.0
07/14/06 05:25,0.0
07/14/06 05:30,0.0
07/14/06 05:35,0.0
07/14/06 05:40,0.0
07/14/06 05:45,0.0
07/14/06 05:50,0.1
07/14/06 05:55,0.3
07/14/06 06:00,0.7
07/14/06 06:05,1.4
07/14/06 06:10,2.1
07/14/06 06:15,1.7
07/14/06 06:20,1.5
07/14/06 06:25,1.6
07/14/06 06:30,1.8
07/14/06 06:35,2.3
07/14/06 06:40,3.4
07/14/06 06:45,3.9
07/14/06 06:50,4.4
07/14/06 06:55,5.1
07/14/06 07:00,5.7
07/14/06 07:05,6.5
07/14/06 07:10,7.3
07/14/06 07:15,8.1
07/14/06 07:20,8.8
07/14/06 07:25,9.5
07/14/06 07:30,10.1
07/14/06 07:35,10.8
07/14/06 07:40,11.4
07/14/06 07:45,12.1
07/14/06 07:50,12.7
07/14/06 07:55,13.3
07/14/06 08:00,13.8
07/14/06 08:05,14.4
07/14/06 08:10,14.9
07/14/06 08:15,15.5
07/14/06 08:20,15.8
07/14/06 08:25,16.1
07/14/06 08:30,16.4
07/14/06 08:35,16.6
07/14/06 08:40,16.8
07/14/06 08:45,16.9
07/14/06 08:50,16.9
07/14/06 08:55,16.7
07/14/06 09:00,16.6
07/14/06 09:05,16.4
07/14/06 09:10,16.4
07/14/06 09:15,16.4
07/14/06 09:20,17.5
07/14/06 09:25,18.3
07/14/06 09:30,17.0
07/14/06 09:35,17.9
07/14/06 09:40,17.9
07/14/06 09:45,18.7
07/14/06 09:50,19.7
07/14/06 09:55,21.8
07/14/06 10:00,23.5
07/14/06 10:05,24.0
07/14/06 10:10,24.0
07/14/06 10:15,23.8
07/14/06 10:20,23.8
07/14/06 10:25,24.0
07/14/06 10:30,24.1
07/14/06 10:35,24.0
07/14/06 10:40,23.9
07/14/06 10:45,23.8
07/14/06 10:50,23.8
07/14/06 10:55,23.6
07/14/06 11:00,23.4
07/14/06 11:05,23.3
07/14/06 11:10,23.3
07/14/06 11:15,23.2
07/14/06 11:20,22.0
07/14/06 11:25,21.9
07/14/06 11:30,22.2
07/14/06 11:35,22.7
07/14/06 11:40,22.9
07/14/06 11:45,23.0
07/14/06 11:50,22.9
07/14/06 11:55,22.5
07/14/06 12:00,22.3
07/14/06 12:05,21.8
07/14/06 12:10,21.8
07/14/06 12:15,21.9
07/14/06 12:20,19.2
07/14/06 12:25,16.2
07/14/06 12:30,11.7
07/14/06 12:35,10.0
07/14/06 12:40,14.5
07/14/06 12:45,18.4
07/14/06 12:50,20.4
07/14/06 12:55,21.8
07/14/06 13:00,22.6
07/14/06 13:05,19.3
07/14/06 13:10,18.2
07/14/06 13:15,19.4
07/14/06 13:20,19.4
07/14/06 13:25,20.2
07/14/06 13:30,21.3
07/14/06 13:35,21.6
07/14/06 13:40,22.0
07/14/06 13:45,20.4
07/14/06 13:50,18.2
07/14/06 13:55,19.2
07/14/06 14:00,20.0
07/14/06 14:05,18.4
07/14/06 14:10,15.3
07/14/06 14:15,16.3
07/14/06 14:20,18.1
07/14/06 14:25,19.1
07/14/06 14:30,19.6
07/14/06 14:35,19.8
07/14/06 14:40,19.9
07/14/06 14:45,19.7
07/14/06 14:50,19.5
07/14/06 14:55,19.1
07/14/06 15:00,18.6
07/14/06 15:05,18.0
07/14/06 15:10,17.5
07/14/06 15:15,17.0
07/14/06 15:20,16.6
07/14/06 15:25,15.9
07/14/06 15:30,14.9
07/14/06 15:35,13.9
07/14/06 15:40,12.5
07/14/06 15:45,11.1
07/14/06 15:50,10.0
07/14/06 15:55,8.9
07/14/06 16:00,7.7
07/14/06 16:05,6.3
07/14/06 16:10,5.2
07/14/06 16:15,4.1
07/14/06 16:20,2.4
07/14/06 16:25,1.3
07/14/06 16:30,1.0
07/14/06 16:35,1.0
07/14/06 16:40,0.9
07/14/06 16:45,0.8
07/14/06 16:50,0.9
07/14/06 16:55,1.0
07/14/06 17:00,2.4
07/14/06 17:05,1.5
07/14/06 17:10,0.7
07/14/06 17:15,0.6
07/14/06 17:20,0.8
07/14/06 17:25,0.7
07/14/06 17:30,0.5
07/14/06 17:35,0.3
07/14/06 17:40,0.2
07/14/06 17:45,0.2
07/14/06 17:50,0.1
07/14/06 17:55,0.1
07/14/06 18:00,0.0
07/14/06 18:05,0.0
07/14/06 18:10,0.0
07/14/06 18:15,0.0
07/14/06 18:20,0.0
07/14/06 18:25,0.0
07/14/06 18:30,0.0
07/14/06 18:35,0.0
07/14/06 18:40,0.0
07/14/06 18:45,0.0
07/14/06 18:50,0.0
07/14/06 18:55,0.0
07/14/06 19:00,0.0
07/14/06 19:05,0.0
07/14/06 19:10,0.0
07/14/06 19:15,0.0
07/14/06 19:20,0.0
07/14/06 19:25,0.0
07/14/06 19:30,0.0
07/14/06 19:35,0.0
07/14/06 19:40,0.0
07/14/06 19:45,0.0
07/14/06 19:50,0.0
07/14/06 19:55,0.0
07/14/06 20:00,0.0
07/14/06 20:05,0.0
07/14/06 20:10,0.0
07/14/06 20:15,0.0
07/14/06 20:20,0.0
07/14/06 20:25,0.0
07/14/06 20:30,0.0
07/14/06 20:35,0.0
07/14/06 20:40,0.0
07/14/06 20:45,0.0
07/14/06 20:50,0.0
07/14/06 20:55,0.0
07/14/06 21:00,0.0
07/14/06 21:05,0.0
07/14/06 21:10,0.0
07/14/06 21:15,0.0
07/14/06 21:20,0.0
07/14/06 21:25,0.0
07/14/06 21:30,0.0
07/14/06 21:35,0.0
07/14/06 21:40,0.0
07/14/06 21:45,0.0
07/14/06 21:50,0.0
07/14/06 21:55,0.0
07/14/06 22:00,0.0
07/14/06 22:05,0.0
07/14/06 22:10,0.0
07/14/06 22:15,0.0
07/14/06 22:20,0.0
07/14/06 22:25,0.0
07/14/06 22:30,0.0
07/14/06 22:35,0.0
07/14/06 22:40,0.0
07/14/06 22:45,0.0
07/14/06 22:50,0.0
07/14/06 22:55,0.0
07/14/06 23:00,0.0
07/14/06 23:05,0.0
07/14/06 23:10,0.0
07/14/06 23:15,0.0
07/14/06 23:20,0.0
07/14/06 23:25,0.0
07/14/06 23:30,0.0
07/14/06 23:35,0.0
07/14/06 23:40,0.0
07/14/06 23:45,0.0
07/14/06 23:50,0.0
07/14/06 23:55,0.0
07/15/06 00:00,0.0
07/15/06 00:05,0.0
07/15/06 00:10,0.0
07/15/06 00:15,0.0
07/15/06 00:20,0.0
07/15/06 00:25,0.0
07/15/06 00:30,0.0
07/15/06 00:35,0.0
07/15/06 00:40,0.0
07/15/06 00:45,0.0
07/15/06 00:50,0.0
07/15/06 00:55,0.0
07/15/06 01:00,0.0
07/15/06 01:05,0.0
07/15/06 01:10,0.0
07/15/06 01:15,0.0
07/15/06 01:20,0.0
07/15/06 01:25,0.0
07/15/06 01:30,0.0
07/15/06 01:35,0.0
07/15/06 01:40,0.0
07/15/06 01:45,0.0
07/15/06 01:50,0.0
07/15/06 01:55,0.0
07/15/06 02:00,0.0
07/15/06 02:05,0.0
07/15/06 02:10,0.0
07/15/06 02:15,0.0
07/15/06 02:20,0.0
07/15/06 02:25,0.0
07/15/06 02:30,0.0
07/15/06 02:35,0.0
07/15/06 02:40,0.0
07/15/06 02:45,0.0
07/15/06 02:50,0.0
07/15/06 02:55,0.0
07/15/06 03:00,0.0
07/15/06 03:05,0.0
07/15/06 03:10,0.0
07/15/06 03:15,0.0
07/15/06 03:20,0.0
07/15/06 03:25,0.0
07/15/06 03:30,0.0
07/15/06 03:35,0.0
07/15/06 03:40,0.0
07/15/06 03:45,0.0
07/15/06 03:50,0.0
07/15/06 03:55,0.0
07/15/06 04:00,0.0
07/15/06 04:05,0.0
07/15/06 04:10,0.0
07/15/06 04:15,0.0
07/15/06 04:20,0.0
07/15/06 04:25,0.0
07/15/06 04:30,0.0
07/15/06 04:35,0.0
07/15/06 04:40,0.0
07/15/06 04:45,0.0
07/15/06 04:50,0.0
07/15/06 04:55,0.0
07/15/06 05:00,0.0
07/15/06 05:05,0.0
07/15/06 05:10,0.0
07/15/06 05:15,0.0
07/15/06 05:20,0.0
07/15/06 05:25,0.0
07/15/06 05:30,0.0
07/15/06 05:35,0.0
07/15/06 05:40,0.0
07/15/06 05:45,0.1
07/15/06 05:50,0.1
07/15/06 05:55,0.2
07/15/06 06:00,0.4
07/15/06 06:05,0.7
07/15/06 06:10,1.1
07/15/06 06:15,1.7
07/15/06 06:20,2.6
07/15/06 06:25,3.5
07/15/06 06:30,3.9
07/15/06 06:35,4.3
07/15/06 06:40,4.7
07/15/06 06:45,5.1
07/15/06 06:50,5.5
07/15/06 06:55,6.0
07/15/06 07:00,6.5
07/15/06 07:05,7.0
07/15/06 07:10,7.5
07/15/06 07:15,8.1
07/15/06 07:20,8.8
07/15/06 07:25,9.5
07/15/06 07:30,10.2
07/15/06 07:35,10.8
07/15/06 07:40,11.4
07/15/06 07:45,12.1
07/15/06 07:50,12.8
07/15/06 07:55,13.3
07/15/06 08:00,13.9
07/15/06 08:05,14.4
07/15/06 08:10,15.0
07/15/06 08:15,15.5
07/15/06 08:20,16.1
07/15/06 08:25,16.6
07/15/06 08:30,17.1
07/15/06 08:35,17.5
07/15/06 08:40,17.9
07/15/06 08:45,18.4
07/15/06 08:50,18.7
07/15/06 08:55,19.0
07/15/06 09:00,19.4
07/15/06 09:05,19.9
07/15/06 09:10,20.2
07/15/06 09:15,20.5
07/15/06 09:20,21.1
07/15/06 09:25,21.1
07/15/06 09:30,20.9
07/15/06 09:35,20.9
07/15/06 09:40,21.1
07/15/06 09:45,21.2
07/15/06 09:50,21.0
07/15/06 09:55,20.5
07/15/06 10:00,20.0
07/15/06 10:05,19.2
07/15/06 10:10,18.7
07/15/06 10:15,19.4
07/15/06 10:20,20.9
07/15/06 10:25,22.3
07/15/06 10:30,20.7
07/15/06 10:35,18.1
07/15/06 10:40,19.3
07/15/06 10:45,21.6
07/15/06 10:50,22.7
07/15/06 10:55,21.3
07/15/06 11:00,18.3
07/15/06 11:05,18.8
07/15/06 11:10,21.4
07/15/06 11:15,22.1
07/15/06 11:20,21.8
07/15/06 11:25,22.0
07/15/06 11:30,22.1
07/15/06 11:35,22.1
07/15/06 11:40,22.0
07/15/06 11:45,22.9
07/15/06 11:50,24.4
07/15/06 11:55,25.6
07/15/06 12:00,26.9
07/15/06 12:05,28.0
07/15/06 12:10,28.7
07/15/06 12:15,27.2
07/15/06 12:20,21.9
07/15/06 12:25,17.0
07/15/06 12:30,13.8
07/15/06 12:35,14.8
07/15/06 12:40,17.7
07/15/06 12:45,18.4
07/15/06 12:50,16.2
07/15/06 12:55,14.9
07/15/06 13:00,15.5
07/15/06 13:05,16.4
07/15/06 13:10,16.1
07/15/06 13:15,15.0
07/15/06 13:20,14.1
07/15/06 13:25,14.0
07/15/06 13:30,14.3
07/15/06 13:35,14.7
07/15/06 13:40,15.0
07/15/06 13:45,15.0
07/15/06 13:50,14.9
07/15/06 13:55,14.8
07/15/06 14:00,14.7
07/15/06 14:05,14.6
07/15/06 14:10,14.3
07/15/06 14:15,13.2
07/15/06 14:20,10.8
07/15/06 14:25,9.5
07/15/06 14:30,9.8
07/15/06 14:35,10.0
07/15/06 14:40,9.3
07/15/06 14:45,10.9
07/15/06 14:50,10.2
07/15/06 14:55,8.8
07/15/06 15:00,8.4
07/15/06 15:05,10.2
07/15/06 15:10,11.1
07/15/06 15:15,9.9
07/15/06 15:20,10.8
07/15/06 15:25,12.6
07/15/06 15:30,12.7
07/15/06 15:35,12.5
07/15/06 15:40,12.4
07/15/06 15:45,12.6
07/15/06 15:50,12.7
07/15/06 15:55,12.9
07/15/06 16:00,12.5
07/15/06 16:05,11.0
07/15/06 16:10,9.2
07/15/06 16:15,8.2
07/15/06 16:20,8.6
07/15/06 16:25,9.0
07/15/06 16:30,7.9
07/15/06 16:35,6.9
07/15/06 16:40,6.5
07/15/06 16:45,5.5
07/15/06 16:50,4.6
07/15/06 16:55,4.0
07/15/06 17:00,4.5
07/15/06 17:05,4.8
07/15/06 17:10,4.6
07/15/06 17:15,4.4
07/15/06 17:20,4.2
07/15/06 17:25,3.9
07/15/06 17:30,3.6
07/15/06 17:35,2.8
07/15/06 17:40,1.8
07/15/06 17:45,1.1
07/15/06 17:50,0.7
07/15/06 17:55,0.4
07/15/06 18:00,0.2
07/15/06 18:05,0.1
07/15/06 18:10,0.0
07/15/06 18:15,0.0
07/15/06 18:20,0.0
07/15/06 18:25,0.0
07/15/06 18:30,0.0
07/15/06 18:35,0.0
07/15/06 18:40,0.0
07/15/06 18:45,0.0
07/15/06 18:50,0.0
07/15/06 18:55,0.0
07/15/06 19:00,0.0
07/15/06 19:05,0.0
07/15/06 19:10,0.0
07/15/06 19:15,0.0
07/15/06 19:20,0.0
07/15/06 19:25,0.0
07/15/06 19:30,0.0
07/15/06 19:35,0.0
07/15/06 19:40,0.0
07/15/06 19:45,0.0
07/15/06 19:50,0.0
07/15/06 19:55,0.0
07/15/06 20:00,0.0
07/15/06 20:05,0.0
07/15/06 20:10,0.0
07/15/06 20:15,0.0
07/15/06 20:20,0.0
07/15/06 20:25,0.0
07/15/06 20:30,0.0
07/15/06 20:35,0.0
07/15/06 20:40,0.0
07/15/06 20:45,0.0
07/15/06 20:50,0.0
07/15/06 20:55,0.0
07/15/06 21:00,0.0
07/15/06 21:05,0.0
07/15/06 21:10,0.0
07/15/06 21:15,0.0
07/15/06 21:20,0.0
07/15/06 21:25,0.0
07/15/06 21:30,0.0
07/15/06 21:35,0.0
07/15/06 21:40,0.0
07/15/06 21:45,0.0
07/15/06 21:50,0.0
07/15/06 21:55,0.0
07/15/06 22:00,0.0
07/15/06 22:05,0.0
07/15/06 22:10,0.0
07/15/06 22:15,0.0
07/15/06 22:20,0.0
07/15/06 22:25,0.0
07/15/06 22:30,0.0
07/15/06 22:35,0.0
07/15/06 22:40,0.0
07/15/06 22:45,0.0
07/15/06 22:50,0.0
07/15/06 22:55,0.0
07/15/06 23:00,0.0
07/15/06 23:05,0.0
07/15/06 23:10,0.0
07/15/06 23:15,0.0
07/15/06 23:20,0.0
07/15/06 23:25,0.0
07/15/06 23:30,0.0
07/15/06 23:35,0.0
07/15/06 23:40,0.0
07/15/06 23:45,0.0
07/15/06 23:50,0.0
07/15/06 23:55,0.0
07/16/06 00:00,0.0
07/16/06 00:05,0.0
07/16/06 00:10,0.0
07/16/06 00:15,0.0
07/16/06 00:20,0.0
07/16/06 00:25,0.0
07/16/06 00:30,0.0
07/16/06 00:35,0.0
07/16/06 00:40,0.0
07/16/06 00:45,0.0
07/16/06 00:50,0.0
07/16/06 00:55,0.0
07/16/06 01:00,0.0
07/16/06 01:05,0.0
07/16/06 01:10,0.0
07/16/06 01:15,0.0
07/16/06 01:20,0.0
07/16/06 01:25,0.0
07/16/06 01:30,0.0
07/16/06 01:35,0.0
07/16/06 01:40,0.0
07/16/06 01:45,0.0
07/16/06 01:50,0.0
07/16/06 01:55,0.0
07/16/06 02:00,0.0
07/16/06 02:05,0.0
07/16/06 02:10,0.0
07/16/06 02:15,0.0
07/16/06 02:20,0.0
07/16/06 02:25,0.0
07/16/06 02:30,0.0
07/16/06 02:35,0.0
07/16/06 02:40,0.0
07/16/06 02:45,0.0
07/16/06 02:50,0.0
07/16/06 02:55,0.0
07/16/06 03:00,0.0
07/16/06 03:05,0.0
07/16/06 03:10,0.0
07/16/06 03:15,0.0
07/16/06 03:20,0.0
07/16/06 03:25,0.0
07/16/06 03:30,0.0
07/16/06 03:35,0.0
07/16/06 03:40,0.0
07/16/06 03:45,0.0
07/16/06 03:50,0.0
07/16/06 03:55,0.0
07/16/06 04:00,0.0
07/16/06 04:05,0.0
07/16/06 04:10,0.0
07/16/06 04:15,0.0
07/16/06 04:20,0.0
07/16/06 04:25,0.0
07/16/06 04:30,0.0
07/16/06 04:35,0.0
07/16/06 04:40,0.0
07/16/06 04:45,0.0
07/16/06 04:50,0.0
07/16/06 04:55,0.0
07/16/06 05:00,0.0
07/16/06 05:05,0.0
07/16/06 05:10,0.0
07/16/06 05:15,0.0
07/16/06 05:20,0.0
07/16/06 05:25,0.0
07/16/06 05:30,0.0
07/16/06 05:35,0.0
07/16/06 05:40,0.0
07/16/06 05:45,0.1
07/16/06 05:50,0.1
07/16/06 05:55,0.2
07/16/06 06:00,0.3
07/16/06 06:05,0.7
07/16/06 06:10,1.2
07/16/06 06:15,1.8
07/16/06 06:20,2.3
07/16/06 06:25,2.9
07/16/06 06:30,3.6
07/16/06 06:35,3.9
07/16/06 06:40,4.2
07/16/06 06:45,4.5
07/16/06 06:50,4.9
07/16/06 06:55,5.3
07/16/06 07:00,5.8
07/16/06 07:05,6.2
07/16/06 07:10,6.7
07/16/06 07:15,7.4
07/16/06 07:20,8.2
07/16/06 07:25,8.8
07/16/06 07:30,9.4
07/16/06 07:35,10.0
07/16/06 07:40,10.7
07/16/06 07:45,11.4
07/16/06 07:50,12.0
07/16/06 07:55,12.5
07/16/06 08:00,13.2
07/16/06 08:05,13.8
07/16/06 08:10,14.5
07/16/06 08:15,15.0
07/16/06 08:20,15.4
07/16/06 08:25,15.7
07/16/06 08:30,16.1
07/16/06 08:35,16.5
07/16/06 08:40,17.1
07/16/06 08:45,17.4
07/16/06 08:50,17.8
07/16/06 08:55,18.3
07/16/06 09:00,18.8
07/16/06 09:05,19.3
07/16/06 09:10,19.7
07/16/06 09:15,20.0
07/16/06 09:20,19.1
07/16/06 09:25,19.1
07/16/06 09:30,19.4
07/16/06 09:35,19.4
07/16/06 09:40,19.4
07/16/06 09:45,19.5
07/16/06 09:50,19.7
07/16/06 09:55,19.8
07/16/06 10:00,19.0
07/16/06 10:05,20.1
07/16/06 10:10,21.3
07/16/06 10:15,22.1
07/16/06 10:20,22.1
07/16/06 10:25,22.4
07/16/06 10:30,22.6
07/16/06 10:35,21.6
07/16/06 10:40,20.4
07/16/06 10:45,21.1
07/16/06 10:50,21.9
07/16/06 10:55,22.9
07/16/06 11:00,24.2
07/16/06 11:05,24.0
07/16/06 11:10,23.4
07/16/06 11:15,23.9
07/16/06 11:20,24.3
07/16/06 11:25,24.8
07/16/06 11:30,25.0
07/16/06 11:35,24.0
07/16/06 11:40,23.2
07/16/06 11:45,22.7
07/16/06 11:50,22.2
07/16/06 11:55,22.4
07/16/06 12:00,22.2
07/16/06 12:05,22.2
07/16/06 12:10,23.8
07/16/06 12:15,24.9
07/16/06 12:20,25.1
07/16/06 12:25,24.9
07/16/06 12:30,24.5
07/16/06 12:35,23.9
07/16/06 12:40,23.0
07/16/06 12:45,21.9
07/16/06 12:50,20.7
07/16/06 12:55,19.8
07/16/06 13:00,18.9
07/16/06 13:05,18.0
07/16/06 13:10,17.0
07/16/06 13:15,16.4
07/16/06 13:20,16.0
07/16/06 13:25,15.7
07/16/06 13:30,15.2
07/16/06 13:35,14.6
07/16/06 13:40,13.8
07/16/06 13:45,12.9
07/16/06 13:50,12.3
07/16/06 13:55,11.5
07/16/06 14:00,10.8
07/16/06 14:05,9.9
07/16/06 14:10,9.0
07/16/06 14:15,9.0
07/16/06 14:20,9.0
07/16/06 14:25,8.6
07/16/06 14:30,7.9
07/16/06 14:35,7.2
07/16/06 14:40,6.5
07/16/06 14:45,5.9
07/16/06 14:50,5.6
07/16/06 14:55,5.4
07/16/06 15:00,5.0
07/16/06 15:05,4.5
07/16/06 15:10,4.0
07/16/06 15:15,4.0
07/16/06 15:20,4.6
07/16/06 15:25,4.8
07/16/06 15:30,4.8
07/16/06 15:35,4.5
07/16/06 15:40,3.9
07/16/06 15:45,3.6
07/16/06 15:50,3.5
07/16/06 15:55,3.3
07/16/06 16:00,3.4
07/16/06 16:05,3.5
07/16/06 16:10,3.1
07/16/06 16:15,1.9
07/16/06 16:20,0.9
07/16/06 16:25,0.5
07/16/06 16:30,0.4
07/16/06 16:35,0.3
07/16/06 16:40,0.2
07/16/06 16:45,0.2
07/16/06 16:50,0.2
07/16/06 16:55,0.2
07/16/06 17:00,0.2
07/16/06 17:05,0.1
07/16/06 17:10,0.1
07/16/06 17:15,0.1
07/16/06 17:20,0.0
07/16/06 17:25,0.0
07/16/06 17:30,0.0
07/16/06 17:35,0.0
07/16/06 17:40,0.0
07/16/06 17:45,0.0
07/16/06 17:50,0.0
07/16/06 17:55,0.0
07/16/06 18:00,0.0
07/16/06 18:05,0.0
07/16/06 18:10,0.0
07/16/06 18:15,0.0
07/16/06 18:20,0.0
07/16/06 18:25,0.0
07/16/06 18:30,0.0
07/16/06 18:35,0.0
07/16/06 18:40,0.0
07/16/06 18:45,0.0
07/16/06 18:50,0.0
07/16/06 18:55,0.0
07/16/06 19:00,0.0
07/16/06 19:05,0.0
07/16/06 19:10,0.0
07/16/06 19:15,0.0
07/16/06 19:20,0.0
07/16/06 19:25,0.0
07/16/06 19:30,0.0
07/16/06 19:35,0.0
07/16/06 19:40,0.0
07/16/06 19:45,0.0
07/16/06 19:50,0.0
07/16/06 19:55,0.0
07/16/06 20:00,0.0
07/16/06 20:05,0.0
07/16/06 20:10,0.0
07/16/06 20:15,0.0
07/16/06 20:20,0.0
07/16/06 20:25,0.0
07/16/06 20:30,0.0
07/16/06 20:35,0.0
07/16/06 20:40,0.0
07/16/06 20:45,0.0
07/16/06 20:50,0.0
07/16/06 20:55,0.0
07/16/06 21:00,0.0
07/16/06 21:05,0.0
07/16/06 21:10,0.0
07/16/06 21:15,0.0
07/16/06 21:20,0.0
07/16/06 21:25,0.0
07/16/06 21:30,0.0
07/16/06 21:35,0.0
07/16/06 21:40,0.0
07/16/06 21:45,0.0
07/16/06 21:50,0.0
07/16/06 21:55,0.0
07/16/06 22:00,0.0
07/16/06 22:05,0.0
07/16/06 22:10,0.0
07/16/06 22:15,0.0
07/16/06 22:20,0.0
07/16/06 22:25,0.0
07/16/06 22:30,0.0
07/16/06 22:35,0.0
07/16/06 22:40,0.0
07/16/06 22:45,0.0
07/16/06 22:50,0.0
07/16/06 22:55,0.0
07/16/06 23:00,0.0
07/16/06 23:05,0.0
07/16/06 23:10,0.0
07/16/06 23:15,0.0
07/16/06 23:20,0.0
07/16/06 23:25,0.0
07/16/06 23:30,0.0
07/16/06 23:35,0.0
07/16/06 23:40,0.0
07/16/06 23:45,0.0
07/16/06 23:50,0.0
07/16/06 23:55,0.0
07/17/06 00:00,0.0
07/17/06 00:05,0.0
07/17/06 00:10,0.0
07/17/06 00:15,0.0
07/17/06 00:20,0.0
07/17/06 00:25,0.0
07/17/06 00:30,0.0
07/17/06 00:35,0.0
07/17/06 00:40,0.0
07/17/06 00:45,0.0
07/17/06 00:50,0.0
07/17/06 00:55,0.0
07/17/06 01:00,0.0
07/17/06 01:05,0.0
07/17/06 01:10,0.0
07/17/06 01:15,0.0
07/17/06 01:20,0.0
07/17/06 01:25,0.0
07/17/06 01:30,0.0
07/17/06 01:35,0.0
07/17/06 01:40,0.0
07/17/06 01:45,0.0
07/17/06 01:50,0.0
07/17/06 01:55,0.0
07/17/06 02:00,0.0
07/17/06 02:05,0.0
07/17/06 02:10,0.0
07/17/06 02:15,0.0
07/17/06 02:20,0.0
07/17/06 02:25,0.0
07/17/06 02:30,0.0
07/17/06 02:35,0.0
07/17/06 02:40,0.0
07/17/06 02:45,0.0
07/17/06 02:50,0.0
07/17/06 02:55,0.0
07/17/06 03:00,0.0
07/17/06 03:05,0.0
07/17/06 03:10,0.0
07/17/06 03:15,0.0
07/17/06 03:20,0.0
07/17/06 03:25,0.0
07/17/06 03:30,0.0
07/17/06 03:35,0.0
07/17/06 03:40,0.0
07/17/06 03:45,0.0
07/17/06 03:50,0.0
07/17/06 03:55,0.0
07/17/06 04:00,0.0
07/17/06 04:05,0.0
07/17/06 04:10,0.0
07/17/06 04:15,0.0
07/17/06 04:20,0.0
07/17/06 04:25,0.0
07/17/06 04:30,0.0
07/17/06 04:35,0.0
07/17/06 04:40,0.0
07/17/06 04:45,0.0
07/17/06 04:50,0.0
07/17/06 04:55,0.0
07/17/06 05:00,0.0
07/17/06 05:05,0.0
07/17/06 05:10,0.0
07/17/06 05:15,0.0
07/17/06 05:20,0.0
07/17/06 05:25,0.0
07/17/06 05:30,0.0
07/17/06 05:35,0.0
07/17/06 05:40,0.0
07/17/06 05:45,0.0
07/17/06 05:50,0.1
07/17/06 05:55,0.1
07/17/06 06:00,0.2
07/17/06 06:05,0.5
07/17/06 06:10,1.1
07/17/06 06:15,1.4
07/17/06 06:20,1.5
07/17/06 06:25,1.8
07/17/06 06:30,2.1
07/17/06 06:35,2.4
07/17/06 06:40,2.7
07/17/06 06:45,3.2
07/17/06 06:50,3.6
07/17/06 06:55,3.8
07/17/06 07:00,3.9
07/17/06 07:05,4.1
07/17/06 07:10,4.3
07/17/06 07:15,4.5
07/17/06 07:20,4.8
07/17/06 07:25,5.1
07/17/06 07:30,5.4
07/17/06 07:35,5.8
07/17/06 07:40,6.1
07/17/06 07:45,6.5
07/17/06 07:50,6.9
07/17/06 07:55,7.3
07/17/06 08:00,7.8
07/17/06 08:05,8.3
07/17/06 08:10,8.8
07/17/06 08:15,9.5
07/17/06 08:20,10.2
07/17/06 08:25,11.6
07/17/06 08:30,12.4
07/17/06 08:35,13.5
07/17/06 08:40,14.8
07/17/06 08:45,15.0
07/17/06 08:50,14.4
07/17/06 08:55,14.8
07/17/06 09:00,15.7
07/17/06 09:05,16.6
07/17/06 09:10,17.2
07/17/06 09:15,17.7
07/17/06 09:20,17.4
07/17/06 09:25,16.5
07/17/06 09:30,16.2
07/17/06 09:35,15.9
07/17/06 09:40,16.1
07/17/06 09:45,19.0
07/17/06 09:50,21.0
07/17/06 09:55,20.8
07/17/06 10:00,20.6
07/17/06 10:05,22.4
07/17/06 10:10,23.9
07/17/06 10:15,24.1
07/17/06 10:20,24.3
07/17/06 10:25,24.5
07/17/06 10:30,24.6
07/17/06 10:35,24.8
07/17/06 10:40,25.2
07/17/06 10:45,25.5
07/17/06 10:50,25.8
07/17/06 10:55,26.0
07/17/06 11:00,26.1
07/17/06 11:05,26.1
07/17/06 11:10,26.2
07/17/06 11:15,26.3
07/17/06 11:20,25.9
07/17/06 11:25,26.5
07/17/06 11:30,26.9
07/17/06 11:35,26.9
07/17/06 11:40,25.6
07/17/06 11:45,23.3
07/17/06 11:50,19.4
07/17/06 11:55,16.6
07/17/06 12:00,16.0
07/17/06 12:05,18.4
07/17/06 12:10,18.7
07/17/06 12:15,20.1
07/17/06 12:20,20.8
07/17/06 12:25,21.8
07/17/06 12:30,21.9
07/17/06 12:35,20.8
07/17/06 12:40,16.4
07/17/06 12:45,12.3
07/17/06 12:50,13.6
07/17/06 12:55,16.2
07/17/06 13:00,17.0
07/17/06 13:05,18.8
07/17/06 13:10,19.9
07/17/06 13:15,16.5
07/17/06 13:20,12.5
07/17/06 13:25,9.9
07/17/06 13:30,8.3
07/17/06 13:35,7.2
07/17/06 13:40,6.4
07/17/06 13:45,5.9
07/17/06 13:50,5.5
07/17/06 13:55,5.3
07/17/06 14:00,5.1
07/17/06 14:05,5.0
07/17/06 14:10,4.9
07/17/06 14:15,4.6
07/17/06 14:20,4.0
07/17/06 14:25,3.7
07/17/06 14:30,3.6
07/17/06 14:35,3.6
07/17/06 14:40,3.8
07/17/06 14:45,3.8
07/17/06 14:50,3.8
07/17/06 14:55,3.5
07/17/06 15:00,2.8
07/17/06 15:05,2.1
07/17/06 15:10,1.8
07/17/06 15:15,1.6
07/17/06 15:20,1.5
07/17/06 15:25,1.4
07/17/06 15:30,1.2
07/17/06 15:35,1.2
07/17/06 15:40,1.4
07/17/06 15:45,1.6
07/17/06 15:50,1.8
07/17/06 15:55,1.8
07/17/06 16:00,1.6
07/17/06 16:05,1.6
07/17/06 16:10,1.7
07/17/06 16:15,2.1
07/17/06 16:20,2.9
07/17/06 16:25,3.2
07/17/06 16:30,2.9
07/17/06 16:35,2.9
07/17/06 16:40,3.1
07/17/06 16:45,3.2
07/17/06 16:50,3.1
07/17/06 16:55,3.0
07/17/06 17:00,3.0
07/17/06 17:05,2.9
07/17/06 17:10,2.8
07/17/06 17:15,2.6
07/17/06 17:20,2.3
07/17/06 17:25,1.9
07/17/06 17:30,1.4
07/17/06 17:35,1.0
07/17/06 17:40,0.7
07/17/06 17:45,0.5
07/17/06 17:50,0.3
07/17/06 17:55,0.2
07/17/06 18:00,0.1
07/17/06 18:05,0.0
07/17/06 18:10,0.0
07/17/06 18:15,0.0
07/17/06 18:20,0.0
07/17/06 18:25,0.0
07/17/06 18:30,0.0
07/17/06 18:35,0.0
07/17/06 18:40,0.0
07/17/06 18:45,0.0
07/17/06 18:50,0.0
07/17/06 18:55,0.0
07/17/06 19:00,0.0
07/17/06 19:05,0.0
07/17/06 19:10,0.0
07/17/06 19:15,0.0
07/17/06 19:20,0.0
07/17/06 19:25,0.0
07/17/06 19:30,0.0
07/17/06 19:35,0.0
07/17/06 19:40,0.0
07/17/06 19:45,0.0
07/17/06 19:50,0.0
07/17/06 19:55,0.0
07/17/06 20:00,0.0
07/17/06 20:05,0.0
07/17/06 20:10,0.0
07/17/06 20:15,0.0
07/17/06 20:20,0.0
07/17/06 20:25,0.0
07/17/06 20:30,0.0
07/17/06 20:35,0.0
07/17/06 20:40,0.0
07/17/06 20:45,0.0
07/17/06 20:50,0.0
07/17/06 20:55,0.0
07/17/06 21:00,0.0
07/17/06 21:05,0.0
07/17/06 21:10,0.0
07/17/06 21:15,0.0
07/17/06 21:20,0.0
07/17/06 21:25,0.0
07/17/06 21:30,0.0
07/17/06 21:35,0.0
07/17/06 21:40,0.0
07/17/06 21:45,0.0
07/17/06 21:50,0.0
07/17/06 21:55,0.0
07/17/06 22:00,0.0
07/17/06 22:05,0.0
07/17/06 22:10,0.0
07/17/06 22:15,0.0
07/17/06 22:20,0.0
07/17/06 22:25,0.0
07/17/06 22:30,0.0
07/17/06 22:35,0.0
07/17/06 22:40,0.0
07/17/06 22:45,0.0
07/17/06 22:50,0.0
07/17/06 22:55,0.0
07/17/06 23:00,0.0
07/17/06 23:05,0.0
07/17/06 23:10,0.0
07/17/06 23:15,0.0
07/17/06 23:20,0.0
07/17/06 23:25,0.0
07/17/06 23:30,0.0
07/17/06 23:35,0.0
07/17/06 23:40,0.0
07/17/06 23:45,0.0
07/17/06 23:50,0.0
07/17/06 23:55,0.0
07/18/06 00:00,0.0
07/18/06 00:05,0.0
07/18/06 00:10,0.0
07/18/06 00:15,0.0
07/18/06 00:20,0.0
07/18/06 00:25,0.0
07/18/06 00:30,0.0
07/18/06 00:35,0.0
07/18/06 00:40,0.0
07/18/06 00:45,0.0
07/18/06 00:50,0.0
07/18/06 00:55,0.0
07/18/06 01:00,0.0
07/18/06 01:05,0.0
07/18/06 01:10,0.0
07/18/06 01:15,0.0
07/18/06 01:20,0.0
07/18/06 01:25,0.0
07/18/06 01:30,0.0
07/18/06 01:35,0.0
07/18/06 01:40,0.0
07/18/06 01:45,0.0
07/18/06 01:50,0.0
07/18/06 01:55,0.0
07/18/06 02:00,0.0
07/18/06 02:05,0.0
07/18/06 02:10,0.0
07/18/06 02:15,0.0
07/18/06 02:20,0.0
07/18/06 02:25,0.0
07/18/06 02:30,0.0
07/18/06 02:35,0.0
07/18/06 02:40,0.0
07/18/06 02:45,0.0
07/18/06 02:50,0.0
07/18/06 02:55,0.0
07/18/06 03:00,0.0
07/18/06 03:05,0.0
07/18/06 03:10,0.0
07/18/06 03:15,0.0
07/18/06 03:20,0.0
07/18/06 03:25,0.0
07/18/06 03:30,0.0
07/18/06 03:35,0.0
07/18/06 03:40,0.0
07/18/06 03:45,0.0
07/18/06 03:50,0.0
07/18/06 03:55,0.0
07/18/06 04:00,0.0
07/18/06 04:05,0.0
07/18/06 04:10,0.0
07/18/06 04:15,0.0
07/18/06 04:20,0.0
07/18/06 04:25,0.0
07/18/06 04:30,0.0
07/18/06 04:35,0.0
07/18/06 04:40,0.0
07/18/06 04:45,0.0
07/18/06 04:50,0.0
07/18/06 04:55,0.0
07/18/06 05:00,0.0
07/18/06 05:05,0.0
07/18/06 05:10,0.0
07/18/06 05:15,0.0
07/18/06 05:20,0.0
07/18/06 05:25,0.0
07/18/06 05:30,0.0
07/18/06 05:35,0.0
07/18/06 05:40,0.0
07/18/06 05:45,0.0
07/18/06 05:50,0.1
07/18/06 05:55,0.2
07/18/06 06:00,0.4
07/18/06 06:05,0.7
07/18/06 06:10,1.1
07/18/06 06:15,1.4
07/18/06 06:20,1.4
07/18/06 06:25,1.5
07/18/06 06:30,1.9
07/18/06 06:35,3.0
07/18/06 06:40,3.8
07/18/06 06:45,4.1
07/18/06 06:50,4.5
07/18/06 06:55,4.9
07/18/06 07:00,5.4
07/18/06 07:05,5.9
07/18/06 07:10,6.4
07/18/06 07:15,6.9
07/18/06 07:20,7.3
07/18/06 07:25,7.9
07/18/06 07:30,8.6
07/18/06 07:35,8.9
07/18/06 07:40,9.3
07/18/06 07:45,9.6
07/18/06 07:50,10.4
07/18/06 07:55,11.4
07/18/06 08:00,12.1
07/18/06 08:05,12.9
07/18/06 08:10,13.6
07/18/06 08:15,13.8
07/18/06 08:20,13.8
07/18/06 08:25,14.1
07/18/06 08:30,14.5
07/18/06 08:35,15.1
07/18/06 08:40,15.6
07/18/06 08:45,16.3
07/18/06 08:50,17.1
07/18/06 08:55,18.0
07/18/06 09:00,18.7
07/18/06 09:05,19.5
07/18/06 09:10,20.2
07/18/06 09:15,20.6
07/18/06 09:20,20.6
07/18/06 09:25,20.7
07/18/06 09:30,20.9
07/18/06 09:35,21.0
07/18/06 09:40,21.2
07/18/06 09:45,21.3
07/18/06 09:50,21.5
07/18/06 09:55,21.5
07/18/06 10:00,21.5
07/18/06 10:05,21.6
07/18/06 10:10,21.9
07/18/06 10:15,22.3
07/18/06 10:20,22.5
07/18/06 10:25,22.7
07/18/06 10:30,22.8
07/18/06 10:35,23.2
07/18/06 10:40,23.7
07/18/06 10:45,23.4
07/18/06 10:50,22.5
07/18/06 10:55,21.4
07/18/06 11:00,20.1
07/18/06 11:05,19.0
07/18/06 11:10,18.5
07/18/06 11:15,18.4
07/18/06 11:20,17.6
07/18/06 11:25,19.2
07/18/06 11:30,21.8
07/18/06 11:35,23.3
07/18/06 11:40,23.6
07/18/06 11:45,23.9
07/18/06 11:50,24.1
07/18/06 11:55,24.2
07/18/06 12:00,24.5
07/18/06 12:05,25.2
07/18/06 12:10,25.8
07/18/06 12:15,24.5
07/18/06 12:20,22.8
07/18/06 12:25,23.3
07/18/06 12:30,23.0
07/18/06 12:35,21.5
07/18/06 12:40,18.8
07/18/06 12:45,20.4
07/18/06 12:50,21.0
07/18/06 12:55,21.0
07/18/06 13:00,19.9
07/18/06 13:05,20.6
07/18/06 13:10,20.2
07/18/06 13:15,20.6
07/18/06 13:20,20.0
07/18/06 13:25,18.0
07/18/06 13:30,13.6
07/18/06 13:35,11.3
07/18/06 13:40,9.1
07/18/06 13:45,7.3
07/18/06 13:50,10.5
07/18/06 13:55,14.9
07/18/06 14:00,16.6
07/18/06 14:05,17.5
07/18/06 14:10,18.2
07/18/06 14:15,16.6
07/18/06 14:20,15.1
07/18/06 14:25,14.3
07/18/06 14:30,13.7
07/18/06 14:35,13.5
07/18/06 14:40,13.6
07/18/06 14:45,13.7
07/18/06 14:50,13.6
07/18/06 14:55,13.5
07/18/06 15:00,13.6
07/18/06 15:05,13.6
07/18/06 15:10,13.7
07/18/06 15:15,14.5
07/18/06 15:20,15.8
07/18/06 15:25,16.3
07/18/06 15:30,16.4
07/18/06 15:35,16.6
07/18/06 15:40,16.7
07/18/06 15:45,16.5
07/18/06 15:50,16.1
07/18/06 15:55,15.4
07/18/06 16:00,14.9
07/18/06 16:05,14.1
07/18/06 16:10,13.4
07/18/06 16:15,12.2
07/18/06 16:20,10.8
07/18/06 16:25,9.7
07/18/06 16:30,8.1
07/18/06 16:35,6.1
07/18/06 16:40,5.2
07/18/06 16:45,4.1
07/18/06 16:50,2.4
07/18/06 16:55,2.4
07/18/06 17:00,3.8
07/18/06 17:05,3.8
07/18/06 17:10,4.1
07/18/06 17:15,4.2
07/18/06 17:20,4.1
07/18/06 17:25,3.9
07/18/06 17:30,3.5
07/18/06 17:35,2.6
07/18/06 17:40,1.6
07/18/06 17:45,1.0
07/18/06 17:50,0.6
07/18/06 17:55,0.3
07/18/06 18:00,0.2
07/18/06 18:05,0.1
07/18/06 18:10,0.0
07/18/06 18:15,0.0
07/18/06 18:20,0.0
07/18/06 18:25,0.0
07/18/06 18:30,0.0
07/18/06 18:35,0.0
07/18/06 18:40,0.0
07/18/06 18:45,0.0
07/18/06 18:50,0.0
07/18/06 18:55,0.0
07/18/06 19:00,0.0
07/18/06 19:05,0.0
07/18/06 19:10,0.0
07/18/06 19:15,0.0
07/18/06 19:20,0.0
07/18/06 19:25,0.0
07/18/06 19:30,0.0
07/18/06 19:35,0.0
07/18/06 19:40,0.0
07/18/06 19:45,0.0
07/18/06 19:50,0.0
07/18/06 19:55,0.0
07/18/06 20:00,0.0
07/18/06 20:05,0.0
07/18/06 20:10,0.0
07/18/06 20:15,0.0
07/18/06 20:20,0.0
07/18/06 20:25,0.0
07/18/06 20:30,0.0
07/18/06 20:35,0.0
07/18/06 20:40,0.0
07/18/06 20:45,0.0
07/18/06 20:50,0.0
07/18/06 20:55,0.0
07/18/06 21:00,0.0
07/18/06 21:05,0.0
07/18/06 21:10,0.0
07/18/06 21:15,0.0
07/18/06 21:20,0.0
07/18/06 21:25,0.0
07/18/06 21:30,0.0
07/18/06 21:35,0.0
07/18/06 21:40,0.0
07/18/06 21:45,0.0
07/18/06 21:50,0.0
07/18/06 21:55,0.0
07/18/06 22:00,0.0
07/18/06 22:05,0.0
07/18/06 22:10,0.0
07/18/06 22:15,0.0
07/18/06 22:20,0.0
07/18/06 22:25,0.0
07/18/06 22:30,0.0
07/18/06 22:35,0.0
07/18/06 22:40,0.0
07/18/06 22:45,0.0
07/18/06 22:50,0.0
07/18/06 22:55,0.0
07/18/06 23:00,0.0
07/18/06 23:05,0.0
07/18/06 23:10,0.0
07/18/06 23:15,0.0
07/18/06 23:20,0.0
07/18/06 23:25,0.0
07/18/06 23:30,0.0
07/18/06 23:35,0.0
07/18/06 23:40,0.0
07/18/06 23:45,0.0
07/18/06 23:50,0.0
07/18/06 23:55,0.0
07/19/06 00:00,0.0
07/19/06 00:05,0.0
07/19/06 00:10,0.0
07/19/06 00:15,0.0
07/19/06 00:20,0.0
07/19/06 00:25,0.0
07/19/06 00:30,0.0
07/19/06 00:35,0.0
07/19/06 00:40,0.0
07/19/06 00:45,0.0
07/19/06 00:50,0.0
07/19/06 00:55,0.0
07/19/06 01:00,0.0
07/19/06 01:05,0.0
07/19/06 01:10,0.0
07/19/06 01:15,0.0
07/19/06 01:20,0.0
07/19/06 01:25,0.0
07/19/06 01:30,0.0
07/19/06 01:35,0.0
07/19/06 01:40,0.0
07/19/06 01:45,0.0
07/19/06 01:50,0.0
07/19/06 01:55,0.0
07/19/06 02:00,0.0
07/19/06 02:05,0.0
07/19/06 02:10,0.0
07/19/06 02:15,0.0
07/19/06 02:20,0.0
07/19/06 02:25,0.0
07/19/06 02:30,0.0
07/19/06 02:35,0.0
07/19/06 02:40,0.0
07/19/06 02:45,0.0
07/19/06 02:50,0.0
07/19/06 02:55,0.0
07/19/06 03:00,0.0
07/19/06 03:05,0.0
07/19/06 03:10,0.0
07/19/06 03:15,0.0
07/19/06 03:20,0.0
07/19/06 03:25,0.0
07/19/06 03:30,0.0
07/19/06 03:35,0.0
07/19/06 03:40,0.0
07/19/06 03:45,0.0
07/19/06 03:50,0.0
07/19/06 03:55,0.0
07/19/06 04:00,0.0
07/19/06 04:05,0.0
07/19/06 04:10,0.0
07/19/06 04:15,0.0
07/19/06 04:20,0.0
07/19/06 04:25,0.0
07/19/06 04:30,0.0
07/19/06 04:35,0.0
07/19/06 04:40,0.0
07/19/06 04:45,0.0
07/19/06 04:50,0.0
07/19/06 04:55,0.0
07/19/06 05:00,0.0
07/19/06 05:05,0.0
07/19/06 05:10,0.0
07/19/06 05:15,0.0
07/19/06 05:20,0.0
07/19/06 05:25,0.0
07/19/06 05:30,0.0
07/19/06 05:35,0.0
07/19/06 05:40,0.0
07/19/06 05:45,0.0
07/19/06 05:50,0.1
07/19/06 05:55,0.1
07/19/06 06:00,0.1
07/19/06 06:05,0.1
07/19/06 06:10,0.3
07/19/06 06:15,0.6
07/19/06 06:20,1.1
07/19/06 06:25,1.7
07/19/06 06:30,2.5
07/19/06 06:35,3.5
07/19/06 06:40,3.8
07/19/06 06:45,4.2
07/19/06 06:50,4.6
07/19/06 06:55,5.1
07/19/06 07:00,5.6
07/19/06 07:05,6.2
07/19/06 07:10,6.9
07/19/06 07:15,7.6
07/19/06 07:20,8.3
07/19/06 07:25,9.0
07/19/06 07:30,9.7
07/19/06 07:35,10.5
07/19/06 07:40,11.3
07/19/06 07:45,12.0
07/19/06 07:50,12.8
07/19/06 07:55,13.5
07/19/06 08:00,14.3
07/19/06 08:05,15.1
07/19/06 08:10,15.9
07/19/06 08:15,16.4
07/19/06 08:20,16.4
07/19/06 08:25,16.6
07/19/06 08:30,17.1
07/19/06 08:35,17.6
07/19/06 08:40,17.9
07/19/06 08:45,18.3
07/19/06 08:50,18.5
07/19/06 08:55,18.7
07/19/06 09:00,19.0
07/19/06 09:05,19.4
07/19/06 09:10,19.8
07/19/06 09:15,20.2
07/19/06 09:20,20.4
07/19/06 09:25,20.6
07/19/06 09:30,20.8
07/19/06 09:35,20.9
07/19/06 09:40,21.0
07/19/06 09:45,21.0
07/19/06 09:50,21.0
07/19/06 09:55,21.1
07/19/06 10:00,21.3
07/19/06 10:05,21.5
07/19/06 10:10,21.6
07/19/06 10:15,21.8
07/19/06 10:20,22.3
07/19/06 10:25,22.6
07/19/06 10:30,22.7
07/19/06 10:35,22.7
07/19/06 10:40,22.7
07/19/06 10:45,22.8
07/19/06 10:50,23.0
07/19/06 10:55,23.2
07/19/06 11:00,23.5
07/19/06 11:05,23.9
07/19/06 11:10,24.3
07/19/06 11:15,23.6
07/19/06 11:20,19.7
07/19/06 11:25,18.6
07/19/06 11:30,19.6
07/19/06 11:35,20.4
07/19/06 11:40,18.0
07/19/06 11:45,18.0
07/19/06 11:50,20.1
07/19/06 11:55,17.1
07/19/06 12:00,12.9
07/19/06 12:05,10.1
07/19/06 12:10,10.2
07/19/06 12:15,14.5
07/19/06 12:20,18.3
07/19/06 12:25,20.4
07/19/06 12:30,21.6
07/19/06 12:35,22.2
07/19/06 12:40,22.5
07/19/06 12:45,22.7
07/19/06 12:50,22.6
07/19/06 12:55,22.3
07/19/06 13:00,22.1
07/19/06 13:05,21.8
07/19/06 13:10,21.5
07/19/06 13:15,21.1
07/19/06 13:20,17.4
07/19/06 13:25,16.3
07/19/06 13:30,17.5
07/19/06 13:35,17.5
07/19/06 13:40,16.9
07/19/06 13:45,19.0
07/19/06 13:50,20.6
07/19/06 13:55,20.9
07/19/06 14:00,18.5
07/19/06 14:05,15.5
07/19/06 14:10,17.0
07/19/06 14:15,17.3
07/19/06 14:20,17.5
07/19/06 14:25,16.1
07/19/06 14:30,15.6
07/19/06 14:35,15.3
07/19/06 14:40,14.5
07/19/06 14:45,12.4
07/19/06 14:50,10.6
07/19/06 14:55,10.6
07/19/06 15:00,10.7
07/19/06 15:05,12.2
07/19/06 15:10,13.6
07/19/06 15:15,11.0
07/19/06 15:20,7.7
07/19/06 15:25,5.6
07/19/06 15:30,4.2
07/19/06 15:35,3.3
07/19/06 15:40,1.6
07/19/06 15:45,0.9
07/19/06 15:50,0.5
07/19/06 15:55,0.3
07/19/06 16:00,0.2
07/19/06 16:05,0.1
07/19/06 16:10,0.1
07/19/06 16:15,0.2
07/19/06 16:20,1.7
07/19/06 16:25,4.1
07/19/06 16:30,6.0
07/19/06 16:35,6.1
07/19/06 16:40,6.1
07/19/06 16:45,4.3
07/19/06 16:50,3.7
07/19/06 16:55,3.5
07/19/06 17:00,1.9
07/19/06 17:05,2.1
07/19/06 17:10,2.5
07/19/06 17:15,1.1
07/19/06 17:20,0.4
07/19/06 17:25,0.3
07/19/06 17:30,0.2
07/19/06 17:35,0.3
07/19/06 17:40,0.3
07/19/06 17:45,0.3
07/19/06 17:50,0.3
07/19/06 17:55,0.2
07/19/06 18:00,0.1
07/19/06 18:05,0.1
07/19/06 18:10,0.0
07/19/06 18:15,0.0
07/19/06 18:20,0.0
07/19/06 18:25,0.0
07/19/06 18:30,0.0
07/19/06 18:35,0.0
07/19/06 18:40,0.0
07/19/06 18:45,0.0
07/19/06 18:50,0.0
07/19/06 18:55,0.0
07/19/06 19:00,0.0
07/19/06 19:05,0.0
07/19/06 19:10,0.0
07/19/06 19:15,0.0
07/19/06 19:20,0.0
07/19/06 19:25,0.0
07/19/06 19:30,0.0
07/19/06 19:35,0.0
07/19/06 19:40,0.0
07/19/06 19:45,0.0
07/19/06 19:50,0.0
07/19/06 19:55,0.0
07/19/06 20:00,0.0
07/19/06 20:05,0.0
07/19/06 20:10,0.0
07/19/06 20:15,0.0
07/19/06 20:20,0.0
07/19/06 20:25,0.0
07/19/06 20:30,0.0
07/19/06 20:35,0.0
07/19/06 20:40,0.0
07/19/06 20:45,0.0
07/19/06 20:50,0.0
07/19/06 20:55,0.0
07/19/06 21:00,0.0
07/19/06 21:05,0.0
07/19/06 21:10,0.0
07/19/06 21:15,0.0
07/19/06 21:20,0.0
07/19/06 21:25,0.0
07/19/06 21:30,0.0
07/19/06 21:35,0.0
07/19/06 21:40,0.0
07/19/06 21:45,0.0
07/19/06 21:50,0.0
07/19/06 21:55,0.0
07/19/06 22:00,0.0
07/19/06 22:05,0.0
07/19/06 22:10,0.0
07/19/06 22:15,0.0
07/19/06 22:20,0.0
07/19/06 22:25,0.0
07/19/06 22:30,0.0
07/19/06 22:35,0.0
07/19/06 22:40,0.0
07/19/06 22:45,0.0
07/19/06 22:50,0.0
07/19/06 22:55,0.0
07/19/06 23:00,0.0
07/19/06 23:05,0.0
07/19/06 23:10,0.0
07/19/06 23:15,0.0
07/19/06 23:20,0.0
07/19/06 23:25,0.0
07/19/06 23:30,0.0
07/19/06 23:35,0.0
07/19/06 23:40,0.0
07/19/06 23:45,0.0
07/19/06 23:50,0.0
07/19/06 23:55,0.0
07/20/06 00:00,0.0
07/20/06 00:05,0.0
07/20/06 00:10,0.0
07/20/06 00:15,0.0
07/20/06 00:20,0.0
07/20/06 00:25,0.0
07/20/06 00:30,0.0
07/20/06 00:35,0.0
07/20/06 00:40,0.0
07/20/06 00:45,0.0
07/20/06 00:50,0.0
07/20/06 00:55,0.0
07/20/06 01:00,0.0
07/20/06 01:05,0.0
07/20/06 01:10,0.0
07/20/06 01:15,0.0
07/20/06 01:20,0.0
07/20/06 01:25,0.0
07/20/06 01:30,0.0
07/20/06 01:35,0.0
07/20/06 01:40,0.0
07/20/06 01:45,0.0
07/20/06 01:50,0.0
07/20/06 01:55,0.0
07/20/06 02:00,0.0
07/20/06 02:05,0.0
07/20/06 02:10,0.0
07/20/06 02:15,0.0
07/20/06 02:20,0.0
07/20/06 02:25,0.0
07/20/06 02:30,0.0
07/20/06 02:35,0.0
07/20/06 02:40,0.0
07/20/06 02:45,0.0
07/20/06 02:50,0.0
07/20/06 02:55,0.0
07/20/06 03:00,0.0
07/20/06 03:05,0.0
07/20/06 03:10,0.0
07/20/06 03:15,0.0
07/20/06 03:20,0.0
07/20/06 03:25,0.0
07/20/06 03:30,0.0
07/20/06 03:35,0.0
07/20/06 03:40,0.0
07/20/06 03:45,0.0
07/20/06 03:50,0.0
07/20/06 03:55,0.0
07/20/06 04:00,0.0
07/20/06 04:05,0.0
07/20/06 04:10,0.0
07/20/06 04:15,0.0
07/20/06 04:20,0.0
07/20/06 04:25,0.0
07/20/06 04:30,0.0
07/20/06 04:35,0.0
07/20/06 04:40,0.0
07/20/06 04:45,0.0
07/20/06 04:50,0.0
07/20/06 04:55,0.0
07/20/06 05:00,0.0
07/20/06 05:05,0.0
07/20/06 05:10,0.0
07/20/06 05:15,0.0
07/20/06 05:20,0.0
07/20/06 05:25,0.0
07/20/06 05:30,0.0
07/20/06 05:35,0.0
07/20/06 05:40,0.0
07/20/06 05:45,0.1
07/20/06 05:50,0.1
07/20/06 05:55,0.3
07/20/06 06:00,0.5
07/20/06 06:05,1.0
07/20/06 06:10,1.6
07/20/06 06:15,2.6
07/20/06 06:20,3.6
07/20/06 06:25,3.9
07/20/06 06:30,4.3
07/20/06 06:35,4.7
07/20/06 06:40,5.1
07/20/06 06:45,5.5
07/20/06 06:50,5.9
07/20/06 06:55,6.3
07/20/06 07:00,6.6
07/20/06 07:05,6.9
07/20/06 07:10,7.2
07/20/06 07:15,7.7
07/20/06 07:20,8.2
07/20/06 07:25,8.7
07/20/06 07:30,9.2
07/20/06 07:35,9.8
07/20/06 07:40,10.4
07/20/06 07:45,10.9
07/20/06 07:50,11.3
07/20/06 07:55,11.8
07/20/06 08:00,12.4
07/20/06 08:05,13.1
07/20/06 08:10,13.8
07/20/06 08:15,14.4
07/20/06 08:20,14.9
07/20/06 08:25,15.4
07/20/06 08:30,15.9
07/20/06 08:35,16.4
07/20/06 08:40,16.8
07/20/06 08:45,17.3
07/20/06 08:50,17.8
07/20/06 08:55,18.3
07/20/06 09:00,18.7
07/20/06 09:05,19.1
07/20/06 09:10,19.6
07/20/06 09:15,19.8
07/20/06 09:20,19.8
07/20/06 09:25,19.2
07/20/06 09:30,16.7
07/20/06 09:35,17.4
07/20/06 09:40,20.4
07/20/06 09:45,21.6
07/20/06 09:50,19.4
07/20/06 09:55,16.8
07/20/06 10:00,16.7
07/20/06 10:05,19.4
07/20/06 10:10,21.2
07/20/06 10:15,21.3
07/20/06 10:20,20.0
07/20/06 10:25,19.9
07/20/06 10:30,20.0
07/20/06 10:35,17.2
07/20/06 10:40,16.3
07/20/06 10:45,18.2
07/20/06 10:50,17.4
07/20/06 10:55,17.7
07/20/06 11:00,18.5
07/20/06 11:05,19.9
07/20/06 11:10,21.4
07/20/06 11:15,22.7
07/20/06 11:20,23.5
07/20/06 11:25,23.9
07/20/06 11:30,24.3
07/20/06 11:35,24.5
07/20/06 11:40,24.6
07/20/06 11:45,24.6
07/20/06 11:50,24.6
07/20/06 11:55,24.7
07/20/06 12:00,24.7
07/20/06 12:05,24.6
07/20/06 12:10,24.5
07/20/06 12:15,23.9
07/20/06 12:20,23.5
07/20/06 12:25,23.4
07/20/06 12:30,23.3
07/20/06 12:35,23.6
07/20/06 12:40,23.7
07/20/06 12:45,20.0
07/20/06 12:50,16.9
07/20/06 12:55,14.8
07/20/06 13:00,13.5
07/20/06 13:05,12.7
07/20/06 13:10,12.0
07/20/06 13:15,15.4
07/20/06 13:20,18.8
07/20/06 13:25,21.5
07/20/06 13:30,24.1
07/20/06 13:35,25.5
07/20/06 13:40,25.9
07/20/06 13:45,26.4
07/20/06 13:50,26.5
07/20/06 13:55,26.1
07/20/06 14:00,25.8
07/20/06 14:05,25.3
07/20/06 14:10,24.5
07/20/06 14:15,21.7
07/20/06 14:20,16.4
07/20/06 14:25,12.6
07/20/06 14:30,9.8
07/20/06 14:35,7.6
07/20/06 14:40,6.1
07/20/06 14:45,5.0
07/20/06 14:50,4.4
07/20/06 14:55,4.2
07/20/06 15:00,4.9
07/20/06 15:05,5.1
07/20/06 15:10,7.4
07/20/06 15:15,7.0
07/20/06 15:20,6.2
07/20/06 15:25,6.0
07/20/06 15:30,5.5
07/20/06 15:35,5.7
07/20/06 15:40,5.4
07/20/06 15:45,4.9
07/20/06 15:50,4.7
07/20/06 15:55,4.6
07/20/06 16:00,4.7
07/20/06 16:05,4.8
07/20/06 16:10,4.5
07/20/06 16:15,4.2
07/20/06 16:20,4.1
07/20/06 16:25,4.0
07/20/06 16:30,4.0
07/20/06 16:35,3.8
07/20/06 16:40,3.7
07/20/06 16:45,3.5
07/20/06 16:50,2.5
07/20/06 16:55,1.5
07/20/06 17:00,0.9
07/20/06 17:05,0.6
07/20/06 17:10,0.3
07/20/06 17:15,0.2
07/20/06 17:20,0.1
07/20/06 17:25,0.1
07/20/06 17:30,0.0
07/20/06 17:35,0.0
07/20/06 17:40,0.0
07/20/06 17:45,0.0
07/20/06 17:50,0.0
07/20/06 17:55,0.0
07/20/06 18:00,0.0
07/20/06 18:05,0.0
07/20/06 18:10,0.0
07/20/06 18:15,0.0
07/20/06 18:20,0.0
07/20/06 18:25,0.0
07/20/06 18:30,0.0
07/20/06 18:35,0.0
07/20/06 18:40,0.0
07/20/06 18:45,0.0
07/20/06 18:50,0.0
07/20/06 18:55,0.0
07/20/06 19:00,0.0
07/20/06 19:05,0.0
07/20/06 19:10,0.0
07/20/06 19:15,0.0
07/20/06 19:20,0.0
07/20/06 19:25,0.0
07/20/06 19:30,0.0
07/20/06 19:35,0.0
07/20/06 19:40,0.0
07/20/06 19:45,0.0
07/20/06 19:50,0.0
07/20/06 19:55,0.0
07/20/06 20:00,0.0
07/20/06 20:05,0.0
07/20/06 20:10,0.0
07/20/06 20:15,0.0
07/20/06 20:20,0.0
07/20/06 20:25,0.0
07/20/06 20:30,0.0
07/20/06 20:35,0.0
07/20/06 20:40,0.0
07/20/06 20:45,0.0
07/20/06 20:50,0.0
07/20/06 20:55,0.0
07/20/06 21:00,0.0
07/20/06 21:05,0.0
07/20/06 21:10,0.0
07/20/06 21:15,0.0
07/20/06 21:20,0.0
07/20/06 21:25,0.0
07/20/06 21:30,0.0
07/20/06 21:35,0.0
07/20/06 21:40,0.0
07/20/06 21:45,0.0
07/20/06 21:50,0.0
07/20/06 21:55,0.0
07/20/06 22:00,0.0
07/20/06 22:05,0.0
07/20/06 22:10,0.0
07/20/06 22:15,0.0
07/20/06 22:20,0.0
07/20/06 22:25,0.0
07/20/06 22:30,0.0
07/20/06 22:35,0.0
07/20/06 22:40,0.0
07/20/06 22:45,0.0
07/20/06 22:50,0.0
07/20/06 22:55,0.0
07/20/06 23:00,0.0
07/20/06 23:05,0.0
07/20/06 23:10,0.0
07/20/06 23:15,0.0
07/20/06 23:20,0.0
07/20/06 23:25,0.0
07/20/06 23:30,0.0
07/20/06 23:35,0.0
07/20/06 23:40,0.0
07/20/06 23:45,0.0
07/20/06 23:50,0.0
07/20/06 23:55,0.0
07/21/06 00:00,0.0
07/21/06 00:05,0.0
07/21/06 00:10,0.0
07/21/06 00:15,0.0
07/21/06 00:20,0.0
07/21/06 00:25,0.0
07/21/06 00:30,0.0
07/21/06 00:35,0.0
07/21/06 00:40,0.0
07/21/06 00:45,0.0
07/21/06 00:50,0.0
07/21/06 00:55,0.0
07/21/06 01:00,0.0
07/21/06 01:05,0.0
07/21/06 01:10,0.0
07/21/06 01:15,0.0
07/21/06 01:20,0.0
07/21/06 01:25,0.0
07/21/06 01:30,0.0
07/21/06 01:35,0.0
07/21/06 01:40,0.0
07/21/06 01:45,0.0
07/21/06 01:50,0.0
07/21/06 01:55,0.0
07/21/06 02:00,0.0
07/21/06 02:05,0.0
07/21/06 02:10,0.0
07/21/06 02:15,0.0
07/21/06 02:20,0.0
07/21/06 02:25,0.0
07/21/06 02:30,0.0
07/21/06 02:35,0.0
07/21/06 02:40,0.0
07/21/06 02:45,0.0
07/21/06 02:50,0.0
07/21/06 02:55,0.0
07/21/06 03:00,0.0
07/21/06 03:05,0.0
07/21/06 03:10,0.0
07/21/06 03:15,0.0
07/21/06 03:20,0.0
07/21/06 03:25,0.0
07/21/06 03:30,0.0
07/21/06 03:35,0.0
07/21/06 03:40,0.0
07/21/06 03:45,0.0
07/21/06 03:50,0.0
07/21/06 03:55,0.0
07/21/06 04:00,0.0
07/21/06 04:05,0.0
07/21/06 04:10,0.0
07/21/06 04:15,0.0
07/21/06 04:20,0.0
07/21/06 04:25,0.0
07/21/06 04:30,0.0
07/21/06 04:35,0.0
07/21/06 04:40,0.0
07/21/06 04:45,0.0
07/21/06 04:50,0.0
07/21/06 04:55,0.0
07/21/06 05:00,0.0
07/21/06 05:05,0.0
07/21/06 05:10,0.0
07/21/06 05:15,0.0
07/21/06 05:20,0.0
07/21/06 05:25,0.0
07/21/06 05:30,0.0
07/21/06 05:35,0.0
07/21/06 05:40,0.0
07/21/06 05:45,0.1
07/21/06 05:50,0.1
07/21/06 05:55,0.2
07/21/06 06:00,0.2
07/21/06 06:05,0.2
07/21/06 06:10,0.2
07/21/06 06:15,0.9
07/21/06 06:20,2.1
07/21/06 06:25,3.6
07/21/06 06:30,4.2
07/21/06 06:35,4.8
07/21/06 06:40,5.4
07/21/06 06:45,5.7
07/21/06 06:50,5.9
07/21/06 06:55,6.2
07/21/06 07:00,6.6
07/21/06 07:05,7.3
07/21/06 07:10,8.5
07/21/06 07:15,8.9
07/21/06 07:20,9.0
07/21/06 07:25,9.3
07/21/06 07:30,9.7
07/21/06 07:35,10.2
07/21/06 07:40,10.7
07/21/06 07:45,11.2
07/21/06 07:50,11.7
07/21/06 07:55,12.2
07/21/06 08:00,12.7
07/21/06 08:05,13.3
07/21/06 08:10,13.9
07/21/06 08:15,14.3
07/21/06 08:20,14.6
07/21/06 08:25,15.0
07/21/06 08:30,15.5
07/21/06 08:35,15.9
07/21/06 08:40,16.1
07/21/06 08:45,16.2
07/21/06 08:50,16.4
07/21/06 08:55,16.7
07/21/06 09:00,17.1
07/21/06 09:05,17.5
07/21/06 09:10,17.9
07/21/06 09:15,18.5
07/21/06 09:20,19.1
07/21/06 09:25,19.4
07/21/06 09:30,19.5
07/21/06 09:35,19.8
07/21/06 09:40,20.1
07/21/06 09:45,20.3
07/21/06 09:50,20.7
07/21/06 09:55,20.9
07/21/06 10:00,21.1
07/21/06 10:05,21.2
07/21/06 10:10,21.1
07/21/06 10:15,21.5
07/21/06 10:20,22.2
07/21/06 10:25,22.6
07/21/06 10:30,22.9
07/21/06 10:35,23.1
07/21/06 10:40,23.3
07/21/06 10:45,23.6
07/21/06 10:50,23.8
07/21/06 10:55,24.0
07/21/06 11:00,24.2
07/21/06 11:05,24.3
07/21/06 11:10,24.3
07/21/06 11:15,24.4
07/21/06 11:20,24.7
07/21/06 11:25,23.6
07/21/06 11:30,23.4
07/21/06 11:35,23.5
07/21/06 11:40,23.4
07/21/06 11:45,22.8
07/21/06 11:50,22.7
07/21/06 11:55,22.4
07/21/06 12:00,23.9
07/21/06 12:05,25.8
07/21/06 12:10,26.5
07/21/06 12:15,26.3
07/21/06 12:20,24.5
07/21/06 12:25,24.2
07/21/06 12:30,24.5
07/21/06 12:35,22.8
07/21/06 12:40,20.9
07/21/06 12:45,21.3
07/21/06 12:50,22.0
07/21/06 12:55,22.2
07/21/06 13:00,22.1
07/21/06 13:05,21.2
07/21/06 13:10,21.0
07/21/06 13:15,21.7
07/21/06 13:20,22.6
07/21/06 13:25,22.5
07/21/06 13:30,20.2
07/21/06 13:35,20.6
07/21/06 13:40,21.4
07/21/06 13:45,21.7
07/21/06 13:50,21.9
07/21/06 13:55,21.9
07/21/06 14:00,22.3
07/21/06 14:05,22.5
07/21/06 14:10,22.3
07/21/06 14:15,21.7
07/21/06 14:20,21.2
07/21/06 14:25,20.4
07/21/06 14:30,19.5
07/21/06 14:35,18.7
07/21/06 14:40,18.9
07/21/06 14:45,19.6
07/21/06 14:50,20.2
07/21/06 14:55,20.5
07/21/06 15:00,20.6
07/21/06 15:05,20.2
07/21/06 15:10,19.4
07/21/06 15:15,18.4
07/21/06 15:20,17.6
07/21/06 15:25,16.8
07/21/06 15:30,16.0
07/21/06 15:35,15.4
07/21/06 15:40,14.9
07/21/06 15:45,14.5
07/21/06 15:50,14.0
07/21/06 15:55,13.6
07/21/06 16:00,13.1
07/21/06 16:05,12.5
07/21/06 16:10,11.9
07/21/06 16:15,11.2
07/21/06 16:20,10.5
07/21/06 16:25,9.9
07/21/06 16:30,9.4
07/21/06 16:35,8.9
07/21/06 16:40,8.4
07/21/06 16:45,7.9
07/21/06 16:50,7.5
07/21/06 16:55,7.1
07/21/06 17:00,6.7
07/21/06 17:05,6.2
07/21/06 17:10,5.7
07/21/06 17:15,5.3
07/21/06 17:20,4.7
07/21/06 17:25,4.2
07/21/06 17:30,3.7
07/21/06 17:35,2.7
07/21/06 17:40,1.6
07/21/06 17:45,0.9
07/21/06 17:50,0.5
07/21/06 17:55,0.3
07/21/06 18:00,0.2
07/21/06 18:05,0.1
07/21/06 18:10,0.0
07/21/06 18:15,0.0
07/21/06 18:20,0.0
07/21/06 18:25,0.0
07/21/06 18:30,0.0
07/21/06 18:35,0.0
07/21/06 18:40,0.0
07/21/06 18:45,0.0
07/21/06 18:50,0.0
07/21/06 18:55,0.0
07/21/06 19:00,0.0
07/21/06 19:05,0.0
07/21/06 19:10,0.0
07/21/06 19:15,0.0
07/21/06 19:20,0.0
07/21/06 19:25,0.0
07/21/06 19:30,0.0
07/21/06 19:35,0.0
07/21/06 19:40,0.0
07/21/06 19:45,0.0
07/21/06 19:50,0.0
07/21/06 19:55,0.0
07/21/06 20:00,0.0
07/21/06 20:05,0.0
07/21/06 20:10,0.0
07/21/06 20:15,0.0
07/21/06 20:20,0.0
07/21/06 20:25,0.0
07/21/06 20:30,0.0
07/21/06 20:35,0.0
07/21/06 20:40,0.0
07/21/06 20:45,0.0
07/21/06 20:50,0.0
07/21/06 20:55,0.0
07/21/06 21:00,0.0
07/21/06 21:05,0.0
07/21/06 21:10,0.0
07/21/06 21:15,0.0
07/21/06 21:20,0.0
07/21/06 21:25,0.0
07/21/06 21:30,0.0
07/21/06 21:35,0.0
07/21/06 21:40,0.0
07/21/06 21:45,0.0
07/21/06 21:50,0.0
07/21/06 21:55,0.0
07/21/06 22:00,0.0
07/21/06 22:05,0.0
07/21/06 22:10,0.0
07/21/06 22:15,0.0
07/21/06 22:20,0.0
07/21/06 22:25,0.0
07/21/06 22:30,0.0
07/21/06 22:35,0.0
07/21/06 22:40,0.0
07/21/06 22:45,0.0
07/21/06 22:50,0.0
07/21/06 22:55,0.0
07/21/06 23:00,0.0
07/21/06 23:05,0.0
07/21/06 23:10,0.0
07/21/06 23:15,0.0
07/21/06 23:20,0.0
07/21/06 23:25,0.0
07/21/06 23:30,0.0
07/21/06 23:35,0.0
07/21/06 23:40,0.0
07/21/06 23:45,0.0
07/21/06 23:50,0.0
07/21/06 23:55,0.0
07/22/06 00:00,0.0
07/22/06 00:05,0.0
07/22/06 00:10,0.0
07/22/06 00:15,0.0
07/22/06 00:20,0.0
07/22/06 00:25,0.0
07/22/06 00:30,0.0
07/22/06 00:35,0.0
07/22/06 00:40,0.0
07/22/06 00:45,0.0
07/22/06 00:50,0.0
07/22/06 00:55,0.0
07/22/06 01:00,0.0
07/22/06 01:05,0.0
07/22/06 01:10,0.0
07/22/06 01:15,0.0
07/22/06 01:20,0.0
07/22/06 01:25,0.0
07/22/06 01:30,0.0
07/22/06 01:35,0.0
07/22/06 01:40,0.0
07/22/06 01:45,0.0
07/22/06 01:50,0.0
07/22/06 01:55,0.0
07/22/06 02:00,0.0
07/22/06 02:05,0.0
07/22/06 02:10,0.0
07/22/06 02:15,0.0
07/22/06 02:20,0.0
07/22/06 02:25,0.0
07/22/06 02:30,0.0
07/22/06 02:35,0.0
07/22/06 02:40,0.0
07/22/06 02:45,0.0
07/22/06 02:50,0.0
07/22/06 02:55,0.0
07/22/06 03:00,0.0
07/22/06 03:05,0.0
07/22/06 03:10,0.0
07/22/06 03:15,0.0
07/22/06 03:20,0.0
07/22/06 03:25,0.0
07/22/06 03:30,0.0
07/22/06 03:35,0.0
07/22/06 03:40,0.0
07/22/06 03:45,0.0
07/22/06 03:50,0.0
07/22/06 03:55,0.0
07/22/06 04:00,0.0
07/22/06 04:05,0.0
07/22/06 04:10,0.0
07/22/06 04:15,0.0
07/22/06 04:20,0.0
07/22/06 04:25,0.0
07/22/06 04:30,0.0
07/22/06 04:35,0.0
07/22/06 04:40,0.0
07/22/06 04:45,0.0
07/22/06 04:50,0.0
07/22/06 04:55,0.0
07/22/06 05:00,0.0
07/22/06 05:05,0.0
07/22/06 05:10,0.0
07/22/06 05:15,0.0
07/22/06 05:20,0.0
07/22/06 05:25,0.0
07/22/06 05:30,0.0
07/22/06 05:35,0.0
07/22/06 05:40,0.0
07/22/06 05:45,0.0
07/22/06 05:50,0.1
07/22/06 05:55,0.1
07/22/06 06:00,0.0
07/22/06 06:05,0.0
07/22/06 06:10,0.1
07/22/06 06:15,0.2
07/22/06 06:20,0.8
07/22/06 06:25,1.5
07/22/06 06:30,2.4
07/22/06 06:35,3.5
07/22/06 06:40,3.9
07/22/06 06:45,4.4
07/22/06 06:50,4.9
07/22/06 06:55,5.4
07/22/06 07:00,5.9
07/22/06 07:05,6.4
07/22/06 07:10,6.9
07/22/06 07:15,7.5
07/22/06 07:20,8.1
07/22/06 07:25,8.7
07/22/06 07:30,9.2
07/22/06 07:35,9.8
07/22/06 07:40,10.4
07/22/06 07:45,11.0
07/22/06 07:50,11.7
07/22/06 07:55,12.4
07/22/06 08:00,13.0
07/22/06 08:05,13.6
07/22/06 08:10,14.2
07/22/06 08:15,14.7
07/22/06 08:20,15.3
07/22/06 08:25,15.7
07/22/06 08:30,16.3
07/22/06 08:35,16.8
07/22/06 08:40,17.2
07/22/06 08:45,17.6
07/22/06 08:50,18.0
07/22/06 08:55,18.3
07/22/06 09:00,18.8
07/22/06 09:05,19.3
07/22/06 09:10,19.6
07/22/06 09:15,19.8
07/22/06 09:20,20.0
07/22/06 09:25,20.3
07/22/06 09:30,20.6
07/22/06 09:35,20.8
07/22/06 09:40,21.0
07/22/06 09:45,21.1
07/22/06 09:50,21.1
07/22/06 09:55,20.9
07/22/06 10:00,21.0
07/22/06 10:05,21.5
07/22/06 10:10,22.0
07/22/06 10:15,22.3
07/22/06 10:20,22.5
07/22/06 10:25,22.7
07/22/06 10:30,22.8
07/22/06 10:35,23.0
07/22/06 10:40,23.1
07/22/06 10:45,23.3
07/22/06 10:50,23.6
07/22/06 10:55,23.8
07/22/06 11:00,24.2
07/22/06 11:05,24.6
07/22/06 11:10,24.9
07/22/06 11:15,25.1
07/22/06 11:20,25.3
07/22/06 11:25,25.3
07/22/06 11:30,25.4
07/22/06 11:35,25.6
07/22/06 11:40,25.8
07/22/06 11:45,25.9
07/22/06 11:50,25.9
07/22/06 11:55,25.8
07/22/06 12:00,25.6
07/22/06 12:05,25.6
07/22/06 12:10,25.5
07/22/06 12:15,25.6
07/22/06 12:20,26.0
07/22/06 12:25,26.3
07/22/06 12:30,26.5
07/22/06 12:35,27.0
07/22/06 12:40,26.9
07/22/06 12:45,26.4
07/22/06 12:50,25.9
07/22/06 12:55,25.8
07/22/06 13:00,25.4
07/22/06 13:05,24.8
07/22/06 13:10,24.1
07/22/06 13:15,23.9
07/22/06 13:20,24.5
07/22/06 13:25,25.0
07/22/06 13:30,25.0
07/22/06 13:35,24.6
07/22/06 13:40,24.1
07/22/06 13:45,23.8
07/22/06 13:50,23.1
07/22/06 13:55,22.7
07/22/06 14:00,22.5
07/22/06 14:05,22.2
07/22/06 14:10,22.4
07/22/06 14:15,22.2
07/22/06 14:20,21.6
07/22/06 14:25,20.4
07/22/06 14:30,18.3
07/22/06 14:35,18.6
07/22/06 14:40,19.5
07/22/06 14:45,19.9
07/22/06 14:50,18.8
07/22/06 14:55,17.9
07/22/06 15:00,18.0
07/22/06 15:05,16.6
07/22/06 15:10,16.4
07/22/06 15:15,16.5
07/22/06 15:20,16.5
07/22/06 15:25,16.4
07/22/06 15:30,16.0
07/22/06 15:35,15.6
07/22/06 15:40,15.3
07/22/06 15:45,14.9
07/22/06 15:50,14.5
07/22/06 15:55,14.1
07/22/06 16:00,13.6
07/22/06 16:05,13.1
07/22/06 16:10,12.7
07/22/06 16:15,11.5
07/22/06 16:20,9.6
07/22/06 16:25,7.2
07/22/06 16:30,5.0
07/22/06 16:35,4.1
07/22/06 16:40,4.1
07/22/06 16:45,4.1
07/22/06 16:50,3.6
07/22/06 16:55,2.0
07/22/06 17:00,1.4
07/22/06 17:05,1.1
07/22/06 17:10,0.8
07/22/06 17:15,0.8
07/22/06 17:20,0.9
07/22/06 17:25,0.6
07/22/06 17:30,0.4
07/22/06 17:35,0.2
07/22/06 17:40,0.1
07/22/06 17:45,0.1
07/22/06 17:50,0.0
07/22/06 17:55,0.0
07/22/06 18:00,0.0
07/22/06 18:05,0.0
07/22/06 18:10,0.0
07/22/06 18:15,0.0
07/22/06 18:20,0.0
07/22/06 18:25,0.0
07/22/06 18:30,0.0
07/22/06 18:35,0.0
07/22/06 18:40,0.0
07/22/06 18:45,0.0
07/22/06 18:50,0.0
07/22/06 18:55,0.0
07/22/06 19:00,0.0
07/22/06 19:05,0.0
07/22/06 19:10,0.0
07/22/06 19:15,0.0
07/22/06 19:20,0.0
07/22/06 19:25,0.0
07/22/06 19:30,0.0
07/22/06 19:35,0.0
07/22/06 19:40,0.0
07/22/06 19:45,0.0
07/22/06 19:50,0.0
07/22/06 19:55,0.0
07/22/06 20:00,0.0
07/22/06 20:05,0.0
07/22/06 20:10,0.0
07/22/06 20:15,0.0
07/22/06 20:20,0.0
07/22/06 20:25,0.0
07/22/06 20:30,0.0
07/22/06 20:35,0.0
07/22/06 20:40,0.0
07/22/06 20:45,0.0
07/22/06 20:50,0.0
07/22/06 20:55,0.0
07/22/06 21:00,0.0
07/22/06 21:05,0.0
07/22/06 21:10,0.0
07/22/06 21:15,0.0
07/22/06 21:20,0.0
07/22/06 21:25,0.0
07/22/06 21:30,0.0
07/22/06 21:35,0.0
07/22/06 21:40,0.0
07/22/06 21:45,0.0
07/22/06 21:50,0.0
07/22/06 21:55,0.0
07/22/06 22:00,0.0
07/22/06 22:05,0.0
07/22/06 22:10,0.0
07/22/06 22:15,0.0
07/22/06 22:20,0.0
07/22/06 22:25,0.0
07/22/06 22:30,0.0
07/22/06 22:35,0.0
07/22/06 22:40,0.0
07/22/06 22:45,0.0
07/22/06 22:50,0.0
07/22/06 22:55,0.0
07/22/06 23:00,0.0
07/22/06 23:05,0.0
07/22/06 23:10,0.0
07/22/06 23:15,0.0
07/22/06 23:20,0.0
07/22/06 23:25,0.0
07/22/06 23:30,0.0
07/22/06 23:35,0.0
07/22/06 23:40,0.0
07/22/06 23:45,0.0
07/22/06 23:50,0.0
07/22/06 23:55,0.0
07/23/06 00:00,0.0
07/23/06 00:05,0.0
07/23/06 00:10,0.0
07/23/06 00:15,0.0
07/23/06 00:20,0.0
07/23/06 00:25,0.0
07/23/06 00:30,0.0
07/23/06 00:35,0.0
07/23/06 00:40,0.0
07/23/06 00:45,0.0
07/23/06 00:50,0.0
07/23/06 00:55,0.0
07/23/06 01:00,0.0
07/23/06 01:05,0.0
07/23/06 01:10,0.0
07/23/06 01:15,0.0
07/23/06 01:20,0.0
07/23/06 01:25,0.0
07/23/06 01:30,0.0
07/23/06 01:35,0.0
07/23/06 01:40,0.0
07/23/06 01:45,0.0
07/23/06 01:50,0.0
07/23/06 01:55,0.0
07/23/06 02:00,0.0
07/23/06 02:05,0.0
07/23/06 02:10,0.0
07/23/06 02:15,0.0
07/23/06 02:20,0.0
07/23/06 02:25,0.0
07/23/06 02:30,0.0
07/23/06 02:35,0.0
07/23/06 02:40,0.0
07/23/06 02:45,0.0
07/23/06 02:50,0.0
07/23/06 02:55,0.0
07/23/06 03:00,0.0
07/23/06 03:05,0.0
07/23/06 03:10,0.0
07/23/06 03:15,0.0
07/23/06 03:20,0.0
07/23/06 03:25,0.0
07/23/06 03:30,0.0
07/23/06 03:35,0.0
07/23/06 03:40,0.0
07/23/06 03:45,0.0
07/23/06 03:50,0.0
07/23/06 03:55,0.0
07/23/06 04:00,0.0
07/23/06 04:05,0.0
07/23/06 04:10,0.0
07/23/06 04:15,0.0
07/23/06 04:20,0.0
07/23/06 04:25,0.0
07/23/06 04:30,0.0
07/23/06 04:35,0.0
07/23/06 04:40,0.0
07/23/06 04:45,0.0
07/23/06 04:50,0.0
07/23/06 04:55,0.0
07/23/06 05:00,0.0
07/23/06 05:05,0.0
07/23/06 05:10,0.0
07/23/06 05:15,0.0
07/23/06 05:20,0.0
07/23/06 05:25,0.0
07/23/06 05:30,0.0
07/23/06 05:35,0.0
07/23/06 05:40,0.0
07/23/06 05:45,0.0
07/23/06 05:50,0.0
07/23/06 05:55,0.0
07/23/06 06:00,0.0
07/23/06 06:05,0.0
07/23/06 06:10,0.0
07/23/06 06:15,0.0
07/23/06 06:20,0.0
07/23/06 06:25,0.0
07/23/06 06:30,0.1
07/23/06 06:35,0.1
07/23/06 06:40,0.0
07/23/06 06:45,0.0
07/23/06 06:50,0.0
07/23/06 06:55,0.1
07/23/06 07:00,0.1
07/23/06 07:05,0.2
07/23/06 07:10,0.2
07/23/06 07:15,0.4
07/23/06 07:20,0.5
07/23/06 07:25,0.8
07/23/06 07:30,1.1
07/23/06 07:35,1.3
07/23/06 07:40,1.5
07/23/06 07:45,1.8
07/23/06 07:50,2.2
07/23/06 07:55,2.7
07/23/06 08:00,3.2
07/23/06 08:05,3.6
07/23/06 08:10,3.8
07/23/06 08:15,3.8
07/23/06 08:20,4.0
07/23/06 08:25,4.3
07/23/06 08:30,4.7
07/23/06 08:35,5.0
07/23/06 08:40,5.3
07/23/06 08:45,5.6
07/23/06 08:50,5.8
07/23/06 08:55,6.4
07/23/06 09:00,7.0
07/23/06 09:05,7.5
07/23/06 09:10,7.8
07/23/06 09:15,8.5
07/23/06 09:20,8.5
07/23/06 09:25,8.3
07/23/06 09:30,8.2
07/23/06 09:35,8.2
07/23/06 09:40,10.1
07/23/06 09:45,12.0
07/23/06 09:50,11.5
07/23/06 09:55,12.4
07/23/06 10:00,15.8
07/23/06 10:05,15.5
07/23/06 10:10,14.7
07/23/06 10:15,13.9
07/23/06 10:20,13.7
07/23/06 10:25,15.1
07/23/06 10:30,15.5
07/23/06 10:35,15.6
07/23/06 10:40,15.9
07/23/06 10:45,16.0
07/23/06 10:50,16.8
07/23/06 10:55,19.5
07/23/06 11:00,22.9
07/23/06 11:05,25.1
07/23/06 11:10,26.2
07/23/06 11:15,21.9
07/23/06 11:20,19.1
07/23/06 11:25,17.4
07/23/06 11:30,14.8
07/23/06 11:35,13.6
07/23/06 11:40,14.3
07/23/06 11:45,14.7
07/23/06 11:50,15.4
07/23/06 11:55,18.2
07/23/06 12:00,20.0
07/23/06 12:05,21.1
07/23/06 12:10,19.6
07/23/06 12:15,18.7
07/23/06 12:20,18.3
07/23/06 12:25,18.1
07/23/06 12:30,17.8
07/23/06 12:35,17.6
07/23/06 12:40,17.5
07/23/06 12:45,17.4
07/23/06 12:50,17.5
07/23/06 12:55,17.7
07/23/06 13:00,18.3
07/23/06 13:05,18.7
07/23/06 13:10,18.8
07/23/06 13:15,18.4
07/23/06 13:20,19.4
07/23/06 13:25,19.4
07/23/06 13:30,18.3
07/23/06 13:35,16.7
07/23/06 13:40,14.8
07/23/06 13:45,12.4
07/23/06 13:50,9.9
07/23/06 13:55,9.7
07/23/06 14:00,13.5
07/23/06 14:05,16.9
07/23/06 14:10,18.5
07/23/06 14:15,17.4
07/23/06 14:20,14.7
07/23/06 14:25,13.7
07/23/06 14:30,13.4
07/23/06 14:35,14.3
07/23/06 14:40,13.7
07/23/06 14:45,13.0
07/23/06 14:50,12.2
07/23/06 14:55,12.8
07/23/06 15:00,13.8
07/23/06 15:05,13.8
07/23/06 15:10,12.8
07/23/06 15:15,12.7
07/23/06 15:20,12.9
07/23/06 15:25,12.8
07/23/06 15:30,12.8
07/23/06 15:35,12.8
07/23/06 15:40,12.5
07/23/06 15:45,13.2
07/23/06 15:50,13.2
07/23/06 15:55,12.2
07/23/06 16:00,12.6
07/23/06 16:05,11.5
07/23/06 16:10,10.7
07/23/06 16:15,9.2
07/23/06 16:20,7.9
07/23/06 16:25,7.2
07/23/06 16:30,6.6
07/23/06 16:35,6.2
07/23/06 16:40,5.9
07/23/06 16:45,5.8
07/23/06 16:50,5.6
07/23/06 16:55,5.3
07/23/06 17:00,4.9
07/23/06 17:05,4.5
07/23/06 17:10,4.1
07/23/06 17:15,3.6
07/23/06 17:20,2.6
07/23/06 17:25,1.8
07/23/06 17:30,1.3
07/23/06 17:35,1.0
07/23/06 17:40,0.7
07/23/06 17:45,0.5
07/23/06 17:50,0.3
07/23/06 17:55,0.2
07/23/06 18:00,0.1
07/23/06 18:05,0.1
07/23/06 18:10,0.0
07/23/06 18:15,0.0
07/23/06 18:20,0.0
07/23/06 18:25,0.0
07/23/06 18:30,0.0
07/23/06 18:35,0.0
07/23/06 18:40,0.0
07/23/06 18:45,0.0
07/23/06 18:50,0.0
07/23/06 18:55,0.0
07/23/06 19:00,0.0
07/23/06 19:05,0.0
07/23/06 19:10,0.0
07/23/06 19:15,0.0
07/23/06 19:20,0.0
07/23/06 19:25,0.0
07/23/06 19:30,0.0
07/23/06 19:35,0.0
07/23/06 19:40,0.0
07/23/06 19:45,0.0
07/23/06 19:50,0.0
07/23/06 19:55,0.0
07/23/06 20:00,0.0
07/23/06 20:05,0.0
07/23/06 20:10,0.0
07/23/06 20:15,0.0
07/23/06 20:20,0.0
07/23/06 20:25,0.0
07/23/06 20:30,0.0
07/23/06 20:35,0.0
07/23/06 20:40,0.0
07/23/06 20:45,0.0
07/23/06 20:50,0.0
07/23/06 20:55,0.0
07/23/06 21:00,0.0
07/23/06 21:05,0.0
07/23/06 21:10,0.0
07/23/06 21:15,0.0
07/23/06 21:20,0.0
07/23/06 21:25,0.0
07/23/06 21:30,0.0
07/23/06 21:35,0.0
07/23/06 21:40,0.0
07/23/06 21:45,0.0
07/23/06 21:50,0.0
07/23/06 21:55,0.0
07/23/06 22:00,0.0
07/23/06 22:05,0.0
07/23/06 22:10,0.0
07/23/06 22:15,0.0
07/23/06 22:20,0.0
07/23/06 22:25,0.0
07/23/06 22:30,0.0
07/23/06 22:35,0.0
07/23/06 22:40,0.0
07/23/06 22:45,0.0
07/23/06 22:50,0.0
07/23/06 22:55,0.0
07/23/06 23:00,0.0
07/23/06 23:05,0.0
07/23/06 23:10,0.0
07/23/06 23:15,0.0
07/23/06 23:20,0.0
07/23/06 23:25,0.0
07/23/06 23:30,0.0
07/23/06 23:35,0.0
07/23/06 23:40,0.0
07/23/06 23:45,0.0
07/23/06 23:50,0.0
07/23/06 23:55,0.0
07/24/06 00:00,0.0
07/24/06 00:05,0.0
07/24/06 00:10,0.0
07/24/06 00:15,0.0
07/24/06 00:20,0.0
07/24/06 00:25,0.0
07/24/06 00:30,0.0
07/24/06 00:35,0.0
07/24/06 00:40,0.0
07/24/06 00:45,0.0
07/24/06 00:50,0.0
07/24/06 00:55,0.0
07/24/06 01:00,0.0
07/24/06 01:05,0.0
07/24/06 01:10,0.0
07/24/06 01:15,0.0
07/24/06 01:20,0.0
07/24/06 01:25,0.0
07/24/06 01:30,0.0
07/24/06 01:35,0.0
07/24/06 01:40,0.0
07/24/06 01:45,0.0
07/24/06 01:50,0.0
07/24/06 01:55,0.0
07/24/06 02:00,0.0
07/24/06 02:05,0.0
07/24/06 02:10,0.0
07/24/06 02:15,0.0
07/24/06 02:20,0.0
07/24/06 02:25,0.0
07/24/06 02:30,0.0
07/24/06 02:35,0.0
07/24/06 02:40,0.0
07/24/06 02:45,0.0
07/24/06 02:50,0.0
07/24/06 02:55,0.0
07/24/06 03:00,0.0
07/24/06 03:05,0.0
07/24/06 03:10,0.0
07/24/06 03:15,0.0
07/24/06 03:20,0.0
07/24/06 03:25,0.0
07/24/06 03:30,0.0
07/24/06 03:35,0.0
07/24/06 03:40,0.0
07/24/06 03:45,0.0
07/24/06 03:50,0.0
07/24/06 03:55,0.0
07/24/06 04:00,0.0
07/24/06 04:05,0.0
07/24/06 04:10,0.0
07/24/06 04:15,0.0
07/24/06 04:20,0.0
07/24/06 04:25,0.0
07/24/06 04:30,0.0
07/24/06 04:35,0.0
07/24/06 04:40,0.0
07/24/06 04:45,0.0
07/24/06 04:50,0.0
07/24/06 04:55,0.0
07/24/06 05:00,0.0
07/24/06 05:05,0.0
07/24/06 05:10,0.0
07/24/06 05:15,0.0
07/24/06 05:20,0.0
07/24/06 05:25,0.0
07/24/06 05:30,0.0
07/24/06 05:35,0.0
07/24/06 05:40,0.0
07/24/06 05:45,0.1
07/24/06 05:50,0.1
07/24/06 05:55,0.2
07/24/06 06:00,0.4
07/24/06 06:05,0.6
07/24/06 06:10,1.0
07/24/06 06:15,1.6
07/24/06 06:20,2.7
07/24/06 06:25,3.6
07/24/06 06:30,3.9
07/24/06 06:35,4.2
07/24/06 06:40,4.6
07/24/06 06:45,5.1
07/24/06 06:50,5.5
07/24/06 06:55,5.9
07/24/06 07:00,6.4
07/24/06 07:05,6.8
07/24/06 07:10,7.0
07/24/06 07:15,7.5
07/24/06 07:20,8.3
07/24/06 07:25,9.0
07/24/06 07:30,9.5
07/24/06 07:35,10.0
07/24/06 07:40,10.4
07/24/06 07:45,10.8
07/24/06 07:50,11.2
07/24/06 07:55,11.6
07/24/06 08:00,11.9
07/24/06 08:05,12.2
07/24/06 08:10,12.4
07/24/06 08:15,12.7
07/24/06 08:20,12.1
07/24/06 08:25,12.1
07/24/06 08:30,13.1
07/24/06 08:35,13.9
07/24/06 08:40,15.4
07/24/06 08:45,17.2
07/24/06 08:50,18.6
07/24/06 08:55,19.9
07/24/06 09:00,21.0
07/24/06 09:05,22.0
07/24/06 09:10,22.6
07/24/06 09:15,21.5
07/24/06 09:20,19.7
07/24/06 09:25,18.3
07/24/06 09:30,17.1
07/24/06 09:35,16.0
07/24/06 09:40,15.0
07/24/06 09:45,14.1
07/24/06 09:50,13.2
07/24/06 09:55,12.2
07/24/06 10:00,11.6
07/24/06 10:05,10.4
07/24/06 10:10,9.2
07/24/06 10:15,8.4
07/24/06 10:20,8.6
07/24/06 10:25,9.1
07/24/06 10:30,9.9
07/24/06 10:35,11.4
07/24/06 10:40,12.9
07/24/06 10:45,13.8
07/24/06 10:50,14.3
07/24/06 10:55,14.9
07/24/06 11:00,15.8
07/24/06 11:05,17.0
07/24/06 11:10,18.0
07/24/06 11:15,17.3
07/24/06 11:20,15.3
07/24/06 11:25,14.0
07/24/06 11:30,13.2
07/24/06 11:35,12.8
07/24/06 11:40,12.8
07/24/06 11:45,12.8
07/24/06 11:50,12.7
07/24/06 11:55,12.6
07/24/06 12:00,12.3
07/24/06 12:05,12.3
07/24/06 12:10,12.2
07/24/06 12:15,12.8
07/24/06 12:20,13.3
07/24/06 12:25,13.3
07/24/06 12:30,12.9
07/24/06 12:35,12.3
07/24/06 12:40,11.7
07/24/06 12:45,11.1
07/24/06 12:50,10.6
07/24/06 12:55,10.0
07/24/06 13:00,9.4
07/24/06 13:05,8.7
07/24/06 13:10,7.8
07/24/06 13:15,6.8
07/24/06 13:20,6.2
07/24/06 13:25,6.1
07/24/06 13:30,6.0
07/24/06 13:35,6.2
07/24/06 13:40,6.6
07/24/06 13:45,7.2
07/24/06 13:50,7.5
07/24/06 13:55,7.7
07/24/06 14:00,8.1
07/24/06 14:05,8.4
07/24/06 14:10,8.4
07/24/06 14:15,7.8
07/24/06 14:20,7.0
07/24/06 14:25,6.3
07/24/06 14:30,6.7
07/24/06 14:35,7.2
07/24/06 14:40,7.0
07/24/06 14:45,6.4
07/24/06 14:50,6.4
07/24/06 14:55,7.0
07/24/06 15:00,6.2
07/24/06 15:05,5.1
07/24/06 15:10,4.3
07/24/06 15:15,5.5
07/24/06 15:20,6.4
07/24/06 15:25,6.9
07/24/06 15:30,6.5
07/24/06 15:35,5.8
07/24/06 15:40,5.2
07/24/06 15:45,4.3
07/24/06 15:50,3.5
07/24/06 15:55,1.6
07/24/06 16:00,0.6
07/24/06 16:05,0.3
07/24/06 16:10,0.1
07/24/06 16:15,0.1
07/24/06 16:20,0.3
07/24/06 16:25,0.4
07/24/06 16:30,0.3
07/24/06 16:35,0.2
07/24/06 16:40,0.3
07/24/06 16:45,1.8
07/24/06 16:50,2.3
07/24/06 16:55,1.5
07/24/06 17:00,0.7
07/24/06 17:05,0.3
07/24/06 17:10,0.2
07/24/06 17:15,0.7
07/24/06 17:20,2.0
07/24/06 17:25,2.3
07/24/06 17:30,2.0
07/24/06 17:35,1.5
07/24/06 17:40,1.0
07/24/06 17:45,0.7
07/24/06 17:50,0.4
07/24/06 17:55,0.3
07/24/06 18:00,0.2
07/24/06 18:05,0.1
07/24/06 18:10,0.0
07/24/06 18:15,0.0
07/24/06 18:20,0.0
07/24/06 18:25,0.0
07/24/06 18:30,0.0
07/24/06 18:35,0.0
07/24/06 18:40,0.0
07/24/06 18:45,0.0
07/24/06 18:50,0.0
07/24/06 18:55,0.0
07/24/06 19:00,0.0
07/24/06 19:05,0.0
07/24/06 19:10,0.0
07/24/06 19:15,0.0
07/24/06 19:20,0.0
07/24/06 19:25,0.0
07/24/06 19:30,0.0
07/24/06 19:35,0.0
07/24/06 19:40,0.0
07/24/06 19:45,0.0
07/24/06 19:50,0.0
07/24/06 19:55,0.0
07/24/06 20:00,0.0
07/24/06 20:05,0.0
07/24/06 20:10,0.0
07/24/06 20:15,0.0
07/24/06 20:20,0.0
07/24/06 20:25,0.0
07/24/06 20:30,0.0
07/24/06 20:35,0.0
07/24/06 20:40,0.0
07/24/06 20:45,0.0
07/24/06 20:50,0.0
07/24/06 20:55,0.0
07/24/06 21:00,0.0
07/24/06 21:05,0.0
07/24/06 21:10,0.0
07/24/06 21:15,0.0
07/24/06 21:20,0.0
07/24/06 21:25,0.0
07/24/06 21:30,0.0
07/24/06 21:35,0.0
07/24/06 21:40,0.0
07/24/06 21:45,0.0
07/24/06 21:50,0.0
07/24/06 21:55,0.0
07/24/06 22:00,0.0
07/24/06 22:05,0.0
07/24/06 22:10,0.0
07/24/06 22:15,0.0
07/24/06 22:20,0.0
07/24/06 22:25,0.0
07/24/06 22:30,0.0
07/24/06 22:35,0.0
07/24/06 22:40,0.0
07/24/06 22:45,0.0
07/24/06 22:50,0.0
07/24/06 22:55,0.0
07/24/06 23:00,0.0
07/24/06 23:05,0.0
07/24/06 23:10,0.0
07/24/06 23:15,0.0
07/24/06 23:20,0.0
07/24/06 23:25,0.0
07/24/06 23:30,0.0
07/24/06 23:35,0.0
07/24/06 23:40,0.0
07/24/06 23:45,0.0
07/24/06 23:50,0.0
07/24/06 23:55,0.0
07/25/06 00:00,0.0
07/25/06 00:05,0.0
07/25/06 00:10,0.0
07/25/06 00:15,0.0
07/25/06 00:20,0.0
07/25/06 00:25,0.0
07/25/06 00:30,0.0
07/25/06 00:35,0.0
07/25/06 00:40,0.0
07/25/06 00:45,0.0
07/25/06 00:50,0.0
07/25/06 00:55,0.0
07/25/06 01:00,0.0
07/25/06 01:05,0.0
07/25/06 01:10,0.0
07/25/06 01:15,0.0
07/25/06 01:20,0.0
07/25/06 01:25,0.0
07/25/06 01:30,0.0
07/25/06 01:35,0.0
07/25/06 01:40,0.0
07/25/06 01:45,0.0
07/25/06 01:50,0.0
07/25/06 01:55,0.0
07/25/06 02:00,0.0
07/25/06 02:05,0.0
07/25/06 02:10,0.0
07/25/06 02:15,0.0
07/25/06 02:20,0.0
07/25/06 02:25,0.0
07/25/06 02:30,0.0
07/25/06 02:35,0.0
07/25/06 02:40,0.0
07/25/06 02:45,0.0
07/25/06 02:50,0.0
07/25/06 02:55,0.0
07/25/06 03:00,0.0
07/25/06 03:05,0.0
07/25/06 03:10,0.0
07/25/06 03:15,0.0
07/25/06 03:20,0.0
07/25/06 03:25,0.0
07/25/06 03:30,0.0
07/25/06 03:35,0.0
07/25/06 03:40,0.0
07/25/06 03:45,0.0
07/25/06 03:50,0.0
07/25/06 03:55,0.0
07/25/06 04:00,0.0
07/25/06 04:05,0.0
07/25/06 04:10,0.0
07/25/06 04:15,0.0
07/25/06 04:20,0.0
07/25/06 04:25,0.0
07/25/06 04:30,0.0
07/25/06 04:35,0.0
07/25/06 04:40,0.0
07/25/06 04:45,0.0
07/25/06 04:50,0.0
07/25/06 04:55,0.0
07/25/06 05:00,0.0
07/25/06 05:05,0.0
07/25/06 05:10,0.0
07/25/06 05:15,0.0
07/25/06 05:20,0.0
07/25/06 05:25,0.0
07/25/06 05:30,0.0
07/25/06 05:35,0.0
07/25/06 05:40,0.0
07/25/06 05:45,0.0
07/25/06 05:50,0.0
07/25/06 05:55,0.0
07/25/06 06:00,0.0
07/25/06 06:05,0.0
07/25/06 06:10,0.1
07/25/06 06:15,0.1
07/25/06 06:20,0.3
07/25/06 06:25,0.6
07/25/06 06:30,0.9
07/25/06 06:35,2.1
07/25/06 06:40,3.2
07/25/06 06:45,3.7
07/25/06 06:50,3.8
07/25/06 06:55,3.6
07/25/06 07:00,3.6
07/25/06 07:05,3.8
07/25/06 07:10,4.4
07/25/06 07:15,4.9
07/25/06 07:20,5.6
07/25/06 07:25,6.0
07/25/06 07:30,7.1
07/25/06 07:35,7.9
07/25/06 07:40,7.8
07/25/06 07:45,8.7
07/25/06 07:50,9.8
07/25/06 07:55,10.5
07/25/06 08:00,10.8
07/25/06 08:05,11.2
07/25/06 08:10,11.6
07/25/06 08:15,12.5
07/25/06 08:20,13.5
07/25/06 08:25,13.9
07/25/06 08:30,13.1
07/25/06 08:35,12.9
07/25/06 08:40,13.3
07/25/06 08:45,14.3
07/25/06 08:50,15.6
07/25/06 08:55,12.6
07/25/06 09:00,11.9
07/25/06 09:05,14.5
07/25/06 09:10,16.1
07/25/06 09:15,15.6
07/25/06 09:20,14.7
07/25/06 09:25,14.0
07/25/06 09:30,13.6
07/25/06 09:35,13.6
07/25/06 09:40,13.6
07/25/06 09:45,13.9
07/25/06 09:50,13.3
07/25/06 09:55,12.4
07/25/06 10:00,14.1
07/25/06 10:05,14.4
07/25/06 10:10,14.0
07/25/06 10:15,15.6
07/25/06 10:20,16.3
07/25/06 10:25,15.2
07/25/06 10:30,17.5
07/25/06 10:35,18.0
07/25/06 10:40,16.5
07/25/06 10:45,15.0
07/25/06 10:50,12.3
07/25/06 10:55,15.5
07/25/06 11:00,17.9
07/25/06 11:05,19.5
07/25/06 11:10,21.0
07/25/06 11:15,20.0
07/25/06 11:20,16.3
07/25/06 11:25,13.8
07/25/06 11:30,12.6
07/25/06 11:35,12.0
07/25/06 11:40,11.7
07/25/06 11:45,10.6
07/25/06 11:50,9.7
07/25/06 11:55,10.5
07/25/06 12:00,10.7
07/25/06 12:05,13.2
07/25/06 12:10,14.2
07/25/06 12:15,12.6
07/25/06 12:20,11.6
07/25/06 12:25,11.0
07/25/06 12:30,10.4
07/25/06 12:35,10.0
07/25/06 12:40,9.4
07/25/06 12:45,9.0
07/25/06 12:50,8.9
07/25/06 12:55,8.8
07/25/06 13:00,8.5
07/25/06 13:05,8.4
07/25/06 13:10,8.3
07/25/06 13:15,8.5
07/25/06 13:20,8.4
07/25/06 13:25,8.4
07/25/06 13:30,8.5
07/25/06 13:35,8.4
07/25/06 13:40,8.1
07/25/06 13:45,7.6
07/25/06 13:50,7.1
07/25/06 13:55,7.2
07/25/06 14:00,7.3
07/25/06 14:05,7.5
07/25/06 14:10,7.6
07/25/06 14:15,7.5
07/25/06 14:20,7.4
07/25/06 14:25,7.3
07/25/06 14:30,7.2
07/25/06 14:35,7.0
07/25/06 14:40,6.7
07/25/06 14:45,6.4
07/25/06 14:50,6.2
07/25/06 14:55,6.1
07/25/06 15:00,6.1
07/25/06 15:05,5.9
07/25/06 15:10,5.8
07/25/06 15:15,5.8
07/25/06 15:20,5.6
07/25/06 15:25,5.2
07/25/06 15:30,4.7
07/25/06 15:35,4.2
07/25/06 15:40,3.8
07/25/06 15:45,3.3
07/25/06 15:50,2.1
07/25/06 15:55,1.4
07/25/06 16:00,1.1
07/25/06 16:05,1.0
07/25/06 16:10,1.2
07/25/06 16:15,1.3
07/25/06 16:20,1.1
07/25/06 16:25,0.8
07/25/06 16:30,0.6
07/25/06 16:35,0.6
07/25/06 16:40,0.7
07/25/06 16:45,0.7
07/25/06 16:50,0.6
07/25/06 16:55,0.4
07/25/06 17:00,0.3
07/25/06 17:05,0.2
07/25/06 17:10,0.1
07/25/06 17:15,0.1
07/25/06 17:20,0.1
07/25/06 17:25,0.0
07/25/06 17:30,0.0
07/25/06 17:35,0.0
07/25/06 17:40,0.0
07/25/06 17:45,0.0
07/25/06 17:50,0.0
07/25/06 17:55,0.0
07/25/06 18:00,0.0
07/25/06 18:05,0.0
07/25/06 18:10,0.0
07/25/06 18:15,0.0
07/25/06 18:20,0.0
07/25/06 18:25,0.0
07/25/06 18:30,0.0
07/25/06 18:35,0.0
07/25/06 18:40,0.0
07/25/06 18:45,0.0
07/25/06 18:50,0.0
07/25/06 18:55,0.0
07/25/06 19:00,0.0
07/25/06 19:05,0.0
07/25/06 19:10,0.0
07/25/06 19:15,0.0
07/25/06 19:20,0.0
07/25/06 19:25,0.0
07/25/06 19:30,0.0
07/25/06 19:35,0.0
07/25/06 19:40,0.0
07/25/06 19:45,0.0
07/25/06 19:50,0.0
07/25/06 19:55,0.0
07/25/06 20:00,0.0
07/25/06 20:05,0.0
07/25/06 20:10,0.0
07/25/06 20:15,0.0
07/25/06 20:20,0.0
07/25/06 20:25,0.0
07/25/06 20:30,0.0
07/25/06 20:35,0.0
07/25/06 20:40,0.0
07/25/06 20:45,0.0
07/25/06 20:50,0.0
07/25/06 20:55,0.0
07/25/06 21:00,0.0
07/25/06 21:05,0.0
07/25/06 21:10,0.0
07/25/06 21:15,0.0
07/25/06 21:20,0.0
07/25/06 21:25,0.0
07/25/06 21:30,0.0
07/25/06 21:35,0.0
07/25/06 21:40,0.0
07/25/06 21:45,0.0
07/25/06 21:50,0.0
07/25/06 21:55,0.0
07/25/06 22:00,0.0
07/25/06 22:05,0.0
07/25/06 22:10,0.0
07/25/06 22:15,0.0
07/25/06 22:20,0.0
07/25/06 22:25,0.0
07/25/06 22:30,0.0
07/25/06 22:35,0.0
07/25/06 22:40,0.0
07/25/06 22:45,0.0
07/25/06 22:50,0.0
07/25/06 22:55,0.0
07/25/06 23:00,0.0
07/25/06 23:05,0.0
07/25/06 23:10,0.0
07/25/06 23:15,0.0
07/25/06 23:20,0.0
07/25/06 23:25,0.0
07/25/06 23:30,0.0
07/25/06 23:35,0.0
07/25/06 23:40,0.0
07/25/06 23:45,0.0
07/25/06 23:50,0.0
07/25/06 23:55,0.0
07/26/06 00:00,0.0
07/26/06 00:05,0.0
07/26/06 00:10,0.0
07/26/06 00:15,0.0
07/26/06 00:20,0.0
07/26/06 00:25,0.0
07/26/06 00:30,0.0
07/26/06 00:35,0.0
07/26/06 00:40,0.0
07/26/06 00:45,0.0
07/26/06 00:50,0.0
07/26/06 00:55,0.0
07/26/06 01:00,0.0
07/26/06 01:05,0.0
07/26/06 01:10,0.0
07/26/06 01:15,0.0
07/26/06 01:20,0.0
07/26/06 01:25,0.0
07/26/06 01:30,0.0
07/26/06 01:35,0.0
07/26/06 01:40,0.0
07/26/06 01:45,0.0
07/26/06 01:50,0.0
07/26/06 01:55,0.0
07/26/06 02:00,0.0
07/26/06 02:05,0.0
07/26/06 02:10,0.0
07/26/06 02:15,0.0
07/26/06 02:20,0.0
07/26/06 02:25,0.0
07/26/06 02:30,0.0
07/26/06 02:35,0.0
07/26/06 02:40,0.0
07/26/06 02:45,0.0
07/26/06 02:50,0.0
07/26/06 02:55,0.0
07/26/06 03:00,0.0
07/26/06 03:05,0.0
07/26/06 03:10,0.0
07/26/06 03:15,0.0
07/26/06 03:20,0.0
07/26/06 03:25,0.0
07/26/06 03:30,0.0
07/26/06 03:35,0.0
07/26/06 03:40,0.0
07/26/06 03:45,0.0
07/26/06 03:50,0.0
07/26/06 03:55,0.0
07/26/06 04:00,0.0
07/26/06 04:05,0.0
07/26/06 04:10,0.0
07/26/06 04:15,0.0
07/26/06 04:20,0.0
07/26/06 04:25,0.0
07/26/06 04:30,0.0
07/26/06 04:35,0.0
07/26/06 04:40,0.0
07/26/06 04:45,0.0
07/26/06 04:50,0.0
07/26/06 04:55,0.0
07/26/06 05:00,0.0
07/26/06 05:05,0.0
07/26/06 05:10,0.0
07/26/06 05:15,0.0
07/26/06 05:20,0.0
07/26/06 05:25,0.0
07/26/06 05:30,0.0
07/26/06 05:35,0.0
07/26/06 05:40,0.0
07/26/06 05:45,0.0
07/26/06 05:50,0.0
07/26/06 05:55,0.0
07/26/06 06:00,0.0
07/26/06 06:05,0.0
07/26/06 06:10,0.0
07/26/06 06:15,0.0
07/26/06 06:20,0.0
07/26/06 06:25,0.0
07/26/06 06:30,0.0
07/26/06 06:35,0.0
07/26/06 06:40,0.0
07/26/06 06:45,0.0
07/26/06 06:50,0.0
07/26/06 06:55,0.0
07/26/06 07:00,0.0
07/26/06 07:05,0.0
07/26/06 07:10,0.0
07/26/06 07:15,0.0
07/26/06 07:20,0.0
07/26/06 07:25,0.0
07/26/06 07:30,0.1
07/26/06 07:35,0.8
07/26/06 07:40,3.1
07/26/06 07:45,4.5
07/26/06 07:50,5.7
07/26/06 07:55,7.2
07/26/06 08:00,8.7
07/26/06 08:05,10.2
07/26/06 08:10,11.9
07/26/06 08:15,13.2
07/26/06 08:20,14.2
07/26/06 08:25,14.9
07/26/06 08:30,15.7
07/26/06 08:35,16.4
07/26/06 08:40,16.9
07/26/06 08:45,17.4
07/26/06 08:50,17.9
07/26/06 08:55,18.4
07/26/06 09:00,18.9
07/26/06 09:05,19.3
07/26/06 09:10,19.7
07/26/06 09:15,20.0
07/26/06 09:20,20.2
07/26/06 09:25,20.1
07/26/06 09:30,19.8
07/26/06 09:35,19.0
07/26/06 09:40,18.0
07/26/06 09:45,17.0
07/26/06 09:50,15.8
07/26/06 09:55,14.2
07/26/06 10:00,12.9
07/26/06 10:05,12.2
07/26/06 10:10,12.4
07/26/06 10:15,13.6
07/26/06 10:20,13.3
07/26/06 10:25,14.3
07/26/06 10:30,18.0
07/26/06 10:35,20.1
07/26/06 10:40,18.8
07/26/06 10:45,17.2
07/26/06 10:50,17.3
07/26/06 10:55,18.4
07/26/06 11:00,18.7
07/26/06 11:05,18.0
07/26/06 11:10,18.4
07/26/06 11:15,19.5
07/26/06 11:20,21.2
07/26/06 11:25,22.2
07/26/06 11:30,22.5
07/26/06 11:35,22.8
07/26/06 11:40,23.5
07/26/06 11:45,23.1
07/26/06 11:50,22.7
07/26/06 11:55,23.1
07/26/06 12:00,23.2
07/26/06 12:05,21.8
07/26/06 12:10,19.2
07/26/06 12:15,19.1
07/26/06 12:20,19.2
07/26/06 12:25,19.0
07/26/06 12:30,18.7
07/26/06 12:35,18.4
07/26/06 12:40,18.3
07/26/06 12:45,17.9
07/26/06 12:50,17.3
07/26/06 12:55,16.4
07/26/06 13:00,15.6
07/26/06 13:05,15.6
07/26/06 13:10,15.5
07/26/06 13:15,16.0
07/26/06 13:20,17.0
07/26/06 13:25,15.7
07/26/06 13:30,14.6
07/26/06 13:35,15.7
07/26/06 13:40,16.8
07/26/06 13:45,18.4
07/26/06 13:50,18.9
07/26/06 13:55,17.9
07/26/06 14:00,16.7
07/26/06 14:05,16.7
07/26/06 14:10,17.7
07/26/06 14:15,17.8
07/26/06 14:20,17.7
07/26/06 14:25,18.1
07/26/06 14:30,19.0
07/26/06 14:35,18.8
07/26/06 14:40,17.9
07/26/06 14:45,17.1
07/26/06 14:50,17.4
07/26/06 14:55,17.5
07/26/06 15:00,18.2
07/26/06 15:05,18.4
07/26/06 15:10,18.3
07/26/06 15:15,17.6
07/26/06 15:20,15.3
07/26/06 15:25,13.7
07/26/06 15:30,13.9
07/26/06 15:35,13.9
07/26/06 15:40,13.5
07/26/06 15:45,13.1
07/26/06 15:50,12.6
07/26/06 15:55,11.8
07/26/06 16:00,10.5
07/26/06 16:05,9.8
07/26/06 16:10,9.2
07/26/06 16:15,9.0
07/26/06 16:20,9.2
07/26/06 16:25,9.1
07/26/06 16:30,9.0
07/26/06 16:35,8.8
07/26/06 16:40,8.5
07/26/06 16:45,8.1
07/26/06 16:50,7.7
07/26/06 16:55,7.0
07/26/06 17:00,6.3
07/26/06 17:05,5.7
07/26/06 17:10,5.1
07/26/06 17:15,4.8
07/26/06 17:20,4.4
07/26/06 17:25,3.9
07/26/06 17:30,3.5
07/26/06 17:35,2.4
07/26/06 17:40,1.5
07/26/06 17:45,0.9
07/26/06 17:50,0.5
07/26/06 17:55,0.3
07/26/06 18:00,0.2
07/26/06 18:05,0.1
07/26/06 18:10,0.0
07/26/06 18:15,0.0
07/26/06 18:20,0.0
07/26/06 18:25,0.0
07/26/06 18:30,0.0
07/26/06 18:35,0.0
07/26/06 18:40,0.0
07/26/06 18:45,0.0
07/26/06 18:50,0.0
07/26/06 18:55,0.0
07/26/06 19:00,0.0
07/26/06 19:05,0.0
07/26/06 19:10,0.0
07/26/06 19:15,0.0
07/26/06 19:20,0.0
07/26/06 19:25,0.0
07/26/06 19:30,0.0
07/26/06 19:35,0.0
07/26/06 19:40,0.0
07/26/06 19:45,0.0
07/26/06 19:50,0.0
07/26/06 19:55,0.0
07/26/06 20:00,0.0
07/26/06 20:05,0.0
07/26/06 20:10,0.0
07/26/06 20:15,0.0
07/26/06 20:20,0.0
07/26/06 20:25,0.0
07/26/06 20:30,0.0
07/26/06 20:35,0.0
07/26/06 20:40,0.0
07/26/06 20:45,0.0
07/26/06 20:50,0.0
07/26/06 20:55,0.0
07/26/06 21:00,0.0
07/26/06 21:05,0.0
07/26/06 21:10,0.0
07/26/06 21:15,0.0
07/26/06 21:20,0.0
07/26/06 21:25,0.0
07/26/06 21:30,0.0
07/26/06 21:35,0.0
07/26/06 21:40,0.0
07/26/06 21:45,0.0
07/26/06 21:50,0.0
07/26/06 21:55,0.0
07/26/06 22:00,0.0
07/26/06 22:05,0.0
07/26/06 22:10,0.0
07/26/06 22:15,0.0
07/26/06 22:20,0.0
07/26/06 22:25,0.0
07/26/06 22:30,0.0
07/26/06 22:35,0.0
07/26/06 22:40,0.0
07/26/06 22:45,0.0
07/26/06 22:50,0.0
07/26/06 22:55,0.0
07/26/06 23:00,0.0
07/26/06 23:05,0.0
07/26/06 23:10,0.0
07/26/06 23:15,0.0
07/26/06 23:20,0.0
07/26/06 23:25,0.0
07/26/06 23:30,0.0
07/26/06 23:35,0.0
07/26/06 23:40,0.0
07/26/06 23:45,0.0
07/26/06 23:50,0.0
07/26/06 23:55,0.0
07/27/06 00:00,0.0
07/27/06 00:05,0.0
07/27/06 00:10,0.0
07/27/06 00:15,0.0
07/27/06 00:20,0.0
07/27/06 00:25,0.0
07/27/06 00:30,0.0
07/27/06 00:35,0.0
07/27/06 00:40,0.0
07/27/06 00:45,0.0
07/27/06 00:50,0.0
07/27/06 00:55,0.0
07/27/06 01:00,0.0
07/27/06 01:05,0.0
07/27/06 01:10,0.0
07/27/06 01:15,0.0
07/27/06 01:20,0.0
07/27/06 01:25,0.0
07/27/06 01:30,0.0
07/27/06 01:35,0.0
07/27/06 01:40,0.0
07/27/06 01:45,0.0
07/27/06 01:50,0.0
07/27/06 01:55,0.0
07/27/06 02:00,0.0
07/27/06 02:05,0.0
07/27/06 02:10,0.0
07/27/06 02:15,0.0
07/27/06 02:20,0.0
07/27/06 02:25,0.0
07/27/06 02:30,0.0
07/27/06 02:35,0.0
07/27/06 02:40,0.0
07/27/06 02:45,0.0
07/27/06 02:50,0.0
07/27/06 02:55,0.0
07/27/06 03:00,0.0
07/27/06 03:05,0.0
07/27/06 03:10,0.0
07/27/06 03:15,0.0
07/27/06 03:20,0.0
07/27/06 03:25,0.0
07/27/06 03:30,0.0
07/27/06 03:35,0.0
07/27/06 03:40,0.0
07/27/06 03:45,0.0
07/27/06 03:50,0.0
07/27/06 03:55,0.0
07/27/06 04:00,0.0
07/27/06 04:05,0.0
07/27/06 04:10,0.0
07/27/06 04:15,0.0
07/27/06 04:20,0.0
07/27/06 04:25,0.0
07/27/06 04:30,0.0
07/27/06 04:35,0.0
07/27/06 04:40,0.0
07/27/06 04:45,0.0
07/27/06 04:50,0.0
07/27/06 04:55,0.0
07/27/06 05:00,0.0
07/27/06 05:05,0.0
07/27/06 05:10,0.0
07/27/06 05:15,0.0
07/27/06 05:20,0.0
07/27/06 05:25,0.0
07/27/06 05:30,0.0
07/27/06 05:35,0.0
07/27/06 05:40,0.0
07/27/06 05:45,0.0
07/27/06 05:50,0.0
07/27/06 05:55,0.0
07/27/06 06:00,0.0
07/27/06 06:05,0.0
07/27/06 06:10,0.1
07/27/06 06:15,0.3
07/27/06 06:20,0.7
07/27/06 06:25,1.2
07/27/06 06:30,1.7
07/27/06 06:35,2.4
07/27/06 06:40,3.5
07/27/06 06:45,3.8
07/27/06 06:50,4.2
07/27/06 06:55,4.4
07/27/06 07:00,4.5
07/27/06 07:05,4.7
07/27/06 07:10,5.2
07/27/06 07:15,5.6
07/27/06 07:20,6.1
07/27/06 07:25,6.6
07/27/06 07:30,7.0
07/27/06 07:35,7.4
07/27/06 07:40,8.0
07/27/06 07:45,8.5
07/27/06 07:50,9.2
07/27/06 07:55,9.7
07/27/06 08:00,10.3
07/27/06 08:05,11.0
07/27/06 08:10,11.7
07/27/06 08:15,12.1
07/27/06 08:20,12.7
07/27/06 08:25,13.4
07/27/06 08:30,14.0
07/27/06 08:35,14.5
07/27/06 08:40,14.7
07/27/06 08:45,14.8
07/27/06 08:50,14.8
07/27/06 08:55,15.0
07/27/06 09:00,15.8
07/27/06 09:05,16.7
07/27/06 09:10,17.6
07/27/06 09:15,17.5
07/27/06 09:20,16.5
07/27/06 09:25,15.7
07/27/06 09:30,15.3
07/27/06 09:35,15.3
07/27/06 09:40,14.9
07/27/06 09:45,15.2
07/27/06 09:50,15.5
07/27/06 09:55,15.6
07/27/06 10:00,16.1
07/27/06 10:05,16.2
07/27/06 10:10,16.0
07/27/06 10:15,15.5
07/27/06 10:20,15.5
07/27/06 10:25,15.7
07/27/06 10:30,16.8
07/27/06 10:35,18.4
07/27/06 10:40,20.3
07/27/06 10:45,21.3
07/27/06 10:50,22.1
07/27/06 10:55,23.9
07/27/06 11:00,25.6
07/27/06 11:05,26.7
07/27/06 11:10,27.4
07/27/06 11:15,26.7
07/27/06 11:20,23.7
07/27/06 11:25,23.0
07/27/06 11:30,23.1
07/27/06 11:35,22.1
07/27/06 11:40,19.6
07/27/06 11:45,17.3
07/27/06 11:50,16.8
07/27/06 11:55,13.6
07/27/06 12:00,14.7
07/27/06 12:05,19.1
07/27/06 12:10,21.3
07/27/06 12:15,22.4
07/27/06 12:20,23.4
07/27/06 12:25,20.0
07/27/06 12:30,20.5
07/27/06 12:35,22.2
07/27/06 12:40,22.6
07/27/06 12:45,22.7
07/27/06 12:50,23.1
07/27/06 12:55,23.1
07/27/06 13:00,19.9
07/27/06 13:05,14.9
07/27/06 13:10,11.8
07/27/06 13:15,14.2
07/27/06 13:20,17.8
07/27/06 13:25,20.1
07/27/06 13:30,21.4
07/27/06 13:35,22.1
07/27/06 13:40,22.3
07/27/06 13:45,22.5
07/27/06 13:50,22.7
07/27/06 13:55,22.8
07/27/06 14:00,22.9
07/27/06 14:05,23.0
07/27/06 14:10,23.1
07/27/06 14:15,22.9
07/27/06 14:20,22.2
07/27/06 14:25,21.5
07/27/06 14:30,20.7
07/27/06 14:35,20.1
07/27/06 14:40,19.6
07/27/06 14:45,19.2
07/27/06 14:50,19.0
07/27/06 14:55,18.7
07/27/06 15:00,18.2
07/27/06 15:05,17.5
07/27/06 15:10,16.8
07/27/06 15:15,16.5
07/27/06 15:20,16.3
07/27/06 15:25,16.0
07/27/06 15:30,15.5
07/27/06 15:35,15.0
07/27/06 15:40,14.3
07/27/06 15:45,13.7
07/27/06 15:50,13.1
07/27/06 15:55,12.5
07/27/06 16:00,12.0
07/27/06 16:05,11.4
07/27/06 16:10,10.9
07/27/06 16:15,10.3
07/27/06 16:20,9.7
07/27/06 16:25,9.1
07/27/06 16:30,8.6
07/27/06 16:35,8.1
07/27/06 16:40,7.7
07/27/06 16:45,7.2
07/27/06 16:50,6.7
07/27/06 16:55,6.0
07/27/06 17:00,5.5
07/27/06 17:05,4.9
07/27/06 17:10,4.4
07/27/06 17:15,4.1
07/27/06 17:20,3.9
07/27/06 17:25,3.6
07/27/06 17:30,3.0
07/27/06 17:35,2.0
07/27/06 17:40,1.3
07/27/06 17:45,0.8
07/27/06 17:50,0.5
07/27/06 17:55,0.3
07/27/06 18:00,0.1
07/27/06 18:05,0.1
07/27/06 18:10,0.0
07/27/06 18:15,0.0
07/27/06 18:20,0.0
07/27/06 18:25,0.0
07/27/06 18:30,0.0
07/27/06 18:35,0.0
07/27/06 18:40,0.0
07/27/06 18:45,0.0
07/27/06 18:50,0.0
07/27/06 18:55,0.0
07/27/06 19:00,0.0
07/27/06 19:05,0.0
07/27/06 19:10,0.0
07/27/06 19:15,0.0
07/27/06 19:20,0.0
07/27/06 19:25,0.0
07/27/06 19:30,0.0
07/27/06 19:35,0.0
07/27/06 19:40,0.0
07/27/06 19:45,0.0
07/27/06 19:50,0.0
07/27/06 19:55,0.0
07/27/06 20:00,0.0
07/27/06 20:05,0.0
07/27/06 20:10,0.0
07/27/06 20:15,0.0
07/27/06 20:20,0.0
07/27/06 20:25,0.0
07/27/06 20:30,0.0
07/27/06 20:35,0.0
07/27/06 20:40,0.0
07/27/06 20:45,0.0
07/27/06 20:50,0.0
07/27/06 20:55,0.0
07/27/06 21:00,0.0
07/27/06 21:05,0.0
07/27/06 21:10,0.0
07/27/06 21:15,0.0
07/27/06 21:20,0.0
07/27/06 21:25,0.0
07/27/06 21:30,0.0
07/27/06 21:35,0.0
07/27/06 21:40,0.0
07/27/06 21:45,0.0
07/27/06 21:50,0.0
07/27/06 21:55,0.0
07/27/06 22:00,0.0
07/27/06 22:05,0.0
07/27/06 22:10,0.0
07/27/06 22:15,0.0
07/27/06 22:20,0.0
07/27/06 22:25,0.0
07/27/06 22:30,0.0
07/27/06 22:35,0.0
07/27/06 22:40,0.0
07/27/06 22:45,0.0
07/27/06 22:50,0.0
07/27/06 22:55,0.0
07/27/06 23:00,0.0
07/27/06 23:05,0.0
07/27/06 23:10,0.0
07/27/06 23:15,0.0
07/27/06 23:20,0.0
07/27/06 23:25,0.0
07/27/06 23:30,0.0
07/27/06 23:35,0.0
07/27/06 23:40,0.0
07/27/06 23:45,0.0
07/27/06 23:50,0.0
07/27/06 23:55,0.0
07/28/06 00:00,0.0
07/28/06 00:05,0.0
07/28/06 00:10,0.0
07/28/06 00:15,0.0
07/28/06 00:20,0.0
07/28/06 00:25,0.0
07/28/06 00:30,0.0
07/28/06 00:35,0.0
07/28/06 00:40,0.0
07/28/06 00:45,0.0
07/28/06 00:50,0.0
07/28/06 00:55,0.0
07/28/06 01:00,0.0
07/28/06 01:05,0.0
07/28/06 01:10,0.0
07/28/06 01:15,0.0
07/28/06 01:20,0.0
07/28/06 01:25,0.0
07/28/06 01:30,0.0
07/28/06 01:35,0.0
07/28/06 01:40,0.0
07/28/06 01:45,0.0
07/28/06 01:50,0.0
07/28/06 01:55,0.0
07/28/06 02:00,0.0
07/28/06 02:05,0.0
07/28/06 02:10,0.0
07/28/06 02:15,0.0
07/28/06 02:20,0.0
07/28/06 02:25,0.0
07/28/06 02:30,0.0
07/28/06 02:35,0.0
07/28/06 02:40,0.0
07/28/06 02:45,0.0
07/28/06 02:50,0.0
07/28/06 02:55,0.0
07/28/06 03:00,0.0
07/28/06 03:05,0.0
07/28/06 03:10,0.0
07/28/06 03:15,0.0
07/28/06 03:20,0.0
07/28/06 03:25,0.0
07/28/06 03:30,0.0
07/28/06 03:35,0.0
07/28/06 03:40,0.0
07/28/06 03:45,0.0
07/28/06 03:50,0.0
07/28/06 03:55,0.0
07/28/06 04:00,0.0
07/28/06 04:05,0.0
07/28/06 04:10,0.0
07/28/06 04:15,0.0
07/28/06 04:20,0.0
07/28/06 04:25,0.0
07/28/06 04:30,0.0
07/28/06 04:35,0.0
07/28/06 04:40,0.0
07/28/06 04:45,0.0
07/28/06 04:50,0.0
07/28/06 04:55,0.0
07/28/06 05:00,0.0
07/28/06 05:05,0.0
07/28/06 05:10,0.0
07/28/06 05:15,0.0
07/28/06 05:20,0.0
07/28/06 05:25,0.0
07/28/06 05:30,0.0
07/28/06 05:35,0.0
07/28/06 05:40,0.0
07/28/06 05:45,0.0
07/28/06 05:50,0.0
07/28/06 05:55,0.1
07/28/06 06:00,0.2
07/28/06 06:05,0.4
07/28/06 06:10,0.7
07/28/06 06:15,1.2
07/28/06 06:20,1.8
07/28/06 06:25,2.8
07/28/06 06:30,3.6
07/28/06 06:35,4.1
07/28/06 06:40,4.7
07/28/06 06:45,5.3
07/28/06 06:50,5.9
07/28/06 06:55,6.5
07/28/06 07:00,7.0
07/28/06 07:05,7.6
07/28/06 07:10,8.2
07/28/06 07:15,8.5
07/28/06 07:20,8.6
07/28/06 07:25,8.8
07/28/06 07:30,9.1
07/28/06 07:35,9.5
07/28/06 07:40,10.0
07/28/06 07:45,10.6
07/28/06 07:50,11.2
07/28/06 07:55,11.7
07/28/06 08:00,12.3
07/28/06 08:05,12.9
07/28/06 08:10,13.6
07/28/06 08:15,14.1
07/28/06 08:20,14.4
07/28/06 08:25,14.6
07/28/06 08:30,15.0
07/28/06 08:35,15.1
07/28/06 08:40,16.0
07/28/06 08:45,16.3
07/28/06 08:50,16.4
07/28/06 08:55,16.2
07/28/06 09:00,13.7
07/28/06 09:05,12.7
07/28/06 09:10,14.1
07/28/06 09:15,14.5
07/28/06 09:20,14.6
07/28/06 09:25,14.5
07/28/06 09:30,14.7
07/28/06 09:35,15.2
07/28/06 09:40,15.8
07/28/06 09:45,16.3
07/28/06 09:50,16.6
07/28/06 09:55,17.6
07/28/06 10:00,19.5
07/28/06 10:05,20.5
07/28/06 10:10,21.3
07/28/06 10:15,22.2
07/28/06 10:20,23.0
07/28/06 10:25,23.3
07/28/06 10:30,22.4
07/28/06 10:35,20.3
07/28/06 10:40,17.3
07/28/06 10:45,15.6
07/28/06 10:50,15.7
07/28/06 10:55,18.2
07/28/06 11:00,20.8
07/28/06 11:05,21.8
07/28/06 11:10,22.1
07/28/06 11:15,21.4
07/28/06 11:20,21.9
07/28/06 11:25,22.6
07/28/06 11:30,23.0
07/28/06 11:35,22.1
07/28/06 11:40,22.4
07/28/06 11:45,23.4
07/28/06 11:50,22.4
07/28/06 11:55,21.1
07/28/06 12:00,20.4
07/28/06 12:05,20.5
07/28/06 12:10,20.3
07/28/06 12:15,21.3
07/28/06 12:20,21.9
07/28/06 12:25,21.9
07/28/06 12:30,21.6
07/28/06 12:35,21.2
07/28/06 12:40,20.6
07/28/06 12:45,20.1
07/28/06 12:50,19.4
07/28/06 12:55,18.8
07/28/06 13:00,18.1
07/28/06 13:05,17.3
07/28/06 13:10,16.5
07/28/06 13:15,15.9
07/28/06 13:20,15.9
07/28/06 13:25,15.9
07/28/06 13:30,16.1
07/28/06 13:35,16.3
07/28/06 13:40,16.7
07/28/06 13:45,17.0
07/28/06 13:50,17.4
07/28/06 13:55,17.8
07/28/06 14:00,18.0
07/28/06 14:05,18.2
07/28/06 14:10,18.3
07/28/06 14:15,18.4
07/28/06 14:20,18.3
07/28/06 14:25,18.1
07/28/06 14:30,18.0
07/28/06 14:35,17.9
07/28/06 14:40,17.7
07/28/06 14:45,17.6
07/28/06 14:50,17.3
07/28/06 14:55,16.8
07/28/06 15:00,16.2
07/28/06 15:05,15.8
07/28/06 15:10,15.3
07/28/06 15:15,15.3
07/28/06 15:20,15.8
07/28/06 15:25,16.2
07/28/06 15:30,16.2
07/28/06 15:35,15.9
07/28/06 15:40,15.6
07/28/06 15:45,15.0
07/28/06 15:50,14.5
07/28/06 15:55,14.1
07/28/06 16:00,13.5
07/28/06 16:05,13.0
07/28/06 16:10,12.7
07/28/06 16:15,12.1
07/28/06 16:20,10.3
07/28/06 16:25,8.4
07/28/06 16:30,8.0
07/28/06 16:35,7.3
07/28/06 16:40,6.6
07/28/06 16:45,5.4
07/28/06 16:50,4.4
07/28/06 16:55,3.7
07/28/06 17:00,3.5
07/28/06 17:05,3.0
07/28/06 17:10,3.2
07/28/06 17:15,3.6
07/28/06 17:20,3.6
07/28/06 17:25,3.4
07/28/06 17:30,2.6
07/28/06 17:35,1.8
07/28/06 17:40,1.2
07/28/06 17:45,0.7
07/28/06 17:50,0.4
07/28/06 17:55,0.3
07/28/06 18:00,0.1
07/28/06 18:05,0.1
07/28/06 18:10,0.0
07/28/06 18:15,0.0
07/28/06 18:20,0.0
07/28/06 18:25,0.0
07/28/06 18:30,0.0
07/28/06 18:35,0.0
07/28/06 18:40,0.0
07/28/06 18:45,0.0
07/28/06 18:50,0.0
07/28/06 18:55,0.0
07/28/06 19:00,0.0
07/28/06 19:05,0.0
07/28/06 19:10,0.0
07/28/06 19:15,0.0
07/28/06 19:20,0.0
07/28/06 19:25,0.0
07/28/06 19:30,0.0
07/28/06 19:35,0.0
07/28/06 19:40,0.0
07/28/06 19:45,0.0
07/28/06 19:50,0.0
07/28/06 19:55,0.0
07/28/06 20:00,0.0
07/28/06 20:05,0.0
07/28/06 20:10,0.0
07/28/06 20:15,0.0
07/28/06 20:20,0.0
07/28/06 20:25,0.0
07/28/06 20:30,0.0
07/28/06 20:35,0.0
07/28/06 20:40,0.0
07/28/06 20:45,0.0
07/28/06 20:50,0.0
07/28/06 20:55,0.0
07/28/06 21:00,0.0
07/28/06 21:05,0.0
07/28/06 21:10,0.0
07/28/06 21:15,0.0
07/28/06 21:20,0.0
07/28/06 21:25,0.0
07/28/06 21:30,0.0
07/28/06 21:35,0.0
07/28/06 21:40,0.0
07/28/06 21:45,0.0
07/28/06 21:50,0.0
07/28/06 21:55,0.0
07/28/06 22:00,0.0
07/28/06 22:05,0.0
07/28/06 22:10,0.0
07/28/06 22:15,0.0
07/28/06 22:20,0.0
07/28/06 22:25,0.0
07/28/06 22:30,0.0
07/28/06 22:35,0.0
07/28/06 22:40,0.0
07/28/06 22:45,0.0
07/28/06 22:50,0.0
07/28/06 22:55,0.0
07/28/06 23:00,0.0
07/28/06 23:05,0.0
07/28/06 23:10,0.0
07/28/06 23:15,0.0
07/28/06 23:20,0.0
07/28/06 23:25,0.0
07/28/06 23:30,0.0
07/28/06 23:35,0.0
07/28/06 23:40,0.0
07/28/06 23:45,0.0
07/28/06 23:50,0.0
07/28/06 23:55,0.0
07/29/06 00:00,0.0
07/29/06 00:05,0.0
07/29/06 00:10,0.0
07/29/06 00:15,0.0
07/29/06 00:20,0.0
07/29/06 00:25,0.0
07/29/06 00:30,0.0
07/29/06 00:35,0.0
07/29/06 00:40,0.0
07/29/06 00:45,0.0
07/29/06 00:50,0.0
07/29/06 00:55,0.0
07/29/06 01:00,0.0
07/29/06 01:05,0.0
07/29/06 01:10,0.0
07/29/06 01:15,0.0
07/29/06 01:20,0.0
07/29/06 01:25,0.0
07/29/06 01:30,0.0
07/29/06 01:35,0.0
07/29/06 01:40,0.0
07/29/06 01:45,0.0
07/29/06 01:50,0.0
07/29/06 01:55,0.0
07/29/06 02:00,0.0
07/29/06 02:05,0.0
07/29/06 02:10,0.0
07/29/06 02:15,0.0
07/29/06 02:20,0.0
07/29/06 02:25,0.0
07/29/06 02:30,0.0
07/29/06 02:35,0.0
07/29/06 02:40,0.0
07/29/06 02:45,0.0
07/29/06 02:50,0.0
07/29/06 02:55,0.0
07/29/06 03:00,0.0
07/29/06 03:05,0.0
07/29/06 03:10,0.0
07/29/06 03:15,0.0
07/29/06 03:20,0.0
07/29/06 03:25,0.0
07/29/06 03:30,0.0
07/29/06 03:35,0.0
07/29/06 03:40,0.0
07/29/06 03:45,0.0
07/29/06 03:50,0.0
07/29/06 03:55,0.0
07/29/06 04:00,0.0
07/29/06 04:05,0.0
07/29/06 04:10,0.0
07/29/06 04:15,0.0
07/29/06 04:20,0.0
07/29/06 04:25,0.0
07/29/06 04:30,0.0
07/29/06 04:35,0.0
07/29/06 04:40,0.0
07/29/06 04:45,0.0
07/29/06 04:50,0.0
07/29/06 04:55,0.0
07/29/06 05:00,0.0
07/29/06 05:05,0.0
07/29/06 05:10,0.0
07/29/06 05:15,0.0
07/29/06 05:20,0.0
07/29/06 05:25,0.0
07/29/06 05:30,0.0
07/29/06 05:35,0.0
07/29/06 05:40,0.0
07/29/06 05:45,0.0
07/29/06 05:50,0.0
07/29/06 05:55,0.0
07/29/06 06:00,0.0
07/29/06 06:05,0.1
07/29/06 06:10,0.3
07/29/06 06:15,0.6
07/29/06 06:20,0.9
07/29/06 06:25,1.3
07/29/06 06:30,1.8
07/29/06 06:35,2.6
07/29/06 06:40,3.5
07/29/06 06:45,3.9
07/29/06 06:50,4.2
07/29/06 06:55,4.5
07/29/06 07:00,4.8
07/29/06 07:05,5.2
07/29/06 07:10,5.6
07/29/06 07:15,5.8
07/29/06 07:20,5.8
07/29/06 07:25,5.9
07/29/06 07:30,6.2
07/29/06 07:35,6.7
07/29/06 07:40,7.3
07/29/06 07:45,8.2
07/29/06 07:50,9.6
07/29/06 07:55,11.0
07/29/06 08:00,12.2
07/29/06 08:05,13.0
07/29/06 08:10,13.9
07/29/06 08:15,14.1
07/29/06 08:20,14.6
07/29/06 08:25,15.1
07/29/06 08:30,15.7
07/29/06 08:35,16.1
07/29/06 08:40,16.4
07/29/06 08:45,16.8
07/29/06 08:50,16.8
07/29/06 08:55,15.7
07/29/06 09:00,15.6
07/29/06 09:05,13.8
07/29/06 09:10,13.6
07/29/06 09:15,14.5
07/29/06 09:20,15.6
07/29/06 09:25,17.3
07/29/06 09:30,18.4
07/29/06 09:35,18.3
07/29/06 09:40,19.3
07/29/06 09:45,20.4
07/29/06 09:50,20.2
07/29/06 09:55,18.3
07/29/06 10:00,17.8
07/29/06 10:05,19.3
07/29/06 10:10,20.3
07/29/06 10:15,21.0
07/29/06 10:20,21.7
07/29/06 10:25,22.2
07/29/06 10:30,22.6
07/29/06 10:35,22.7
07/29/06 10:40,22.9
07/29/06 10:45,23.0
07/29/06 10:50,23.3
07/29/06 10:55,23.5
07/29/06 11:00,23.8
07/29/06 11:05,24.1
07/29/06 11:10,24.3
07/29/06 11:15,24.4
07/29/06 11:20,24.1
07/29/06 11:25,23.5
07/29/06 11:30,22.9
07/29/06 11:35,21.5
07/29/06 11:40,20.1
07/29/06 11:45,18.7
07/29/06 11:50,16.7
07/29/06 11:55,15.0
07/29/06 12:00,13.5
07/29/06 12:05,12.4
07/29/06 12:10,11.6
07/29/06 12:15,10.2
07/29/06 12:20,8.7
07/29/06 12:25,7.7
07/29/06 12:30,7.1
07/29/06 12:35,6.6
07/29/06 12:40,6.2
07/29/06 12:45,5.9
07/29/06 12:50,5.8
07/29/06 12:55,5.7
07/29/06 13:00,5.6
07/29/06 13:05,5.7
07/29/06 13:10,5.6
07/29/06 13:15,5.8
07/29/06 13:20,6.2
07/29/06 13:25,6.8
07/29/06 13:30,6.9
07/29/06 13:35,7.1
07/29/06 13:40,7.1
07/29/06 13:45,6.8
07/29/06 13:50,6.3
07/29/06 13:55,5.9
07/29/06 14:00,5.6
07/29/06 14:05,5.5
07/29/06 14:10,5.5
07/29/06 14:15,7.4
07/29/06 14:20,9.1
07/29/06 14:25,9.9
07/29/06 14:30,10.4
07/29/06 14:35,11.2
07/29/06 14:40,11.7
07/29/06 14:45,12.1
07/29/06 14:50,12.3
07/29/06 14:55,12.2
07/29/06 15:00,11.9
07/29/06 15:05,11.6
07/29/06 15:10,11.1
07/29/06 15:15,10.4
07/29/06 15:20,9.7
07/29/06 15:25,9.2
07/29/06 15:30,8.9
07/29/06 15:35,8.6
07/29/06 15:40,8.4
07/29/06 15:45,8.1
07/29/06 15:50,7.8
07/29/06 15:55,7.5
07/29/06 16:00,7.2
07/29/06 16:05,6.9
07/29/06 16:10,6.7
07/29/06 16:15,6.5
07/29/06 16:20,6.4
07/29/06 16:25,6.3
07/29/06 16:30,6.2
07/29/06 16:35,6.1
07/29/06 16:40,6.1
07/29/06 16:45,6.0
07/29/06 16:50,5.8
07/29/06 16:55,5.5
07/29/06 17:00,5.2
07/29/06 17:05,4.9
07/29/06 17:10,4.6
07/29/06 17:15,4.1
07/29/06 17:20,2.4
07/29/06 17:25,0.9
07/29/06 17:30,0.6
07/29/06 17:35,0.5
07/29/06 17:40,0.4
07/29/06 17:45,0.3
07/29/06 17:50,0.2
07/29/06 17:55,0.1
07/29/06 18:00,0.0
07/29/06 18:05,0.0
07/29/06 18:10,0.0
07/29/06 18:15,0.0
07/29/06 18:20,0.0
07/29/06 18:25,0.0
07/29/06 18:30,0.0
07/29/06 18:35,0.0
07/29/06 18:40,0.0
07/29/06 18:45,0.0
07/29/06 18:50,0.0
07/29/06 18:55,0.0
07/29/06 19:00,0.0
07/29/06 19:05,0.0
07/29/06 19:10,0.0
07/29/06 19:15,0.0
07/29/06 19:20,0.0
07/29/06 19:25,0.0
07/29/06 19:30,0.0
07/29/06 19:35,0.0
07/29/06 19:40,0.0
07/29/06 19:45,0.0
07/29/06 19:50,0.0
07/29/06 19:55,0.0
07/29/06 20:00,0.0
07/29/06 20:05,0.0
07/29/06 20:10,0.0
07/29/06 20:15,0.0
07/29/06 20:20,0.0
07/29/06 20:25,0.0
07/29/06 20:30,0.0
07/29/06 20:35,0.0
07/29/06 20:40,0.0
07/29/06 20:45,0.0
07/29/06 20:50,0.0
07/29/06 20:55,0.0
07/29/06 21:00,0.0
07/29/06 21:05,0.0
07/29/06 21:10,0.0
07/29/06 21:15,0.0
07/29/06 21:20,0.0
07/29/06 21:25,0.0
07/29/06 21:30,0.0
07/29/06 21:35,0.0
07/29/06 21:40,0.0
07/29/06 21:45,0.0
07/29/06 21:50,0.0
07/29/06 21:55,0.0
07/29/06 22:00,0.0
07/29/06 22:05,0.0
07/29/06 22:10,0.0
07/29/06 22:15,0.0
07/29/06 22:20,0.0
07/29/06 22:25,0.0
07/29/06 22:30,0.0
07/29/06 22:35,0.0
07/29/06 22:40,0.0
07/29/06 22:45,0.0
07/29/06 22:50,0.0
07/29/06 22:55,0.0
07/29/06 23:00,0.0
07/29/06 23:05,0.0
07/29/06 23:10,0.0
07/29/06 23:15,0.0
07/29/06 23:20,0.0
07/29/06 23:25,0.0
07/29/06 23:30,0.0
07/29/06 23:35,0.0
07/29/06 23:40,0.0
07/29/06 23:45,0.0
07/29/06 23:50,0.0
07/29/06 23:55,0.0
07/30/06 00:00,0.0
07/30/06 00:05,0.0
07/30/06 00:10,0.0
07/30/06 00:15,0.0
07/30/06 00:20,0.0
07/30/06 00:25,0.0
07/30/06 00:30,0.0
07/30/06 00:35,0.0
07/30/06 00:40,0.0
07/30/06 00:45,0.0
07/30/06 00:50,0.0
07/30/06 00:55,0.0
07/30/06 01:00,0.0
07/30/06 01:05,0.0
07/30/06 01:10,0.0
07/30/06 01:15,0.0
07/30/06 01:20,0.0
07/30/06 01:25,0.0
07/30/06 01:30,0.0
07/30/06 01:35,0.0
07/30/06 01:40,0.0
07/30/06 01:45,0.0
07/30/06 01:50,0.0
07/30/06 01:55,0.0
07/30/06 02:00,0.0
07/30/06 02:05,0.0
07/30/06 02:10,0.0
07/30/06 02:15,0.0
07/30/06 02:20,0.0
07/30/06 02:25,0.0
07/30/06 02:30,0.0
07/30/06 02:35,0.0
07/30/06 02:40,0.0
07/30/06 02:45,0.0
07/30/06 02:50,0.0
07/30/06 02:55,0.0
07/30/06 03:00,0.0
07/30/06 03:05,0.0
07/30/06 03:10,0.0
07/30/06 03:15,0.0
07/30/06 03:20,0.0
07/30/06 03:25,0.0
07/30/06 03:30,0.0
07/30/06 03:35,0.0
07/30/06 03:40,0.0
07/30/06 03:45,0.0
07/30/06 03:50,0.0
07/30/06 03:55,0.0
07/30/06 04:00,0.0
07/30/06 04:05,0.0
07/30/06 04:10,0.0
07/30/06 04:15,0.0
07/30/06 04:20,0.0
07/30/06 04:25,0.0
07/30/06 04:30,0.0
07/30/06 04:35,0.0
07/30/06 04:40,0.0
07/30/06 04:45,0.0
07/30/06 04:50,0.0
07/30/06 04:55,0.0
07/30/06 05:00,0.0
07/30/06 05:05,0.0
07/30/06 05:10,0.0
07/30/06 05:15,0.0
07/30/06 05:20,0.0
07/30/06 05:25,0.0
07/30/06 05:30,0.0
07/30/06 05:35,0.0
07/30/06 05:40,0.0
07/30/06 05:45,0.0
07/30/06 05:50,0.0
07/30/06 05:55,0.0
07/30/06 06:00,0.1
07/30/06 06:05,0.3
07/30/06 06:10,0.5
07/30/06 06:15,0.9
07/30/06 06:20,1.6
07/30/06 06:25,2.7
07/30/06 06:30,3.6
07/30/06 06:35,4.0
07/30/06 06:40,4.4
07/30/06 06:45,4.7
07/30/06 06:50,5.0
07/30/06 06:55,5.4
07/30/06 07:00,5.7
07/30/06 07:05,6.1
07/30/06 07:10,6.3
07/30/06 07:15,6.8
07/30/06 07:20,6.9
07/30/06 07:25,7.4
07/30/06 07:30,7.8
07/30/06 07:35,8.3
07/30/06 07:40,8.5
07/30/06 07:45,6.8
07/30/06 07:50,5.7
07/30/06 07:55,6.8
07/30/06 08:00,8.8
07/30/06 08:05,10.6
07/30/06 08:10,12.0
07/30/06 08:15,13.2
07/30/06 08:20,14.5
07/30/06 08:25,15.4
07/30/06 08:30,16.3
07/30/06 08:35,16.8
07/30/06 08:40,16.9
07/30/06 08:45,17.0
07/30/06 08:50,17.2
07/30/06 08:55,18.1
07/30/06 09:00,19.0
07/30/06 09:05,19.8
07/30/06 09:10,20.2
07/30/06 09:15,19.0
07/30/06 09:20,17.7
07/30/06 09:25,15.5
07/30/06 09:30,13.7
07/30/06 09:35,14.3
07/30/06 09:40,14.6
07/30/06 09:45,17.8
07/30/06 09:50,19.2
07/30/06 09:55,20.4
07/30/06 10:00,21.1
07/30/06 10:05,20.8
07/30/06 10:10,21.2
07/30/06 10:15,20.8
07/30/06 10:20,23.1
07/30/06 10:25,21.0
07/30/06 10:30,16.7
07/30/06 10:35,13.9
07/30/06 10:40,11.3
07/30/06 10:45,8.5
07/30/06 10:50,9.6
07/30/06 10:55,10.7
07/30/06 11:00,10.2
07/30/06 11:05,7.9
07/30/06 11:10,7.0
07/30/06 11:15,9.1
07/30/06 11:20,10.9
07/30/06 11:25,11.7
07/30/06 11:30,11.8
07/30/06 11:35,11.7
07/30/06 11:40,11.5
07/30/06 11:45,10.9
07/30/06 11:50,10.2
07/30/06 11:55,10.0
07/30/06 12:00,9.7
07/30/06 12:05,9.2
07/30/06 12:10,8.4
07/30/06 12:15,8.0
07/30/06 12:20,10.6
07/30/06 12:25,11.6
07/30/06 12:30,9.4
07/30/06 12:35,11.6
07/30/06 12:40,15.8
07/30/06 12:45,18.2
07/30/06 12:50,19.6
07/30/06 12:55,20.1
07/30/06 13:00,16.0
07/30/06 13:05,12.1
07/30/06 13:10,9.6
07/30/06 13:15,7.5
07/30/06 13:20,6.7
07/30/06 13:25,6.6
07/30/06 13:30,7.1
07/30/06 13:35,7.6
07/30/06 13:40,8.4
07/30/06 13:45,9.4
07/30/06 13:50,10.6
07/30/06 13:55,11.6
07/30/06 14:00,12.7
07/30/06 14:05,13.6
07/30/06 14:10,14.6
07/30/06 14:15,15.1
07/30/06 14:20,15.4
07/30/06 14:25,15.6
07/30/06 14:30,17.1
07/30/06 14:35,17.9
07/30/06 14:40,18.1
07/30/06 14:45,18.1
07/30/06 14:50,18.1
07/30/06 14:55,18.1
07/30/06 15:00,18.0
07/30/06 15:05,17.8
07/30/06 15:10,17.6
07/30/06 15:15,17.1
07/30/06 15:20,16.6
07/30/06 15:25,16.3
07/30/06 15:30,15.8
07/30/06 15:35,15.3
07/30/06 15:40,14.7
07/30/06 15:45,14.4
07/30/06 15:50,14.0
07/30/06 15:55,13.5
07/30/06 16:00,12.8
07/30/06 16:05,12.4
07/30/06 16:10,12.2
07/30/06 16:15,11.3
07/30/06 16:20,10.3
07/30/06 16:25,9.7
07/30/06 16:30,9.1
07/30/06 16:35,8.3
07/30/06 16:40,7.4
07/30/06 16:45,6.4
07/30/06 16:50,5.4
07/30/06 16:55,5.1
07/30/06 17:00,4.4
07/30/06 17:05,4.3
07/30/06 17:10,3.5
07/30/06 17:15,2.2
07/30/06 17:20,1.4
07/30/06 17:25,0.8
07/30/06 17:30,0.5
07/30/06 17:35,0.3
07/30/06 17:40,0.2
07/30/06 17:45,0.1
07/30/06 17:50,0.1
07/30/06 17:55,0.0
07/30/06 18:00,0.0
07/30/06 18:05,0.0
07/30/06 18:10,0.0
07/30/06 18:15,0.0
07/30/06 18:20,0.0
07/30/06 18:25,0.0
07/30/06 18:30,0.0
07/30/06 18:35,0.0
07/30/06 18:40,0.0
07/30/06 18:45,0.0
07/30/06 18:50,0.0
07/30/06 18:55,0.0
07/30/06 19:00,0.0
07/30/06 19:05,0.0
07/30/06 19:10,0.0
07/30/06 19:15,0.0
07/30/06 19:20,0.0
07/30/06 19:25,0.0
07/30/06 19:30,0.0
07/30/06 19:35,0.0
07/30/06 19:40,0.0
07/30/06 19:45,0.0
07/30/06 19:50,0.0
07/30/06 19:55,0.0
07/30/06 20:00,0.0
07/30/06 20:05,0.0
07/30/06 20:10,0.0
07/30/06 20:15,0.0
07/30/06 20:20,0.0
07/30/06 20:25,0.0
07/30/06 20:30,0.0
07/30/06 20:35,0.0
07/30/06 20:40,0.0
07/30/06 20:45,0.0
07/30/06 20:50,0.0
07/30/06 20:55,0.0
07/30/06 21:00,0.0
07/30/06 21:05,0.0
07/30/06 21:10,0.0
07/30/06 21:15,0.0
07/30/06 21:20,0.0
07/30/06 21:25,0.0
07/30/06 21:30,0.0
07/30/06 21:35,0.0
07/30/06 21:40,0.0
07/30/06 21:45,0.0
07/30/06 21:50,0.0
07/30/06 21:55,0.0
07/30/06 22:00,0.0
07/30/06 22:05,0.0
07/30/06 22:10,0.0
07/30/06 22:15,0.0
07/30/06 22:20,0.0
07/30/06 22:25,0.0
07/30/06 22:30,0.0
07/30/06 22:35,0.0
07/30/06 22:40,0.0
07/30/06 22:45,0.0
07/30/06 22:50,0.0
07/30/06 22:55,0.0
07/30/06 23:00,0.0
07/30/06 23:05,0.0
07/30/06 23:10,0.0
07/30/06 23:15,0.0
07/30/06 23:20,0.0
07/30/06 23:25,0.0
07/30/06 23:30,0.0
07/30/06 23:35,0.0
07/30/06 23:40,0.0
07/30/06 23:45,0.0
07/30/06 23:50,0.0
07/30/06 23:55,0.0
07/31/06 00:00,0.0
07/31/06 00:05,0.0
07/31/06 00:10,0.0
07/31/06 00:15,0.0
07/31/06 00:20,0.0
07/31/06 00:25,0.0
07/31/06 00:30,0.0
07/31/06 00:35,0.0
07/31/06 00:40,0.0
07/31/06 00:45,0.0
07/31/06 00:50,0.0
07/31/06 00:55,0.0
07/31/06 01:00,0.0
07/31/06 01:05,0.0
07/31/06 01:10,0.0
07/31/06 01:15,0.0
07/31/06 01:20,0.0
07/31/06 01:25,0.0
07/31/06 01:30,0.0
07/31/06 01:35,0.0
07/31/06 01:40,0.0
07/31/06 01:45,0.0
07/31/06 01:50,0.0
07/31/06 01:55,0.0
07/31/06 02:00,0.0
07/31/06 02:05,0.0
07/31/06 02:10,0.0
07/31/06 02:15,0.0
07/31/06 02:20,0.0
07/31/06 02:25,0.0
07/31/06 02:30,0.0
07/31/06 02:35,0.0
07/31/06 02:40,0.0
07/31/06 02:45,0.0
07/31/06 02:50,0.0
07/31/06 02:55,0.0
07/31/06 03:00,0.0
07/31/06 03:05,0.0
07/31/06 03:10,0.0
07/31/06 03:15,0.0
07/31/06 03:20,0.0
07/31/06 03:25,0.0
07/31/06 03:30,0.0
07/31/06 03:35,0.0
07/31/06 03:40,0.0
07/31/06 03:45,0.0
07/31/06 03:50,0.0
07/31/06 03:55,0.0
07/31/06 04:00,0.0
07/31/06 04:05,0.0
07/31/06 04:10,0.0
07/31/06 04:15,0.0
07/31/06 04:20,0.0
07/31/06 04:25,0.0
07/31/06 04:30,0.0
07/31/06 04:35,0.0
07/31/06 04:40,0.0
07/31/06 04:45,0.0
07/31/06 04:50,0.0
07/31/06 04:55,0.0
07/31/06 05:00,0.0
07/31/06 05:05,0.0
07/31/06 05:10,0.0
07/31/06 05:15,0.0
07/31/06 05:20,0.0
07/31/06 05:25,0.0
07/31/06 05:30,0.0
07/31/06 05:35,0.0
07/31/06 05:40,0.0
07/31/06 05:45,0.0
07/31/06 05:50,0.0
07/31/06 05:55,0.1
07/31/06 06:00,0.3
07/31/06 06:05,0.5
07/31/06 06:10,1.0
07/31/06 06:15,1.6
07/31/06 06:20,2.3
07/31/06 06:25,3.1
07/31/06 06:30,3.5
07/31/06 06:35,3.7
07/31/06 06:40,3.9
07/31/06 06:45,4.1
07/31/06 06:50,4.5
07/31/06 06:55,4.9
07/31/06 07:00,5.3
07/31/06 07:05,5.7
07/31/06 07:10,6.2
07/31/06 07:15,6.6
07/31/06 07:20,7.3
07/31/06 07:25,7.6
07/31/06 07:30,8.2
07/31/06 07:35,8.9
07/31/06 07:40,9.6
07/31/06 07:45,9.4
07/31/06 07:50,10.4
07/31/06 07:55,11.7
07/31/06 08:00,12.6
07/31/06 08:05,12.5
07/31/06 08:10,13.7
07/31/06 08:15,13.8
07/31/06 08:20,13.3
07/31/06 08:25,12.4
07/31/06 08:30,12.3
07/31/06 08:35,12.5
07/31/06 08:40,12.9
07/31/06 08:45,13.6
07/31/06 08:50,14.1
07/31/06 08:55,14.5
07/31/06 09:00,14.7
07/31/06 09:05,14.8
07/31/06 09:10,14.9
07/31/06 09:15,16.4
07/31/06 09:20,17.6
07/31/06 09:25,17.9
07/31/06 09:30,17.8
07/31/06 09:35,15.5
07/31/06 09:40,14.8
07/31/06 09:45,15.4
07/31/06 09:50,14.2
07/31/06 09:55,17.3
07/31/06 10:00,18.9
07/31/06 10:05,19.6
07/31/06 10:10,20.5
07/31/06 10:15,20.6
07/31/06 10:20,18.3
07/31/06 10:25,19.3
07/31/06 10:30,18.7
07/31/06 10:35,15.2
07/31/06 10:40,18.1
07/31/06 10:45,16.0
07/31/06 10:50,11.3
07/31/06 10:55,10.2
07/31/06 11:00,11.5
07/31/06 11:05,13.9
07/31/06 11:10,16.6
07/31/06 11:15,14.6
07/31/06 11:20,12.8
07/31/06 11:25,11.6
07/31/06 11:30,10.9
07/31/06 11:35,10.9
07/31/06 11:40,11.1
07/31/06 11:45,11.5
07/31/06 11:50,12.0
07/31/06 11:55,12.3
07/31/06 12:00,12.1
07/31/06 12:05,11.6
07/31/06 12:10,10.8
07/31/06 12:15,9.4
07/31/06 12:20,7.6
07/31/06 12:25,6.4
07/31/06 12:30,5.8
07/31/06 12:35,5.4
07/31/06 12:40,5.0
07/31/06 12:45,4.8
07/31/06 12:50,4.8
07/31/06 12:55,4.8
07/31/06 13:00,4.8
07/31/06 13:05,4.8
07/31/06 13:10,4.6
07/31/06 13:15,4.8
07/31/06 13:20,7.5
07/31/06 13:25,8.8
07/31/06 13:30,10.1
07/31/06 13:35,12.1
07/31/06 13:40,10.9
07/31/06 13:45,9.6
07/31/06 13:50,7.7
07/31/06 13:55,6.6
07/31/06 14:00,7.5
07/31/06 14:05,7.3
07/31/06 14:10,8.2
07/31/06 14:15,11.2
07/31/06 14:20,13.4
07/31/06 14:25,13.9
07/31/06 14:30,14.0
07/31/06 14:35,13.8
07/31/06 14:40,14.2
07/31/06 14:45,15.2
07/31/06 14:50,15.0
07/31/06 14:55,13.2
07/31/06 15:00,9.9
07/31/06 15:05,9.7
07/31/06 15:10,8.5
07/31/06 15:15,8.7
07/31/06 15:20,10.8
07/31/06 15:25,10.9
07/31/06 15:30,10.9
07/31/06 15:35,8.6
07/31/06 15:40,7.1
07/31/06 15:45,7.6
07/31/06 15:50,8.8
07/31/06 15:55,8.7
07/31/06 16:00,6.7
07/31/06 16:05,5.3
07/31/06 16:10,4.1
07/31/06 16:15,3.7
07/31/06 16:20,3.9
07/31/06 16:25,5.1
07/31/06 16:30,6.3
07/31/06 16:35,6.9
07/31/06 16:40,6.9
07/31/06 16:45,6.6
07/31/06 16:50,6.4
07/31/06 16:55,5.0
07/31/06 17:00,4.4
07/31/06 17:05,3.9
07/31/06 17:10,3.6
07/31/06 17:15,3.5
07/31/06 17:20,3.1
07/31/06 17:25,2.2
07/31/06 17:30,1.4
07/31/06 17:35,0.9
07/31/06 17:40,0.5
07/31/06 17:45,0.3
07/31/06 17:50,0.2
07/31/06 17:55,0.1
07/31/06 18:00,0.0
07/31/06 18:05,0.0
07/31/06 18:10,0.0
07/31/06 18:15,0.0
07/31/06 18:20,0.0
07/31/06 18:25,0.0
07/31/06 18:30,0.0
07/31/06 18:35,0.0
07/31/06 18:40,0.0
07/31/06 18:45,0.0
07/31/06 18:50,0.0
07/31/06 18:55,0.0
07/31/06 19:00,0.0
07/31/06 19:05,0.0
07/31/06 19:10,0.0
07/31/06 19:15,0.0
07/31/06 19:20,0.0
07/31/06 19:25,0.0
07/31/06 19:30,0.0
07/31/06 19:35,0.0
07/31/06 19:40,0.0
07/31/06 19:45,0.0
07/31/06 19:50,0.0
07/31/06 19:55,0.0
07/31/06 20:00,0.0
07/31/06 20:05,0.0
07/31/06 20:10,0.0
07/31/06 20:15,0.0
07/31/06 20:20,0.0
07/31/06 20:25,0.0
07/31/06 20:30,0.0
07/31/06 20:35,0.0
07/31/06 20:40,0.0
07/31/06 20:45,0.0
07/31/06 20:50,0.0
07/31/06 20:55,0.0
07/31/06 21:00,0.0
07/31/06 21:05,0.0
07/31/06 21:10,0.0
07/31/06 21:15,0.0
07/31/06 21:20,0.0
07/31/06 21:25,0.0
07/31/06 21:30,0.0
07/31/06 21:35,0.0
07/31/06 21:40,0.0
07/31/06 21:45,0.0
07/31/06 21:50,0.0
07/31/06 21:55,0.0
07/31/06 22:00,0.0
07/31/06 22:05,0.0
07/31/06 22:10,0.0
07/31/06 22:15,0.0
07/31/06 22:20,0.0
07/31/06 22:25,0.0
07/31/06 22:30,0.0
07/31/06 22:35,0.0
07/31/06 22:40,0.0
07/31/06 22:45,0.0
07/31/06 22:50,0.0
07/31/06 22:55,0.0
07/31/06 23:00,0.0
07/31/06 23:05,0.0
07/31/06 23:10,0.0
07/31/06 23:15,0.0
07/31/06 23:20,0.0
07/31/06 23:25,0.0
07/31/06 23:30,0.0
07/31/06 23:35,0.0
07/31/06 23:40,0.0
07/31/06 23:45,0.0
07/31/06 23:50,0.0
07/31/06 23:55,0.0
08/01/06 00:00,0.0
08/01/06 00:05,0.0
08/01/06 00:10,0.0
08/01/06 00:15,0.0
08/01/06 00:20,0.0
08/01/06 00:25,0.0
08/01/06 00:30,0.0
08/01/06 00:35,0.0
08/01/06 00:40,0.0
08/01/06 00:45,0.0
08/01/06 00:50,0.0
08/01/06 00:55,0.0
08/01/06 01:00,0.0
08/01/06 01:05,0.0
08/01/06 01:10,0.0
08/01/06 01:15,0.0
08/01/06 01:20,0.0
08/01/06 01:25,0.0
08/01/06 01:30,0.0
08/01/06 01:35,0.0
08/01/06 01:40,0.0
08/01/06 01:45,0.0
08/01/06 01:50,0.0
08/01/06 01:55,0.0
08/01/06 02:00,0.0
08/01/06 02:05,0.0
08/01/06 02:10,0.0
08/01/06 02:15,0.0
08/01/06 02:20,0.0
08/01/06 02:25,0.0
08/01/06 02:30,0.0
08/01/06 02:35,0.0
08/01/06 02:40,0.0
08/01/06 02:45,0.0
08/01/06 02:50,0.0
08/01/06 02:55,0.0
08/01/06 03:00,0.0
08/01/06 03:05,0.0
08/01/06 03:10,0.0
08/01/06 03:15,0.0
08/01/06 03:20,0.0
08/01/06 03:25,0.0
08/01/06 03:30,0.0
08/01/06 03:35,0.0
08/01/06 03:40,0.0
08/01/06 03:45,0.0
08/01/06 03:50,0.0
08/01/06 03:55,0.0
08/01/06 04:00,0.0
08/01/06 04:05,0.0
08/01/06 04:10,0.0
08/01/06 04:15,0.0
08/01/06 04:20,0.0
08/01/06 04:25,0.0
08/01/06 04:30,0.0
08/01/06 04:35,0.0
08/01/06 04:40,0.0
08/01/06 04:45,0.0
08/01/06 04:50,0.0
08/01/06 04:55,0.0
08/01/06 05:00,0.0
08/01/06 05:05,0.0
08/01/06 05:10,0.0
08/01/06 05:15,0.0
08/01/06 05:20,0.0
08/01/06 05:25,0.0
08/01/06 05:30,0.0
08/01/06 05:35,0.0
08/01/06 05:40,0.0
08/01/06 05:45,0.0
08/01/06 05:50,0.0
08/01/06 05:55,0.0
08/01/06 06:00,0.1
08/01/06 06:05,0.2
08/01/06 06:10,0.4
08/01/06 06:15,0.8
08/01/06 06:20,1.3
08/01/06 06:25,2.0
08/01/06 06:30,2.9
08/01/06 06:35,3.6
08/01/06 06:40,3.9
08/01/06 06:45,4.4
08/01/06 06:50,4.8
08/01/06 06:55,5.3
08/01/06 07:00,5.7
08/01/06 07:05,6.2
08/01/06 07:10,6.7
08/01/06 07:15,7.2
08/01/06 07:20,7.7
08/01/06 07:25,8.5
08/01/06 07:30,9.2
08/01/06 07:35,10.0
08/01/06 07:40,10.8
08/01/06 07:45,11.6
08/01/06 07:50,11.8
08/01/06 07:55,12.1
08/01/06 08:00,12.7
08/01/06 08:05,13.1
08/01/06 08:10,13.3
08/01/06 08:15,14.0
08/01/06 08:20,14.8
08/01/06 08:25,15.4
08/01/06 08:30,16.0
08/01/06 08:35,16.4
08/01/06 08:40,16.8
08/01/06 08:45,17.2
08/01/06 08:50,17.7
08/01/06 08:55,18.0
08/01/06 09:00,18.3
08/01/06 09:05,18.6
08/01/06 09:10,18.9
08/01/06 09:15,19.1
08/01/06 09:20,19.2
08/01/06 09:25,19.4
08/01/06 09:30,19.6
08/01/06 09:35,19.7
08/01/06 09:40,19.9
08/01/06 09:45,20.1
08/01/06 09:50,20.3
08/01/06 09:55,20.4
08/01/06 10:00,20.5
08/01/06 10:05,20.3
08/01/06 10:10,20.2
08/01/06 10:15,19.7
08/01/06 10:20,15.1
08/01/06 10:25,10.8
08/01/06 10:30,10.0
08/01/06 10:35,9.8
08/01/06 10:40,9.9
08/01/06 10:45,9.9
08/01/06 10:50,8.6
08/01/06 10:55,8.3
08/01/06 11:00,9.4
08/01/06 11:05,11.8
08/01/06 11:10,15.4
08/01/06 11:15,15.9
08/01/06 11:20,14.8
08/01/06 11:25,14.1
08/01/06 11:30,13.6
08/01/06 11:35,12.6
08/01/06 11:40,11.8
08/01/06 11:45,10.8
08/01/06 11:50,9.8
08/01/06 11:55,9.0
08/01/06 12:00,8.6
08/01/06 12:05,7.8
08/01/06 12:10,6.8
08/01/06 12:15,6.6
08/01/06 12:20,10.7
08/01/06 12:25,14.8
08/01/06 12:30,18.1
08/01/06 12:35,19.7
08/01/06 12:40,21.2
08/01/06 12:45,23.7
08/01/06 12:50,25.1
08/01/06 12:55,26.3
08/01/06 13:00,23.8
08/01/06 13:05,19.2
08/01/06 13:10,15.8
08/01/06 13:15,14.6
08/01/06 13:20,15.6
08/01/06 13:25,17.1
08/01/06 13:30,15.8
08/01/06 13:35,15.4
08/01/06 13:40,15.2
08/01/06 13:45,14.5
08/01/06 13:50,13.9
08/01/06 13:55,14.1
08/01/06 14:00,15.5
08/01/06 14:05,19.1
08/01/06 14:10,21.2
08/01/06 14:15,21.4
08/01/06 14:20,20.5
08/01/06 14:25,19.3
08/01/06 14:30,17.8
08/01/06 14:35,16.3
08/01/06 14:40,14.8
08/01/06 14:45,13.2
08/01/06 14:50,11.6
08/01/06 14:55,9.9
08/01/06 15:00,8.3
08/01/06 15:05,6.7
08/01/06 15:10,5.2
08/01/06 15:15,4.8
08/01/06 15:20,5.3
08/01/06 15:25,5.5
08/01/06 15:30,6.5
08/01/06 15:35,8.6
08/01/06 15:40,9.9
08/01/06 15:45,11.2
08/01/06 15:50,12.5
08/01/06 15:55,10.8
08/01/06 16:00,9.2
08/01/06 16:05,9.0
08/01/06 16:10,8.4
08/01/06 16:15,6.8
08/01/06 16:20,5.1
08/01/06 16:25,5.0
08/01/06 16:30,5.4
08/01/06 16:35,5.3
08/01/06 16:40,4.5
08/01/06 16:45,3.0
08/01/06 16:50,1.1
08/01/06 16:55,3.7
08/01/06 17:00,4.5
08/01/06 17:05,4.6
08/01/06 17:10,4.6
08/01/06 17:15,4.3
08/01/06 17:20,3.9
08/01/06 17:25,3.5
08/01/06 17:30,2.4
08/01/06 17:35,1.5
08/01/06 17:40,0.9
08/01/06 17:45,0.6
08/01/06 17:50,0.3
08/01/06 17:55,0.2
08/01/06 18:00,0.1
08/01/06 18:05,0.0
08/01/06 18:10,0.0
08/01/06 18:15,0.0
08/01/06 18:20,0.0
08/01/06 18:25,0.0
08/01/06 18:30,0.0
08/01/06 18:35,0.0
08/01/06 18:40,0.0
08/01/06 18:45,0.0
08/01/06 18:50,0.0
08/01/06 18:55,0.0
08/01/06 19:00,0.0
08/01/06 19:05,0.0
08/01/06 19:10,0.0
08/01/06 19:15,0.0
08/01/06 19:20,0.0
08/01/06 19:25,0.0
08/01/06 19:30,0.0
08/01/06 19:35,0.0
08/01/06 19:40,0.0
08/01/06 19:45,0.0
08/01/06 19:50,0.0
08/01/06 19:55,0.0
08/01/06 20:00,0.0
08/01/06 20:05,0.0
08/01/06 20:10,0.0
08/01/06 20:15,0.0
08/01/06 20:20,0.0
08/01/06 20:25,0.0
08/01/06 20:30,0.0
08/01/06 20:35,0.0
08/01/06 20:40,0.0
08/01/06 20:45,0.0
08/01/06 20:50,0.0
08/01/06 20:55,0.0
08/01/06 21:00,0.0
08/01/06 21:05,0.0
08/01/06 21:10,0.0
08/01/06 21:15,0.0
08/01/06 21:20,0.0
08/01/06 21:25,0.0
08/01/06 21:30,0.0
08/01/06 21:35,0.0
08/01/06 21:40,0.0
08/01/06 21:45,0.0
08/01/06 21:50,0.0
08/01/06 21:55,0.0
08/01/06 22:00,0.0
08/01/06 22:05,0.0
08/01/06 22:10,0.0
08/01/06 22:15,0.0
08/01/06 22:20,0.0
08/01/06 22:25,0.0
08/01/06 22:30,0.0
08/01/06 22:35,0.0
08/01/06 22:40,0.0
08/01/06 22:45,0.0
08/01/06 22:50,0.0
08/01/06 22:55,0.0
08/01/06 23:00,0.0
08/01/06 23:05,0.0
08/01/06 23:10,0.0
08/01/06 23:15,0.0
08/01/06 23:20,0.0
08/01/06 23:25,0.0
08/01/06 23:30,0.0
08/01/06 23:35,0.0
08/01/06 23:40,0.0
08/01/06 23:45,0.0
08/01/06 23:50,0.0
08/01/06 23:55,0.0
08/02/06 00:00,0.0
08/02/06 00:05,0.0
08/02/06 00:10,0.0
08/02/06 00:15,0.0
08/02/06 00:20,0.0
08/02/06 00:25,0.0
08/02/06 00:30,0.0
08/02/06 00:35,0.0
08/02/06 00:40,0.0
08/02/06 00:45,0.0
08/02/06 00:50,0.0
08/02/06 00:55,0.0
08/02/06 01:00,0.0
08/02/06 01:05,0.0
08/02/06 01:10,0.0
08/02/06 01:15,0.0
08/02/06 01:20,0.0
08/02/06 01:25,0.0
08/02/06 01:30,0.0
08/02/06 01:35,0.0
08/02/06 01:40,0.0
08/02/06 01:45,0.0
08/02/06 01:50,0.0
08/02/06 01:55,0.0
08/02/06 02:00,0.0
08/02/06 02:05,0.0
08/02/06 02:10,0.0
08/02/06 02:15,0.0
08/02/06 02:20,0.0
08/02/06 02:25,0.0
08/02/06 02:30,0.0
08/02/06 02:35,0.0
08/02/06 02:40,0.0
08/02/06 02:45,0.0
08/02/06 02:50,0.0
08/02/06 02:55,0.0
08/02/06 03:00,0.0
08/02/06 03:05,0.0
08/02/06 03:10,0.0
08/02/06 03:15,0.0
08/02/06 03:20,0.0
08/02/06 03:25,0.0
08/02/06 03:30,0.0
08/02/06 03:35,0.0
08/02/06 03:40,0.0
08/02/06 03:45,0.0
08/02/06 03:50,0.0
08/02/06 03:55,0.0
08/02/06 04:00,0.0
08/02/06 04:05,0.0
08/02/06 04:10,0.0
08/02/06 04:15,0.0
08/02/06 04:20,0.0
08/02/06 04:25,0.0
08/02/06 04:30,0.0
08/02/06 04:35,0.0
08/02/06 04:40,0.0
08/02/06 04:45,0.0
08/02/06 04:50,0.0
08/02/06 04:55,0.0
08/02/06 05:00,0.0
08/02/06 05:05,0.0
08/02/06 05:10,0.0
08/02/06 05:15,0.0
08/02/06 05:20,0.0
08/02/06 05:25,0.0
08/02/06 05:30,0.0
08/02/06 05:35,0.0
08/02/06 05:40,0.0
08/02/06 05:45,0.0
08/02/06 05:50,0.0
08/02/06 05:55,0.0
08/02/06 06:00,0.1
08/02/06 06:05,0.3
08/02/06 06:10,0.5
08/02/06 06:15,0.9
08/02/06 06:20,1.6
08/02/06 06:25,2.6
08/02/06 06:30,3.6
08/02/06 06:35,4.0
08/02/06 06:40,4.5
08/02/06 06:45,5.0
08/02/06 06:50,5.5
08/02/06 06:55,6.0
08/02/06 07:00,6.6
08/02/06 07:05,7.2
08/02/06 07:10,7.8
08/02/06 07:15,8.2
08/02/06 07:20,8.8
08/02/06 07:25,9.3
08/02/06 07:30,10.0
08/02/06 07:35,10.6
08/02/06 07:40,11.2
08/02/06 07:45,11.8
08/02/06 07:50,12.3
08/02/06 07:55,12.9
08/02/06 08:00,13.4
08/02/06 08:05,13.9
08/02/06 08:10,14.4
08/02/06 08:15,14.8
08/02/06 08:20,15.3
08/02/06 08:25,15.7
08/02/06 08:30,16.0
08/02/06 08:35,16.3
08/02/06 08:40,16.5
08/02/06 08:45,16.7
08/02/06 08:50,17.0
08/02/06 08:55,17.3
08/02/06 09:00,17.6
08/02/06 09:05,17.9
08/02/06 09:10,18.0
08/02/06 09:15,18.2
08/02/06 09:20,16.9
08/02/06 09:25,17.6
08/02/06 09:30,18.3
08/02/06 09:35,19.5
08/02/06 09:40,19.6
08/02/06 09:45,19.8
08/02/06 09:50,19.2
08/02/06 09:55,18.1
08/02/06 10:00,18.6
08/02/06 10:05,19.2
08/02/06 10:10,19.7
08/02/06 10:15,19.1
08/02/06 10:20,19.7
08/02/06 10:25,20.6
08/02/06 10:30,21.0
08/02/06 10:35,21.1
08/02/06 10:40,20.3
08/02/06 10:45,20.8
08/02/06 10:50,23.4
08/02/06 10:55,24.8
08/02/06 11:00,24.5
08/02/06 11:05,23.9
08/02/06 11:10,20.9
08/02/06 11:15,19.7
08/02/06 11:20,20.3
08/02/06 11:25,19.6
08/02/06 11:30,20.9
08/02/06 11:35,22.1
08/02/06 11:40,22.3
08/02/06 11:45,18.9
08/02/06 11:50,19.2
08/02/06 11:55,21.7
08/02/06 12:00,22.4
08/02/06 12:05,22.5
08/02/06 12:10,22.4
08/02/06 12:15,21.0
08/02/06 12:20,20.2
08/02/06 12:25,20.9
08/02/06 12:30,21.7
08/02/06 12:35,22.2
08/02/06 12:40,22.2
08/02/06 12:45,20.6
08/02/06 12:50,19.2
08/02/06 12:55,18.1
08/02/06 13:00,18.3
08/02/06 13:05,17.5
08/02/06 13:10,17.0
08/02/06 13:15,17.1
08/02/06 13:20,17.4
08/02/06 13:25,17.1
08/02/06 13:30,16.6
08/02/06 13:35,16.1
08/02/06 13:40,15.3
08/02/06 13:45,14.4
08/02/06 13:50,13.4
08/02/06 13:55,12.5
08/02/06 14:00,11.4
08/02/06 14:05,10.4
08/02/06 14:10,9.5
08/02/06 14:15,8.9
08/02/06 14:20,8.4
08/02/06 14:25,8.0
08/02/06 14:30,7.5
08/02/06 14:35,7.1
08/02/06 14:40,6.6
08/02/06 14:45,5.9
08/02/06 14:50,5.7
08/02/06 14:55,5.3
08/02/06 15:00,4.7
08/02/06 15:05,4.2
08/02/06 15:10,3.6
08/02/06 15:15,3.1
08/02/06 15:20,3.4
08/02/06 15:25,3.4
08/02/06 15:30,3.3
08/02/06 15:35,2.9
08/02/06 15:40,2.5
08/02/06 15:45,1.9
08/02/06 15:50,1.2
08/02/06 15:55,0.7
08/02/06 16:00,0.4
08/02/06 16:05,0.2
08/02/06 16:10,0.2
08/02/06 16:15,0.2
08/02/06 16:20,0.2
08/02/06 16:25,0.2
08/02/06 16:30,0.4
08/02/06 16:35,0.5
08/02/06 16:40,0.8
08/02/06 16:45,1.2
08/02/06 16:50,1.6
08/02/06 16:55,2.1
08/02/06 17:00,2.7
08/02/06 17:05,3.4
08/02/06 17:10,3.4
08/02/06 17:15,2.9
08/02/06 17:20,2.9
08/02/06 17:25,2.8
08/02/06 17:30,2.1
08/02/06 17:35,1.1
08/02/06 17:40,0.6
08/02/06 17:45,0.5
08/02/06 17:50,0.3
08/02/06 17:55,0.2
08/02/06 18:00,0.1
08/02/06 18:05,0.0
08/02/06 18:10,0.0
08/02/06 18:15,0.0
08/02/06 18:20,0.0
08/02/06 18:25,0.0
08/02/06 18:30,0.0
08/02/06 18:35,0.0
08/02/06 18:40,0.0
08/02/06 18:45,0.0
08/02/06 18:50,0.0
08/02/06 18:55,0.0
08/02/06 19:00,0.0
08/02/06 19:05,0.0
08/02/06 19:10,0.0
08/02/06 19:15,0.0
08/02/06 19:20,0.0
08/02/06 19:25,0.0
08/02/06 19:30,0.0
08/02/06 19:35,0.0
08/02/06 19:40,0.0
08/02/06 19:45,0.0
08/02/06 19:50,0.0
08/02/06 19:55,0.0
08/02/06 20:00,0.0
08/02/06 20:05,0.0
08/02/06 20:10,0.0
08/02/06 20:15,0.0
08/02/06 20:20,0.0
08/02/06 20:25,0.0
08/02/06 20:30,0.0
08/02/06 20:35,0.0
08/02/06 20:40,0.0
08/02/06 20:45,0.0
08/02/06 20:50,0.0
08/02/06 20:55,0.0
08/02/06 21:00,0.0
08/02/06 21:05,0.0
08/02/06 21:10,0.0
08/02/06 21:15,0.0
08/02/06 21:20,0.0
08/02/06 21:25,0.0
08/02/06 21:30,0.0
08/02/06 21:35,0.0
08/02/06 21:40,0.0
08/02/06 21:45,0.0
08/02/06 21:50,0.0
08/02/06 21:55,0.0
08/02/06 22:00,0.0
08/02/06 22:05,0.0
08/02/06 22:10,0.0
08/02/06 22:15,0.0
08/02/06 22:20,0.0
08/02/06 22:25,0.0
08/02/06 22:30,0.0
08/02/06 22:35,0.0
08/02/06 22:40,0.0
08/02/06 22:45,0.0
08/02/06 22:50,0.0
08/02/06 22:55,0.0
08/02/06 23:00,0.0
08/02/06 23:05,0.0
08/02/06 23:10,0.0
08/02/06 23:15,0.0
08/02/06 23:20,0.0
08/02/06 23:25,0.0
08/02/06 23:30,0.0
08/02/06 23:35,0.0
08/02/06 23:40,0.0
08/02/06 23:45,0.0
08/02/06 23:50,0.0
08/02/06 23:55,0.0
08/03/06 00:00,0.0
08/03/06 00:05,0.0
08/03/06 00:10,0.0
08/03/06 00:15,0.0
08/03/06 00:20,0.0
08/03/06 00:25,0.0
08/03/06 00:30,0.0
08/03/06 00:35,0.0
08/03/06 00:40,0.0
08/03/06 00:45,0.0
08/03/06 00:50,0.0
08/03/06 00:55,0.0
08/03/06 01:00,0.0
08/03/06 01:05,0.0
08/03/06 01:10,0.0
08/03/06 01:15,0.0
08/03/06 01:20,0.0
08/03/06 01:25,0.0
08/03/06 01:30,0.0
08/03/06 01:35,0.0
08/03/06 01:40,0.0
08/03/06 01:45,0.0
08/03/06 01:50,0.0
08/03/06 01:55,0.0
08/03/06 02:00,0.0
08/03/06 02:05,0.0
08/03/06 02:10,0.0
08/03/06 02:15,0.0
08/03/06 02:20,0.0
08/03/06 02:25,0.0
08/03/06 02:30,0.0
08/03/06 02:35,0.0
08/03/06 02:40,0.0
08/03/06 02:45,0.0
08/03/06 02:50,0.0
08/03/06 02:55,0.0
08/03/06 03:00,0.0
08/03/06 03:05,0.0
08/03/06 03:10,0.0
08/03/06 03:15,0.0
08/03/06 03:20,0.0
08/03/06 03:25,0.0
08/03/06 03:30,0.0
08/03/06 03:35,0.0
08/03/06 03:40,0.0
08/03/06 03:45,0.0
08/03/06 03:50,0.0
08/03/06 03:55,0.0
08/03/06 04:00,0.0
08/03/06 04:05,0.0
08/03/06 04:10,0.0
08/03/06 04:15,0.0
08/03/06 04:20,0.0
08/03/06 04:25,0.0
08/03/06 04:30,0.0
08/03/06 04:35,0.0
08/03/06 04:40,0.0
08/03/06 04:45,0.0
08/03/06 04:50,0.0
08/03/06 04:55,0.0
08/03/06 05:00,0.0
08/03/06 05:05,0.0
08/03/06 05:10,0.0
08/03/06 05:15,0.0
08/03/06 05:20,0.0
08/03/06 05:25,0.0
08/03/06 05:30,0.0
08/03/06 05:35,0.0
08/03/06 05:40,0.0
08/03/06 05:45,0.0
08/03/06 05:50,0.1
08/03/06 05:55,0.1
08/03/06 06:00,0.2
08/03/06 06:05,0.4
08/03/06 06:10,0.6
08/03/06 06:15,1.1
08/03/06 06:20,1.8
08/03/06 06:25,2.9
08/03/06 06:30,3.7
08/03/06 06:35,4.0
08/03/06 06:40,4.5
08/03/06 06:45,5.1
08/03/06 06:50,5.6
08/03/06 06:55,6.2
08/03/06 07:00,6.7
08/03/06 07:05,7.1
08/03/06 07:10,7.4
08/03/06 07:15,7.9
08/03/06 07:20,8.4
08/03/06 07:25,8.9
08/03/06 07:30,9.6
08/03/06 07:35,10.1
08/03/06 07:40,10.7
08/03/06 07:45,11.4
08/03/06 07:50,12.0
08/03/06 07:55,12.6
08/03/06 08:00,13.1
08/03/06 08:05,13.7
08/03/06 08:10,14.4
08/03/06 08:15,14.7
08/03/06 08:20,14.4
08/03/06 08:25,13.7
08/03/06 08:30,13.8
08/03/06 08:35,13.4
08/03/06 08:40,12.3
08/03/06 08:45,11.6
08/03/06 08:50,13.3
08/03/06 08:55,15.4
08/03/06 09:00,18.0
08/03/06 09:05,19.5
08/03/06 09:10,20.1
08/03/06 09:15,18.5
08/03/06 09:20,16.6
08/03/06 09:25,16.2
08/03/06 09:30,17.1
08/03/06 09:35,18.2
08/03/06 09:40,19.0
08/03/06 09:45,20.1
08/03/06 09:50,19.1
08/03/06 09:55,15.2
08/03/06 10:00,13.6
08/03/06 10:05,12.2
08/03/06 10:10,11.6
08/03/06 10:15,15.1
08/03/06 10:20,18.6
08/03/06 10:25,20.7
08/03/06 10:30,21.9
08/03/06 10:35,22.5
08/03/06 10:40,23.0
08/03/06 10:45,23.4
08/03/06 10:50,23.8
08/03/06 10:55,24.0
08/03/06 11:00,24.2
08/03/06 11:05,24.3
08/03/06 11:10,24.3
08/03/06 11:15,24.7
08/03/06 11:20,25.3
08/03/06 11:25,25.8
08/03/06 11:30,26.0
08/03/06 11:35,25.6
08/03/06 11:40,25.3
08/03/06 11:45,25.0
08/03/06 11:50,24.8
08/03/06 11:55,24.6
08/03/06 12:00,24.2
08/03/06 12:05,23.8
08/03/06 12:10,23.5
08/03/06 12:15,23.9
08/03/06 12:20,21.8
08/03/06 12:25,17.5
08/03/06 12:30,18.9
08/03/06 12:35,19.1
08/03/06 12:40,19.1
08/03/06 12:45,16.2
08/03/06 12:50,11.5
08/03/06 12:55,10.6
08/03/06 13:00,13.7
08/03/06 13:05,17.0
08/03/06 13:10,16.6
08/03/06 13:15,16.8
08/03/06 13:20,14.0
08/03/06 13:25,14.1
08/03/06 13:30,16.1
08/03/06 13:35,16.3
08/03/06 13:40,16.3
08/03/06 13:45,14.5
08/03/06 13:50,13.5
08/03/06 13:55,14.9
08/03/06 14:00,16.0
08/03/06 14:05,16.2
08/03/06 14:10,14.8
08/03/06 14:15,11.2
08/03/06 14:20,8.7
08/03/06 14:25,7.2
08/03/06 14:30,6.4
08/03/06 14:35,6.0
08/03/06 14:40,5.8
08/03/06 14:45,5.8
08/03/06 14:50,5.8
08/03/06 14:55,5.9
08/03/06 15:00,5.9
08/03/06 15:05,5.9
08/03/06 15:10,5.9
08/03/06 15:15,5.7
08/03/06 15:20,5.5
08/03/06 15:25,5.4
08/03/06 15:30,5.0
08/03/06 15:35,4.8
08/03/06 15:40,4.9
08/03/06 15:45,4.9
08/03/06 15:50,4.9
08/03/06 15:55,4.8
08/03/06 16:00,4.5
08/03/06 16:05,4.3
08/03/06 16:10,4.1
08/03/06 16:15,3.5
08/03/06 16:20,3.1
08/03/06 16:25,1.9
08/03/06 16:30,1.0
08/03/06 16:35,0.9
08/03/06 16:40,0.6
08/03/06 16:45,0.4
08/03/06 16:50,0.2
08/03/06 16:55,0.1
08/03/06 17:00,0.0
08/03/06 17:05,0.0
08/03/06 17:10,0.0
08/03/06 17:15,0.1
08/03/06 17:20,0.2
08/03/06 17:25,0.2
08/03/06 17:30,0.1
08/03/06 17:35,0.1
08/03/06 17:40,0.0
08/03/06 17:45,0.0
08/03/06 17:50,0.0
08/03/06 17:55,0.0
08/03/06 18:00,0.0
08/03/06 18:05,0.0
08/03/06 18:10,0.0
08/03/06 18:15,0.0
08/03/06 18:20,0.0
08/03/06 18:25,0.0
08/03/06 18:30,0.0
08/03/06 18:35,0.0
08/03/06 18:40,0.0
08/03/06 18:45,0.0
08/03/06 18:50,0.0
08/03/06 18:55,0.0
08/03/06 19:00,0.0
08/03/06 19:05,0.0
08/03/06 19:10,0.0
08/03/06 19:15,0.0
08/03/06 19:20,0.0
08/03/06 19:25,0.0
08/03/06 19:30,0.0
08/03/06 19:35,0.0
08/03/06 19:40,0.0
08/03/06 19:45,0.0
08/03/06 19:50,0.0
08/03/06 19:55,0.0
08/03/06 20:00,0.0
08/03/06 20:05,0.0
08/03/06 20:10,0.0
08/03/06 20:15,0.0
08/03/06 20:20,0.0
08/03/06 20:25,0.0
08/03/06 20:30,0.0
08/03/06 20:35,0.0
08/03/06 20:40,0.0
08/03/06 20:45,0.0
08/03/06 20:50,0.0
08/03/06 20:55,0.0
08/03/06 21:00,0.0
08/03/06 21:05,0.0
08/03/06 21:10,0.0
08/03/06 21:15,0.0
08/03/06 21:20,0.0
08/03/06 21:25,0.0
08/03/06 21:30,0.0
08/03/06 21:35,0.0
08/03/06 21:40,0.0
08/03/06 21:45,0.0
08/03/06 21:50,0.0
08/03/06 21:55,0.0
08/03/06 22:00,0.0
08/03/06 22:05,0.0
08/03/06 22:10,0.0
08/03/06 22:15,0.0
08/03/06 22:20,0.0
08/03/06 22:25,0.0
08/03/06 22:30,0.0
08/03/06 22:35,0.0
08/03/06 22:40,0.0
08/03/06 22:45,0.0
08/03/06 22:50,0.0
08/03/06 22:55,0.0
08/03/06 23:00,0.0
08/03/06 23:05,0.0
08/03/06 23:10,0.0
08/03/06 23:15,0.0
08/03/06 23:20,0.0
08/03/06 23:25,0.0
08/03/06 23:30,0.0
08/03/06 23:35,0.0
08/03/06 23:40,0.0
08/03/06 23:45,0.0
08/03/06 23:50,0.0
08/03/06 23:55,0.0
08/04/06 00:00,0.0
08/04/06 00:05,0.0
08/04/06 00:10,0.0
08/04/06 00:15,0.0
08/04/06 00:20,0.0
08/04/06 00:25,0.0
08/04/06 00:30,0.0
08/04/06 00:35,0.0
08/04/06 00:40,0.0
08/04/06 00:45,0.0
08/04/06 00:50,0.0
08/04/06 00:55,0.0
08/04/06 01:00,0.0
08/04/06 01:05,0.0
08/04/06 01:10,0.0
08/04/06 01:15,0.0
08/04/06 01:20,0.0
08/04/06 01:25,0.0
08/04/06 01:30,0.0
08/04/06 01:35,0.0
08/04/06 01:40,0.0
08/04/06 01:45,0.0
08/04/06 01:50,0.0
08/04/06 01:55,0.0
08/04/06 02:00,0.0
08/04/06 02:05,0.0
08/04/06 02:10,0.0
08/04/06 02:15,0.0
08/04/06 02:20,0.0
08/04/06 02:25,0.0
08/04/06 02:30,0.0
08/04/06 02:35,0.0
08/04/06 02:40,0.0
08/04/06 02:45,0.0
08/04/06 02:50,0.0
08/04/06 02:55,0.0
08/04/06 03:00,0.0
08/04/06 03:05,0.0
08/04/06 03:10,0.0
08/04/06 03:15,0.0
08/04/06 03:20,0.0
08/04/06 03:25,0.0
08/04/06 03:30,0.0
08/04/06 03:35,0.0
08/04/06 03:40,0.0
08/04/06 03:45,0.0
08/04/06 03:50,0.0
08/04/06 03:55,0.0
08/04/06 04:00,0.0
08/04/06 04:05,0.0
08/04/06 04:10,0.0
08/04/06 04:15,0.0
08/04/06 04:20,0.0
08/04/06 04:25,0.0
08/04/06 04:30,0.0
08/04/06 04:35,0.0
08/04/06 04:40,0.0
08/04/06 04:45,0.0
08/04/06 04:50,0.0
08/04/06 04:55,0.0
08/04/06 05:00,0.0
08/04/06 05:05,0.0
08/04/06 05:10,0.0
08/04/06 05:15,0.0
08/04/06 05:20,0.0
08/04/06 05:25,0.0
08/04/06 05:30,0.0
08/04/06 05:35,0.0
08/04/06 05:40,0.0
08/04/06 05:45,0.0
08/04/06 05:50,0.1
08/04/06 05:55,0.1
08/04/06 06:00,0.2
08/04/06 06:05,0.3
08/04/06 06:10,0.3
08/04/06 06:15,0.6
08/04/06 06:20,1.2
08/04/06 06:25,2.3
08/04/06 06:30,3.6
08/04/06 06:35,4.2
08/04/06 06:40,4.8
08/04/06 06:45,5.3
08/04/06 06:50,5.8
08/04/06 06:55,6.2
08/04/06 07:00,6.7
08/04/06 07:05,7.3
08/04/06 07:10,8.0
08/04/06 07:15,8.3
08/04/06 07:20,8.6
08/04/06 07:25,8.9
08/04/06 07:30,9.3
08/04/06 07:35,9.5
08/04/06 07:40,9.7
08/04/06 07:45,9.9
08/04/06 07:50,10.0
08/04/06 07:55,10.1
08/04/06 08:00,10.2
08/04/06 08:05,10.4
08/04/06 08:10,10.7
08/04/06 08:15,11.6
08/04/06 08:20,13.3
08/04/06 08:25,14.5
08/04/06 08:30,15.5
08/04/06 08:35,16.1
08/04/06 08:40,16.6
08/04/06 08:45,17.1
08/04/06 08:50,17.8
08/04/06 08:55,18.2
08/04/06 09:00,18.7
08/04/06 09:05,19.0
08/04/06 09:10,19.3
08/04/06 09:15,19.1
08/04/06 09:20,18.9
08/04/06 09:25,18.9
08/04/06 09:30,19.1
08/04/06 09:35,19.3
08/04/06 09:40,19.5
08/04/06 09:45,19.8
08/04/06 09:50,20.1
08/04/06 09:55,20.5
08/04/06 10:00,21.0
08/04/06 10:05,21.4
08/04/06 10:10,21.9
08/04/06 10:15,22.5
08/04/06 10:20,23.0
08/04/06 10:25,23.5
08/04/06 10:30,23.9
08/04/06 10:35,24.2
08/04/06 10:40,24.6
08/04/06 10:45,25.0
08/04/06 10:50,25.5
08/04/06 10:55,26.2
08/04/06 11:00,26.7
08/04/06 11:05,27.1
08/04/06 11:10,27.4
08/04/06 11:15,27.2
08/04/06 11:20,27.0
08/04/06 11:25,26.9
08/04/06 11:30,27.2
08/04/06 11:35,27.6
08/04/06 11:40,27.8
08/04/06 11:45,27.8
08/04/06 11:50,27.7
08/04/06 11:55,27.4
08/04/06 12:00,27.2
08/04/06 12:05,27.0
08/04/06 12:10,26.9
08/04/06 12:15,26.7
08/04/06 12:20,26.2
08/04/06 12:25,25.0
08/04/06 12:30,23.5
08/04/06 12:35,21.9
08/04/06 12:40,20.3
08/04/06 12:45,18.6
08/04/06 12:50,16.7
08/04/06 12:55,14.9
08/04/06 13:00,12.9
08/04/06 13:05,11.1
08/04/06 13:10,9.3
08/04/06 13:15,8.1
08/04/06 13:20,11.0
08/04/06 13:25,14.2
08/04/06 13:30,17.7
08/04/06 13:35,18.7
08/04/06 13:40,18.7
08/04/06 13:45,16.4
08/04/06 13:50,15.5
08/04/06 13:55,13.2
08/04/06 14:00,14.2
08/04/06 14:05,12.9
08/04/06 14:10,11.7
08/04/06 14:15,10.0
08/04/06 14:20,8.9
08/04/06 14:25,8.3
08/04/06 14:30,8.1
08/04/06 14:35,8.1
08/04/06 14:40,8.2
08/04/06 14:45,8.5
08/04/06 14:50,8.9
08/04/06 14:55,9.4
08/04/06 15:00,9.8
08/04/06 15:05,10.2
08/04/06 15:10,10.6
08/04/06 15:15,11.2
08/04/06 15:20,12.1
08/04/06 15:25,12.7
08/04/06 15:30,11.8
08/04/06 15:35,8.7
08/04/06 15:40,9.0
08/04/06 15:45,8.3
08/04/06 15:50,7.3
08/04/06 15:55,8.5
08/04/06 16:00,7.4
08/04/06 16:05,6.1
08/04/06 16:10,4.7
08/04/06 16:15,5.1
08/04/06 16:20,6.0
08/04/06 16:25,5.7
08/04/06 16:30,5.3
08/04/06 16:35,5.4
08/04/06 16:40,6.3
08/04/06 16:45,6.6
08/04/06 16:50,5.4
08/04/06 16:55,4.3
08/04/06 17:00,3.7
08/04/06 17:05,3.9
08/04/06 17:10,3.6
08/04/06 17:15,1.9
08/04/06 17:20,1.1
08/04/06 17:25,0.8
08/04/06 17:30,1.1
08/04/06 17:35,1.0
08/04/06 17:40,0.8
08/04/06 17:45,0.5
08/04/06 17:50,0.3
08/04/06 17:55,0.2
08/04/06 18:00,0.1
08/04/06 18:05,0.0
08/04/06 18:10,0.0
08/04/06 18:15,0.0
08/04/06 18:20,0.0
08/04/06 18:25,0.0
08/04/06 18:30,0.0
08/04/06 18:35,0.0
08/04/06 18:40,0.0
08/04/06 18:45,0.0
08/04/06 18:50,0.0
08/04/06 18:55,0.0
08/04/06 19:00,0.0
08/04/06 19:05,0.0
08/04/06 19:10,0.0
08/04/06 19:15,0.0
08/04/06 19:20,0.0
08/04/06 19:25,0.0
08/04/06 19:30,0.0
08/04/06 19:35,0.0
08/04/06 19:40,0.0
08/04/06 19:45,0.0
08/04/06 19:50,0.0
08/04/06 19:55,0.0
08/04/06 20:00,0.0
08/04/06 20:05,0.0
08/04/06 20:10,0.0
08/04/06 20:15,0.0
08/04/06 20:20,0.0
08/04/06 20:25,0.0
08/04/06 20:30,0.0
08/04/06 20:35,0.0
08/04/06 20:40,0.0
08/04/06 20:45,0.0
08/04/06 20:50,0.0
08/04/06 20:55,0.0
08/04/06 21:00,0.0
08/04/06 21:05,0.0
08/04/06 21:10,0.0
08/04/06 21:15,0.0
08/04/06 21:20,0.0
08/04/06 21:25,0.0
08/04/06 21:30,0.0
08/04/06 21:35,0.0
08/04/06 21:40,0.0
08/04/06 21:45,0.0
08/04/06 21:50,0.0
08/04/06 21:55,0.0
08/04/06 22:00,0.0
08/04/06 22:05,0.0
08/04/06 22:10,0.0
08/04/06 22:15,0.0
08/04/06 22:20,0.0
08/04/06 22:25,0.0
08/04/06 22:30,0.0
08/04/06 22:35,0.0
08/04/06 22:40,0.0
08/04/06 22:45,0.0
08/04/06 22:50,0.0
08/04/06 22:55,0.0
08/04/06 23:00,0.0
08/04/06 23:05,0.0
08/04/06 23:10,0.0
08/04/06 23:15,0.0
08/04/06 23:20,0.0
08/04/06 23:25,0.0
08/04/06 23:30,0.0
08/04/06 23:35,0.0
08/04/06 23:40,0.0
08/04/06 23:45,0.0
08/04/06 23:50,0.0
08/04/06 23:55,0.0
08/05/06 00:00,0.0
08/05/06 00:05,0.0
08/05/06 00:10,0.0
08/05/06 00:15,0.0
08/05/06 00:20,0.0
08/05/06 00:25,0.0
08/05/06 00:30,0.0
08/05/06 00:35,0.0
08/05/06 00:40,0.0
08/05/06 00:45,0.0
08/05/06 00:50,0.0
08/05/06 00:55,0.0
08/05/06 01:00,0.0
08/05/06 01:05,0.0
08/05/06 01:10,0.0
08/05/06 01:15,0.0
08/05/06 01:20,0.0
08/05/06 01:25,0.0
08/05/06 01:30,0.0
08/05/06 01:35,0.0
08/05/06 01:40,0.0
08/05/06 01:45,0.0
08/05/06 01:50,0.0
08/05/06 01:55,0.0
08/05/06 02:00,0.0
08/05/06 02:05,0.0
08/05/06 02:10,0.0
08/05/06 02:15,0.0
08/05/06 02:20,0.0
08/05/06 02:25,0.0
08/05/06 02:30,0.0
08/05/06 02:35,0.0
08/05/06 02:40,0.0
08/05/06 02:45,0.0
08/05/06 02:50,0.0
08/05/06 02:55,0.0
08/05/06 03:00,0.0
08/05/06 03:05,0.0
08/05/06 03:10,0.0
08/05/06 03:15,0.0
08/05/06 03:20,0.0
08/05/06 03:25,0.0
08/05/06 03:30,0.0
08/05/06 03:35,0.0
08/05/06 03:40,0.0
08/05/06 03:45,0.0
08/05/06 03:50,0.0
08/05/06 03:55,0.0
08/05/06 04:00,0.0
08/05/06 04:05,0.0
08/05/06 04:10,0.0
08/05/06 04:15,0.0
08/05/06 04:20,0.0
08/05/06 04:25,0.0
08/05/06 04:30,0.0
08/05/06 04:35,0.0
08/05/06 04:40,0.0
08/05/06 04:45,0.0
08/05/06 04:50,0.0
08/05/06 04:55,0.0
08/05/06 05:00,0.0
08/05/06 05:05,0.0
08/05/06 05:10,0.0
08/05/06 05:15,0.0
08/05/06 05:20,0.0
08/05/06 05:25,0.0
08/05/06 05:30,0.0
08/05/06 05:35,0.0
08/05/06 05:40,0.0
08/05/06 05:45,0.0
08/05/06 05:50,0.0
08/05/06 05:55,0.0
08/05/06 06:00,0.0
08/05/06 06:05,0.0
08/05/06 06:10,0.0
08/05/06 06:15,0.1
08/05/06 06:20,0.3
08/05/06 06:25,0.5
08/05/06 06:30,0.7
08/05/06 06:35,0.8
08/05/06 06:40,0.9
08/05/06 06:45,1.1
08/05/06 06:50,1.2
08/05/06 06:55,1.3
08/05/06 07:00,1.4
08/05/06 07:05,1.4
08/05/06 07:10,1.8
08/05/06 07:15,3.1
08/05/06 07:20,4.4
08/05/06 07:25,5.5
08/05/06 07:30,8.1
08/05/06 07:35,9.4
08/05/06 07:40,9.9
08/05/06 07:45,8.5
08/05/06 07:50,7.7
08/05/06 07:55,8.9
08/05/06 08:00,10.2
08/05/06 08:05,11.0
08/05/06 08:10,11.1
08/05/06 08:15,11.1
08/05/06 08:20,11.4
08/05/06 08:25,11.8
08/05/06 08:30,12.3
08/05/06 08:35,13.1
08/05/06 08:40,13.6
08/05/06 08:45,13.9
08/05/06 08:50,14.3
08/05/06 08:55,14.5
08/05/06 09:00,14.7
08/05/06 09:05,15.1
08/05/06 09:10,15.4
08/05/06 09:15,14.2
08/05/06 09:20,14.1
08/05/06 09:25,15.0
08/05/06 09:30,15.5
08/05/06 09:35,16.0
08/05/06 09:40,16.4
08/05/06 09:45,16.6
08/05/06 09:50,16.9
08/05/06 09:55,17.7
08/05/06 10:00,17.8
08/05/06 10:05,17.8
08/05/06 10:10,17.6
08/05/06 10:15,18.9
08/05/06 10:20,20.5
08/05/06 10:25,22.0
08/05/06 10:30,23.1
08/05/06 10:35,23.9
08/05/06 10:40,24.0
08/05/06 10:45,23.9
08/05/06 10:50,23.8
08/05/06 10:55,23.5
08/05/06 11:00,23.4
08/05/06 11:05,23.3
08/05/06 11:10,23.1
08/05/06 11:15,22.2
08/05/06 11:20,21.6
08/05/06 11:25,20.2
08/05/06 11:30,19.4
08/05/06 11:35,21.4
08/05/06 11:40,22.1
08/05/06 11:45,22.1
08/05/06 11:50,22.1
08/05/06 11:55,20.9
08/05/06 12:00,19.9
08/05/06 12:05,19.4
08/05/06 12:10,15.5
08/05/06 12:15,16.0
08/05/06 12:20,16.5
08/05/06 12:25,18.4
08/05/06 12:30,21.0
08/05/06 12:35,22.6
08/05/06 12:40,23.6
08/05/06 12:45,24.1
08/05/06 12:50,24.3
08/05/06 12:55,24.4
08/05/06 13:00,24.3
08/05/06 13:05,23.9
08/05/06 13:10,23.7
08/05/06 13:15,21.9
08/05/06 13:20,20.1
08/05/06 13:25,19.0
08/05/06 13:30,18.1
08/05/06 13:35,17.8
08/05/06 13:40,17.8
08/05/06 13:45,17.8
08/05/06 13:50,17.6
08/05/06 13:55,17.5
08/05/06 14:00,17.8
08/05/06 14:05,18.3
08/05/06 14:10,19.1
08/05/06 14:15,19.8
08/05/06 14:20,19.9
08/05/06 14:25,19.8
08/05/06 14:30,19.5
08/05/06 14:35,19.1
08/05/06 14:40,18.6
08/05/06 14:45,18.0
08/05/06 14:50,18.3
08/05/06 14:55,18.4
08/05/06 15:00,17.7
08/05/06 15:05,17.5
08/05/06 15:10,17.1
08/05/06 15:15,16.6
08/05/06 15:20,15.9
08/05/06 15:25,15.3
08/05/06 15:30,14.7
08/05/06 15:35,14.2
08/05/06 15:40,13.6
08/05/06 15:45,13.1
08/05/06 15:50,12.6
08/05/06 15:55,12.2
08/05/06 16:00,11.7
08/05/06 16:05,11.2
08/05/06 16:10,10.7
08/05/06 16:15,10.3
08/05/06 16:20,10.0
08/05/06 16:25,9.6
08/05/06 16:30,9.1
08/05/06 16:35,8.6
08/05/06 16:40,8.1
08/05/06 16:45,7.6
08/05/06 16:50,7.0
08/05/06 16:55,6.4
08/05/06 17:00,5.9
08/05/06 17:05,5.4
08/05/06 17:10,4.9
08/05/06 17:15,4.5
08/05/06 17:20,4.0
08/05/06 17:25,3.6
08/05/06 17:30,2.7
08/05/06 17:35,1.7
08/05/06 17:40,1.0
08/05/06 17:45,0.5
08/05/06 17:50,0.3
08/05/06 17:55,0.2
08/05/06 18:00,0.1
08/05/06 18:05,0.0
08/05/06 18:10,0.0
08/05/06 18:15,0.0
08/05/06 18:20,0.0
08/05/06 18:25,0.0
08/05/06 18:30,0.0
08/05/06 18:35,0.0
08/05/06 18:40,0.0
08/05/06 18:45,0.0
08/05/06 18:50,0.0
08/05/06 18:55,0.0
08/05/06 19:00,0.0
08/05/06 19:05,0.0
08/05/06 19:10,0.0
08/05/06 19:15,0.0
08/05/06 19:20,0.0
08/05/06 19:25,0.0
08/05/06 19:30,0.0
08/05/06 19:35,0.0
08/05/06 19:40,0.0
08/05/06 19:45,0.0
08/05/06 19:50,0.0
08/05/06 19:55,0.0
08/05/06 20:00,0.0
08/05/06 20:05,0.0
08/05/06 20:10,0.0
08/05/06 20:15,0.0
08/05/06 20:20,0.0
08/05/06 20:25,0.0
08/05/06 20:30,0.0
08/05/06 20:35,0.0
08/05/06 20:40,0.0
08/05/06 20:45,0.0
08/05/06 20:50,0.0
08/05/06 20:55,0.0
08/05/06 21:00,0.0
08/05/06 21:05,0.0
08/05/06 21:10,0.0
08/05/06 21:15,0.0
08/05/06 21:20,0.0
08/05/06 21:25,0.0
08/05/06 21:30,0.0
08/05/06 21:35,0.0
08/05/06 21:40,0.0
08/05/06 21:45,0.0
08/05/06 21:50,0.0
08/05/06 21:55,0.0
08/05/06 22:00,0.0
08/05/06 22:05,0.0
08/05/06 22:10,0.0
08/05/06 22:15,0.0
08/05/06 22:20,0.0
08/05/06 22:25,0.0
08/05/06 22:30,0.0
08/05/06 22:35,0.0
08/05/06 22:40,0.0
08/05/06 22:45,0.0
08/05/06 22:50,0.0
08/05/06 22:55,0.0
08/05/06 23:00,0.0
08/05/06 23:05,0.0
08/05/06 23:10,0.0
08/05/06 23:15,0.0
08/05/06 23:20,0.0
08/05/06 23:25,0.0
08/05/06 23:30,0.0
08/05/06 23:35,0.0
08/05/06 23:40,0.0
08/05/06 23:45,0.0
08/05/06 23:50,0.0
08/05/06 23:55,0.0
08/06/06 00:00,0.0
08/06/06 00:05,0.0
08/06/06 00:10,0.0
08/06/06 00:15,0.0
08/06/06 00:20,0.0
08/06/06 00:25,0.0
08/06/06 00:30,0.0
08/06/06 00:35,0.0
08/06/06 00:40,0.0
08/06/06 00:45,0.0
08/06/06 00:50,0.0
08/06/06 00:55,0.0
08/06/06 01:00,0.0
08/06/06 01:05,0.0
08/06/06 01:10,0.0
08/06/06 01:15,0.0
08/06/06 01:20,0.0
08/06/06 01:25,0.0
08/06/06 01:30,0.0
08/06/06 01:35,0.0
08/06/06 01:40,0.0
08/06/06 01:45,0.0
08/06/06 01:50,0.0
08/06/06 01:55,0.0
08/06/06 02:00,0.0
08/06/06 02:05,0.0
08/06/06 02:10,0.0
08/06/06 02:15,0.0
08/06/06 02:20,0.0
08/06/06 02:25,0.0
08/06/06 02:30,0.0
08/06/06 02:35,0.0
08/06/06 02:40,0.0
08/06/06 02:45,0.0
08/06/06 02:50,0.0
08/06/06 02:55,0.0
08/06/06 03:00,0.0
08/06/06 03:05,0.0
08/06/06 03:10,0.0
08/06/06 03:15,0.0
08/06/06 03:20,0.0
08/06/06 03:25,0.0
08/06/06 03:30,0.0
08/06/06 03:35,0.0
08/06/06 03:40,0.0
08/06/06 03:45,0.0
08/06/06 03:50,0.0
08/06/06 03:55,0.0
08/06/06 04:00,0.0
08/06/06 04:05,0.0
08/06/06 04:10,0.0
08/06/06 04:15,0.0
08/06/06 04:20,0.0
08/06/06 04:25,0.0
08/06/06 04:30,0.0
08/06/06 04:35,0.0
08/06/06 04:40,0.0
08/06/06 04:45,0.0
08/06/06 04:50,0.0
08/06/06 04:55,0.0
08/06/06 05:00,0.0
08/06/06 05:05,0.0
08/06/06 05:10,0.0
08/06/06 05:15,0.0
08/06/06 05:20,0.0
08/06/06 05:25,0.0
08/06/06 05:30,0.0
08/06/06 05:35,0.0
08/06/06 05:40,0.0
08/06/06 05:45,0.0
08/06/06 05:50,0.0
08/06/06 05:55,0.0
08/06/06 06:00,0.1
08/06/06 06:05,0.2
08/06/06 06:10,0.5
08/06/06 06:15,0.9
08/06/06 06:20,1.6
08/06/06 06:25,2.7
08/06/06 06:30,3.7
08/06/06 06:35,4.2
08/06/06 06:40,4.7
08/06/06 06:45,5.2
08/06/06 06:50,5.7
08/06/06 06:55,6.2
08/06/06 07:00,6.8
08/06/06 07:05,7.4
08/06/06 07:10,7.9
08/06/06 07:15,8.4
08/06/06 07:20,8.9
08/06/06 07:25,9.4
08/06/06 07:30,9.9
08/06/06 07:35,10.5
08/06/06 07:40,11.0
08/06/06 07:45,11.5
08/06/06 07:50,12.0
08/06/06 07:55,12.5
08/06/06 08:00,13.0
08/06/06 08:05,13.6
08/06/06 08:10,14.1
08/06/06 08:15,14.7
08/06/06 08:20,15.6
08/06/06 08:25,16.4
08/06/06 08:30,17.2
08/06/06 08:35,17.7
08/06/06 08:40,18.1
08/06/06 08:45,18.5
08/06/06 08:50,18.9
08/06/06 08:55,19.4
08/06/06 09:00,20.0
08/06/06 09:05,20.5
08/06/06 09:10,20.9
08/06/06 09:15,20.8
08/06/06 09:20,20.0
08/06/06 09:25,20.0
08/06/06 09:30,19.4
08/06/06 09:35,18.5
08/06/06 09:40,16.6
08/06/06 09:45,16.1
08/06/06 09:50,17.6
08/06/06 09:55,16.9
08/06/06 10:00,18.3
08/06/06 10:05,18.2
08/06/06 10:10,16.9
08/06/06 10:15,18.4
08/06/06 10:20,19.8
08/06/06 10:25,17.0
08/06/06 10:30,18.5
08/06/06 10:35,16.5
08/06/06 10:40,17.8
08/06/06 10:45,14.7
08/06/06 10:50,15.8
08/06/06 10:55,17.6
08/06/06 11:00,13.8
08/06/06 11:05,10.8
08/06/06 11:10,8.9
08/06/06 11:15,13.5
08/06/06 11:20,18.9
08/06/06 11:25,21.1
08/06/06 11:30,20.8
08/06/06 11:35,22.6
08/06/06 11:40,23.5
08/06/06 11:45,24.0
08/06/06 11:50,24.5
08/06/06 11:55,25.3
08/06/06 12:00,25.8
08/06/06 12:05,26.1
08/06/06 12:10,26.5
08/06/06 12:15,26.6
08/06/06 12:20,26.3
08/06/06 12:25,26.0
08/06/06 12:30,25.6
08/06/06 12:35,25.3
08/06/06 12:40,25.0
08/06/06 12:45,24.7
08/06/06 12:50,24.4
08/06/06 12:55,24.0
08/06/06 13:00,23.6
08/06/06 13:05,23.3
08/06/06 13:10,23.0
08/06/06 13:15,22.4
08/06/06 13:20,22.1
08/06/06 13:25,22.2
08/06/06 13:30,22.4
08/06/06 13:35,22.7
08/06/06 13:40,23.0
08/06/06 13:45,23.2
08/06/06 13:50,23.3
08/06/06 13:55,23.3
08/06/06 14:00,23.3
08/06/06 14:05,23.2
08/06/06 14:10,23.1
08/06/06 14:15,22.6
08/06/06 14:20,21.7
08/06/06 14:25,19.1
08/06/06 14:30,18.0
08/06/06 14:35,18.1
08/06/06 14:40,17.7
08/06/06 14:45,17.6
08/06/06 14:50,17.2
08/06/06 14:55,17.4
08/06/06 15:00,17.1
08/06/06 15:05,16.7
08/06/06 15:10,15.9
08/06/06 15:15,16.0
08/06/06 15:20,15.9
08/06/06 15:25,15.7
08/06/06 15:30,15.5
08/06/06 15:35,15.0
08/06/06 15:40,13.9
08/06/06 15:45,12.4
08/06/06 15:50,12.1
08/06/06 15:55,11.8
08/06/06 16:00,11.5
08/06/06 16:05,11.4
08/06/06 16:10,11.4
08/06/06 16:15,10.8
08/06/06 16:20,10.3
08/06/06 16:25,9.7
08/06/06 16:30,9.2
08/06/06 16:35,8.7
08/06/06 16:40,8.2
08/06/06 16:45,7.8
08/06/06 16:50,7.3
08/06/06 16:55,6.9
08/06/06 17:00,6.5
08/06/06 17:05,6.0
08/06/06 17:10,5.6
08/06/06 17:15,5.1
08/06/06 17:20,4.5
08/06/06 17:25,4.0
08/06/06 17:30,3.6
08/06/06 17:35,2.3
08/06/06 17:40,1.3
08/06/06 17:45,0.7
08/06/06 17:50,0.4
08/06/06 17:55,0.2
08/06/06 18:00,0.1
08/06/06 18:05,0.0
08/06/06 18:10,0.0
08/06/06 18:15,0.0
08/06/06 18:20,0.0
08/06/06 18:25,0.0
08/06/06 18:30,0.0
08/06/06 18:35,0.0
08/06/06 18:40,0.0
08/06/06 18:45,0.0
08/06/06 18:50,0.0
08/06/06 18:55,0.0
08/06/06 19:00,0.0
08/06/06 19:05,0.0
08/06/06 19:10,0.0
08/06/06 19:15,0.0
08/06/06 19:20,0.0
08/06/06 19:25,0.0
08/06/06 19:30,0.0
08/06/06 19:35,0.0
08/06/06 19:40,0.0
08/06/06 19:45,0.0
08/06/06 19:50,0.0
08/06/06 19:55,0.0
08/06/06 20:00,0.0
08/06/06 20:05,0.0
08/06/06 20:10,0.0
08/06/06 20:15,0.0
08/06/06 20:20,0.0
08/06/06 20:25,0.0
08/06/06 20:30,0.0
08/06/06 20:35,0.0
08/06/06 20:40,0.0
08/06/06 20:45,0.0
08/06/06 20:50,0.0
08/06/06 20:55,0.0
08/06/06 21:00,0.0
08/06/06 21:05,0.0
08/06/06 21:10,0.0
08/06/06 21:15,0.0
08/06/06 21:20,0.0
08/06/06 21:25,0.0
08/06/06 21:30,0.0
08/06/06 21:35,0.0
08/06/06 21:40,0.0
08/06/06 21:45,0.0
08/06/06 21:50,0.0
08/06/06 21:55,0.0
08/06/06 22:00,0.0
08/06/06 22:05,0.0
08/06/06 22:10,0.0
08/06/06 22:15,0.0
08/06/06 22:20,0.0
08/06/06 22:25,0.0
08/06/06 22:30,0.0
08/06/06 22:35,0.0
08/06/06 22:40,0.0
08/06/06 22:45,0.0
08/06/06 22:50,0.0
08/06/06 22:55,0.0
08/06/06 23:00,0.0
08/06/06 23:05,0.0
08/06/06 23:10,0.0
08/06/06 23:15,0.0
08/06/06 23:20,0.0
08/06/06 23:25,0.0
08/06/06 23:30,0.0
08/06/06 23:35,0.0
08/06/06 23:40,0.0
08/06/06 23:45,0.0
08/06/06 23:50,0.0
08/06/06 23:55,0.0
08/07/06 00:00,0.0
08/07/06 00:05,0.0
08/07/06 00:10,0.0
08/07/06 00:15,0.0
08/07/06 00:20,0.0
08/07/06 00:25,0.0
08/07/06 00:30,0.0
08/07/06 00:35,0.0
08/07/06 00:40,0.0
08/07/06 00:45,0.0
08/07/06 00:50,0.0
08/07/06 00:55,0.0
08/07/06 01:00,0.0
08/07/06 01:05,0.0
08/07/06 01:10,0.0
08/07/06 01:15,0.0
08/07/06 01:20,0.0
08/07/06 01:25,0.0
08/07/06 01:30,0.0
08/07/06 01:35,0.0
08/07/06 01:40,0.0
08/07/06 01:45,0.0
08/07/06 01:50,0.0
08/07/06 01:55,0.0
08/07/06 02:00,0.0
08/07/06 02:05,0.0
08/07/06 02:10,0.0
08/07/06 02:15,0.0
08/07/06 02:20,0.0
08/07/06 02:25,0.0
08/07/06 02:30,0.0
08/07/06 02:35,0.0
08/07/06 02:40,0.0
08/07/06 02:45,0.0
08/07/06 02:50,0.0
08/07/06 02:55,0.0
08/07/06 03:00,0.0
08/07/06 03:05,0.0
08/07/06 03:10,0.0
08/07/06 03:15,0.0
08/07/06 03:20,0.0
08/07/06 03:25,0.0
08/07/06 03:30,0.0
08/07/06 03:35,0.0
08/07/06 03:40,0.0
08/07/06 03:45,0.0
08/07/06 03:50,0.0
08/07/06 03:55,0.0
08/07/06 04:00,0.0
08/07/06 04:05,0.0
08/07/06 04:10,0.0
08/07/06 04:15,0.0
08/07/06 04:20,0.0
08/07/06 04:25,0.0
08/07/06 04:30,0.0
08/07/06 04:35,0.0
08/07/06 04:40,0.0
08/07/06 04:45,0.0
08/07/06 04:50,0.0
08/07/06 04:55,0.0
08/07/06 05:00,0.0
08/07/06 05:05,0.0
08/07/06 05:10,0.0
08/07/06 05:15,0.0
08/07/06 05:20,0.0
08/07/06 05:25,0.0
08/07/06 05:30,0.0
08/07/06 05:35,0.0
08/07/06 05:40,0.0
08/07/06 05:45,0.0
08/07/06 05:50,0.1
08/07/06 05:55,0.1
08/07/06 06:00,0.2
08/07/06 06:05,0.4
08/07/06 06:10,0.6
08/07/06 06:15,1.0
08/07/06 06:20,1.7
08/07/06 06:25,2.5
08/07/06 06:30,3.5
08/07/06 06:35,4.0
08/07/06 06:40,4.4
08/07/06 06:45,4.8
08/07/06 06:50,5.3
08/07/06 06:55,5.7
08/07/06 07:00,6.2
08/07/06 07:05,6.8
08/07/06 07:10,7.3
08/07/06 07:15,7.9
08/07/06 07:20,8.4
08/07/06 07:25,9.0
08/07/06 07:30,9.7
08/07/06 07:35,10.3
08/07/06 07:40,10.9
08/07/06 07:45,11.4
08/07/06 07:50,12.0
08/07/06 07:55,12.5
08/07/06 08:00,13.0
08/07/06 08:05,13.6
08/07/06 08:10,14.1
08/07/06 08:15,14.7
08/07/06 08:20,15.3
08/07/06 08:25,15.9
08/07/06 08:30,16.5
08/07/06 08:35,17.0
08/07/06 08:40,17.3
08/07/06 08:45,17.6
08/07/06 08:50,18.0
08/07/06 08:55,18.3
08/07/06 09:00,18.8
08/07/06 09:05,19.2
08/07/06 09:10,19.6
08/07/06 09:15,20.0
08/07/06 09:20,19.9
08/07/06 09:25,19.8
08/07/06 09:30,19.7
08/07/06 09:35,19.7
08/07/06 09:40,20.0
08/07/06 09:45,21.4
08/07/06 09:50,21.9
08/07/06 09:55,20.2
08/07/06 10:00,20.4
08/07/06 10:05,20.4
08/07/06 10:10,18.9
08/07/06 10:15,19.0
08/07/06 10:20,20.8
08/07/06 10:25,21.8
08/07/06 10:30,22.6
08/07/06 10:35,23.1
08/07/06 10:40,23.4
08/07/06 10:45,23.6
08/07/06 10:50,23.8
08/07/06 10:55,24.1
08/07/06 11:00,24.4
08/07/06 11:05,24.7
08/07/06 11:10,24.8
08/07/06 11:15,24.6
08/07/06 11:20,20.4
08/07/06 11:25,16.7
08/07/06 11:30,16.4
08/07/06 11:35,18.2
08/07/06 11:40,21.1
08/07/06 11:45,24.4
08/07/06 11:50,25.2
08/07/06 11:55,27.2
08/07/06 12:00,26.9
08/07/06 12:05,21.4
08/07/06 12:10,21.2
08/07/06 12:15,22.6
08/07/06 12:20,23.6
08/07/06 12:25,24.1
08/07/06 12:30,24.4
08/07/06 12:35,25.0
08/07/06 12:40,25.7
08/07/06 12:45,26.2
08/07/06 12:50,26.4
08/07/06 12:55,26.4
08/07/06 13:00,26.2
08/07/06 13:05,25.9
08/07/06 13:10,25.3
08/07/06 13:15,24.8
08/07/06 13:20,23.9
08/07/06 13:25,23.0
08/07/06 13:30,23.6
08/07/06 13:35,25.1
08/07/06 13:40,23.4
08/07/06 13:45,19.2
08/07/06 13:50,17.2
08/07/06 13:55,13.3
08/07/06 14:00,10.2
08/07/06 14:05,11.0
08/07/06 14:10,12.6
08/07/06 14:15,14.3
08/07/06 14:20,15.5
08/07/06 14:25,17.0
08/07/06 14:30,15.4
08/07/06 14:35,14.4
08/07/06 14:40,14.6
08/07/06 14:45,15.7
08/07/06 14:50,16.1
08/07/06 14:55,13.6
08/07/06 15:00,13.6
08/07/06 15:05,15.4
08/07/06 15:10,16.3
08/07/06 15:15,15.4
08/07/06 15:20,14.0
08/07/06 15:25,12.9
08/07/06 15:30,11.7
08/07/06 15:35,10.5
08/07/06 15:40,9.6
08/07/06 15:45,8.9
08/07/06 15:50,8.4
08/07/06 15:55,7.8
08/07/06 16:00,7.2
08/07/06 16:05,6.5
08/07/06 16:10,5.9
08/07/06 16:15,5.5
08/07/06 16:20,5.4
08/07/06 16:25,5.3
08/07/06 16:30,5.4
08/07/06 16:35,5.5
08/07/06 16:40,5.5
08/07/06 16:45,5.5
08/07/06 16:50,5.5
08/07/06 16:55,5.5
08/07/06 17:00,5.3
08/07/06 17:05,5.1
08/07/06 17:10,4.8
08/07/06 17:15,4.5
08/07/06 17:20,4.1
08/07/06 17:25,3.6
08/07/06 17:30,2.5
08/07/06 17:35,1.4
08/07/06 17:40,0.7
08/07/06 17:45,0.3
08/07/06 17:50,0.1
08/07/06 17:55,0.0
08/07/06 18:00,0.0
08/07/06 18:05,0.0
08/07/06 18:10,0.0
08/07/06 18:15,0.0
08/07/06 18:20,0.0
08/07/06 18:25,0.0
08/07/06 18:30,0.0
08/07/06 18:35,0.0
08/07/06 18:40,0.0
08/07/06 18:45,0.0
08/07/06 18:50,0.0
08/07/06 18:55,0.0
08/07/06 19:00,0.0
08/07/06 19:05,0.0
08/07/06 19:10,0.0
08/07/06 19:15,0.0
08/07/06 19:20,0.0
08/07/06 19:25,0.0
08/07/06 19:30,0.0
08/07/06 19:35,0.0
08/07/06 19:40,0.0
08/07/06 19:45,0.0
08/07/06 19:50,0.0
08/07/06 19:55,0.0
08/07/06 20:00,0.0
08/07/06 20:05,0.0
08/07/06 20:10,0.0
08/07/06 20:15,0.0
08/07/06 20:20,0.0
08/07/06 20:25,0.0
08/07/06 20:30,0.0
08/07/06 20:35,0.0
08/07/06 20:40,0.0
08/07/06 20:45,0.0
08/07/06 20:50,0.0
08/07/06 20:55,0.0
08/07/06 21:00,0.0
08/07/06 21:05,0.0
08/07/06 21:10,0.0
08/07/06 21:15,0.0
08/07/06 21:20,0.0
08/07/06 21:25,0.0
08/07/06 21:30,0.0
08/07/06 21:35,0.0
08/07/06 21:40,0.0
08/07/06 21:45,0.0
08/07/06 21:50,0.0
08/07/06 21:55,0.0
08/07/06 22:00,0.0
08/07/06 22:05,0.0
08/07/06 22:10,0.0
08/07/06 22:15,0.0
08/07/06 22:20,0.0
08/07/06 22:25,0.0
08/07/06 22:30,0.0
08/07/06 22:35,0.0
08/07/06 22:40,0.0
08/07/06 22:45,0.0
08/07/06 22:50,0.0
08/07/06 22:55,0.0
08/07/06 23:00,0.0
08/07/06 23:05,0.0
08/07/06 23:10,0.0
08/07/06 23:15,0.0
08/07/06 23:20,0.0
08/07/06 23:25,0.0
08/07/06 23:30,0.0
08/07/06 23:35,0.0
08/07/06 23:40,0.0
08/07/06 23:45,0.0
08/07/06 23:50,0.0
08/07/06 23:55,0.0
08/08/06 00:00,0.0
08/08/06 00:05,0.0
08/08/06 00:10,0.0
08/08/06 00:15,0.0
08/08/06 00:20,0.0
08/08/06 00:25,0.0
08/08/06 00:30,0.0
08/08/06 00:35,0.0
08/08/06 00:40,0.0
08/08/06 00:45,0.0
08/08/06 00:50,0.0
08/08/06 00:55,0.0
08/08/06 01:00,0.0
08/08/06 01:05,0.0
08/08/06 01:10,0.0
08/08/06 01:15,0.0
08/08/06 01:20,0.0
08/08/06 01:25,0.0
08/08/06 01:30,0.0
08/08/06 01:35,0.0
08/08/06 01:40,0.0
08/08/06 01:45,0.0
08/08/06 01:50,0.0
08/08/06 01:55,0.0
08/08/06 02:00,0.0
08/08/06 02:05,0.0
08/08/06 02:10,0.0
08/08/06 02:15,0.0
08/08/06 02:20,0.0
08/08/06 02:25,0.0
08/08/06 02:30,0.0
08/08/06 02:35,0.0
08/08/06 02:40,0.0
08/08/06 02:45,0.0
08/08/06 02:50,0.0
08/08/06 02:55,0.0
08/08/06 03:00,0.0
08/08/06 03:05,0.0
08/08/06 03:10,0.0
08/08/06 03:15,0.0
08/08/06 03:20,0.0
08/08/06 03:25,0.0
08/08/06 03:30,0.0
08/08/06 03:35,0.0
08/08/06 03:40,0.0
08/08/06 03:45,0.0
08/08/06 03:50,0.0
08/08/06 03:55,0.0
08/08/06 04:00,0.0
08/08/06 04:05,0.0
08/08/06 04:10,0.0
08/08/06 04:15,0.0
08/08/06 04:20,0.0
08/08/06 04:25,0.0
08/08/06 04:30,0.0
08/08/06 04:35,0.0
08/08/06 04:40,0.0
08/08/06 04:45,0.0
08/08/06 04:50,0.0
08/08/06 04:55,0.0
08/08/06 05:00,0.0
08/08/06 05:05,0.0
08/08/06 05:10,0.0
08/08/06 05:15,0.0
08/08/06 05:20,0.0
08/08/06 05:25,0.0
08/08/06 05:30,0.0
08/08/06 05:35,0.0
08/08/06 05:40,0.0
08/08/06 05:45,0.0
08/08/06 05:50,0.0
08/08/06 05:55,0.0
08/08/06 06:00,0.0
08/08/06 06:05,0.1
08/08/06 06:10,0.2
08/08/06 06:15,0.5
08/08/06 06:20,0.9
08/08/06 06:25,1.6
08/08/06 06:30,2.4
08/08/06 06:35,3.5
08/08/06 06:40,3.9
08/08/06 06:45,4.3
08/08/06 06:50,4.6
08/08/06 06:55,4.8
08/08/06 07:00,4.9
08/08/06 07:05,4.9
08/08/06 07:10,5.0
08/08/06 07:15,5.7
08/08/06 07:20,6.7
08/08/06 07:25,7.7
08/08/06 07:30,8.5
08/08/06 07:35,9.2
08/08/06 07:40,9.9
08/08/06 07:45,10.4
08/08/06 07:50,10.9
08/08/06 07:55,11.4
08/08/06 08:00,12.0
08/08/06 08:05,12.7
08/08/06 08:10,13.3
08/08/06 08:15,14.0
08/08/06 08:20,14.7
08/08/06 08:25,15.3
08/08/06 08:30,16.0
08/08/06 08:35,16.5
08/08/06 08:40,16.9
08/08/06 08:45,17.2
08/08/06 08:50,17.6
08/08/06 08:55,18.0
08/08/06 09:00,18.5
08/08/06 09:05,18.9
08/08/06 09:10,19.3
08/08/06 09:15,19.6
08/08/06 09:20,19.9
08/08/06 09:25,20.1
08/08/06 09:30,20.3
08/08/06 09:35,20.6
08/08/06 09:40,20.7
08/08/06 09:45,20.9
08/08/06 09:50,21.0
08/08/06 09:55,21.2
08/08/06 10:00,21.4
08/08/06 10:05,21.5
08/08/06 10:10,21.7
08/08/06 10:15,22.1
08/08/06 10:20,22.8
08/08/06 10:25,23.2
08/08/06 10:30,23.4
08/08/06 10:35,23.9
08/08/06 10:40,24.2
08/08/06 10:45,24.3
08/08/06 10:50,24.4
08/08/06 10:55,24.5
08/08/06 11:00,23.9
08/08/06 11:05,23.6
08/08/06 11:10,23.4
08/08/06 11:15,23.4
08/08/06 11:20,22.9
08/08/06 11:25,22.1
08/08/06 11:30,22.7
08/08/06 11:35,21.7
08/08/06 11:40,21.2
08/08/06 11:45,20.7
08/08/06 11:50,20.0
08/08/06 11:55,19.9
08/08/06 12:00,19.9
08/08/06 12:05,16.7
08/08/06 12:10,18.9
08/08/06 12:15,19.2
08/08/06 12:20,18.5
08/08/06 12:25,18.1
08/08/06 12:30,18.6
08/08/06 12:35,20.9
08/08/06 12:40,22.5
08/08/06 12:45,23.5
08/08/06 12:50,23.7
08/08/06 12:55,23.3
08/08/06 13:00,23.4
08/08/06 13:05,23.4
08/08/06 13:10,23.5
08/08/06 13:15,23.6
08/08/06 13:20,23.0
08/08/06 13:25,22.7
08/08/06 13:30,22.6
08/08/06 13:35,21.8
08/08/06 13:40,21.9
08/08/06 13:45,21.5
08/08/06 13:50,21.1
08/08/06 13:55,20.8
08/08/06 14:00,20.9
08/08/06 14:05,20.3
08/08/06 14:10,17.4
08/08/06 14:15,15.7
08/08/06 14:20,10.9
08/08/06 14:25,10.1
08/08/06 14:30,13.9
08/08/06 14:35,15.7
08/08/06 14:40,14.7
08/08/06 14:45,13.5
08/08/06 14:50,9.9
08/08/06 14:55,11.6
08/08/06 15:00,10.9
08/08/06 15:05,12.0
08/08/06 15:10,12.4
08/08/06 15:15,12.7
08/08/06 15:20,13.4
08/08/06 15:25,13.2
08/08/06 15:30,12.6
08/08/06 15:35,11.7
08/08/06 15:40,10.7
08/08/06 15:45,9.6
08/08/06 15:50,8.5
08/08/06 15:55,7.3
08/08/06 16:00,6.2
08/08/06 16:05,5.1
08/08/06 16:10,4.2
08/08/06 16:15,2.7
08/08/06 16:20,1.3
08/08/06 16:25,0.9
08/08/06 16:30,0.8
08/08/06 16:35,0.7
08/08/06 16:40,0.6
08/08/06 16:45,0.6
08/08/06 16:50,0.5
08/08/06 16:55,0.5
08/08/06 17:00,0.5
08/08/06 17:05,0.5
08/08/06 17:10,0.4
08/08/06 17:15,0.4
08/08/06 17:20,0.3
08/08/06 17:25,0.2
08/08/06 17:30,0.2
08/08/06 17:35,0.1
08/08/06 17:40,0.1
08/08/06 17:45,0.1
08/08/06 17:50,0.0
08/08/06 17:55,0.0
08/08/06 18:00,0.0
08/08/06 18:05,0.0
08/08/06 18:10,0.0
08/08/06 18:15,0.0
08/08/06 18:20,0.0
08/08/06 18:25,0.0
08/08/06 18:30,0.0
08/08/06 18:35,0.0
08/08/06 18:40,0.0
08/08/06 18:45,0.0
08/08/06 18:50,0.0
08/08/06 18:55,0.0
08/08/06 19:00,0.0
08/08/06 19:05,0.0
08/08/06 19:10,0.0
08/08/06 19:15,0.0
08/08/06 19:20,0.0
08/08/06 19:25,0.0
08/08/06 19:30,0.0
08/08/06 19:35,0.0
08/08/06 19:40,0.0
08/08/06 19:45,0.0
08/08/06 19:50,0.0
08/08/06 19:55,0.0
08/08/06 20:00,0.0
08/08/06 20:05,0.0
08/08/06 20:10,0.0
08/08/06 20:15,0.0
08/08/06 20:20,0.0
08/08/06 20:25,0.0
08/08/06 20:30,0.0
08/08/06 20:35,0.0
08/08/06 20:40,0.0
08/08/06 20:45,0.0
08/08/06 20:50,0.0
08/08/06 20:55,0.0
08/08/06 21:00,0.0
08/08/06 21:05,0.0
08/08/06 21:10,0.0
08/08/06 21:15,0.0
08/08/06 21:20,0.0
08/08/06 21:25,0.0
08/08/06 21:30,0.0
08/08/06 21:35,0.0
08/08/06 21:40,0.0
08/08/06 21:45,0.0
08/08/06 21:50,0.0
08/08/06 21:55,0.0
08/08/06 22:00,0.0
08/08/06 22:05,0.0
08/08/06 22:10,0.0
08/08/06 22:15,0.0
08/08/06 22:20,0.0
08/08/06 22:25,0.0
08/08/06 22:30,0.0
08/08/06 22:35,0.0
08/08/06 22:40,0.0
08/08/06 22:45,0.0
08/08/06 22:50,0.0
08/08/06 22:55,0.0
08/08/06 23:00,0.0
08/08/06 23:05,0.0
08/08/06 23:10,0.0
08/08/06 23:15,0.0
08/08/06 23:20,0.0
08/08/06 23:25,0.0
08/08/06 23:30,0.0
08/08/06 23:35,0.0
08/08/06 23:40,0.0
08/08/06 23:45,0.0
08/08/06 23:50,0.0
08/08/06 23:55,0.0
08/09/06 00:00,0.0
08/09/06 00:05,0.0
08/09/06 00:10,0.0
08/09/06 00:15,0.0
08/09/06 00:20,0.0
08/09/06 00:25,0.0
08/09/06 00:30,0.0
08/09/06 00:35,0.0
08/09/06 00:40,0.0
08/09/06 00:45,0.0
08/09/06 00:50,0.0
08/09/06 00:55,0.0
08/09/06 01:00,0.0
08/09/06 01:05,0.0
08/09/06 01:10,0.0
08/09/06 01:15,0.0
08/09/06 01:20,0.0
08/09/06 01:25,0.0
08/09/06 01:30,0.0
08/09/06 01:35,0.0
08/09/06 01:40,0.0
08/09/06 01:45,0.0
08/09/06 01:50,0.0
08/09/06 01:55,0.0
08/09/06 02:00,0.0
08/09/06 02:05,0.0
08/09/06 02:10,0.0
08/09/06 02:15,0.0
08/09/06 02:20,0.0
08/09/06 02:25,0.0
08/09/06 02:30,0.0
08/09/06 02:35,0.0
08/09/06 02:40,0.0
08/09/06 02:45,0.0
08/09/06 02:50,0.0
08/09/06 02:55,0.0
08/09/06 03:00,0.0
08/09/06 03:05,0.0
08/09/06 03:10,0.0
08/09/06 03:15,0.0
08/09/06 03:20,0.0
08/09/06 03:25,0.0
08/09/06 03:30,0.0
08/09/06 03:35,0.0
08/09/06 03:40,0.0
08/09/06 03:45,0.0
08/09/06 03:50,0.0
08/09/06 03:55,0.0
08/09/06 04:00,0.0
08/09/06 04:05,0.0
08/09/06 04:10,0.0
08/09/06 04:15,0.0
08/09/06 04:20,0.0
08/09/06 04:25,0.0
08/09/06 04:30,0.0
08/09/06 04:35,0.0
08/09/06 04:40,0.0
08/09/06 04:45,0.0
08/09/06 04:50,0.0
08/09/06 04:55,0.0
08/09/06 05:00,0.0
08/09/06 05:05,0.0
08/09/06 05:10,0.0
08/09/06 05:15,0.0
08/09/06 05:20,0.0
08/09/06 05:25,0.0
08/09/06 05:30,0.0
08/09/06 05:35,0.0
08/09/06 05:40,0.0
08/09/06 05:45,0.0
08/09/06 05:50,0.0
08/09/06 05:55,0.1
08/09/06 06:00,0.2
08/09/06 06:05,0.3
08/09/06 06:10,0.5
08/09/06 06:15,0.9
08/09/06 06:20,1.4
08/09/06 06:25,2.1
08/09/06 06:30,3.4
08/09/06 06:35,3.8
08/09/06 06:40,4.1
08/09/06 06:45,4.3
08/09/06 06:50,4.5
08/09/06 06:55,4.8
08/09/06 07:00,5.6
08/09/06 07:05,6.1
08/09/06 07:10,6.5
08/09/06 07:15,6.8
08/09/06 07:20,7.1
08/09/06 07:25,7.6
08/09/06 07:30,8.0
08/09/06 07:35,8.7
08/09/06 07:40,8.6
08/09/06 07:45,8.9
08/09/06 07:50,10.2
08/09/06 07:55,11.6
08/09/06 08:00,12.3
08/09/06 08:05,12.1
08/09/06 08:10,11.9
08/09/06 08:15,12.4
08/09/06 08:20,12.7
08/09/06 08:25,12.2
08/09/06 08:30,11.7
08/09/06 08:35,13.1
08/09/06 08:40,13.5
08/09/06 08:45,14.0
08/09/06 08:50,14.7
08/09/06 08:55,14.4
08/09/06 09:00,12.2
08/09/06 09:05,11.3
08/09/06 09:10,12.0
08/09/06 09:15,13.7
08/09/06 09:20,15.4
08/09/06 09:25,16.4
08/09/06 09:30,17.0
08/09/06 09:35,17.6
08/09/06 09:40,18.3
08/09/06 09:45,18.6
08/09/06 09:50,18.5
08/09/06 09:55,18.3
08/09/06 10:00,17.6
08/09/06 10:05,16.3
08/09/06 10:10,15.5
08/09/06 10:15,16.4
08/09/06 10:20,18.3
08/09/06 10:25,19.4
08/09/06 10:30,16.9
08/09/06 10:35,18.2
08/09/06 10:40,18.2
08/09/06 10:45,18.6
08/09/06 10:50,19.5
08/09/06 10:55,20.7
08/09/06 11:00,21.2
08/09/06 11:05,20.6
08/09/06 11:10,20.9
08/09/06 11:15,21.2
08/09/06 11:20,20.7
08/09/06 11:25,21.4
08/09/06 11:30,19.3
08/09/06 11:35,19.2
08/09/06 11:40,20.7
08/09/06 11:45,22.4
08/09/06 11:50,21.6
08/09/06 11:55,20.3
08/09/06 12:00,20.6
08/09/06 12:05,18.0
08/09/06 12:10,17.6
08/09/06 12:15,20.3
08/09/06 12:20,21.9
08/09/06 12:25,22.7
08/09/06 12:30,23.0
08/09/06 12:35,23.2
08/09/06 12:40,23.3
08/09/06 12:45,23.2
08/09/06 12:50,23.1
08/09/06 12:55,23.1
08/09/06 13:00,23.2
08/09/06 13:05,23.1
08/09/06 13:10,22.9
08/09/06 13:15,22.8
08/09/06 13:20,22.4
08/09/06 13:25,21.4
08/09/06 13:30,20.2
08/09/06 13:35,18.9
08/09/06 13:40,17.3
08/09/06 13:45,15.4
08/09/06 13:50,13.6
08/09/06 13:55,11.8
08/09/06 14:00,10.1
08/09/06 14:05,8.4
08/09/06 14:10,6.6
08/09/06 14:15,5.4
08/09/06 14:20,4.8
08/09/06 14:25,4.4
08/09/06 14:30,3.9
08/09/06 14:35,3.6
08/09/06 14:40,3.0
08/09/06 14:45,2.5
08/09/06 14:50,2.7
08/09/06 14:55,2.9
08/09/06 15:00,2.6
08/09/06 15:05,2.1
08/09/06 15:10,1.8
08/09/06 15:15,1.4
08/09/06 15:20,1.1
08/09/06 15:25,1.0
08/09/06 15:30,0.9
08/09/06 15:35,0.8
08/09/06 15:40,0.7
08/09/06 15:45,0.8
08/09/06 15:50,0.8
08/09/06 15:55,0.9
08/09/06 16:00,0.9
08/09/06 16:05,0.8
08/09/06 16:10,0.9
08/09/06 16:15,0.7
08/09/06 16:20,0.4
08/09/06 16:25,0.3
08/09/06 16:30,0.4
08/09/06 16:35,0.5
08/09/06 16:40,0.4
08/09/06 16:45,0.4
08/09/06 16:50,0.3
08/09/06 16:55,0.2
08/09/06 17:00,0.2
08/09/06 17:05,0.2
08/09/06 17:10,0.1
08/09/06 17:15,0.1
08/09/06 17:20,0.0
08/09/06 17:25,0.0
08/09/06 17:30,0.0
08/09/06 17:35,0.0
08/09/06 17:40,0.0
08/09/06 17:45,0.0
08/09/06 17:50,0.0
08/09/06 17:55,0.0
08/09/06 18:00,0.0
08/09/06 18:05,0.0
08/09/06 18:10,0.0
08/09/06 18:15,0.0
08/09/06 18:20,0.0
08/09/06 18:25,0.0
08/09/06 18:30,0.0
08/09/06 18:35,0.0
08/09/06 18:40,0.0
08/09/06 18:45,0.0
08/09/06 18:50,0.0
08/09/06 18:55,0.0
08/09/06 19:00,0.0
08/09/06 19:05,0.0
08/09/06 19:10,0.0
08/09/06 19:15,0.0
08/09/06 19:20,0.0
08/09/06 19:25,0.0
08/09/06 19:30,0.0
08/09/06 19:35,0.0
08/09/06 19:40,0.0
08/09/06 19:45,0.0
08/09/06 19:50,0.0
08/09/06 19:55,0.0
08/09/06 20:00,0.0
08/09/06 20:05,0.0
08/09/06 20:10,0.0
08/09/06 20:15,0.0
08/09/06 20:20,0.0
08/09/06 20:25,0.0
08/09/06 20:30,0.0
08/09/06 20:35,0.0
08/09/06 20:40,0.0
08/09/06 20:45,0.0
08/09/06 20:50,0.0
08/09/06 20:55,0.0
08/09/06 21:00,0.0
08/09/06 21:05,0.0
08/09/06 21:10,0.0
08/09/06 21:15,0.0
08/09/06 21:20,0.0
08/09/06 21:25,0.0
08/09/06 21:30,0.0
08/09/06 21:35,0.0
08/09/06 21:40,0.0
08/09/06 21:45,0.0
08/09/06 21:50,0.0
08/09/06 21:55,0.0
08/09/06 22:00,0.0
08/09/06 22:05,0.0
08/09/06 22:10,0.0
08/09/06 22:15,0.0
08/09/06 22:20,0.0
08/09/06 22:25,0.0
08/09/06 22:30,0.0
08/09/06 22:35,0.0
08/09/06 22:40,0.0
08/09/06 22:45,0.0
08/09/06 22:50,0.0
08/09/06 22:55,0.0
08/09/06 23:00,0.0
08/09/06 23:05,0.0
08/09/06 23:10,0.0
08/09/06 23:15,0.0
08/09/06 23:20,0.0
08/09/06 23:25,0.0
08/09/06 23:30,0.0
08/09/06 23:35,0.0
08/09/06 23:40,0.0
08/09/06 23:45,0.0
08/09/06 23:50,0.0
08/09/06 23:55,0.0
08/10/06 00:00,0.0
08/10/06 00:05,0.0
08/10/06 00:10,0.0
08/10/06 00:15,0.0
08/10/06 00:20,0.0
08/10/06 00:25,0.0
08/10/06 00:30,0.0
08/10/06 00:35,0.0
08/10/06 00:40,0.0
08/10/06 00:45,0.0
08/10/06 00:50,0.0
08/10/06 00:55,0.0
08/10/06 01:00,0.0
08/10/06 01:05,0.0
08/10/06 01:10,0.0
08/10/06 01:15,0.0
08/10/06 01:20,0.0
08/10/06 01:25,0.0
08/10/06 01:30,0.0
08/10/06 01:35,0.0
08/10/06 01:40,0.0
08/10/06 01:45,0.0
08/10/06 01:50,0.0
08/10/06 01:55,0.0
08/10/06 02:00,0.0
08/10/06 02:05,0.0
08/10/06 02:10,0.0
08/10/06 02:15,0.0
08/10/06 02:20,0.0
08/10/06 02:25,0.0
08/10/06 02:30,0.0
08/10/06 02:35,0.0
08/10/06 02:40,0.0
08/10/06 02:45,0.0
08/10/06 02:50,0.0
08/10/06 02:55,0.0
08/10/06 03:00,0.0
08/10/06 03:05,0.0
08/10/06 03:10,0.0
08/10/06 03:15,0.0
08/10/06 03:20,0.0
08/10/06 03:25,0.0
08/10/06 03:30,0.0
08/10/06 03:35,0.0
08/10/06 03:40,0.0
08/10/06 03:45,0.0
08/10/06 03:50,0.0
08/10/06 03:55,0.0
08/10/06 04:00,0.0
08/10/06 04:05,0.0
08/10/06 04:10,0.0
08/10/06 04:15,0.0
08/10/06 04:20,0.0
08/10/06 04:25,0.0
08/10/06 04:30,0.0
08/10/06 04:35,0.0
08/10/06 04:40,0.0
08/10/06 04:45,0.0
08/10/06 04:50,0.0
08/10/06 04:55,0.0
08/10/06 05:00,0.0
08/10/06 05:05,0.0
08/10/06 05:10,0.0
08/10/06 05:15,0.0
08/10/06 05:20,0.0
08/10/06 05:25,0.0
08/10/06 05:30,0.0
08/10/06 05:35,0.0
08/10/06 05:40,0.0
08/10/06 05:45,0.0
08/10/06 05:50,0.0
08/10/06 05:55,0.0
08/10/06 06:00,0.1
08/10/06 06:05,0.2
08/10/06 06:10,0.5
08/10/06 06:15,0.8
08/10/06 06:20,1.3
08/10/06 06:25,2.0
08/10/06 06:30,3.1
08/10/06 06:35,3.7
08/10/06 06:40,4.2
08/10/06 06:45,4.7
08/10/06 06:50,5.2
08/10/06 06:55,5.8
08/10/06 07:00,6.3
08/10/06 07:05,6.8
08/10/06 07:10,7.2
08/10/06 07:15,7.6
08/10/06 07:20,8.0
08/10/06 07:25,8.5
08/10/06 07:30,9.0
08/10/06 07:35,9.8
08/10/06 07:40,10.6
08/10/06 07:45,11.3
08/10/06 07:50,11.5
08/10/06 07:55,12.3
08/10/06 08:00,13.1
08/10/06 08:05,13.7
08/10/06 08:10,14.2
08/10/06 08:15,14.7
08/10/06 08:20,15.2
08/10/06 08:25,15.6
08/10/06 08:30,16.2
08/10/06 08:35,16.8
08/10/06 08:40,17.2
08/10/06 08:45,17.7
08/10/06 08:50,18.4
08/10/06 08:55,19.1
08/10/06 09:00,19.8
08/10/06 09:05,20.3
08/10/06 09:10,20.8
08/10/06 09:15,21.1
08/10/06 09:20,21.4
08/10/06 09:25,21.7
08/10/06 09:30,21.8
08/10/06 09:35,21.8
08/10/06 09:40,21.8
08/10/06 09:45,22.2
08/10/06 09:50,22.6
08/10/06 09:55,22.9
08/10/06 10:00,23.0
08/10/06 10:05,23.1
08/10/06 10:10,22.9
08/10/06 10:15,22.8
08/10/06 10:20,22.7
08/10/06 10:25,23.3
08/10/06 10:30,23.1
08/10/06 10:35,23.0
08/10/06 10:40,22.0
08/10/06 10:45,20.1
08/10/06 10:50,16.4
08/10/06 10:55,16.8
08/10/06 11:00,20.4
08/10/06 11:05,21.5
08/10/06 11:10,21.9
08/10/06 11:15,23.0
08/10/06 11:20,23.8
08/10/06 11:25,24.4
08/10/06 11:30,24.8
08/10/06 11:35,25.1
08/10/06 11:40,25.2
08/10/06 11:45,25.2
08/10/06 11:50,25.2
08/10/06 11:55,25.2
08/10/06 12:00,25.2
08/10/06 12:05,25.2
08/10/06 12:10,25.2
08/10/06 12:15,25.1
08/10/06 12:20,24.9
08/10/06 12:25,24.8
08/10/06 12:30,24.8
08/10/06 12:35,24.8
08/10/06 12:40,24.7
08/10/06 12:45,24.6
08/10/06 12:50,24.6
08/10/06 12:55,24.7
08/10/06 13:00,24.6
08/10/06 13:05,24.6
08/10/06 13:10,24.6
08/10/06 13:15,24.4
08/10/06 13:20,23.8
08/10/06 13:25,22.6
08/10/06 13:30,22.2
08/10/06 13:35,21.8
08/10/06 13:40,21.2
08/10/06 13:45,21.4
08/10/06 13:50,21.6
08/10/06 13:55,21.6
08/10/06 14:00,21.6
08/10/06 14:05,21.5
08/10/06 14:10,21.4
08/10/06 14:15,20.7
08/10/06 14:20,19.2
08/10/06 14:25,18.6
08/10/06 14:30,17.3
08/10/06 14:35,14.6
08/10/06 14:40,12.4
08/10/06 14:45,12.4
08/10/06 14:50,13.5
08/10/06 14:55,14.7
08/10/06 15:00,15.5
08/10/06 15:05,16.8
08/10/06 15:10,17.3
08/10/06 15:15,17.0
08/10/06 15:20,16.6
08/10/06 15:25,16.2
08/10/06 15:30,15.9
08/10/06 15:35,15.4
08/10/06 15:40,15.0
08/10/06 15:45,14.7
08/10/06 15:50,14.2
08/10/06 15:55,13.6
08/10/06 16:00,13.0
08/10/06 16:05,12.5
08/10/06 16:10,11.9
08/10/06 16:15,11.2
08/10/06 16:20,10.6
08/10/06 16:25,10.0
08/10/06 16:30,9.5
08/10/06 16:35,9.0
08/10/06 16:40,8.5
08/10/06 16:45,8.0
08/10/06 16:50,7.5
08/10/06 16:55,6.8
08/10/06 17:00,6.2
08/10/06 17:05,5.6
08/10/06 17:10,5.1
08/10/06 17:15,4.4
08/10/06 17:20,3.8
08/10/06 17:25,2.2
08/10/06 17:30,0.8
08/10/06 17:35,0.5
08/10/06 17:40,0.4
08/10/06 17:45,0.3
08/10/06 17:50,0.1
08/10/06 17:55,0.1
08/10/06 18:00,0.0
08/10/06 18:05,0.0
08/10/06 18:10,0.0
08/10/06 18:15,0.0
08/10/06 18:20,0.0
08/10/06 18:25,0.0
08/10/06 18:30,0.0
08/10/06 18:35,0.0
08/10/06 18:40,0.0
08/10/06 18:45,0.0
08/10/06 18:50,0.0
08/10/06 18:55,0.0
08/10/06 19:00,0.0
08/10/06 19:05,0.0
08/10/06 19:10,0.0
08/10/06 19:15,0.0
08/10/06 19:20,0.0
08/10/06 19:25,0.0
08/10/06 19:30,0.0
08/10/06 19:35,0.0
08/10/06 19:40,0.0
08/10/06 19:45,0.0
08/10/06 19:50,0.0
08/10/06 19:55,0.0
08/10/06 20:00,0.0
08/10/06 20:05,0.0
08/10/06 20:10,0.0
08/10/06 20:15,0.0
08/10/06 20:20,0.0
08/10/06 20:25,0.0
08/10/06 20:30,0.0
08/10/06 20:35,0.0
08/10/06 20:40,0.0
08/10/06 20:45,0.0
08/10/06 20:50,0.0
08/10/06 20:55,0.0
08/10/06 21:00,0.0
08/10/06 21:05,0.0
08/10/06 21:10,0.0
08/10/06 21:15,0.0
08/10/06 21:20,0.0
08/10/06 21:25,0.0
08/10/06 21:30,0.0
08/10/06 21:35,0.0
08/10/06 21:40,0.0
08/10/06 21:45,0.0
08/10/06 21:50,0.0
08/10/06 21:55,0.0
08/10/06 22:00,0.0
08/10/06 22:05,0.0
08/10/06 22:10,0.0
08/10/06 22:15,0.0
08/10/06 22:20,0.0
08/10/06 22:25,0.0
08/10/06 22:30,0.0
08/10/06 22:35,0.0
08/10/06 22:40,0.0
08/10/06 22:45,0.0
08/10/06 22:50,0.0
08/10/06 22:55,0.0
08/10/06 23:00,0.0
08/10/06 23:05,0.0
08/10/06 23:10,0.0
08/10/06 23:15,0.0
08/10/06 23:20,0.0
08/10/06 23:25,0.0
08/10/06 23:30,0.0
08/10/06 23:35,0.0
08/10/06 23:40,0.0
08/10/06 23:45,0.0
08/10/06 23:50,0.0
08/10/06 23:55,0.0
08/11/06 00:00,0.0
08/11/06 00:05,0.0
08/11/06 00:10,0.0
08/11/06 00:15,0.0
08/11/06 00:20,0.0
08/11/06 00:25,0.0
08/11/06 00:30,0.0
08/11/06 00:35,0.0
08/11/06 00:40,0.0
08/11/06 00:45,0.0
08/11/06 00:50,0.0
08/11/06 00:55,0.0
08/11/06 01:00,0.0
08/11/06 01:05,0.0
08/11/06 01:10,0.0
08/11/06 01:15,0.0
08/11/06 01:20,0.0
08/11/06 01:25,0.0
08/11/06 01:30,0.0
08/11/06 01:35,0.0
08/11/06 01:40,0.0
08/11/06 01:45,0.0
08/11/06 01:50,0.0
08/11/06 01:55,0.0
08/11/06 02:00,0.0
08/11/06 02:05,0.0
08/11/06 02:10,0.0
08/11/06 02:15,0.0
08/11/06 02:20,0.0
08/11/06 02:25,0.0
08/11/06 02:30,0.0
08/11/06 02:35,0.0
08/11/06 02:40,0.0
08/11/06 02:45,0.0
08/11/06 02:50,0.0
08/11/06 02:55,0.0
08/11/06 03:00,0.0
08/11/06 03:05,0.0
08/11/06 03:10,0.0
08/11/06 03:15,0.0
08/11/06 03:20,0.0
08/11/06 03:25,0.0
08/11/06 03:30,0.0
08/11/06 03:35,0.0
08/11/06 03:40,0.0
08/11/06 03:45,0.0
08/11/06 03:50,0.0
08/11/06 03:55,0.0
08/11/06 04:00,0.0
08/11/06 04:05,0.0
08/11/06 04:10,0.0
08/11/06 04:15,0.0
08/11/06 04:20,0.0
08/11/06 04:25,0.0
08/11/06 04:30,0.0
08/11/06 04:35,0.0
08/11/06 04:40,0.0
08/11/06 04:45,0.0
08/11/06 04:50,0.0
08/11/06 04:55,0.0
08/11/06 05:00,0.0
08/11/06 05:05,0.0
08/11/06 05:10,0.0
08/11/06 05:15,0.0
08/11/06 05:20,0.0
08/11/06 05:25,0.0
08/11/06 05:30,0.0
08/11/06 05:35,0.0
08/11/06 05:40,0.0
08/11/06 05:45,0.0
08/11/06 05:50,0.0
08/11/06 05:55,0.0
08/11/06 06:00,0.1
08/11/06 06:05,0.2
08/11/06 06:10,0.3
08/11/06 06:15,0.7
08/11/06 06:20,1.2
08/11/06 06:25,2.1
08/11/06 06:30,3.5
08/11/06 06:35,3.9
08/11/06 06:40,4.3
08/11/06 06:45,4.7
08/11/06 06:50,5.2
08/11/06 06:55,5.7
08/11/06 07:00,6.2
08/11/06 07:05,6.6
08/11/06 07:10,7.0
08/11/06 07:15,7.6
08/11/06 07:20,8.2
08/11/06 07:25,8.8
08/11/06 07:30,9.4
08/11/06 07:35,10.0
08/11/06 07:40,10.6
08/11/06 07:45,11.3
08/11/06 07:50,12.0
08/11/06 07:55,12.7
08/11/06 08:00,13.3
08/11/06 08:05,13.8
08/11/06 08:10,14.4
08/11/06 08:15,15.0
08/11/06 08:20,15.5
08/11/06 08:25,16.1
08/11/06 08:30,16.6
08/11/06 08:35,17.0
08/11/06 08:40,17.4
08/11/06 08:45,17.7
08/11/06 08:50,18.0
08/11/06 08:55,18.3
08/11/06 09:00,18.6
08/11/06 09:05,18.9
08/11/06 09:10,19.2
08/11/06 09:15,19.6
08/11/06 09:20,20.0
08/11/06 09:25,20.5
08/11/06 09:30,20.9
08/11/06 09:35,21.2
08/11/06 09:40,21.5
08/11/06 09:45,21.8
08/11/06 09:50,22.3
08/11/06 09:55,22.7
08/11/06 10:00,23.2
08/11/06 10:05,23.6
08/11/06 10:10,23.8
08/11/06 10:15,23.8
08/11/06 10:20,23.6
08/11/06 10:25,23.5
08/11/06 10:30,23.5
08/11/06 10:35,23.6
08/11/06 10:40,23.6
08/11/06 10:45,23.6
08/11/06 10:50,23.7
08/11/06 10:55,23.7
08/11/06 11:00,23.6
08/11/06 11:05,23.4
08/11/06 11:10,23.4
08/11/06 11:15,23.4
08/11/06 11:20,23.3
08/11/06 11:25,23.3
08/11/06 11:30,23.4
08/11/06 11:35,23.6
08/11/06 11:40,23.5
08/11/06 11:45,23.1
08/11/06 11:50,22.5
08/11/06 11:55,22.2
08/11/06 12:00,22.2
08/11/06 12:05,22.2
08/11/06 12:10,22.0
08/11/06 12:15,22.1
08/11/06 12:20,22.5
08/11/06 12:25,22.9
08/11/06 12:30,22.8
08/11/06 12:35,20.9
08/11/06 12:40,22.0
08/11/06 12:45,21.6
08/11/06 12:50,22.6
08/11/06 12:55,23.2
08/11/06 13:00,23.1
08/11/06 13:05,23.0
08/11/06 13:10,23.2
08/11/06 13:15,22.8
08/11/06 13:20,22.3
08/11/06 13:25,21.6
08/11/06 13:30,21.5
08/11/06 13:35,21.8
08/11/06 13:40,22.1
08/11/06 13:45,22.5
08/11/06 13:50,22.6
08/11/06 13:55,21.8
08/11/06 14:00,21.2
08/11/06 14:05,21.0
08/11/06 14:10,20.8
08/11/06 14:15,20.8
08/11/06 14:20,20.6
08/11/06 14:25,20.4
08/11/06 14:30,20.1
08/11/06 14:35,19.7
08/11/06 14:40,19.2
08/11/06 14:45,18.8
08/11/06 14:50,18.4
08/11/06 14:55,18.2
08/11/06 15:00,17.9
08/11/06 15:05,17.5
08/11/06 15:10,17.1
08/11/06 15:15,16.8
08/11/06 15:20,16.5
08/11/06 15:25,16.3
08/11/06 15:30,16.1
08/11/06 15:35,15.8
08/11/06 15:40,15.3
08/11/06 15:45,14.9
08/11/06 15:50,14.3
08/11/06 15:55,14.1
08/11/06 16:00,13.6
08/11/06 16:05,13.1
08/11/06 16:10,12.6
08/11/06 16:15,11.7
08/11/06 16:20,10.5
08/11/06 16:25,8.5
08/11/06 16:30,7.1
08/11/06 16:35,6.3
08/11/06 16:40,5.9
08/11/06 16:45,5.2
08/11/06 16:50,4.5
08/11/06 16:55,3.9
08/11/06 17:00,4.2
08/11/06 17:05,4.2
08/11/06 17:10,4.2
08/11/06 17:15,3.9
08/11/06 17:20,2.7
08/11/06 17:25,1.4
08/11/06 17:30,0.9
08/11/06 17:35,0.5
08/11/06 17:40,0.3
08/11/06 17:45,0.2
08/11/06 17:50,0.1
08/11/06 17:55,0.0
08/11/06 18:00,0.0
08/11/06 18:05,0.0
08/11/06 18:10,0.0
08/11/06 18:15,0.0
08/11/06 18:20,0.0
08/11/06 18:25,0.0
08/11/06 18:30,0.0
08/11/06 18:35,0.0
08/11/06 18:40,0.0
08/11/06 18:45,0.0
08/11/06 18:50,0.0
08/11/06 18:55,0.0
08/11/06 19:00,0.0
08/11/06 19:05,0.0
08/11/06 19:10,0.0
08/11/06 19:15,0.0
08/11/06 19:20,0.0
08/11/06 19:25,0.0
08/11/06 19:30,0.0
08/11/06 19:35,0.0
08/11/06 19:40,0.0
08/11/06 19:45,0.0
08/11/06 19:50,0.0
08/11/06 19:55,0.0
08/11/06 20:00,0.0
08/11/06 20:05,0.0
08/11/06 20:10,0.0
08/11/06 20:15,0.0
08/11/06 20:20,0.0
08/11/06 20:25,0.0
08/11/06 20:30,0.0
08/11/06 20:35,0.0
08/11/06 20:40,0.0
08/11/06 20:45,0.0
08/11/06 20:50,0.0
08/11/06 20:55,0.0
08/11/06 21:00,0.0
08/11/06 21:05,0.0
08/11/06 21:10,0.0
08/11/06 21:15,0.0
08/11/06 21:20,0.0
08/11/06 21:25,0.0
08/11/06 21:30,0.0
08/11/06 21:35,0.0
08/11/06 21:40,0.0
08/11/06 21:45,0.0
08/11/06 21:50,0.0
08/11/06 21:55,0.0
08/11/06 22:00,0.0
08/11/06 22:05,0.0
08/11/06 22:10,0.0
08/11/06 22:15,0.0
08/11/06 22:20,0.0
08/11/06 22:25,0.0
08/11/06 22:30,0.0
08/11/06 22:35,0.0
08/11/06 22:40,0.0
08/11/06 22:45,0.0
08/11/06 22:50,0.0
08/11/06 22:55,0.0
08/11/06 23:00,0.0
08/11/06 23:05,0.0
08/11/06 23:10,0.0
08/11/06 23:15,0.0
08/11/06 23:20,0.0
08/11/06 23:25,0.0
08/11/06 23:30,0.0
08/11/06 23:35,0.0
08/11/06 23:40,0.0
08/11/06 23:45,0.0
08/11/06 23:50,0.0
08/11/06 23:55,0.0
08/12/06 00:00,0.0
08/12/06 00:05,0.0
08/12/06 00:10,0.0
08/12/06 00:15,0.0
08/12/06 00:20,0.0
08/12/06 00:25,0.0
08/12/06 00:30,0.0
08/12/06 00:35,0.0
08/12/06 00:40,0.0
08/12/06 00:45,0.0
08/12/06 00:50,0.0
08/12/06 00:55,0.0
08/12/06 01:00,0.0
08/12/06 01:05,0.0
08/12/06 01:10,0.0
08/12/06 01:15,0.0
08/12/06 01:20,0.0
08/12/06 01:25,0.0
08/12/06 01:30,0.0
08/12/06 01:35,0.0
08/12/06 01:40,0.0
08/12/06 01:45,0.0
08/12/06 01:50,0.0
08/12/06 01:55,0.0
08/12/06 02:00,0.0
08/12/06 02:05,0.0
08/12/06 02:10,0.0
08/12/06 02:15,0.0
08/12/06 02:20,0.0
08/12/06 02:25,0.0
08/12/06 02:30,0.0
08/12/06 02:35,0.0
08/12/06 02:40,0.0
08/12/06 02:45,0.0
08/12/06 02:50,0.0
08/12/06 02:55,0.0
08/12/06 03:00,0.0
08/12/06 03:05,0.0
08/12/06 03:10,0.0
08/12/06 03:15,0.0
08/12/06 03:20,0.0
08/12/06 03:25,0.0
08/12/06 03:30,0.0
08/12/06 03:35,0.0
08/12/06 03:40,0.0
08/12/06 03:45,0.0
08/12/06 03:50,0.0
08/12/06 03:55,0.0
08/12/06 04:00,0.0
08/12/06 04:05,0.0
08/12/06 04:10,0.0
08/12/06 04:15,0.0
08/12/06 04:20,0.0
08/12/06 04:25,0.0
08/12/06 04:30,0.0
08/12/06 04:35,0.0
08/12/06 04:40,0.0
08/12/06 04:45,0.0
08/12/06 04:50,0.0
08/12/06 04:55,0.0
08/12/06 05:00,0.0
08/12/06 05:05,0.0
08/12/06 05:10,0.0
08/12/06 05:15,0.0
08/12/06 05:20,0.0
08/12/06 05:25,0.0
08/12/06 05:30,0.0
08/12/06 05:35,0.0
08/12/06 05:40,0.0
08/12/06 05:45,0.0
08/12/06 05:50,0.0
08/12/06 05:55,0.1
08/12/06 06:00,0.1
08/12/06 06:05,0.3
08/12/06 06:10,0.5
08/12/06 06:15,0.9
08/12/06 06:20,1.4
08/12/06 06:25,2.0
08/12/06 06:30,2.7
08/12/06 06:35,3.5
08/12/06 06:40,3.8
08/12/06 06:45,4.1
08/12/06 06:50,4.5
08/12/06 06:55,4.8
08/12/06 07:00,4.9
08/12/06 07:05,4.8
08/12/06 07:10,5.0
08/12/06 07:15,5.7
08/12/06 07:20,7.0
08/12/06 07:25,8.0
08/12/06 07:30,8.8
08/12/06 07:35,9.5
08/12/06 07:40,10.3
08/12/06 07:45,11.0
08/12/06 07:50,11.7
08/12/06 07:55,12.3
08/12/06 08:00,12.9
08/12/06 08:05,13.5
08/12/06 08:10,14.1
08/12/06 08:15,14.8
08/12/06 08:20,16.0
08/12/06 08:25,17.1
08/12/06 08:30,17.9
08/12/06 08:35,18.6
08/12/06 08:40,19.4
08/12/06 08:45,20.0
08/12/06 08:50,20.7
08/12/06 08:55,21.2
08/12/06 09:00,21.8
08/12/06 09:05,22.0
08/12/06 09:10,22.1
08/12/06 09:15,22.1
08/12/06 09:20,21.9
08/12/06 09:25,21.9
08/12/06 09:30,22.0
08/12/06 09:35,22.2
08/12/06 09:40,22.5
08/12/06 09:45,23.1
08/12/06 09:50,23.6
08/12/06 09:55,24.0
08/12/06 10:00,24.2
08/12/06 10:05,24.4
08/12/06 10:10,24.7
08/12/06 10:15,24.7
08/12/06 10:20,24.4
08/12/06 10:25,24.6
08/12/06 10:30,24.7
08/12/06 10:35,24.7
08/12/06 10:40,24.9
08/12/06 10:45,25.2
08/12/06 10:50,25.0
08/12/06 10:55,24.6
08/12/06 11:00,24.2
08/12/06 11:05,24.2
08/12/06 11:10,24.2
08/12/06 11:15,24.4
08/12/06 11:20,24.8
08/12/06 11:25,24.1
08/12/06 11:30,23.2
08/12/06 11:35,21.7
08/12/06 11:40,22.4
08/12/06 11:45,22.9
08/12/06 11:50,23.2
08/12/06 11:55,23.4
08/12/06 12:00,24.0
08/12/06 12:05,22.7
08/12/06 12:10,23.1
08/12/06 12:15,23.6
08/12/06 12:20,23.8
08/12/06 12:25,23.8
08/12/06 12:30,23.5
08/12/06 12:35,23.1
08/12/06 12:40,22.5
08/12/06 12:45,21.9
08/12/06 12:50,21.3
08/12/06 12:55,20.9
08/12/06 13:00,20.4
08/12/06 13:05,19.9
08/12/06 13:10,19.6
08/12/06 13:15,19.6
08/12/06 13:20,19.8
08/12/06 13:25,19.8
08/12/06 13:30,19.5
08/12/06 13:35,19.2
08/12/06 13:40,18.9
08/12/06 13:45,18.4
08/12/06 13:50,17.9
08/12/06 13:55,17.3
08/12/06 14:00,16.9
08/12/06 14:05,16.6
08/12/06 14:10,16.4
08/12/06 14:15,16.3
08/12/06 14:20,16.5
08/12/06 14:25,16.9
08/12/06 14:30,17.2
08/12/06 14:35,17.3
08/12/06 14:40,14.9
08/12/06 14:45,15.8
08/12/06 14:50,15.8
08/12/06 14:55,12.9
08/12/06 15:00,10.8
08/12/06 15:05,10.2
08/12/06 15:10,10.2
08/12/06 15:15,10.9
08/12/06 15:20,11.6
08/12/06 15:25,11.9
08/12/06 15:30,11.9
08/12/06 15:35,11.8
08/12/06 15:40,11.7
08/12/06 15:45,11.6
08/12/06 15:50,11.6
08/12/06 15:55,11.4
08/12/06 16:00,11.1
08/12/06 16:05,10.8
08/12/06 16:10,10.5
08/12/06 16:15,10.3
08/12/06 16:20,9.9
08/12/06 16:25,9.4
08/12/06 16:30,8.8
08/12/06 16:35,8.2
08/12/06 16:40,7.7
08/12/06 16:45,7.1
08/12/06 16:50,6.6
08/12/06 16:55,6.1
08/12/06 17:00,5.6
08/12/06 17:05,5.1
08/12/06 17:10,4.7
08/12/06 17:15,4.2
08/12/06 17:20,3.8
08/12/06 17:25,3.2
08/12/06 17:30,1.9
08/12/06 17:35,1.1
08/12/06 17:40,0.6
08/12/06 17:45,0.3
08/12/06 17:50,0.1
08/12/06 17:55,0.1
08/12/06 18:00,0.0
08/12/06 18:05,0.0
08/12/06 18:10,0.0
08/12/06 18:15,0.0
08/12/06 18:20,0.0
08/12/06 18:25,0.0
08/12/06 18:30,0.0
08/12/06 18:35,0.0
08/12/06 18:40,0.0
08/12/06 18:45,0.0
08/12/06 18:50,0.0
08/12/06 18:55,0.0
08/12/06 19:00,0.0
08/12/06 19:05,0.0
08/12/06 19:10,0.0
08/12/06 19:15,0.0
08/12/06 19:20,0.0
08/12/06 19:25,0.0
08/12/06 19:30,0.0
08/12/06 19:35,0.0
08/12/06 19:40,0.0
08/12/06 19:45,0.0
08/12/06 19:50,0.0
08/12/06 19:55,0.0
08/12/06 20:00,0.0
08/12/06 20:05,0.0
08/12/06 20:10,0.0
08/12/06 20:15,0.0
08/12/06 20:20,0.0
08/12/06 20:25,0.0
08/12/06 20:30,0.0
08/12/06 20:35,0.0
08/12/06 20:40,0.0
08/12/06 20:45,0.0
08/12/06 20:50,0.0
08/12/06 20:55,0.0
08/12/06 21:00,0.0
08/12/06 21:05,0.0
08/12/06 21:10,0.0
08/12/06 21:15,0.0
08/12/06 21:20,0.0
08/12/06 21:25,0.0
08/12/06 21:30,0.0
08/12/06 21:35,0.0
08/12/06 21:40,0.0
08/12/06 21:45,0.0
08/12/06 21:50,0.0
08/12/06 21:55,0.0
08/12/06 22:00,0.0
08/12/06 22:05,0.0
08/12/06 22:10,0.0
08/12/06 22:15,0.0
08/12/06 22:20,0.0
08/12/06 22:25,0.0
08/12/06 22:30,0.0
08/12/06 22:35,0.0
08/12/06 22:40,0.0
08/12/06 22:45,0.0
08/12/06 22:50,0.0
08/12/06 22:55,0.0
08/12/06 23:00,0.0
08/12/06 23:05,0.0
08/12/06 23:10,0.0
08/12/06 23:15,0.0
08/12/06 23:20,0.0
08/12/06 23:25,0.0
08/12/06 23:30,0.0
08/12/06 23:35,0.0
08/12/06 23:40,0.0
08/12/06 23:45,0.0
08/12/06 23:50,0.0
08/12/06 23:55,0.0
08/13/06 00:00,0.0
08/13/06 00:05,0.0
08/13/06 00:10,0.0
08/13/06 00:15,0.0
08/13/06 00:20,0.0
08/13/06 00:25,0.0
08/13/06 00:30,0.0
08/13/06 00:35,0.0
08/13/06 00:40,0.0
08/13/06 00:45,0.0
08/13/06 00:50,0.0
08/13/06 00:55,0.0
08/13/06 01:00,0.0
08/13/06 01:05,0.0
08/13/06 01:10,0.0
08/13/06 01:15,0.0
08/13/06 01:20,0.0
08/13/06 01:25,0.0
08/13/06 01:30,0.0
08/13/06 01:35,0.0
08/13/06 01:40,0.0
08/13/06 01:45,0.0
08/13/06 01:50,0.0
08/13/06 01:55,0.0
08/13/06 02:00,0.0
08/13/06 02:05,0.0
08/13/06 02:10,0.0
08/13/06 02:15,0.0
08/13/06 02:20,0.0
08/13/06 02:25,0.0
08/13/06 02:30,0.0
08/13/06 02:35,0.0
08/13/06 02:40,0.0
08/13/06 02:45,0.0
08/13/06 02:50,0.0
08/13/06 02:55,0.0
08/13/06 03:00,0.0
08/13/06 03:05,0.0
08/13/06 03:10,0.0
08/13/06 03:15,0.0
08/13/06 03:20,0.0
08/13/06 03:25,0.0
08/13/06 03:30,0.0
08/13/06 03:35,0.0
08/13/06 03:40,0.0
08/13/06 03:45,0.0
08/13/06 03:50,0.0
08/13/06 03:55,0.0
08/13/06 04:00,0.0
08/13/06 04:05,0.0
08/13/06 04:10,0.0
08/13/06 04:15,0.0
08/13/06 04:20,0.0
08/13/06 04:25,0.0
08/13/06 04:30,0.0
08/13/06 04:35,0.0
08/13/06 04:40,0.0
08/13/06 04:45,0.0
08/13/06 04:50,0.0
08/13/06 04:55,0.0
08/13/06 05:00,0.0
08/13/06 05:05,0.0
08/13/06 05:10,0.0
08/13/06 05:15,0.0
08/13/06 05:20,0.0
08/13/06 05:25,0.0
08/13/06 05:30,0.0
08/13/06 05:35,0.0
08/13/06 05:40,0.0
08/13/06 05:45,0.0
08/13/06 05:50,0.0
08/13/06 05:55,0.0
08/13/06 06:00,0.1
08/13/06 06:05,0.2
08/13/06 06:10,0.4
08/13/06 06:15,0.7
08/13/06 06:20,1.2
08/13/06 06:25,2.0
08/13/06 06:30,3.0
08/13/06 06:35,3.7
08/13/06 06:40,4.1
08/13/06 06:45,4.6
08/13/06 06:50,5.1
08/13/06 06:55,5.5
08/13/06 07:00,5.8
08/13/06 07:05,6.3
08/13/06 07:10,6.9
08/13/06 07:15,7.5
08/13/06 07:20,8.1
08/13/06 07:25,8.7
08/13/06 07:30,9.3
08/13/06 07:35,10.0
08/13/06 07:40,10.7
08/13/06 07:45,11.3
08/13/06 07:50,11.9
08/13/06 07:55,12.4
08/13/06 08:00,13.0
08/13/06 08:05,13.6
08/13/06 08:10,14.1
08/13/06 08:15,14.6
08/13/06 08:20,15.2
08/13/06 08:25,15.6
08/13/06 08:30,16.0
08/13/06 08:35,16.3
08/13/06 08:40,16.6
08/13/06 08:45,16.8
08/13/06 08:50,17.1
08/13/06 08:55,17.4
08/13/06 09:00,17.7
08/13/06 09:05,18.2
08/13/06 09:10,18.6
08/13/06 09:15,19.1
08/13/06 09:20,19.6
08/13/06 09:25,20.0
08/13/06 09:30,20.4
08/13/06 09:35,20.9
08/13/06 09:40,21.3
08/13/06 09:45,21.5
08/13/06 09:50,21.8
08/13/06 09:55,22.0
08/13/06 10:00,22.2
08/13/06 10:05,22.5
08/13/06 10:10,22.7
08/13/06 10:15,22.9
08/13/06 10:20,22.6
08/13/06 10:25,22.0
08/13/06 10:30,22.0
08/13/06 10:35,22.7
08/13/06 10:40,22.9
08/13/06 10:45,22.5
08/13/06 10:50,23.1
08/13/06 10:55,23.3
08/13/06 11:00,23.5
08/13/06 11:05,23.4
08/13/06 11:10,23.3
08/13/06 11:15,23.7
08/13/06 11:20,23.8
08/13/06 11:25,23.3
08/13/06 11:30,21.1
08/13/06 11:35,21.0
08/13/06 11:40,21.8
08/13/06 11:45,19.6
08/13/06 11:50,18.9
08/13/06 11:55,19.3
08/13/06 12:00,20.9
08/13/06 12:05,23.4
08/13/06 12:10,23.2
08/13/06 12:15,22.8
08/13/06 12:20,22.7
08/13/06 12:25,22.7
08/13/06 12:30,22.7
08/13/06 12:35,22.7
08/13/06 12:40,22.8
08/13/06 12:45,22.9
08/13/06 12:50,23.0
08/13/06 12:55,23.0
08/13/06 13:00,23.1
08/13/06 13:05,23.1
08/13/06 13:10,23.2
08/13/06 13:15,23.4
08/13/06 13:20,23.4
08/13/06 13:25,23.3
08/13/06 13:30,23.2
08/13/06 13:35,23.1
08/13/06 13:40,22.9
08/13/06 13:45,22.8
08/13/06 13:50,22.7
08/13/06 13:55,22.5
08/13/06 14:00,22.2
08/13/06 14:05,21.9
08/13/06 14:10,21.6
08/13/06 14:15,21.3
08/13/06 14:20,20.8
08/13/06 14:25,20.1
08/13/06 14:30,19.2
08/13/06 14:35,18.1
08/13/06 14:40,17.1
08/13/06 14:45,16.3
08/13/06 14:50,15.3
08/13/06 14:55,14.4
08/13/06 15:00,13.5
08/13/06 15:05,12.6
08/13/06 15:10,11.7
08/13/06 15:15,11.2
08/13/06 15:20,12.2
08/13/06 15:25,13.8
08/13/06 15:30,13.5
08/13/06 15:35,12.8
08/13/06 15:40,12.1
08/13/06 15:45,11.1
08/13/06 15:50,9.7
08/13/06 15:55,8.4
08/13/06 16:00,9.4
08/13/06 16:05,8.8
08/13/06 16:10,8.7
08/13/06 16:15,6.4
08/13/06 16:20,4.7
08/13/06 16:25,3.7
08/13/06 16:30,2.2
08/13/06 16:35,1.2
08/13/06 16:40,0.6
08/13/06 16:45,0.3
08/13/06 16:50,0.1
08/13/06 16:55,0.1
08/13/06 17:00,0.0
08/13/06 17:05,0.0
08/13/06 17:10,0.0
08/13/06 17:15,0.0
08/13/06 17:20,0.0
08/13/06 17:25,0.0
08/13/06 17:30,0.0
08/13/06 17:35,0.0
08/13/06 17:40,0.0
08/13/06 17:45,0.0
08/13/06 17:50,0.0
08/13/06 17:55,0.0
08/13/06 18:00,0.0
08/13/06 18:05,0.0
08/13/06 18:10,0.0
08/13/06 18:15,0.0
08/13/06 18:20,0.0
08/13/06 18:25,0.0
08/13/06 18:30,0.0
08/13/06 18:35,0.0
08/13/06 18:40,0.0
08/13/06 18:45,0.0
08/13/06 18:50,0.0
08/13/06 18:55,0.0
08/13/06 19:00,0.0
08/13/06 19:05,0.0
08/13/06 19:10,0.0
08/13/06 19:15,0.0
08/13/06 19:20,0.0
08/13/06 19:25,0.0
08/13/06 19:30,0.0
08/13/06 19:35,0.0
08/13/06 19:40,0.0
08/13/06 19:45,0.0
08/13/06 19:50,0.0
08/13/06 19:55,0.0
08/13/06 20:00,0.0
08/13/06 20:05,0.0
08/13/06 20:10,0.0
08/13/06 20:15,0.0
08/13/06 20:20,0.0
08/13/06 20:25,0.0
08/13/06 20:30,0.0
08/13/06 20:35,0.0
08/13/06 20:40,0.0
08/13/06 20:45,0.0
08/13/06 20:50,0.0
08/13/06 20:55,0.0
08/13/06 21:00,0.0
08/13/06 21:05,0.0
08/13/06 21:10,0.0
08/13/06 21:15,0.0
08/13/06 21:20,0.0
08/13/06 21:25,0.0
08/13/06 21:30,0.0
08/13/06 21:35,0.0
08/13/06 21:40,0.0
08/13/06 21:45,0.0
08/13/06 21:50,0.0
08/13/06 21:55,0.0
08/13/06 22:00,0.0
08/13/06 22:05,0.0
08/13/06 22:10,0.0
08/13/06 22:15,0.0
08/13/06 22:20,0.0
08/13/06 22:25,0.0
08/13/06 22:30,0.0
08/13/06 22:35,0.0
08/13/06 22:40,0.0
08/13/06 22:45,0.0
08/13/06 22:50,0.0
08/13/06 22:55,0.0
08/13/06 23:00,0.0
08/13/06 23:05,0.0
08/13/06 23:10,0.0
08/13/06 23:15,0.0
08/13/06 23:20,0.0
08/13/06 23:25,0.0
08/13/06 23:30,0.0
08/13/06 23:35,0.0
08/13/06 23:40,0.0
08/13/06 23:45,0.0
08/13/06 23:50,0.0
08/13/06 23:55,0.0
08/14/06 00:00,0.0
08/14/06 00:05,0.0
08/14/06 00:10,0.0
08/14/06 00:15,0.0
08/14/06 00:20,0.0
08/14/06 00:25,0.0
08/14/06 00:30,0.0
08/14/06 00:35,0.0
08/14/06 00:40,0.0
08/14/06 00:45,0.0
08/14/06 00:50,0.0
08/14/06 00:55,0.0
08/14/06 01:00,0.0
08/14/06 01:05,0.0
08/14/06 01:10,0.0
08/14/06 01:15,0.0
08/14/06 01:20,0.0
08/14/06 01:25,0.0
08/14/06 01:30,0.0
08/14/06 01:35,0.0
08/14/06 01:40,0.0
08/14/06 01:45,0.0
08/14/06 01:50,0.0
08/14/06 01:55,0.0
08/14/06 02:00,0.0
08/14/06 02:05,0.0
08/14/06 02:10,0.0
08/14/06 02:15,0.0
08/14/06 02:20,0.0
08/14/06 02:25,0.0
08/14/06 02:30,0.0
08/14/06 02:35,0.0
08/14/06 02:40,0.0
08/14/06 02:45,0.0
08/14/06 02:50,0.0
08/14/06 02:55,0.0
08/14/06 03:00,0.0
08/14/06 03:05,0.0
08/14/06 03:10,0.0
08/14/06 03:15,0.0
08/14/06 03:20,0.0
08/14/06 03:25,0.0
08/14/06 03:30,0.0
08/14/06 03:35,0.0
08/14/06 03:40,0.0
08/14/06 03:45,0.0
08/14/06 03:50,0.0
08/14/06 03:55,0.0
08/14/06 04:00,0.0
08/14/06 04:05,0.0
08/14/06 04:10,0.0
08/14/06 04:15,0.0
08/14/06 04:20,0.0
08/14/06 04:25,0.0
08/14/06 04:30,0.0
08/14/06 04:35,0.0
08/14/06 04:40,0.0
08/14/06 04:45,0.0
08/14/06 04:50,0.0
08/14/06 04:55,0.0
08/14/06 05:00,0.0
08/14/06 05:05,0.0
08/14/06 05:10,0.0
08/14/06 05:15,0.0
08/14/06 05:20,0.0
08/14/06 05:25,0.0
08/14/06 05:30,0.0
08/14/06 05:35,0.0
08/14/06 05:40,0.0
08/14/06 05:45,0.0
08/14/06 05:50,0.0
08/14/06 05:55,0.0
08/14/06 06:00,0.0
08/14/06 06:05,0.0
08/14/06 06:10,0.0
08/14/06 06:15,0.0
08/14/06 06:20,0.2
08/14/06 06:25,0.6
08/14/06 06:30,1.1
08/14/06 06:35,1.5
08/14/06 06:40,3.4
08/14/06 06:45,4.3
08/14/06 06:50,5.0
08/14/06 06:55,5.4
08/14/06 07:00,5.0
08/14/06 07:05,4.2
08/14/06 07:10,4.0
08/14/06 07:15,4.2
08/14/06 07:20,5.1
08/14/06 07:25,6.0
08/14/06 07:30,7.2
08/14/06 07:35,8.1
08/14/06 07:40,8.7
08/14/06 07:45,9.0
08/14/06 07:50,9.3
08/14/06 07:55,10.6
08/14/06 08:00,11.8
08/14/06 08:05,10.9
08/14/06 08:10,11.1
08/14/06 08:15,12.6
08/14/06 08:20,13.7
08/14/06 08:25,14.5
08/14/06 08:30,15.3
08/14/06 08:35,15.8
08/14/06 08:40,16.1
08/14/06 08:45,16.4
08/14/06 08:50,16.8
08/14/06 08:55,17.2
08/14/06 09:00,17.6
08/14/06 09:05,17.9
08/14/06 09:10,18.2
08/14/06 09:15,18.8
08/14/06 09:20,19.5
08/14/06 09:25,20.3
08/14/06 09:30,21.2
08/14/06 09:35,22.1
08/14/06 09:40,22.1
08/14/06 09:45,21.1
08/14/06 09:50,20.1
08/14/06 09:55,19.7
08/14/06 10:00,19.0
08/14/06 10:05,18.4
08/14/06 10:10,17.9
08/14/06 10:15,18.9
08/14/06 10:20,20.5
08/14/06 10:25,21.6
08/14/06 10:30,22.2
08/14/06 10:35,22.2
08/14/06 10:40,21.8
08/14/06 10:45,21.0
08/14/06 10:50,20.7
08/14/06 10:55,21.5
08/14/06 11:00,23.0
08/14/06 11:05,24.2
08/14/06 11:10,25.0
08/14/06 11:15,24.9
08/14/06 11:20,22.8
08/14/06 11:25,19.1
08/14/06 11:30,16.3
08/14/06 11:35,15.5
08/14/06 11:40,16.3
08/14/06 11:45,17.7
08/14/06 11:50,19.3
08/14/06 11:55,18.6
08/14/06 12:00,16.9
08/14/06 12:05,16.8
08/14/06 12:10,17.0
08/14/06 12:15,17.7
08/14/06 12:20,19.7
08/14/06 12:25,21.1
08/14/06 12:30,19.7
08/14/06 12:35,18.4
08/14/06 12:40,17.5
08/14/06 12:45,16.9
08/14/06 12:50,17.9
08/14/06 12:55,16.1
08/14/06 13:00,12.3
08/14/06 13:05,10.1
08/14/06 13:10,8.7
08/14/06 13:15,8.2
08/14/06 13:20,7.9
08/14/06 13:25,7.4
08/14/06 13:30,7.0
08/14/06 13:35,6.6
08/14/06 13:40,6.3
08/14/06 13:45,6.1
08/14/06 13:50,5.9
08/14/06 13:55,5.8
08/14/06 14:00,5.3
08/14/06 14:05,4.6
08/14/06 14:10,3.9
08/14/06 14:15,3.0
08/14/06 14:20,3.7
08/14/06 14:25,7.3
08/14/06 14:30,11.9
08/14/06 14:35,12.1
08/14/06 14:40,11.1
08/14/06 14:45,8.1
08/14/06 14:50,7.5
08/14/06 14:55,8.5
08/14/06 15:00,8.7
08/14/06 15:05,9.3
08/14/06 15:10,8.8
08/14/06 15:15,7.2
08/14/06 15:20,6.0
08/14/06 15:25,5.5
08/14/06 15:30,5.0
08/14/06 15:35,5.1
08/14/06 15:40,5.4
08/14/06 15:45,5.8
08/14/06 15:50,6.6
08/14/06 15:55,7.2
08/14/06 16:00,7.5
08/14/06 16:05,7.1
08/14/06 16:10,7.0
08/14/06 16:15,6.6
08/14/06 16:20,5.8
08/14/06 16:25,4.7
08/14/06 16:30,4.2
08/14/06 16:35,3.7
08/14/06 16:40,3.2
08/14/06 16:45,4.2
08/14/06 16:50,4.5
08/14/06 16:55,4.0
08/14/06 17:00,2.7
08/14/06 17:05,0.8
08/14/06 17:10,0.4
08/14/06 17:15,1.1
08/14/06 17:20,0.7
08/14/06 17:25,0.9
08/14/06 17:30,0.7
08/14/06 17:35,0.5
08/14/06 17:40,0.2
08/14/06 17:45,0.1
08/14/06 17:50,0.1
08/14/06 17:55,0.0
08/14/06 18:00,0.0
08/14/06 18:05,0.0
08/14/06 18:10,0.0
08/14/06 18:15,0.0
08/14/06 18:20,0.0
08/14/06 18:25,0.0
08/14/06 18:30,0.0
08/14/06 18:35,0.0
08/14/06 18:40,0.0
08/14/06 18:45,0.0
08/14/06 18:50,0.0
08/14/06 18:55,0.0
08/14/06 19:00,0.0
08/14/06 19:05,0.0
08/14/06 19:10,0.0
08/14/06 19:15,0.0
08/14/06 19:20,0.0
08/14/06 19:25,0.0
08/14/06 19:30,0.0
08/14/06 19:35,0.0
08/14/06 19:40,0.0
08/14/06 19:45,0.0
08/14/06 19:50,0.0
08/14/06 19:55,0.0
08/14/06 20:00,0.0
08/14/06 20:05,0.0
08/14/06 20:10,0.0
08/14/06 20:15,0.0
08/14/06 20:20,0.0
08/14/06 20:25,0.0
08/14/06 20:30,0.0
08/14/06 20:35,0.0
08/14/06 20:40,0.0
08/14/06 20:45,0.0
08/14/06 20:50,0.0
08/14/06 20:55,0.0
08/14/06 21:00,0.0
08/14/06 21:05,0.0
08/14/06 21:10,0.0
08/14/06 21:15,0.0
08/14/06 21:20,0.0
08/14/06 21:25,0.0
08/14/06 21:30,0.0
08/14/06 21:35,0.0
08/14/06 21:40,0.0
08/14/06 21:45,0.0
08/14/06 21:50,0.0
08/14/06 21:55,0.0
08/14/06 22:00,0.0
08/14/06 22:05,0.0
08/14/06 22:10,0.0
08/14/06 22:15,0.0
08/14/06 22:20,0.0
08/14/06 22:25,0.0
08/14/06 22:30,0.0
08/14/06 22:35,0.0
08/14/06 22:40,0.0
08/14/06 22:45,0.0
08/14/06 22:50,0.0
08/14/06 22:55,0.0
08/14/06 23:00,0.0
08/14/06 23:05,0.0
08/14/06 23:10,0.0
08/14/06 23:15,0.0
08/14/06 23:20,0.0
08/14/06 23:25,0.0
08/14/06 23:30,0.0
08/14/06 23:35,0.0
08/14/06 23:40,0.0
08/14/06 23:45,0.0
08/14/06 23:50,0.0
08/14/06 23:55,0.0
08/15/06 00:00,0.0
08/15/06 00:05,0.0
08/15/06 00:10,0.0
08/15/06 00:15,0.0
08/15/06 00:20,0.0
08/15/06 00:25,0.0
08/15/06 00:30,0.0
08/15/06 00:35,0.0
08/15/06 00:40,0.0
08/15/06 00:45,0.0
08/15/06 00:50,0.0
08/15/06 00:55,0.0
08/15/06 01:00,0.0
08/15/06 01:05,0.0
08/15/06 01:10,0.0
08/15/06 01:15,0.0
08/15/06 01:20,0.0
08/15/06 01:25,0.0
08/15/06 01:30,0.0
08/15/06 01:35,0.0
08/15/06 01:40,0.0
08/15/06 01:45,0.0
08/15/06 01:50,0.0
08/15/06 01:55,0.0
08/15/06 02:00,0.0
08/15/06 02:05,0.0
08/15/06 02:10,0.0
08/15/06 02:15,0.0
08/15/06 02:20,0.0
08/15/06 02:25,0.0
08/15/06 02:30,0.0
08/15/06 02:35,0.0
08/15/06 02:40,0.0
08/15/06 02:45,0.0
08/15/06 02:50,0.0
08/15/06 02:55,0.0
08/15/06 03:00,0.0
08/15/06 03:05,0.0
08/15/06 03:10,0.0
08/15/06 03:15,0.0
08/15/06 03:20,0.0
08/15/06 03:25,0.0
08/15/06 03:30,0.0
08/15/06 03:35,0.0
08/15/06 03:40,0.0
08/15/06 03:45,0.0
08/15/06 03:50,0.0
08/15/06 03:55,0.0
08/15/06 04:00,0.0
08/15/06 04:05,0.0
08/15/06 04:10,0.0
08/15/06 04:15,0.0
08/15/06 04:20,0.0
08/15/06 04:25,0.0
08/15/06 04:30,0.0
08/15/06 04:35,0.0
08/15/06 04:40,0.0
08/15/06 04:45,0.0
08/15/06 04:50,0.0
08/15/06 04:55,0.0
08/15/06 05:00,0.0
08/15/06 05:05,0.0
08/15/06 05:10,0.0
08/15/06 05:15,0.0
08/15/06 05:20,0.0
08/15/06 05:25,0.0
08/15/06 05:30,0.0
08/15/06 05:35,0.0
08/15/06 05:40,0.0
08/15/06 05:45,0.0
08/15/06 05:50,0.0
08/15/06 05:55,0.0
08/15/06 06:00,0.1
08/15/06 06:05,0.2
08/15/06 06:10,0.3
08/15/06 06:15,0.6
08/15/06 06:20,1.1
08/15/06 06:25,1.9
08/15/06 06:30,3.1
08/15/06 06:35,3.7
08/15/06 06:40,4.2
08/15/06 06:45,4.6
08/15/06 06:50,5.1
08/15/06 06:55,5.6
08/15/06 07:00,6.2
08/15/06 07:05,6.7
08/15/06 07:10,7.2
08/15/06 07:15,7.7
08/15/06 07:20,8.2
08/15/06 07:25,8.7
08/15/06 07:30,9.3
08/15/06 07:35,10.0
08/15/06 07:40,10.6
08/15/06 07:45,11.3
08/15/06 07:50,11.9
08/15/06 07:55,12.5
08/15/06 08:00,13.2
08/15/06 08:05,13.8
08/15/06 08:10,14.4
08/15/06 08:15,14.9
08/15/06 08:20,15.2
08/15/06 08:25,15.6
08/15/06 08:30,16.2
08/15/06 08:35,16.6
08/15/06 08:40,17.1
08/15/06 08:45,17.6
08/15/06 08:50,18.0
08/15/06 08:55,18.4
08/15/06 09:00,18.8
08/15/06 09:05,19.2
08/15/06 09:10,19.5
08/15/06 09:15,19.9
08/15/06 09:20,20.4
08/15/06 09:25,20.8
08/15/06 09:30,21.3
08/15/06 09:35,21.7
08/15/06 09:40,22.0
08/15/06 09:45,22.4
08/15/06 09:50,22.8
08/15/06 09:55,23.2
08/15/06 10:00,23.4
08/15/06 10:05,23.5
08/15/06 10:10,23.4
08/15/06 10:15,23.4
08/15/06 10:20,23.4
08/15/06 10:25,23.5
08/15/06 10:30,23.6
08/15/06 10:35,23.6
08/15/06 10:40,23.6
08/15/06 10:45,23.5
08/15/06 10:50,23.3
08/15/06 10:55,23.2
08/15/06 11:00,23.1
08/15/06 11:05,23.4
08/15/06 11:10,23.6
08/15/06 11:15,24.1
08/15/06 11:20,24.4
08/15/06 11:25,24.6
08/15/06 11:30,24.9
08/15/06 11:35,25.2
08/15/06 11:40,25.5
08/15/06 11:45,25.6
08/15/06 11:50,25.7
08/15/06 11:55,25.8
08/15/06 12:00,26.0
08/15/06 12:05,25.9
08/15/06 12:10,25.9
08/15/06 12:15,25.8
08/15/06 12:20,25.5
08/15/06 12:25,25.2
08/15/06 12:30,24.9
08/15/06 12:35,24.8
08/15/06 12:40,24.6
08/15/06 12:45,24.4
08/15/06 12:50,24.0
08/15/06 12:55,23.7
08/15/06 13:00,23.4
08/15/06 13:05,23.3
08/15/06 13:10,23.1
08/15/06 13:15,22.8
08/15/06 13:20,22.6
08/15/06 13:25,22.7
08/15/06 13:30,22.8
08/15/06 13:35,22.7
08/15/06 13:40,22.4
08/15/06 13:45,22.1
08/15/06 13:50,21.7
08/15/06 13:55,21.4
08/15/06 14:00,21.2
08/15/06 14:05,21.0
08/15/06 14:10,20.8
08/15/06 14:15,20.7
08/15/06 14:20,20.9
08/15/06 14:25,21.1
08/15/06 14:30,21.2
08/15/06 14:35,21.3
08/15/06 14:40,21.6
08/15/06 14:45,21.3
08/15/06 14:50,21.0
08/15/06 14:55,20.7
08/15/06 15:00,20.5
08/15/06 15:05,20.3
08/15/06 15:10,20.1
08/15/06 15:15,19.1
08/15/06 15:20,17.8
08/15/06 15:25,16.7
08/15/06 15:30,15.8
08/15/06 15:35,15.1
08/15/06 15:40,14.5
08/15/06 15:45,13.9
08/15/06 15:50,13.3
08/15/06 15:55,12.8
08/15/06 16:00,12.3
08/15/06 16:05,11.7
08/15/06 16:10,11.2
08/15/06 16:15,10.7
08/15/06 16:20,10.1
08/15/06 16:25,9.5
08/15/06 16:30,9.1
08/15/06 16:35,8.6
08/15/06 16:40,8.1
08/15/06 16:45,7.6
08/15/06 16:50,6.9
08/15/06 16:55,6.4
08/15/06 17:00,5.7
08/15/06 17:05,4.9
08/15/06 17:10,4.3
08/15/06 17:15,3.5
08/15/06 17:20,1.1
08/15/06 17:25,0.3
08/15/06 17:30,0.1
08/15/06 17:35,0.0
08/15/06 17:40,0.0
08/15/06 17:45,0.0
08/15/06 17:50,0.0
08/15/06 17:55,0.0
08/15/06 18:00,0.0
08/15/06 18:05,0.0
08/15/06 18:10,0.0
08/15/06 18:15,0.0
08/15/06 18:20,0.0
08/15/06 18:25,0.0
08/15/06 18:30,0.0
08/15/06 18:35,0.0
08/15/06 18:40,0.0
08/15/06 18:45,0.0
08/15/06 18:50,0.0
08/15/06 18:55,0.0
08/15/06 19:00,0.0
08/15/06 19:05,0.0
08/15/06 19:10,0.0
08/15/06 19:15,0.0
08/15/06 19:20,0.0
08/15/06 19:25,0.0
08/15/06 19:30,0.0
08/15/06 19:35,0.0
08/15/06 19:40,0.0
08/15/06 19:45,0.0
08/15/06 19:50,0.0
08/15/06 19:55,0.0
08/15/06 20:00,0.0
08/15/06 20:05,0.0
08/15/06 20:10,0.0
08/15/06 20:15,0.0
08/15/06 20:20,0.0
08/15/06 20:25,0.0
08/15/06 20:30,0.0
08/15/06 20:35,0.0
08/15/06 20:40,0.0
08/15/06 20:45,0.0
08/15/06 20:50,0.0
08/15/06 20:55,0.0
08/15/06 21:00,0.0
08/15/06 21:05,0.0
08/15/06 21:10,0.0
08/15/06 21:15,0.0
08/15/06 21:20,0.0
08/15/06 21:25,0.0
08/15/06 21:30,0.0
08/15/06 21:35,0.0
08/15/06 21:40,0.0
08/15/06 21:45,0.0
08/15/06 21:50,0.0
08/15/06 21:55,0.0
08/15/06 22:00,0.0
08/15/06 22:05,0.0
08/15/06 22:10,0.0
08/15/06 22:15,0.0
08/15/06 22:20,0.0
08/15/06 22:25,0.0
08/15/06 22:30,0.0
08/15/06 22:35,0.0
08/15/06 22:40,0.0
08/15/06 22:45,0.0
08/15/06 22:50,0.0
08/15/06 22:55,0.0
08/15/06 23:00,0.0
08/15/06 23:05,0.0
08/15/06 23:10,0.0
08/15/06 23:15,0.0
08/15/06 23:20,0.0
08/15/06 23:25,0.0
08/15/06 23:30,0.0
08/15/06 23:35,0.0
08/15/06 23:40,0.0
08/15/06 23:45,0.0
08/15/06 23:50,0.0
08/15/06 23:55,0.0
08/16/06 00:00,0.0
08/16/06 00:05,0.0
08/16/06 00:10,0.0
08/16/06 00:15,0.0
08/16/06 00:20,0.0
08/16/06 00:25,0.0
08/16/06 00:30,0.0
08/16/06 00:35,0.0
08/16/06 00:40,0.0
08/16/06 00:45,0.0
08/16/06 00:50,0.0
08/16/06 00:55,0.0
08/16/06 01:00,0.0
08/16/06 01:05,0.0
08/16/06 01:10,0.0
08/16/06 01:15,0.0
08/16/06 01:20,0.0
08/16/06 01:25,0.0
08/16/06 01:30,0.0
08/16/06 01:35,0.0
08/16/06 01:40,0.0
08/16/06 01:45,0.0
08/16/06 01:50,0.0
08/16/06 01:55,0.0
08/16/06 02:00,0.0
08/16/06 02:05,0.0
08/16/06 02:10,0.0
08/16/06 02:15,0.0
08/16/06 02:20,0.0
08/16/06 02:25,0.0
08/16/06 02:30,0.0
08/16/06 02:35,0.0
08/16/06 02:40,0.0
08/16/06 02:45,0.0
08/16/06 02:50,0.0
08/16/06 02:55,0.0
08/16/06 03:00,0.0
08/16/06 03:05,0.0
08/16/06 03:10,0.0
08/16/06 03:15,0.0
08/16/06 03:20,0.0
08/16/06 03:25,0.0
08/16/06 03:30,0.0
08/16/06 03:35,0.0
08/16/06 03:40,0.0
08/16/06 03:45,0.0
08/16/06 03:50,0.0
08/16/06 03:55,0.0
08/16/06 04:00,0.0
08/16/06 04:05,0.0
08/16/06 04:10,0.0
08/16/06 04:15,0.0
08/16/06 04:20,0.0
08/16/06 04:25,0.0
08/16/06 04:30,0.0
08/16/06 04:35,0.0
08/16/06 04:40,0.0
08/16/06 04:45,0.0
08/16/06 04:50,0.0
08/16/06 04:55,0.0
08/16/06 05:00,0.0
08/16/06 05:05,0.0
08/16/06 05:10,0.0
08/16/06 05:15,0.0
08/16/06 05:20,0.0
08/16/06 05:25,0.0
08/16/06 05:30,0.0
08/16/06 05:35,0.0
08/16/06 05:40,0.0
08/16/06 05:45,0.0
08/16/06 05:50,0.0
08/16/06 05:55,0.1
08/16/06 06:00,0.1
08/16/06 06:05,0.3
08/16/06 06:10,0.7
08/16/06 06:15,1.0
08/16/06 06:20,1.5
08/16/06 06:25,2.3
08/16/06 06:30,3.5
08/16/06 06:35,3.6
08/16/06 06:40,3.3
08/16/06 06:45,2.2
08/16/06 06:50,1.5
08/16/06 06:55,1.1
08/16/06 07:00,2.3
08/16/06 07:05,2.9
08/16/06 07:10,4.2
08/16/06 07:15,5.1
08/16/06 07:20,5.6
08/16/06 07:25,6.2
08/16/06 07:30,6.7
08/16/06 07:35,7.3
08/16/06 07:40,7.9
08/16/06 07:45,8.6
08/16/06 07:50,9.2
08/16/06 07:55,9.9
08/16/06 08:00,10.6
08/16/06 08:05,11.5
08/16/06 08:10,12.5
08/16/06 08:15,13.3
08/16/06 08:20,14.1
08/16/06 08:25,14.9
08/16/06 08:30,15.8
08/16/06 08:35,16.5
08/16/06 08:40,17.0
08/16/06 08:45,17.5
08/16/06 08:50,18.0
08/16/06 08:55,18.5
08/16/06 09:00,19.0
08/16/06 09:05,19.6
08/16/06 09:10,20.1
08/16/06 09:15,20.4
08/16/06 09:20,20.7
08/16/06 09:25,21.2
08/16/06 09:30,21.6
08/16/06 09:35,21.8
08/16/06 09:40,22.0
08/16/06 09:45,22.3
08/16/06 09:50,22.6
08/16/06 09:55,22.9
08/16/06 10:00,23.0
08/16/06 10:05,23.2
08/16/06 10:10,23.3
08/16/06 10:15,23.2
08/16/06 10:20,23.0
08/16/06 10:25,23.0
08/16/06 10:30,23.0
08/16/06 10:35,23.2
08/16/06 10:40,23.4
08/16/06 10:45,23.6
08/16/06 10:50,23.7
08/16/06 10:55,23.7
08/16/06 11:00,23.9
08/16/06 11:05,24.1
08/16/06 11:10,24.4
08/16/06 11:15,24.5
08/16/06 11:20,24.5
08/16/06 11:25,24.6
08/16/06 11:30,24.8
08/16/06 11:35,24.8
08/16/06 11:40,24.9
08/16/06 11:45,24.8
08/16/06 11:50,24.9
08/16/06 11:55,25.0
08/16/06 12:00,25.1
08/16/06 12:05,25.0
08/16/06 12:10,24.8
08/16/06 12:15,24.7
08/16/06 12:20,24.9
08/16/06 12:25,25.3
08/16/06 12:30,25.4
08/16/06 12:35,25.4
08/16/06 12:40,25.3
08/16/06 12:45,25.1
08/16/06 12:50,25.0
08/16/06 12:55,24.9
08/16/06 13:00,25.0
08/16/06 13:05,25.0
08/16/06 13:10,24.8
08/16/06 13:15,24.4
08/16/06 13:20,23.7
08/16/06 13:25,23.0
08/16/06 13:30,22.5
08/16/06 13:35,22.1
08/16/06 13:40,21.8
08/16/06 13:45,21.0
08/16/06 13:50,20.8
08/16/06 13:55,20.9
08/16/06 14:00,20.9
08/16/06 14:05,20.7
08/16/06 14:10,20.4
08/16/06 14:15,20.1
08/16/06 14:20,20.0
08/16/06 14:25,19.6
08/16/06 14:30,19.1
08/16/06 14:35,18.6
08/16/06 14:40,18.0
08/16/06 14:45,17.4
08/16/06 14:50,16.9
08/16/06 14:55,16.4
08/16/06 15:00,16.0
08/16/06 15:05,15.5
08/16/06 15:10,15.1
08/16/06 15:15,14.5
08/16/06 15:20,14.0
08/16/06 15:25,13.8
08/16/06 15:30,13.5
08/16/06 15:35,13.2
08/16/06 15:40,12.9
08/16/06 15:45,12.7
08/16/06 15:50,12.2
08/16/06 15:55,11.6
08/16/06 16:00,11.1
08/16/06 16:05,10.6
08/16/06 16:10,10.2
08/16/06 16:15,9.9
08/16/06 16:20,9.4
08/16/06 16:25,8.9
08/16/06 16:30,8.4
08/16/06 16:35,7.9
08/16/06 16:40,7.3
08/16/06 16:45,6.8
08/16/06 16:50,6.4
08/16/06 16:55,5.9
08/16/06 17:00,5.4
08/16/06 17:05,4.9
08/16/06 17:10,4.5
08/16/06 17:15,4.0
08/16/06 17:20,3.4
08/16/06 17:25,2.1
08/16/06 17:30,1.2
08/16/06 17:35,0.4
08/16/06 17:40,0.2
08/16/06 17:45,0.1
08/16/06 17:50,0.0
08/16/06 17:55,0.0
08/16/06 18:00,0.0
08/16/06 18:05,0.0
08/16/06 18:10,0.0
08/16/06 18:15,0.0
08/16/06 18:20,0.0
08/16/06 18:25,0.0
08/16/06 18:30,0.0
08/16/06 18:35,0.0
08/16/06 18:40,0.0
08/16/06 18:45,0.0
08/16/06 18:50,0.0
08/16/06 18:55,0.0
08/16/06 19:00,0.0
08/16/06 19:05,0.0
08/16/06 19:10,0.0
08/16/06 19:15,0.0
08/16/06 19:20,0.0
08/16/06 19:25,0.0
08/16/06 19:30,0.0
08/16/06 19:35,0.0
08/16/06 19:40,0.0
08/16/06 19:45,0.0
08/16/06 19:50,0.0
08/16/06 19:55,0.0
08/16/06 20:00,0.0
08/16/06 20:05,0.0
08/16/06 20:10,0.0
08/16/06 20:15,0.0
08/16/06 20:20,0.0
08/16/06 20:25,0.0
08/16/06 20:30,0.0
08/16/06 20:35,0.0
08/16/06 20:40,0.0
08/16/06 20:45,0.0
08/16/06 20:50,0.0
08/16/06 20:55,0.0
08/16/06 21:00,0.0
08/16/06 21:05,0.0
08/16/06 21:10,0.0
08/16/06 21:15,0.0
08/16/06 21:20,0.0
08/16/06 21:25,0.0
08/16/06 21:30,0.0
08/16/06 21:35,0.0
08/16/06 21:40,0.0
08/16/06 21:45,0.0
08/16/06 21:50,0.0
08/16/06 21:55,0.0
08/16/06 22:00,0.0
08/16/06 22:05,0.0
08/16/06 22:10,0.0
08/16/06 22:15,0.0
08/16/06 22:20,0.0
08/16/06 22:25,0.0
08/16/06 22:30,0.0
08/16/06 22:35,0.0
08/16/06 22:40,0.0
08/16/06 22:45,0.0
08/16/06 22:50,0.0
08/16/06 22:55,0.0
08/16/06 23:00,0.0
08/16/06 23:05,0.0
08/16/06 23:10,0.0
08/16/06 23:15,0.0
08/16/06 23:20,0.0
08/16/06 23:25,0.0
08/16/06 23:30,0.0
08/16/06 23:35,0.0
08/16/06 23:40,0.0
08/16/06 23:45,0.0
08/16/06 23:50,0.0
08/16/06 23:55,0.0
08/17/06 00:00,0.0
08/17/06 00:05,0.0
08/17/06 00:10,0.0
08/17/06 00:15,0.0
08/17/06 00:20,0.0
08/17/06 00:25,0.0
08/17/06 00:30,0.0
08/17/06 00:35,0.0
08/17/06 00:40,0.0
08/17/06 00:45,0.0
08/17/06 00:50,0.0
08/17/06 00:55,0.0
08/17/06 01:00,0.0
08/17/06 01:05,0.0
08/17/06 01:10,0.0
08/17/06 01:15,0.0
08/17/06 01:20,0.0
08/17/06 01:25,0.0
08/17/06 01:30,0.0
08/17/06 01:35,0.0
08/17/06 01:40,0.0
08/17/06 01:45,0.0
08/17/06 01:50,0.0
08/17/06 01:55,0.0
08/17/06 02:00,0.0
08/17/06 02:05,0.0
08/17/06 02:10,0.0
08/17/06 02:15,0.0
08/17/06 02:20,0.0
08/17/06 02:25,0.0
08/17/06 02:30,0.0
08/17/06 02:35,0.0
08/17/06 02:40,0.0
08/17/06 02:45,0.0
08/17/06 02:50,0.0
08/17/06 02:55,0.0
08/17/06 03:00,0.0
08/17/06 03:05,0.0
08/17/06 03:10,0.0
08/17/06 03:15,0.0
08/17/06 03:20,0.0
08/17/06 03:25,0.0
08/17/06 03:30,0.0
08/17/06 03:35,0.0
08/17/06 03:40,0.0
08/17/06 03:45,0.0
08/17/06 03:50,0.0
08/17/06 03:55,0.0
08/17/06 04:00,0.0
08/17/06 04:05,0.0
08/17/06 04:10,0.0
08/17/06 04:15,0.0
08/17/06 04:20,0.0
08/17/06 04:25,0.0
08/17/06 04:30,0.0
08/17/06 04:35,0.0
08/17/06 04:40,0.0
08/17/06 04:45,0.0
08/17/06 04:50,0.0
08/17/06 04:55,0.0
08/17/06 05:00,0.0
08/17/06 05:05,0.0
08/17/06 05:10,0.0
08/17/06 05:15,0.0
08/17/06 05:20,0.0
08/17/06 05:25,0.0
08/17/06 05:30,0.0
08/17/06 05:35,0.0
08/17/06 05:40,0.0
08/17/06 05:45,0.0
08/17/06 05:50,0.0
08/17/06 05:55,0.0
08/17/06 06:00,0.0
08/17/06 06:05,0.1
08/17/06 06:10,0.3
08/17/06 06:15,0.5
08/17/06 06:20,1.0
08/17/06 06:25,1.7
08/17/06 06:30,2.9
08/17/06 06:35,3.7
08/17/06 06:40,4.2
08/17/06 06:45,4.7
08/17/06 06:50,5.2
08/17/06 06:55,5.7
08/17/06 07:00,6.3
08/17/06 07:05,6.7
08/17/06 07:10,7.2
08/17/06 07:15,7.7
08/17/06 07:20,8.1
08/17/06 07:25,8.5
08/17/06 07:30,8.9
08/17/06 07:35,9.4
08/17/06 07:40,9.9
08/17/06 07:45,10.5
08/17/06 07:50,11.0
08/17/06 07:55,11.6
08/17/06 08:00,12.2
08/17/06 08:05,12.8
08/17/06 08:10,13.4
08/17/06 08:15,14.1
08/17/06 08:20,14.8
08/17/06 08:25,15.4
08/17/06 08:30,16.0
08/17/06 08:35,16.5
08/17/06 08:40,16.8
08/17/06 08:45,17.2
08/17/06 08:50,17.5
08/17/06 08:55,18.0
08/17/06 09:00,18.6
08/17/06 09:05,19.0
08/17/06 09:10,19.3
08/17/06 09:15,19.7
08/17/06 09:20,20.0
08/17/06 09:25,20.2
08/17/06 09:30,20.4
08/17/06 09:35,20.8
08/17/06 09:40,20.9
08/17/06 09:45,20.2
08/17/06 09:50,19.6
08/17/06 09:55,19.0
08/17/06 10:00,18.5
08/17/06 10:05,17.8
08/17/06 10:10,16.5
08/17/06 10:15,16.8
08/17/06 10:20,17.9
08/17/06 10:25,17.9
08/17/06 10:30,17.6
08/17/06 10:35,17.1
08/17/06 10:40,17.0
08/17/06 10:45,18.4
08/17/06 10:50,19.5
08/17/06 10:55,20.4
08/17/06 11:00,21.2
08/17/06 11:05,22.0
08/17/06 11:10,23.3
08/17/06 11:15,24.0
08/17/06 11:20,24.2
08/17/06 11:25,24.0
08/17/06 11:30,23.4
08/17/06 11:35,22.5
08/17/06 11:40,21.0
08/17/06 11:45,17.0
08/17/06 11:50,15.4
08/17/06 11:55,17.8
08/17/06 12:00,19.6
08/17/06 12:05,19.4
08/17/06 12:10,20.7
08/17/06 12:15,21.7
08/17/06 12:20,22.8
08/17/06 12:25,23.7
08/17/06 12:30,24.2
08/17/06 12:35,24.3
08/17/06 12:40,24.6
08/17/06 12:45,24.5
08/17/06 12:50,24.4
08/17/06 12:55,24.2
08/17/06 13:00,24.1
08/17/06 13:05,23.9
08/17/06 13:10,23.6
08/17/06 13:15,23.4
08/17/06 13:20,23.4
08/17/06 13:25,23.2
08/17/06 13:30,22.3
08/17/06 13:35,21.5
08/17/06 13:40,21.2
08/17/06 13:45,20.5
08/17/06 13:50,20.1
08/17/06 13:55,19.9
08/17/06 14:00,19.6
08/17/06 14:05,19.1
08/17/06 14:10,18.8
08/17/06 14:15,18.1
08/17/06 14:20,14.6
08/17/06 14:25,11.6
08/17/06 14:30,14.0
08/17/06 14:35,16.9
08/17/06 14:40,17.9
08/17/06 14:45,17.6
08/17/06 14:50,15.1
08/17/06 14:55,13.8
08/17/06 15:00,15.2
08/17/06 15:05,14.7
08/17/06 15:10,14.3
08/17/06 15:15,14.7
08/17/06 15:20,14.2
08/17/06 15:25,11.5
08/17/06 15:30,11.1
08/17/06 15:35,11.9
08/17/06 15:40,12.5
08/17/06 15:45,10.6
08/17/06 15:50,6.7
08/17/06 15:55,4.7
08/17/06 16:00,6.5
08/17/06 16:05,7.3
08/17/06 16:10,6.2
08/17/06 16:15,6.5
08/17/06 16:20,7.1
08/17/06 16:25,7.3
08/17/06 16:30,7.2
08/17/06 16:35,7.0
08/17/06 16:40,6.7
08/17/06 16:45,6.3
08/17/06 16:50,5.9
08/17/06 16:55,5.4
08/17/06 17:00,5.0
08/17/06 17:05,4.7
08/17/06 17:10,4.3
08/17/06 17:15,3.9
08/17/06 17:20,3.4
08/17/06 17:25,1.9
08/17/06 17:30,1.1
08/17/06 17:35,0.6
08/17/06 17:40,0.3
08/17/06 17:45,0.1
08/17/06 17:50,0.1
08/17/06 17:55,0.0
08/17/06 18:00,0.0
08/17/06 18:05,0.0
08/17/06 18:10,0.0
08/17/06 18:15,0.0
08/17/06 18:20,0.0
08/17/06 18:25,0.0
08/17/06 18:30,0.0
08/17/06 18:35,0.0
08/17/06 18:40,0.0
08/17/06 18:45,0.0
08/17/06 18:50,0.0
08/17/06 18:55,0.0
08/17/06 19:00,0.0
08/17/06 19:05,0.0
08/17/06 19:10,0.0
08/17/06 19:15,0.0
08/17/06 19:20,0.0
08/17/06 19:25,0.0
08/17/06 19:30,0.0
08/17/06 19:35,0.0
08/17/06 19:40,0.0
08/17/06 19:45,0.0
08/17/06 19:50,0.0
08/17/06 19:55,0.0
08/17/06 20:00,0.0
08/17/06 20:05,0.0
08/17/06 20:10,0.0
08/17/06 20:15,0.0
08/17/06 20:20,0.0
08/17/06 20:25,0.0
08/17/06 20:30,0.0
08/17/06 20:35,0.0
08/17/06 20:40,0.0
08/17/06 20:45,0.0
08/17/06 20:50,0.0
08/17/06 20:55,0.0
08/17/06 21:00,0.0
08/17/06 21:05,0.0
08/17/06 21:10,0.0
08/17/06 21:15,0.0
08/17/06 21:20,0.0
08/17/06 21:25,0.0
08/17/06 21:30,0.0
08/17/06 21:35,0.0
08/17/06 21:40,0.0
08/17/06 21:45,0.0
08/17/06 21:50,0.0
08/17/06 21:55,0.0
08/17/06 22:00,0.0
08/17/06 22:05,0.0
08/17/06 22:10,0.0
08/17/06 22:15,0.0
08/17/06 22:20,0.0
08/17/06 22:25,0.0
08/17/06 22:30,0.0
08/17/06 22:35,0.0
08/17/06 22:40,0.0
08/17/06 22:45,0.0
08/17/06 22:50,0.0
08/17/06 22:55,0.0
08/17/06 23:00,0.0
08/17/06 23:05,0.0
08/17/06 23:10,0.0
08/17/06 23:15,0.0
08/17/06 23:20,0.0
08/17/06 23:25,0.0
08/17/06 23:30,0.0
08/17/06 23:35,0.0
08/17/06 23:40,0.0
08/17/06 23:45,0.0
08/17/06 23:50,0.0
08/17/06 23:55,0.0
08/18/06 00:00,0.0
08/18/06 00:05,0.0
08/18/06 00:10,0.0
08/18/06 00:15,0.0
08/18/06 00:20,0.0
08/18/06 00:25,0.0
08/18/06 00:30,0.0
08/18/06 00:35,0.0
08/18/06 00:40,0.0
08/18/06 00:45,0.0
08/18/06 00:50,0.0
08/18/06 00:55,0.0
08/18/06 01:00,0.0
08/18/06 01:05,0.0
08/18/06 01:10,0.0
08/18/06 01:15,0.0
08/18/06 01:20,0.0
08/18/06 01:25,0.0
08/18/06 01:30,0.0
08/18/06 01:35,0.0
08/18/06 01:40,0.0
08/18/06 01:45,0.0
08/18/06 01:50,0.0
08/18/06 01:55,0.0
08/18/06 02:00,0.0
08/18/06 02:05,0.0
08/18/06 02:10,0.0
08/18/06 02:15,0.0
08/18/06 02:20,0.0
08/18/06 02:25,0.0
08/18/06 02:30,0.0
08/18/06 02:35,0.0
08/18/06 02:40,0.0
08/18/06 02:45,0.0
08/18/06 02:50,0.0
08/18/06 02:55,0.0
08/18/06 03:00,0.0
08/18/06 03:05,0.0
08/18/06 03:10,0.0
08/18/06 03:15,0.0
08/18/06 03:20,0.0
08/18/06 03:25,0.0
08/18/06 03:30,0.0
08/18/06 03:35,0.0
08/18/06 03:40,0.0
08/18/06 03:45,0.0
08/18/06 03:50,0.0
08/18/06 03:55,0.0
08/18/06 04:00,0.0
08/18/06 04:05,0.0
08/18/06 04:10,0.0
08/18/06 04:15,0.0
08/18/06 04:20,0.0
08/18/06 04:25,0.0
08/18/06 04:30,0.0
08/18/06 04:35,0.0
08/18/06 04:40,0.0
08/18/06 04:45,0.0
08/18/06 04:50,0.0
08/18/06 04:55,0.0
08/18/06 05:00,0.0
08/18/06 05:05,0.0
08/18/06 05:10,0.0
08/18/06 05:15,0.0
08/18/06 05:20,0.0
08/18/06 05:25,0.0
08/18/06 05:30,0.0
08/18/06 05:35,0.0
08/18/06 05:40,0.0
08/18/06 05:45,0.0
08/18/06 05:50,0.0
08/18/06 05:55,0.0
08/18/06 06:00,0.0
08/18/06 06:05,0.1
08/18/06 06:10,0.3
08/18/06 06:15,0.5
08/18/06 06:20,0.9
08/18/06 06:25,1.5
08/18/06 06:30,2.5
08/18/06 06:35,3.5
08/18/06 06:40,3.9
08/18/06 06:45,4.3
08/18/06 06:50,4.7
08/18/06 06:55,5.1
08/18/06 07:00,5.5
08/18/06 07:05,5.9
08/18/06 07:10,6.4
08/18/06 07:15,7.0
08/18/06 07:20,7.7
08/18/06 07:25,8.4
08/18/06 07:30,9.0
08/18/06 07:35,9.5
08/18/06 07:40,10.1
08/18/06 07:45,10.7
08/18/06 07:50,11.3
08/18/06 07:55,12.0
08/18/06 08:00,12.6
08/18/06 08:05,13.3
08/18/06 08:10,13.9
08/18/06 08:15,14.5
08/18/06 08:20,15.2
08/18/06 08:25,15.8
08/18/06 08:30,16.5
08/18/06 08:35,17.0
08/18/06 08:40,17.6
08/18/06 08:45,18.1
08/18/06 08:50,18.6
08/18/06 08:55,19.0
08/18/06 09:00,19.4
08/18/06 09:05,20.4
08/18/06 09:10,21.3
08/18/06 09:15,21.5
08/18/06 09:20,21.5
08/18/06 09:25,21.5
08/18/06 09:30,21.7
08/18/06 09:35,21.9
08/18/06 09:40,22.1
08/18/06 09:45,22.4
08/18/06 09:50,22.9
08/18/06 09:55,23.4
08/18/06 10:00,23.8
08/18/06 10:05,24.1
08/18/06 10:10,24.3
08/18/06 10:15,24.6
08/18/06 10:20,25.4
08/18/06 10:25,26.3
08/18/06 10:30,26.8
08/18/06 10:35,27.3
08/18/06 10:40,27.7
08/18/06 10:45,27.8
08/18/06 10:50,27.9
08/18/06 10:55,27.9
08/18/06 11:00,28.1
08/18/06 11:05,28.2
08/18/06 11:10,27.8
08/18/06 11:15,27.3
08/18/06 11:20,26.5
08/18/06 11:25,25.9
08/18/06 11:30,25.3
08/18/06 11:35,25.0
08/18/06 11:40,24.7
08/18/06 11:45,24.4
08/18/06 11:50,24.3
08/18/06 11:55,24.3
08/18/06 12:00,24.1
08/18/06 12:05,23.9
08/18/06 12:10,23.7
08/18/06 12:15,22.5
08/18/06 12:20,20.5
08/18/06 12:25,18.8
08/18/06 12:30,17.8
08/18/06 12:35,17.0
08/18/06 12:40,16.1
08/18/06 12:45,16.1
08/18/06 12:50,16.1
08/18/06 12:55,16.1
08/18/06 13:00,16.9
08/18/06 13:05,17.8
08/18/06 13:10,18.5
08/18/06 13:15,18.5
08/18/06 13:20,18.9
08/18/06 13:25,19.9
08/18/06 13:30,17.2
08/18/06 13:35,14.9
08/18/06 13:40,15.8
08/18/06 13:45,15.3
08/18/06 13:50,15.2
08/18/06 13:55,15.4
08/18/06 14:00,14.9
08/18/06 14:05,13.9
08/18/06 14:10,13.8
08/18/06 14:15,15.9
08/18/06 14:20,17.1
08/18/06 14:25,17.5
08/18/06 14:30,15.6
08/18/06 14:35,14.6
08/18/06 14:40,15.5
08/18/06 14:45,12.5
08/18/06 14:50,11.2
08/18/06 14:55,12.7
08/18/06 15:00,14.3
08/18/06 15:05,14.4
08/18/06 15:10,14.5
08/18/06 15:15,14.3
08/18/06 15:20,13.6
08/18/06 15:25,12.6
08/18/06 15:30,9.6
08/18/06 15:35,6.9
08/18/06 15:40,5.3
08/18/06 15:45,5.3
08/18/06 15:50,6.8
08/18/06 15:55,8.2
08/18/06 16:00,9.6
08/18/06 16:05,10.3
08/18/06 16:10,9.1
08/18/06 16:15,8.0
08/18/06 16:20,7.9
08/18/06 16:25,6.4
08/18/06 16:30,4.4
08/18/06 16:35,4.0
08/18/06 16:40,3.9
08/18/06 16:45,3.9
08/18/06 16:50,3.7
08/18/06 16:55,2.5
08/18/06 17:00,2.2
08/18/06 17:05,2.9
08/18/06 17:10,3.1
08/18/06 17:15,2.8
08/18/06 17:20,1.8
08/18/06 17:25,1.1
08/18/06 17:30,0.7
08/18/06 17:35,0.4
08/18/06 17:40,0.2
08/18/06 17:45,0.1
08/18/06 17:50,0.0
08/18/06 17:55,0.0
08/18/06 18:00,0.0
08/18/06 18:05,0.0
08/18/06 18:10,0.0
08/18/06 18:15,0.0
08/18/06 18:20,0.0
08/18/06 18:25,0.0
08/18/06 18:30,0.0
08/18/06 18:35,0.0
08/18/06 18:40,0.0
08/18/06 18:45,0.0
08/18/06 18:50,0.0
08/18/06 18:55,0.0
08/18/06 19:00,0.0
08/18/06 19:05,0.0
08/18/06 19:10,0.0
08/18/06 19:15,0.0
08/18/06 19:20,0.0
08/18/06 19:25,0.0
08/18/06 19:30,0.0
08/18/06 19:35,0.0
08/18/06 19:40,0.0
08/18/06 19:45,0.0
08/18/06 19:50,0.0
08/18/06 19:55,0.0
08/18/06 20:00,0.0
08/18/06 20:05,0.0
08/18/06 20:10,0.0
08/18/06 20:15,0.0
08/18/06 20:20,0.0
08/18/06 20:25,0.0
08/18/06 20:30,0.0
08/18/06 20:35,0.0
08/18/06 20:40,0.0
08/18/06 20:45,0.0
08/18/06 20:50,0.0
08/18/06 20:55,0.0
08/18/06 21:00,0.0
08/18/06 21:05,0.0
08/18/06 21:10,0.0
08/18/06 21:15,0.0
08/18/06 21:20,0.0
08/18/06 21:25,0.0
08/18/06 21:30,0.0
08/18/06 21:35,0.0
08/18/06 21:40,0.0
08/18/06 21:45,0.0
08/18/06 21:50,0.0
08/18/06 21:55,0.0
08/18/06 22:00,0.0
08/18/06 22:05,0.0
08/18/06 22:10,0.0
08/18/06 22:15,0.0
08/18/06 22:20,0.0
08/18/06 22:25,0.0
08/18/06 22:30,0.0
08/18/06 22:35,0.0
08/18/06 22:40,0.0
08/18/06 22:45,0.0
08/18/06 22:50,0.0
08/18/06 22:55,0.0
08/18/06 23:00,0.0
08/18/06 23:05,0.0
08/18/06 23:10,0.0
08/18/06 23:15,0.0
08/18/06 23:20,0.0
08/18/06 23:25,0.0
08/18/06 23:30,0.0
08/18/06 23:35,0.0
08/18/06 23:40,0.0
08/18/06 23:45,0.0
08/18/06 23:50,0.0
08/18/06 23:55,0.0
08/19/06 00:00,0.0
08/19/06 00:05,0.0
08/19/06 00:10,0.0
08/19/06 00:15,0.0
08/19/06 00:20,0.0
08/19/06 00:25,0.0
08/19/06 00:30,0.0
08/19/06 00:35,0.0
08/19/06 00:40,0.0
08/19/06 00:45,0.0
08/19/06 00:50,0.0
08/19/06 00:55,0.0
08/19/06 01:00,0.0
08/19/06 01:05,0.0
08/19/06 01:10,0.0
08/19/06 01:15,0.0
08/19/06 01:20,0.0
08/19/06 01:25,0.0
08/19/06 01:30,0.0
08/19/06 01:35,0.0
08/19/06 01:40,0.0
08/19/06 01:45,0.0
08/19/06 01:50,0.0
08/19/06 01:55,0.0
08/19/06 02:00,0.0
08/19/06 02:05,0.0
08/19/06 02:10,0.0
08/19/06 02:15,0.0
08/19/06 02:20,0.0
08/19/06 02:25,0.0
08/19/06 02:30,0.0
08/19/06 02:35,0.0
08/19/06 02:40,0.0
08/19/06 02:45,0.0
08/19/06 02:50,0.0
08/19/06 02:55,0.0
08/19/06 03:00,0.0
08/19/06 03:05,0.0
08/19/06 03:10,0.0
08/19/06 03:15,0.0
08/19/06 03:20,0.0
08/19/06 03:25,0.0
08/19/06 03:30,0.0
08/19/06 03:35,0.0
08/19/06 03:40,0.0
08/19/06 03:45,0.0
08/19/06 03:50,0.0
08/19/06 03:55,0.0
08/19/06 04:00,0.0
08/19/06 04:05,0.0
08/19/06 04:10,0.0
08/19/06 04:15,0.0
08/19/06 04:20,0.0
08/19/06 04:25,0.0
08/19/06 04:30,0.0
08/19/06 04:35,0.0
08/19/06 04:40,0.0
08/19/06 04:45,0.0
08/19/06 04:50,0.0
08/19/06 04:55,0.0
08/19/06 05:00,0.0
08/19/06 05:05,0.0
08/19/06 05:10,0.0
08/19/06 05:15,0.0
08/19/06 05:20,0.0
08/19/06 05:25,0.0
08/19/06 05:30,0.0
08/19/06 05:35,0.0
08/19/06 05:40,0.0
08/19/06 05:45,0.0
08/19/06 05:50,0.0
08/19/06 05:55,0.1
08/19/06 06:00,0.1
08/19/06 06:05,0.2
08/19/06 06:10,0.4
08/19/06 06:15,0.6
08/19/06 06:20,0.8
08/19/06 06:25,1.2
08/19/06 06:30,2.0
08/19/06 06:35,3.1
08/19/06 06:40,3.8
08/19/06 06:45,4.3
08/19/06 06:50,4.9
08/19/06 06:55,5.4
08/19/06 07:00,5.8
08/19/06 07:05,6.3
08/19/06 07:10,6.7
08/19/06 07:15,7.2
08/19/06 07:20,7.7
08/19/06 07:25,8.2
08/19/06 07:30,8.8
08/19/06 07:35,9.3
08/19/06 07:40,9.8
08/19/06 07:45,10.4
08/19/06 07:50,11.0
08/19/06 07:55,11.8
08/19/06 08:00,12.5
08/19/06 08:05,13.3
08/19/06 08:10,14.0
08/19/06 08:15,14.7
08/19/06 08:20,15.3
08/19/06 08:25,15.8
08/19/06 08:30,16.3
08/19/06 08:35,16.8
08/19/06 08:40,17.4
08/19/06 08:45,18.0
08/19/06 08:50,18.5
08/19/06 08:55,18.9
08/19/06 09:00,19.4
08/19/06 09:05,19.9
08/19/06 09:10,20.2
08/19/06 09:15,20.4
08/19/06 09:20,20.3
08/19/06 09:25,20.3
08/19/06 09:30,20.4
08/19/06 09:35,20.3
08/19/06 09:40,20.4
08/19/06 09:45,20.5
08/19/06 09:50,20.6
08/19/06 09:55,20.7
08/19/06 10:00,21.0
08/19/06 10:05,21.4
08/19/06 10:10,21.7
08/19/06 10:15,22.1
08/19/06 10:20,22.7
08/19/06 10:25,23.3
08/19/06 10:30,23.9
08/19/06 10:35,24.4
08/19/06 10:40,25.0
08/19/06 10:45,25.6
08/19/06 10:50,26.0
08/19/06 10:55,26.3
08/19/06 11:00,26.5
08/19/06 11:05,26.6
08/19/06 11:10,26.7
08/19/06 11:15,26.6
08/19/06 11:20,25.5
08/19/06 11:25,23.0
08/19/06 11:30,21.0
08/19/06 11:35,20.2
08/19/06 11:40,21.8
08/19/06 11:45,22.1
08/19/06 11:50,22.5
08/19/06 11:55,22.9
08/19/06 12:00,20.2
08/19/06 12:05,16.1
08/19/06 12:10,14.3
08/19/06 12:15,17.0
08/19/06 12:20,19.3
08/19/06 12:25,20.3
08/19/06 12:30,20.8
08/19/06 12:35,21.3
08/19/06 12:40,21.5
08/19/06 12:45,21.3
08/19/06 12:50,21.0
08/19/06 12:55,20.7
08/19/06 13:00,20.3
08/19/06 13:05,19.7
08/19/06 13:10,19.5
08/19/06 13:15,20.4
08/19/06 13:20,21.9
08/19/06 13:25,22.5
08/19/06 13:30,22.2
08/19/06 13:35,21.8
08/19/06 13:40,21.1
08/19/06 13:45,20.9
08/19/06 13:50,20.9
08/19/06 13:55,21.3
08/19/06 14:00,22.3
08/19/06 14:05,23.1
08/19/06 14:10,23.6
08/19/06 14:15,22.9
08/19/06 14:20,21.7
08/19/06 14:25,20.8
08/19/06 14:30,20.1
08/19/06 14:35,19.5
08/19/06 14:40,19.0
08/19/06 14:45,18.5
08/19/06 14:50,18.0
08/19/06 14:55,17.4
08/19/06 15:00,16.8
08/19/06 15:05,16.2
08/19/06 15:10,15.8
08/19/06 15:15,15.2
08/19/06 15:20,14.7
08/19/06 15:25,13.6
08/19/06 15:30,13.8
08/19/06 15:35,13.2
08/19/06 15:40,12.7
08/19/06 15:45,11.8
08/19/06 15:50,9.9
08/19/06 15:55,9.6
08/19/06 16:00,9.1
08/19/06 16:05,9.1
08/19/06 16:10,9.0
08/19/06 16:15,8.6
08/19/06 16:20,8.4
08/19/06 16:25,8.1
08/19/06 16:30,7.7
08/19/06 16:35,7.3
08/19/06 16:40,6.8
08/19/06 16:45,6.2
08/19/06 16:50,5.8
08/19/06 16:55,5.3
08/19/06 17:00,5.0
08/19/06 17:05,4.6
08/19/06 17:10,4.2
08/19/06 17:15,3.7
08/19/06 17:20,2.9
08/19/06 17:25,1.6
08/19/06 17:30,0.9
08/19/06 17:35,0.5
08/19/06 17:40,0.2
08/19/06 17:45,0.1
08/19/06 17:50,0.0
08/19/06 17:55,0.0
08/19/06 18:00,0.0
08/19/06 18:05,0.0
08/19/06 18:10,0.0
08/19/06 18:15,0.0
08/19/06 18:20,0.0
08/19/06 18:25,0.0
08/19/06 18:30,0.0
08/19/06 18:35,0.0
08/19/06 18:40,0.0
08/19/06 18:45,0.0
08/19/06 18:50,0.0
08/19/06 18:55,0.0
08/19/06 19:00,0.0
08/19/06 19:05,0.0
08/19/06 19:10,0.0
08/19/06 19:15,0.0
08/19/06 19:20,0.0
08/19/06 19:25,0.0
08/19/06 19:30,0.0
08/19/06 19:35,0.0
08/19/06 19:40,0.0
08/19/06 19:45,0.0
08/19/06 19:50,0.0
08/19/06 19:55,0.0
08/19/06 20:00,0.0
08/19/06 20:05,0.0
08/19/06 20:10,0.0
08/19/06 20:15,0.0
08/19/06 20:20,0.0
08/19/06 20:25,0.0
08/19/06 20:30,0.0
08/19/06 20:35,0.0
08/19/06 20:40,0.0
08/19/06 20:45,0.0
08/19/06 20:50,0.0
08/19/06 20:55,0.0
08/19/06 21:00,0.0
08/19/06 21:05,0.0
08/19/06 21:10,0.0
08/19/06 21:15,0.0
08/19/06 21:20,0.0
08/19/06 21:25,0.0
08/19/06 21:30,0.0
08/19/06 21:35,0.0
08/19/06 21:40,0.0
08/19/06 21:45,0.0
08/19/06 21:50,0.0
08/19/06 21:55,0.0
08/19/06 22:00,0.0
08/19/06 22:05,0.0
08/19/06 22:10,0.0
08/19/06 22:15,0.0
08/19/06 22:20,0.0
08/19/06 22:25,0.0
08/19/06 22:30,0.0
08/19/06 22:35,0.0
08/19/06 22:40,0.0
08/19/06 22:45,0.0
08/19/06 22:50,0.0
08/19/06 22:55,0.0
08/19/06 23:00,0.0
08/19/06 23:05,0.0
08/19/06 23:10,0.0
08/19/06 23:15,0.0
08/19/06 23:20,0.0
08/19/06 23:25,0.0
08/19/06 23:30,0.0
08/19/06 23:35,0.0
08/19/06 23:40,0.0
08/19/06 23:45,0.0
08/19/06 23:50,0.0
08/19/06 23:55,0.0
08/20/06 00:00,0.0
08/20/06 00:05,0.0
08/20/06 00:10,0.0
08/20/06 00:15,0.0
08/20/06 00:20,0.0
08/20/06 00:25,0.0
08/20/06 00:30,0.0
08/20/06 00:35,0.0
08/20/06 00:40,0.0
08/20/06 00:45,0.0
08/20/06 00:50,0.0
08/20/06 00:55,0.0
08/20/06 01:00,0.0
08/20/06 01:05,0.0
08/20/06 01:10,0.0
08/20/06 01:15,0.0
08/20/06 01:20,0.0
08/20/06 01:25,0.0
08/20/06 01:30,0.0
08/20/06 01:35,0.0
08/20/06 01:40,0.0
08/20/06 01:45,0.0
08/20/06 01:50,0.0
08/20/06 01:55,0.0
08/20/06 02:00,0.0
08/20/06 02:05,0.0
08/20/06 02:10,0.0
08/20/06 02:15,0.0
08/20/06 02:20,0.0
08/20/06 02:25,0.0
08/20/06 02:30,0.0
08/20/06 02:35,0.0
08/20/06 02:40,0.0
08/20/06 02:45,0.0
08/20/06 02:50,0.0
08/20/06 02:55,0.0
08/20/06 03:00,0.0
08/20/06 03:05,0.0
08/20/06 03:10,0.0
08/20/06 03:15,0.0
08/20/06 03:20,0.0
08/20/06 03:25,0.0
08/20/06 03:30,0.0
08/20/06 03:35,0.0
08/20/06 03:40,0.0
08/20/06 03:45,0.0
08/20/06 03:50,0.0
08/20/06 03:55,0.0
08/20/06 04:00,0.0
08/20/06 04:05,0.0
08/20/06 04:10,0.0
08/20/06 04:15,0.0
08/20/06 04:20,0.0
08/20/06 04:25,0.0
08/20/06 04:30,0.0
08/20/06 04:35,0.0
08/20/06 04:40,0.0
08/20/06 04:45,0.0
08/20/06 04:50,0.0
08/20/06 04:55,0.0
08/20/06 05:00,0.0
08/20/06 05:05,0.0
08/20/06 05:10,0.0
08/20/06 05:15,0.0
08/20/06 05:20,0.0
08/20/06 05:25,0.0
08/20/06 05:30,0.0
08/20/06 05:35,0.0
08/20/06 05:40,0.0
08/20/06 05:45,0.0
08/20/06 05:50,0.0
08/20/06 05:55,0.0
08/20/06 06:00,0.0
08/20/06 06:05,0.0
08/20/06 06:10,0.2
08/20/06 06:15,0.4
08/20/06 06:20,0.8
08/20/06 06:25,1.5
08/20/06 06:30,2.6
08/20/06 06:35,3.6
08/20/06 06:40,4.1
08/20/06 06:45,4.6
08/20/06 06:50,5.3
08/20/06 06:55,5.9
08/20/06 07:00,6.6
08/20/06 07:05,7.2
08/20/06 07:10,7.6
08/20/06 07:15,7.9
08/20/06 07:20,8.2
08/20/06 07:25,8.6
08/20/06 07:30,9.1
08/20/06 07:35,9.7
08/20/06 07:40,10.4
08/20/06 07:45,11.1
08/20/06 07:50,11.8
08/20/06 07:55,12.6
08/20/06 08:00,13.3
08/20/06 08:05,13.9
08/20/06 08:10,14.4
08/20/06 08:15,14.9
08/20/06 08:20,15.3
08/20/06 08:25,15.8
08/20/06 08:30,16.4
08/20/06 08:35,16.7
08/20/06 08:40,16.9
08/20/06 08:45,17.2
08/20/06 08:50,17.4
08/20/06 08:55,17.6
08/20/06 09:00,17.7
08/20/06 09:05,18.1
08/20/06 09:10,18.6
08/20/06 09:15,19.2
08/20/06 09:20,19.8
08/20/06 09:25,20.3
08/20/06 09:30,21.0
08/20/06 09:35,21.7
08/20/06 09:40,22.4
08/20/06 09:45,23.0
08/20/06 09:50,23.5
08/20/06 09:55,24.1
08/20/06 10:00,24.5
08/20/06 10:05,24.7
08/20/06 10:10,25.0
08/20/06 10:15,24.9
08/20/06 10:20,24.6
08/20/06 10:25,24.5
08/20/06 10:30,24.3
08/20/06 10:35,24.3
08/20/06 10:40,24.3
08/20/06 10:45,24.3
08/20/06 10:50,24.5
08/20/06 10:55,24.5
08/20/06 11:00,24.7
08/20/06 11:05,24.8
08/20/06 11:10,24.9
08/20/06 11:15,24.9
08/20/06 11:20,24.8
08/20/06 11:25,24.5
08/20/06 11:30,23.4
08/20/06 11:35,22.3
08/20/06 11:40,21.0
08/20/06 11:45,19.7
08/20/06 11:50,18.8
08/20/06 11:55,18.2
08/20/06 12:00,17.5
08/20/06 12:05,16.9
08/20/06 12:10,16.6
08/20/06 12:15,18.1
08/20/06 12:20,19.4
08/20/06 12:25,19.9
08/20/06 12:30,20.0
08/20/06 12:35,19.7
08/20/06 12:40,19.1
08/20/06 12:45,18.5
08/20/06 12:50,17.9
08/20/06 12:55,17.5
08/20/06 13:00,16.7
08/20/06 13:05,15.4
08/20/06 13:10,13.6
08/20/06 13:15,13.3
08/20/06 13:20,14.4
08/20/06 13:25,15.3
08/20/06 13:30,16.2
08/20/06 13:35,17.0
08/20/06 13:40,17.7
08/20/06 13:45,18.2
08/20/06 13:50,18.7
08/20/06 13:55,19.1
08/20/06 14:00,19.5
08/20/06 14:05,19.9
08/20/06 14:10,20.2
08/20/06 14:15,19.5
08/20/06 14:20,16.2
08/20/06 14:25,14.5
08/20/06 14:30,13.0
08/20/06 14:35,12.5
08/20/06 14:40,13.5
08/20/06 14:45,14.8
08/20/06 14:50,14.9
08/20/06 14:55,15.5
08/20/06 15:00,13.7
08/20/06 15:05,12.1
08/20/06 15:10,11.4
08/20/06 15:15,12.4
08/20/06 15:20,13.1
08/20/06 15:25,12.8
08/20/06 15:30,11.8
08/20/06 15:35,11.7
08/20/06 15:40,11.9
08/20/06 15:45,11.8
08/20/06 15:50,11.4
08/20/06 15:55,10.7
08/20/06 16:00,9.1
08/20/06 16:05,7.0
08/20/06 16:10,7.1
08/20/06 16:15,7.7
08/20/06 16:20,8.0
08/20/06 16:25,7.9
08/20/06 16:30,7.6
08/20/06 16:35,7.1
08/20/06 16:40,6.7
08/20/06 16:45,6.2
08/20/06 16:50,5.8
08/20/06 16:55,5.4
08/20/06 17:00,4.9
08/20/06 17:05,4.5
08/20/06 17:10,4.0
08/20/06 17:15,3.6
08/20/06 17:20,2.6
08/20/06 17:25,1.6
08/20/06 17:30,0.9
08/20/06 17:35,0.5
08/20/06 17:40,0.2
08/20/06 17:45,0.1
08/20/06 17:50,0.0
08/20/06 17:55,0.0
08/20/06 18:00,0.0
08/20/06 18:05,0.0
08/20/06 18:10,0.0
08/20/06 18:15,0.0
08/20/06 18:20,0.0
08/20/06 18:25,0.0
08/20/06 18:30,0.0
08/20/06 18:35,0.0
08/20/06 18:40,0.0
08/20/06 18:45,0.0
08/20/06 18:50,0.0
08/20/06 18:55,0.0
08/20/06 19:00,0.0
08/20/06 19:05,0.0
08/20/06 19:10,0.0
08/20/06 19:15,0.0
08/20/06 19:20,0.0
08/20/06 19:25,0.0
08/20/06 19:30,0.0
08/20/06 19:35,0.0
08/20/06 19:40,0.0
08/20/06 19:45,0.0
08/20/06 19:50,0.0
08/20/06 19:55,0.0
08/20/06 20:00,0.0
08/20/06 20:05,0.0
08/20/06 20:10,0.0
08/20/06 20:15,0.0
08/20/06 20:20,0.0
08/20/06 20:25,0.0
08/20/06 20:30,0.0
08/20/06 20:35,0.0
08/20/06 20:40,0.0
08/20/06 20:45,0.0
08/20/06 20:50,0.0
08/20/06 20:55,0.0
08/20/06 21:00,0.0
08/20/06 21:05,0.0
08/20/06 21:10,0.0
08/20/06 21:15,0.0
08/20/06 21:20,0.0
08/20/06 21:25,0.0
08/20/06 21:30,0.0
08/20/06 21:35,0.0
08/20/06 21:40,0.0
08/20/06 21:45,0.0
08/20/06 21:50,0.0
08/20/06 21:55,0.0
08/20/06 22:00,0.0
08/20/06 22:05,0.0
08/20/06 22:10,0.0
08/20/06 22:15,0.0
08/20/06 22:20,0.0
08/20/06 22:25,0.0
08/20/06 22:30,0.0
08/20/06 22:35,0.0
08/20/06 22:40,0.0
08/20/06 22:45,0.0
08/20/06 22:50,0.0
08/20/06 22:55,0.0
08/20/06 23:00,0.0
08/20/06 23:05,0.0
08/20/06 23:10,0.0
08/20/06 23:15,0.0
08/20/06 23:20,0.0
08/20/06 23:25,0.0
08/20/06 23:30,0.0
08/20/06 23:35,0.0
08/20/06 23:40,0.0
08/20/06 23:45,0.0
08/20/06 23:50,0.0
08/20/06 23:55,0.0
08/21/06 00:00,0.0
08/21/06 00:05,0.0
08/21/06 00:10,0.0
08/21/06 00:15,0.0
08/21/06 00:20,0.0
08/21/06 00:25,0.0
08/21/06 00:30,0.0
08/21/06 00:35,0.0
08/21/06 00:40,0.0
08/21/06 00:45,0.0
08/21/06 00:50,0.0
08/21/06 00:55,0.0
08/21/06 01:00,0.0
08/21/06 01:05,0.0
08/21/06 01:10,0.0
08/21/06 01:15,0.0
08/21/06 01:20,0.0
08/21/06 01:25,0.0
08/21/06 01:30,0.0
08/21/06 01:35,0.0
08/21/06 01:40,0.0
08/21/06 01:45,0.0
08/21/06 01:50,0.0
08/21/06 01:55,0.0
08/21/06 02:00,0.0
08/21/06 02:05,0.0
08/21/06 02:10,0.0
08/21/06 02:15,0.0
08/21/06 02:20,0.0
08/21/06 02:25,0.0
08/21/06 02:30,0.0
08/21/06 02:35,0.0
08/21/06 02:40,0.0
08/21/06 02:45,0.0
08/21/06 02:50,0.0
08/21/06 02:55,0.0
08/21/06 03:00,0.0
08/21/06 03:05,0.0
08/21/06 03:10,0.0
08/21/06 03:15,0.0
08/21/06 03:20,0.0
08/21/06 03:25,0.0
08/21/06 03:30,0.0
08/21/06 03:35,0.0
08/21/06 03:40,0.0
08/21/06 03:45,0.0
08/21/06 03:50,0.0
08/21/06 03:55,0.0
08/21/06 04:00,0.0
08/21/06 04:05,0.0
08/21/06 04:10,0.0
08/21/06 04:15,0.0
08/21/06 04:20,0.0
08/21/06 04:25,0.0
08/21/06 04:30,0.0
08/21/06 04:35,0.0
08/21/06 04:40,0.0
08/21/06 04:45,0.0
08/21/06 04:50,0.0
08/21/06 04:55,0.0
08/21/06 05:00,0.0
08/21/06 05:05,0.0
08/21/06 05:10,0.0
08/21/06 05:15,0.0
08/21/06 05:20,0.0
08/21/06 05:25,0.0
08/21/06 05:30,0.0
08/21/06 05:35,0.0
08/21/06 05:40,0.0
08/21/06 05:45,0.0
08/21/06 05:50,0.0
08/21/06 05:55,0.0
08/21/06 06:00,0.1
08/21/06 06:05,0.1
08/21/06 06:10,0.2
08/21/06 06:15,0.3
08/21/06 06:20,0.7
08/21/06 06:25,1.2
08/21/06 06:30,1.9
08/21/06 06:35,2.4
08/21/06 06:40,3.4
08/21/06 06:45,3.6
08/21/06 06:50,2.8
08/21/06 06:55,1.5
08/21/06 07:00,2.7
08/21/06 07:05,4.3
08/21/06 07:10,5.4
08/21/06 07:15,5.9
08/21/06 07:20,6.0
08/21/06 07:25,6.4
08/21/06 07:30,7.5
08/21/06 07:35,8.5
08/21/06 07:40,9.2
08/21/06 07:45,8.0
08/21/06 07:50,6.3
08/21/06 07:55,5.1
08/21/06 08:00,4.4
08/21/06 08:05,4.2
08/21/06 08:10,4.1
08/21/06 08:15,6.4
08/21/06 08:20,9.5
08/21/06 08:25,10.6
08/21/06 08:30,12.4
08/21/06 08:35,13.4
08/21/06 08:40,14.7
08/21/06 08:45,15.5
08/21/06 08:50,15.1
08/21/06 08:55,14.3
08/21/06 09:00,13.6
08/21/06 09:05,13.1
08/21/06 09:10,12.9
08/21/06 09:15,14.6
08/21/06 09:20,16.6
08/21/06 09:25,18.1
08/21/06 09:30,19.2
08/21/06 09:35,20.0
08/21/06 09:40,20.6
08/21/06 09:45,21.1
08/21/06 09:50,21.6
08/21/06 09:55,21.9
08/21/06 10:00,22.3
08/21/06 10:05,22.6
08/21/06 10:10,23.0
08/21/06 10:15,22.9
08/21/06 10:20,20.9
08/21/06 10:25,18.1
08/21/06 10:30,16.3
08/21/06 10:35,16.1
08/21/06 10:40,18.4
08/21/06 10:45,19.7
08/21/06 10:50,21.9
08/21/06 10:55,21.7
08/21/06 11:00,19.4
08/21/06 11:05,19.6
08/21/06 11:10,19.1
08/21/06 11:15,18.8
08/21/06 11:20,16.3
08/21/06 11:25,18.3
08/21/06 11:30,20.7
08/21/06 11:35,22.5
08/21/06 11:40,23.7
08/21/06 11:45,24.3
08/21/06 11:50,24.5
08/21/06 11:55,24.6
08/21/06 12:00,24.4
08/21/06 12:05,24.5
08/21/06 12:10,24.7
08/21/06 12:15,24.2
08/21/06 12:20,19.3
08/21/06 12:25,14.0
08/21/06 12:30,12.1
08/21/06 12:35,10.6
08/21/06 12:40,10.5
08/21/06 12:45,15.6
08/21/06 12:50,19.9
08/21/06 12:55,21.3
08/21/06 13:00,21.4
08/21/06 13:05,20.3
08/21/06 13:10,21.5
08/21/06 13:15,22.6
08/21/06 13:20,22.9
08/21/06 13:25,22.5
08/21/06 13:30,21.3
08/21/06 13:35,20.4
08/21/06 13:40,19.3
08/21/06 13:45,17.5
08/21/06 13:50,15.7
08/21/06 13:55,14.2
08/21/06 14:00,13.2
08/21/06 14:05,12.7
08/21/06 14:10,11.9
08/21/06 14:15,12.3
08/21/06 14:20,13.2
08/21/06 14:25,13.3
08/21/06 14:30,12.9
08/21/06 14:35,11.9
08/21/06 14:40,10.9
08/21/06 14:45,9.8
08/21/06 14:50,8.4
08/21/06 14:55,7.1
08/21/06 15:00,5.7
08/21/06 15:05,4.5
08/21/06 15:10,3.7
08/21/06 15:15,2.9
08/21/06 15:20,1.5
08/21/06 15:25,1.2
08/21/06 15:30,1.8
08/21/06 15:35,2.0
08/21/06 15:40,2.1
08/21/06 15:45,2.3
08/21/06 15:50,2.5
08/21/06 15:55,2.4
08/21/06 16:00,2.2
08/21/06 16:05,1.9
08/21/06 16:10,1.6
08/21/06 16:15,1.0
08/21/06 16:20,0.5
08/21/06 16:25,0.3
08/21/06 16:30,0.2
08/21/06 16:35,0.2
08/21/06 16:40,0.2
08/21/06 16:45,0.2
08/21/06 16:50,0.1
08/21/06 16:55,0.1
08/21/06 17:00,0.1
08/21/06 17:05,0.1
08/21/06 17:10,0.1
08/21/06 17:15,0.1
08/21/06 17:20,0.0
08/21/06 17:25,0.0
08/21/06 17:30,0.0
08/21/06 17:35,0.0
08/21/06 17:40,0.0
08/21/06 17:45,0.0
08/21/06 17:50,0.0
08/21/06 17:55,0.0
08/21/06 18:00,0.0
08/21/06 18:05,0.0
08/21/06 18:10,0.0
08/21/06 18:15,0.0
08/21/06 18:20,0.0
08/21/06 18:25,0.0
08/21/06 18:30,0.0
08/21/06 18:35,0.0
08/21/06 18:40,0.0
08/21/06 18:45,0.0
08/21/06 18:50,0.0
08/21/06 18:55,0.0
08/21/06 19:00,0.0
08/21/06 19:05,0.0
08/21/06 19:10,0.0
08/21/06 19:15,0.0
08/21/06 19:20,0.0
08/21/06 19:25,0.0
08/21/06 19:30,0.0
08/21/06 19:35,0.0
08/21/06 19:40,0.0
08/21/06 19:45,0.0
08/21/06 19:50,0.0
08/21/06 19:55,0.0
08/21/06 20:00,0.0
08/21/06 20:05,0.0
08/21/06 20:10,0.0
08/21/06 20:15,0.0
08/21/06 20:20,0.0
08/21/06 20:25,0.0
08/21/06 20:30,0.0
08/21/06 20:35,0.0
08/21/06 20:40,0.0
08/21/06 20:45,0.0
08/21/06 20:50,0.0
08/21/06 20:55,0.0
08/21/06 21:00,0.0
08/21/06 21:05,0.0
08/21/06 21:10,0.0
08/21/06 21:15,0.0
08/21/06 21:20,0.0
08/21/06 21:25,0.0
08/21/06 21:30,0.0
08/21/06 21:35,0.0
08/21/06 21:40,0.0
08/21/06 21:45,0.0
08/21/06 21:50,0.0
08/21/06 21:55,0.0
08/21/06 22:00,0.0
08/21/06 22:05,0.0
08/21/06 22:10,0.0
08/21/06 22:15,0.0
08/21/06 22:20,0.0
08/21/06 22:25,0.0
08/21/06 22:30,0.0
08/21/06 22:35,0.0
08/21/06 22:40,0.0
08/21/06 22:45,0.0
08/21/06 22:50,0.0
08/21/06 22:55,0.0
08/21/06 23:00,0.0
08/21/06 23:05,0.0
08/21/06 23:10,0.0
08/21/06 23:15,0.0
08/21/06 23:20,0.0
08/21/06 23:25,0.0
08/21/06 23:30,0.0
08/21/06 23:35,0.0
08/21/06 23:40,0.0
08/21/06 23:45,0.0
08/21/06 23:50,0.0
08/21/06 23:55,0.0
08/22/06 00:00,0.0
08/22/06 00:05,0.0
08/22/06 00:10,0.0
08/22/06 00:15,0.0
08/22/06 00:20,0.0
08/22/06 00:25,0.0
08/22/06 00:30,0.0
08/22/06 00:35,0.0
08/22/06 00:40,0.0
08/22/06 00:45,0.0
08/22/06 00:50,0.0
08/22/06 00:55,0.0
08/22/06 01:00,0.0
08/22/06 01:05,0.0
08/22/06 01:10,0.0
08/22/06 01:15,0.0
08/22/06 01:20,0.0
08/22/06 01:25,0.0
08/22/06 01:30,0.0
08/22/06 01:35,0.0
08/22/06 01:40,0.0
08/22/06 01:45,0.0
08/22/06 01:50,0.0
08/22/06 01:55,0.0
08/22/06 02:00,0.0
08/22/06 02:05,0.0
08/22/06 02:10,0.0
08/22/06 02:15,0.0
08/22/06 02:20,0.0
08/22/06 02:25,0.0
08/22/06 02:30,0.0
08/22/06 02:35,0.0
08/22/06 02:40,0.0
08/22/06 02:45,0.0
08/22/06 02:50,0.0
08/22/06 02:55,0.0
08/22/06 03:00,0.0
08/22/06 03:05,0.0
08/22/06 03:10,0.0
08/22/06 03:15,0.0
08/22/06 03:20,0.0
08/22/06 03:25,0.0
08/22/06 03:30,0.0
08/22/06 03:35,0.0
08/22/06 03:40,0.0
08/22/06 03:45,0.0
08/22/06 03:50,0.0
08/22/06 03:55,0.0
08/22/06 04:00,0.0
08/22/06 04:05,0.0
08/22/06 04:10,0.0
08/22/06 04:15,0.0
08/22/06 04:20,0.0
08/22/06 04:25,0.0
08/22/06 04:30,0.0
08/22/06 04:35,0.0
08/22/06 04:40,0.0
08/22/06 04:45,0.0
08/22/06 04:50,0.0
08/22/06 04:55,0.0
08/22/06 05:00,0.0
08/22/06 05:05,0.0
08/22/06 05:10,0.0
08/22/06 05:15,0.0
08/22/06 05:20,0.0
08/22/06 05:25,0.0
08/22/06 05:30,0.0
08/22/06 05:35,0.0
08/22/06 05:40,0.0
08/22/06 05:45,0.0
08/22/06 05:50,0.0
08/22/06 05:55,0.0
08/22/06 06:00,0.1
08/22/06 06:05,0.2
08/22/06 06:10,0.3
08/22/06 06:15,0.6
08/22/06 06:20,0.9
08/22/06 06:25,1.4
08/22/06 06:30,2.2
08/22/06 06:35,3.4
08/22/06 06:40,3.9
08/22/06 06:45,4.3
08/22/06 06:50,4.7
08/22/06 06:55,5.2
08/22/06 07:00,5.7
08/22/06 07:05,6.2
08/22/06 07:10,6.7
08/22/06 07:15,7.1
08/22/06 07:20,7.7
08/22/06 07:25,8.5
08/22/06 07:30,9.2
08/22/06 07:35,10.1
08/22/06 07:40,10.9
08/22/06 07:45,11.2
08/22/06 07:50,11.6
08/22/06 07:55,11.5
08/22/06 08:00,11.2
08/22/06 08:05,11.2
08/22/06 08:10,11.2
08/22/06 08:15,9.8
08/22/06 08:20,9.1
08/22/06 08:25,8.7
08/22/06 08:30,8.5
08/22/06 08:35,8.5
08/22/06 08:40,8.6
08/22/06 08:45,8.8
08/22/06 08:50,9.1
08/22/06 08:55,9.3
08/22/06 09:00,9.5
08/22/06 09:05,9.6
08/22/06 09:10,10.0
08/22/06 09:15,10.3
08/22/06 09:20,10.6
08/22/06 09:25,10.6
08/22/06 09:30,10.3
08/22/06 09:35,10.2
08/22/06 09:40,9.8
08/22/06 09:45,9.4
08/22/06 09:50,8.9
08/22/06 09:55,8.5
08/22/06 10:00,8.2
08/22/06 10:05,7.8
08/22/06 10:10,7.4
08/22/06 10:15,7.3
08/22/06 10:20,7.9
08/22/06 10:25,8.4
08/22/06 10:30,9.0
08/22/06 10:35,9.7
08/22/06 10:40,9.9
08/22/06 10:45,9.4
08/22/06 10:50,9.2
08/22/06 10:55,9.5
08/22/06 11:00,10.3
08/22/06 11:05,11.3
08/22/06 11:10,11.6
08/22/06 11:15,13.7
08/22/06 11:20,16.6
08/22/06 11:25,17.8
08/22/06 11:30,18.0
08/22/06 11:35,17.7
08/22/06 11:40,16.9
08/22/06 11:45,15.9
08/22/06 11:50,14.6
08/22/06 11:55,13.1
08/22/06 12:00,11.6
08/22/06 12:05,10.3
08/22/06 12:10,8.9
08/22/06 12:15,8.5
08/22/06 12:20,10.8
08/22/06 12:25,9.9
08/22/06 12:30,7.3
08/22/06 12:35,6.0
08/22/06 12:40,5.3
08/22/06 12:45,5.0
08/22/06 12:50,6.9
08/22/06 12:55,10.4
08/22/06 13:00,11.1
08/22/06 13:05,14.2
08/22/06 13:10,13.2
08/22/06 13:15,10.4
08/22/06 13:20,8.7
08/22/06 13:25,7.6
08/22/06 13:30,6.9
08/22/06 13:35,6.6
08/22/06 13:40,6.3
08/22/06 13:45,6.1
08/22/06 13:50,5.9
08/22/06 13:55,6.0
08/22/06 14:00,6.0
08/22/06 14:05,5.9
08/22/06 14:10,5.7
08/22/06 14:15,6.6
08/22/06 14:20,7.4
08/22/06 14:25,7.1
08/22/06 14:30,6.8
08/22/06 14:35,7.8
08/22/06 14:40,10.2
08/22/06 14:45,12.7
08/22/06 14:50,13.8
08/22/06 14:55,14.6
08/22/06 15:00,14.5
08/22/06 15:05,10.8
08/22/06 15:10,9.0
08/22/06 15:15,7.0
08/22/06 15:20,7.7
08/22/06 15:25,9.0
08/22/06 15:30,9.1
08/22/06 15:35,7.4
08/22/06 15:40,7.6
08/22/06 15:45,8.5
08/22/06 15:50,7.9
08/22/06 15:55,7.6
08/22/06 16:00,7.2
08/22/06 16:05,6.7
08/22/06 16:10,7.6
08/22/06 16:15,6.9
08/22/06 16:20,5.5
08/22/06 16:25,4.7
08/22/06 16:30,4.1
08/22/06 16:35,3.5
08/22/06 16:40,2.4
08/22/06 16:45,1.5
08/22/06 16:50,0.9
08/22/06 16:55,0.6
08/22/06 17:00,0.5
08/22/06 17:05,0.4
08/22/06 17:10,0.3
08/22/06 17:15,0.2
08/22/06 17:20,0.1
08/22/06 17:25,0.0
08/22/06 17:30,0.0
08/22/06 17:35,0.0
08/22/06 17:40,0.0
08/22/06 17:45,0.0
08/22/06 17:50,0.0
08/22/06 17:55,0.0
08/22/06 18:00,0.0
08/22/06 18:05,0.0
08/22/06 18:10,0.0
08/22/06 18:15,0.0
08/22/06 18:20,0.0
08/22/06 18:25,0.0
08/22/06 18:30,0.0
08/22/06 18:35,0.0
08/22/06 18:40,0.0
08/22/06 18:45,0.0
08/22/06 18:50,0.0
08/22/06 18:55,0.0
08/22/06 19:00,0.0
08/22/06 19:05,0.0
08/22/06 19:10,0.0
08/22/06 19:15,0.0
08/22/06 19:20,0.0
08/22/06 19:25,0.0
08/22/06 19:30,0.0
08/22/06 19:35,0.0
08/22/06 19:40,0.0
08/22/06 19:45,0.0
08/22/06 19:50,0.0
08/22/06 19:55,0.0
08/22/06 20:00,0.0
08/22/06 20:05,0.0
08/22/06 20:10,0.0
08/22/06 20:15,0.0
08/22/06 20:20,0.0
08/22/06 20:25,0.0
08/22/06 20:30,0.0
08/22/06 20:35,0.0
08/22/06 20:40,0.0
08/22/06 20:45,0.0
08/22/06 20:50,0.0
08/22/06 20:55,0.0
08/22/06 21:00,0.0
08/22/06 21:05,0.0
08/22/06 21:10,0.0
08/22/06 21:15,0.0
08/22/06 21:20,0.0
08/22/06 21:25,0.0
08/22/06 21:30,0.0
08/22/06 21:35,0.0
08/22/06 21:40,0.0
08/22/06 21:45,0.0
08/22/06 21:50,0.0
08/22/06 21:55,0.0
08/22/06 22:00,0.0
08/22/06 22:05,0.0
08/22/06 22:10,0.0
08/22/06 22:15,0.0
08/22/06 22:20,0.0
08/22/06 22:25,0.0
08/22/06 22:30,0.0
08/22/06 22:35,0.0
08/22/06 22:40,0.0
08/22/06 22:45,0.0
08/22/06 22:50,0.0
08/22/06 22:55,0.0
08/22/06 23:00,0.0
08/22/06 23:05,0.0
08/22/06 23:10,0.0
08/22/06 23:15,0.0
08/22/06 23:20,0.0
08/22/06 23:25,0.0
08/22/06 23:30,0.0
08/22/06 23:35,0.0
08/22/06 23:40,0.0
08/22/06 23:45,0.0
08/22/06 23:50,0.0
08/22/06 23:55,0.0
08/23/06 00:00,0.0
08/23/06 00:05,0.0
08/23/06 00:10,0.0
08/23/06 00:15,0.0
08/23/06 00:20,0.0
08/23/06 00:25,0.0
08/23/06 00:30,0.0
08/23/06 00:35,0.0
08/23/06 00:40,0.0
08/23/06 00:45,0.0
08/23/06 00:50,0.0
08/23/06 00:55,0.0
08/23/06 01:00,0.0
08/23/06 01:05,0.0
08/23/06 01:10,0.0
08/23/06 01:15,0.0
08/23/06 01:20,0.0
08/23/06 01:25,0.0
08/23/06 01:30,0.0
08/23/06 01:35,0.0
08/23/06 01:40,0.0
08/23/06 01:45,0.0
08/23/06 01:50,0.0
08/23/06 01:55,0.0
08/23/06 02:00,0.0
08/23/06 02:05,0.0
08/23/06 02:10,0.0
08/23/06 02:15,0.0
08/23/06 02:20,0.0
08/23/06 02:25,0.0
08/23/06 02:30,0.0
08/23/06 02:35,0.0
08/23/06 02:40,0.0
08/23/06 02:45,0.0
08/23/06 02:50,0.0
08/23/06 02:55,0.0
08/23/06 03:00,0.0
08/23/06 03:05,0.0
08/23/06 03:10,0.0
08/23/06 03:15,0.0
08/23/06 03:20,0.0
08/23/06 03:25,0.0
08/23/06 03:30,0.0
08/23/06 03:35,0.0
08/23/06 03:40,0.0
08/23/06 03:45,0.0
08/23/06 03:50,0.0
08/23/06 03:55,0.0
08/23/06 04:00,0.0
08/23/06 04:05,0.0
08/23/06 04:10,0.0
08/23/06 04:15,0.0
08/23/06 04:20,0.0
08/23/06 04:25,0.0
08/23/06 04:30,0.0
08/23/06 04:35,0.0
08/23/06 04:40,0.0
08/23/06 04:45,0.0
08/23/06 04:50,0.0
08/23/06 04:55,0.0
08/23/06 05:00,0.0
08/23/06 05:05,0.0
08/23/06 05:10,0.0
08/23/06 05:15,0.0
08/23/06 05:20,0.0
08/23/06 05:25,0.0
08/23/06 05:30,0.0
08/23/06 05:35,0.0
08/23/06 05:40,0.0
08/23/06 05:45,0.0
08/23/06 05:50,0.0
08/23/06 05:55,0.0
08/23/06 06:00,0.1
08/23/06 06:05,0.2
08/23/06 06:10,0.3
08/23/06 06:15,0.5
08/23/06 06:20,0.8
08/23/06 06:25,1.3
08/23/06 06:30,1.6
08/23/06 06:35,2.2
08/23/06 06:40,2.9
08/23/06 06:45,3.8
08/23/06 06:50,4.3
08/23/06 06:55,4.6
08/23/06 07:00,4.4
08/23/06 07:05,4.6
08/23/06 07:10,5.6
08/23/06 07:15,6.2
08/23/06 07:20,6.9
08/23/06 07:25,7.6
08/23/06 07:30,8.2
08/23/06 07:35,8.6
08/23/06 07:40,8.9
08/23/06 07:45,9.1
08/23/06 07:50,9.3
08/23/06 07:55,10.4
08/23/06 08:00,12.0
08/23/06 08:05,13.9
08/23/06 08:10,15.4
08/23/06 08:15,15.1
08/23/06 08:20,16.0
08/23/06 08:25,17.0
08/23/06 08:30,16.3
08/23/06 08:35,14.9
08/23/06 08:40,14.9
08/23/06 08:45,14.2
08/23/06 08:50,14.5
08/23/06 08:55,14.3
08/23/06 09:00,12.8
08/23/06 09:05,11.5
08/23/06 09:10,11.7
08/23/06 09:15,12.6
08/23/06 09:20,13.5
08/23/06 09:25,14.2
08/23/06 09:30,14.9
08/23/06 09:35,15.4
08/23/06 09:40,16.0
08/23/06 09:45,16.3
08/23/06 09:50,16.7
08/23/06 09:55,17.1
08/23/06 10:00,17.2
08/23/06 10:05,17.3
08/23/06 10:10,17.5
08/23/06 10:15,18.0
08/23/06 10:20,18.9
08/23/06 10:25,19.8
08/23/06 10:30,20.2
08/23/06 10:35,20.3
08/23/06 10:40,20.0
08/23/06 10:45,19.7
08/23/06 10:50,19.3
08/23/06 10:55,18.6
08/23/06 11:00,18.1
08/23/06 11:05,18.0
08/23/06 11:10,18.2
08/23/06 11:15,17.7
08/23/06 11:20,17.3
08/23/06 11:25,17.0
08/23/06 11:30,17.1
08/23/06 11:35,17.2
08/23/06 11:40,16.6
08/23/06 11:45,15.8
08/23/06 11:50,14.4
08/23/06 11:55,13.3
08/23/06 12:00,12.8
08/23/06 12:05,12.7
08/23/06 12:10,12.6
08/23/06 12:15,14.7
08/23/06 12:20,18.2
08/23/06 12:25,20.6
08/23/06 12:30,22.0
08/23/06 12:35,22.9
08/23/06 12:40,23.4
08/23/06 12:45,23.7
08/23/06 12:50,23.6
08/23/06 12:55,23.6
08/23/06 13:00,23.6
08/23/06 13:05,23.6
08/23/06 13:10,23.6
08/23/06 13:15,23.3
08/23/06 13:20,22.4
08/23/06 13:25,21.9
08/23/06 13:30,20.9
08/23/06 13:35,20.0
08/23/06 13:40,19.5
08/23/06 13:45,19.3
08/23/06 13:50,20.0
08/23/06 13:55,18.6
08/23/06 14:00,18.1
08/23/06 14:05,20.4
08/23/06 14:10,21.6
08/23/06 14:15,18.9
08/23/06 14:20,15.6
08/23/06 14:25,14.0
08/23/06 14:30,13.3
08/23/06 14:35,13.2
08/23/06 14:40,13.3
08/23/06 14:45,13.5
08/23/06 14:50,13.7
08/23/06 14:55,14.1
08/23/06 15:00,14.7
08/23/06 15:05,15.0
08/23/06 15:10,15.3
08/23/06 15:15,15.5
08/23/06 15:20,13.6
08/23/06 15:25,13.0
08/23/06 15:30,11.1
08/23/06 15:35,9.8
08/23/06 15:40,10.7
08/23/06 15:45,11.5
08/23/06 15:50,12.5
08/23/06 15:55,12.0
08/23/06 16:00,10.7
08/23/06 16:05,9.5
08/23/06 16:10,7.8
08/23/06 16:15,6.5
08/23/06 16:20,5.4
08/23/06 16:25,4.7
08/23/06 16:30,4.6
08/23/06 16:35,4.5
08/23/06 16:40,4.4
08/23/06 16:45,4.3
08/23/06 16:50,4.3
08/23/06 16:55,4.0
08/23/06 17:00,3.6
08/23/06 17:05,2.6
08/23/06 17:10,1.6
08/23/06 17:15,1.1
08/23/06 17:20,0.7
08/23/06 17:25,0.4
08/23/06 17:30,0.2
08/23/06 17:35,0.1
08/23/06 17:40,0.0
08/23/06 17:45,0.0
08/23/06 17:50,0.0
08/23/06 17:55,0.0
08/23/06 18:00,0.0
08/23/06 18:05,0.0
08/23/06 18:10,0.0
08/23/06 18:15,0.0
08/23/06 18:20,0.0
08/23/06 18:25,0.0
08/23/06 18:30,0.0
08/23/06 18:35,0.0
08/23/06 18:40,0.0
08/23/06 18:45,0.0
08/23/06 18:50,0.0
08/23/06 18:55,0.0
08/23/06 19:00,0.0
08/23/06 19:05,0.0
08/23/06 19:10,0.0
08/23/06 19:15,0.0
08/23/06 19:20,0.0
08/23/06 19:25,0.0
08/23/06 19:30,0.0
08/23/06 19:35,0.0
08/23/06 19:40,0.0
08/23/06 19:45,0.0
08/23/06 19:50,0.0
08/23/06 19:55,0.0
08/23/06 20:00,0.0
08/23/06 20:05,0.0
08/23/06 20:10,0.0
08/23/06 20:15,0.0
08/23/06 20:20,0.0
08/23/06 20:25,0.0
08/23/06 20:30,0.0
08/23/06 20:35,0.0
08/23/06 20:40,0.0
08/23/06 20:45,0.0
08/23/06 20:50,0.0
08/23/06 20:55,0.0
08/23/06 21:00,0.0
08/23/06 21:05,0.0
08/23/06 21:10,0.0
08/23/06 21:15,0.0
08/23/06 21:20,0.0
08/23/06 21:25,0.0
08/23/06 21:30,0.0
08/23/06 21:35,0.0
08/23/06 21:40,0.0
08/23/06 21:45,0.0
08/23/06 21:50,0.0
08/23/06 21:55,0.0
08/23/06 22:00,0.0
08/23/06 22:05,0.0
08/23/06 22:10,0.0
08/23/06 22:15,0.0
08/23/06 22:20,0.0
08/23/06 22:25,0.0
08/23/06 22:30,0.0
08/23/06 22:35,0.0
08/23/06 22:40,0.0
08/23/06 22:45,0.0
08/23/06 22:50,0.0
08/23/06 22:55,0.0
08/23/06 23:00,0.0
08/23/06 23:05,0.0
08/23/06 23:10,0.0
08/23/06 23:15,0.0
08/23/06 23:20,0.0
08/23/06 23:25,0.0
08/23/06 23:30,0.0
08/23/06 23:35,0.0
08/23/06 23:40,0.0
08/23/06 23:45,0.0
08/23/06 23:50,0.0
08/23/06 23:55,0.0
08/24/06 00:00,0.0
08/24/06 00:05,0.0
08/24/06 00:10,0.0
08/24/06 00:15,0.0
08/24/06 00:20,0.0
08/24/06 00:25,0.0
08/24/06 00:30,0.0
08/24/06 00:35,0.0
08/24/06 00:40,0.0
08/24/06 00:45,0.0
08/24/06 00:50,0.0
08/24/06 00:55,0.0
08/24/06 01:00,0.0
08/24/06 01:05,0.0
08/24/06 01:10,0.0
08/24/06 01:15,0.0
08/24/06 01:20,0.0
08/24/06 01:25,0.0
08/24/06 01:30,0.0
08/24/06 01:35,0.0
08/24/06 01:40,0.0
08/24/06 01:45,0.0
08/24/06 01:50,0.0
08/24/06 01:55,0.0
08/24/06 02:00,0.0
08/24/06 02:05,0.0
08/24/06 02:10,0.0
08/24/06 02:15,0.0
08/24/06 02:20,0.0
08/24/06 02:25,0.0
08/24/06 02:30,0.0
08/24/06 02:35,0.0
08/24/06 02:40,0.0
08/24/06 02:45,0.0
08/24/06 02:50,0.0
08/24/06 02:55,0.0
08/24/06 03:00,0.0
08/24/06 03:05,0.0
08/24/06 03:10,0.0
08/24/06 03:15,0.0
08/24/06 03:20,0.0
08/24/06 03:25,0.0
08/24/06 03:30,0.0
08/24/06 03:35,0.0
08/24/06 03:40,0.0
08/24/06 03:45,0.0
08/24/06 03:50,0.0
08/24/06 03:55,0.0
08/24/06 04:00,0.0
08/24/06 04:05,0.0
08/24/06 04:10,0.0
08/24/06 04:15,0.0
08/24/06 04:20,0.0
08/24/06 04:25,0.0
08/24/06 04:30,0.0
08/24/06 04:35,0.0
08/24/06 04:40,0.0
08/24/06 04:45,0.0
08/24/06 04:50,0.0
08/24/06 04:55,0.0
08/24/06 05:00,0.0
08/24/06 05:05,0.0
08/24/06 05:10,0.0
08/24/06 05:15,0.0
08/24/06 05:20,0.0
08/24/06 05:25,0.0
08/24/06 05:30,0.0
08/24/06 05:35,0.0
08/24/06 05:40,0.0
08/24/06 05:45,0.0
08/24/06 05:50,0.0
08/24/06 05:55,0.0
08/24/06 06:00,0.0
08/24/06 06:05,0.1
08/24/06 06:10,0.1
08/24/06 06:15,0.2
08/24/06 06:20,0.4
08/24/06 06:25,1.0
08/24/06 06:30,1.9
08/24/06 06:35,3.1
08/24/06 06:40,3.8
08/24/06 06:45,4.1
08/24/06 06:50,4.4
08/24/06 06:55,5.0
08/24/06 07:00,5.4
08/24/06 07:05,5.9
08/24/06 07:10,6.5
08/24/06 07:15,6.3
08/24/06 07:20,6.1
08/24/06 07:25,6.2
08/24/06 07:30,6.6
08/24/06 07:35,7.2
08/24/06 07:40,7.9
08/24/06 07:45,8.8
08/24/06 07:50,9.7
08/24/06 07:55,10.7
08/24/06 08:00,11.8
08/24/06 08:05,12.8
08/24/06 08:10,13.9
08/24/06 08:15,14.8
08/24/06 08:20,15.3
08/24/06 08:25,15.8
08/24/06 08:30,16.3
08/24/06 08:35,16.7
08/24/06 08:40,17.0
08/24/06 08:45,17.3
08/24/06 08:50,17.7
08/24/06 08:55,18.2
08/24/06 09:00,18.4
08/24/06 09:05,18.6
08/24/06 09:10,18.9
08/24/06 09:15,19.3
08/24/06 09:20,19.9
08/24/06 09:25,20.3
08/24/06 09:30,20.8
08/24/06 09:35,21.2
08/24/06 09:40,21.7
08/24/06 09:45,22.1
08/24/06 09:50,22.6
08/24/06 09:55,23.0
08/24/06 10:00,23.4
08/24/06 10:05,23.8
08/24/06 10:10,24.1
08/24/06 10:15,24.0
08/24/06 10:20,23.0
08/24/06 10:25,20.8
08/24/06 10:30,20.2
08/24/06 10:35,20.0
08/24/06 10:40,21.8
08/24/06 10:45,23.0
08/24/06 10:50,23.1
08/24/06 10:55,22.4
08/24/06 11:00,20.6
08/24/06 11:05,18.2
08/24/06 11:10,16.7
08/24/06 11:15,18.8
08/24/06 11:20,18.6
08/24/06 11:25,19.4
08/24/06 11:30,20.8
08/24/06 11:35,19.7
08/24/06 11:40,19.2
08/24/06 11:45,21.7
08/24/06 11:50,23.4
08/24/06 11:55,23.7
08/24/06 12:00,25.1
08/24/06 12:05,24.5
08/24/06 12:10,24.2
08/24/06 12:15,23.4
08/24/06 12:20,24.2
08/24/06 12:25,26.0
08/24/06 12:30,27.3
08/24/06 12:35,27.5
08/24/06 12:40,27.9
08/24/06 12:45,27.9
08/24/06 12:50,26.5
08/24/06 12:55,23.9
08/24/06 13:00,23.5
08/24/06 13:05,23.1
08/24/06 13:10,22.5
08/24/06 13:15,21.7
08/24/06 13:20,18.0
08/24/06 13:25,15.8
08/24/06 13:30,16.9
08/24/06 13:35,14.5
08/24/06 13:40,12.5
08/24/06 13:45,13.8
08/24/06 13:50,14.3
08/24/06 13:55,13.4
08/24/06 14:00,14.1
08/24/06 14:05,13.6
08/24/06 14:10,12.6
08/24/06 14:15,9.1
08/24/06 14:20,7.7
08/24/06 14:25,7.0
08/24/06 14:30,6.8
08/24/06 14:35,6.9
08/24/06 14:40,7.3
08/24/06 14:45,7.9
08/24/06 14:50,8.5
08/24/06 14:55,9.3
08/24/06 15:00,9.6
08/24/06 15:05,9.6
08/24/06 15:10,10.1
08/24/06 15:15,9.8
08/24/06 15:20,9.0
08/24/06 15:25,8.6
08/24/06 15:30,8.0
08/24/06 15:35,7.2
08/24/06 15:40,6.7
08/24/06 15:45,6.4
08/24/06 15:50,6.4
08/24/06 15:55,6.2
08/24/06 16:00,5.9
08/24/06 16:05,5.4
08/24/06 16:10,4.9
08/24/06 16:15,4.5
08/24/06 16:20,3.7
08/24/06 16:25,1.3
08/24/06 16:30,0.5
08/24/06 16:35,0.3
08/24/06 16:40,0.3
08/24/06 16:45,0.4
08/24/06 16:50,0.3
08/24/06 16:55,0.3
08/24/06 17:00,0.3
08/24/06 17:05,0.3
08/24/06 17:10,0.1
08/24/06 17:15,0.1
08/24/06 17:20,0.1
08/24/06 17:25,0.0
08/24/06 17:30,0.0
08/24/06 17:35,0.0
08/24/06 17:40,0.0
08/24/06 17:45,0.0
08/24/06 17:50,0.0
08/24/06 17:55,0.0
08/24/06 18:00,0.0
08/24/06 18:05,0.0
08/24/06 18:10,0.0
08/24/06 18:15,0.0
08/24/06 18:20,0.0
08/24/06 18:25,0.0
08/24/06 18:30,0.0
08/24/06 18:35,0.0
08/24/06 18:40,0.0
08/24/06 18:45,0.0
08/24/06 18:50,0.0
08/24/06 18:55,0.0
08/24/06 19:00,0.0
08/24/06 19:05,0.0
08/24/06 19:10,0.0
08/24/06 19:15,0.0
08/24/06 19:20,0.0
08/24/06 19:25,0.0
08/24/06 19:30,0.0
08/24/06 19:35,0.0
08/24/06 19:40,0.0
08/24/06 19:45,0.0
08/24/06 19:50,0.0
08/24/06 19:55,0.0
08/24/06 20:00,0.0
08/24/06 20:05,0.0
08/24/06 20:10,0.0
08/24/06 20:15,0.0
08/24/06 20:20,0.0
08/24/06 20:25,0.0
08/24/06 20:30,0.0
08/24/06 20:35,0.0
08/24/06 20:40,0.0
08/24/06 20:45,0.0
08/24/06 20:50,0.0
08/24/06 20:55,0.0
08/24/06 21:00,0.0
08/24/06 21:05,0.0
08/24/06 21:10,0.0
08/24/06 21:15,0.0
08/24/06 21:20,0.0
08/24/06 21:25,0.0
08/24/06 21:30,0.0
08/24/06 21:35,0.0
08/24/06 21:40,0.0
08/24/06 21:45,0.0
08/24/06 21:50,0.0
08/24/06 21:55,0.0
08/24/06 22:00,0.0
08/24/06 22:05,0.0
08/24/06 22:10,0.0
08/24/06 22:15,0.0
08/24/06 22:20,0.0
08/24/06 22:25,0.0
08/24/06 22:30,0.0
08/24/06 22:35,0.0
08/24/06 22:40,0.0
08/24/06 22:45,0.0
08/24/06 22:50,0.0
08/24/06 22:55,0.0
08/24/06 23:00,0.0
08/24/06 23:05,0.0
08/24/06 23:10,0.0
08/24/06 23:15,0.0
08/24/06 23:20,0.0
08/24/06 23:25,0.0
08/24/06 23:30,0.0
08/24/06 23:35,0.0
08/24/06 23:40,0.0
08/24/06 23:45,0.0
08/24/06 23:50,0.0
08/24/06 23:55,0.0
08/25/06 00:00,0.0
08/25/06 00:05,0.0
08/25/06 00:10,0.0
08/25/06 00:15,0.0
08/25/06 00:20,0.0
08/25/06 00:25,0.0
08/25/06 00:30,0.0
08/25/06 00:35,0.0
08/25/06 00:40,0.0
08/25/06 00:45,0.0
08/25/06 00:50,0.0
08/25/06 00:55,0.0
08/25/06 01:00,0.0
08/25/06 01:05,0.0
08/25/06 01:10,0.0
08/25/06 01:15,0.0
08/25/06 01:20,0.0
08/25/06 01:25,0.0
08/25/06 01:30,0.0
08/25/06 01:35,0.0
08/25/06 01:40,0.0
08/25/06 01:45,0.0
08/25/06 01:50,0.0
08/25/06 01:55,0.0
08/25/06 02:00,0.0
08/25/06 02:05,0.0
08/25/06 02:10,0.0
08/25/06 02:15,0.0
08/25/06 02:20,0.0
08/25/06 02:25,0.0
08/25/06 02:30,0.0
08/25/06 02:35,0.0
08/25/06 02:40,0.0
08/25/06 02:45,0.0
08/25/06 02:50,0.0
08/25/06 02:55,0.0
08/25/06 03:00,0.0
08/25/06 03:05,0.0
08/25/06 03:10,0.0
08/25/06 03:15,0.0
08/25/06 03:20,0.0
08/25/06 03:25,0.0
08/25/06 03:30,0.0
08/25/06 03:35,0.0
08/25/06 03:40,0.0
08/25/06 03:45,0.0
08/25/06 03:50,0.0
08/25/06 03:55,0.0
08/25/06 04:00,0.0
08/25/06 04:05,0.0
08/25/06 04:10,0.0
08/25/06 04:15,0.0
08/25/06 04:20,0.0
08/25/06 04:25,0.0
08/25/06 04:30,0.0
08/25/06 04:35,0.0
08/25/06 04:40,0.0
08/25/06 04:45,0.0
08/25/06 04:50,0.0
08/25/06 04:55,0.0
08/25/06 05:00,0.0
08/25/06 05:05,0.0
08/25/06 05:10,0.0
08/25/06 05:15,0.0
08/25/06 05:20,0.0
08/25/06 05:25,0.0
08/25/06 05:30,0.0
08/25/06 05:35,0.0
08/25/06 05:40,0.0
08/25/06 05:45,0.0
08/25/06 05:50,0.0
08/25/06 05:55,0.0
08/25/06 06:00,0.1
08/25/06 06:05,0.2
08/25/06 06:10,0.4
08/25/06 06:15,0.6
08/25/06 06:20,0.8
08/25/06 06:25,1.3
08/25/06 06:30,2.3
08/25/06 06:35,3.7
08/25/06 06:40,4.2
08/25/06 06:45,4.6
08/25/06 06:50,5.2
08/25/06 06:55,5.7
08/25/06 07:00,6.2
08/25/06 07:05,6.8
08/25/06 07:10,7.4
08/25/06 07:15,7.2
08/25/06 07:20,7.5
08/25/06 07:25,8.3
08/25/06 07:30,9.0
08/25/06 07:35,9.5
08/25/06 07:40,10.3
08/25/06 07:45,10.8
08/25/06 07:50,11.3
08/25/06 07:55,11.8
08/25/06 08:00,12.6
08/25/06 08:05,12.9
08/25/06 08:10,13.1
08/25/06 08:15,14.0
08/25/06 08:20,14.8
08/25/06 08:25,15.6
08/25/06 08:30,16.3
08/25/06 08:35,16.9
08/25/06 08:40,17.4
08/25/06 08:45,17.9
08/25/06 08:50,18.3
08/25/06 08:55,18.7
08/25/06 09:00,19.3
08/25/06 09:05,19.9
08/25/06 09:10,20.6
08/25/06 09:15,20.8
08/25/06 09:20,20.8
08/25/06 09:25,20.8
08/25/06 09:30,20.8
08/25/06 09:35,20.8
08/25/06 09:40,20.8
08/25/06 09:45,20.8
08/25/06 09:50,21.0
08/25/06 09:55,21.3
08/25/06 10:00,21.4
08/25/06 10:05,21.3
08/25/06 10:10,21.4
08/25/06 10:15,21.9
08/25/06 10:20,22.6
08/25/06 10:25,23.0
08/25/06 10:30,23.3
08/25/06 10:35,23.4
08/25/06 10:40,23.5
08/25/06 10:45,23.7
08/25/06 10:50,23.9
08/25/06 10:55,24.1
08/25/06 11:00,24.5
08/25/06 11:05,24.9
08/25/06 11:10,25.2
08/25/06 11:15,25.3
08/25/06 11:20,23.6
08/25/06 11:25,18.8
08/25/06 11:30,18.3
08/25/06 11:35,20.8
08/25/06 11:40,22.1
08/25/06 11:45,22.0
08/25/06 11:50,22.7
08/25/06 11:55,22.8
08/25/06 12:00,22.1
08/25/06 12:05,21.9
08/25/06 12:10,22.2
08/25/06 12:15,22.8
08/25/06 12:20,22.9
08/25/06 12:25,23.2
08/25/06 12:30,23.5
08/25/06 12:35,23.6
08/25/06 12:40,23.7
08/25/06 12:45,23.6
08/25/06 12:50,22.4
08/25/06 12:55,19.9
08/25/06 13:00,17.1
08/25/06 13:05,15.1
08/25/06 13:10,14.0
08/25/06 13:15,15.2
08/25/06 13:20,18.3
08/25/06 13:25,16.8
08/25/06 13:30,16.1
08/25/06 13:35,16.3
08/25/06 13:40,17.6
08/25/06 13:45,18.5
08/25/06 13:50,17.7
08/25/06 13:55,15.8
08/25/06 14:00,13.4
08/25/06 14:05,10.5
08/25/06 14:10,10.3
08/25/06 14:15,9.3
08/25/06 14:20,7.5
08/25/06 14:25,6.2
08/25/06 14:30,5.5
08/25/06 14:35,5.0
08/25/06 14:40,4.9
08/25/06 14:45,4.8
08/25/06 14:50,4.7
08/25/06 14:55,4.4
08/25/06 15:00,3.9
08/25/06 15:05,3.5
08/25/06 15:10,3.1
08/25/06 15:15,2.0
08/25/06 15:20,3.4
08/25/06 15:25,1.6
08/25/06 15:30,3.5
08/25/06 15:35,4.1
08/25/06 15:40,5.6
08/25/06 15:45,5.6
08/25/06 15:50,4.8
08/25/06 15:55,5.9
08/25/06 16:00,5.6
08/25/06 16:05,5.2
08/25/06 16:10,5.8
08/25/06 16:15,4.5
08/25/06 16:20,3.8
08/25/06 16:25,3.5
08/25/06 16:30,3.6
08/25/06 16:35,3.4
08/25/06 16:40,3.4
08/25/06 16:45,3.3
08/25/06 16:50,2.6
08/25/06 16:55,2.6
08/25/06 17:00,2.0
08/25/06 17:05,1.4
08/25/06 17:10,0.8
08/25/06 17:15,0.4
08/25/06 17:20,0.1
08/25/06 17:25,0.0
08/25/06 17:30,0.0
08/25/06 17:35,0.0
08/25/06 17:40,0.0
08/25/06 17:45,0.0
08/25/06 17:50,0.0
08/25/06 17:55,0.0
08/25/06 18:00,0.0
08/25/06 18:05,0.0
08/25/06 18:10,0.0
08/25/06 18:15,0.0
08/25/06 18:20,0.0
08/25/06 18:25,0.0
08/25/06 18:30,0.0
08/25/06 18:35,0.0
08/25/06 18:40,0.0
08/25/06 18:45,0.0
08/25/06 18:50,0.0
08/25/06 18:55,0.0
08/25/06 19:00,0.0
08/25/06 19:05,0.0
08/25/06 19:10,0.0
08/25/06 19:15,0.0
08/25/06 19:20,0.0
08/25/06 19:25,0.0
08/25/06 19:30,0.0
08/25/06 19:35,0.0
08/25/06 19:40,0.0
08/25/06 19:45,0.0
08/25/06 19:50,0.0
08/25/06 19:55,0.0
08/25/06 20:00,0.0
08/25/06 20:05,0.0
08/25/06 20:10,0.0
08/25/06 20:15,0.0
08/25/06 20:20,0.0
08/25/06 20:25,0.0
08/25/06 20:30,0.0
08/25/06 20:35,0.0
08/25/06 20:40,0.0
08/25/06 20:45,0.0
08/25/06 20:50,0.0
08/25/06 20:55,0.0
08/25/06 21:00,0.0
08/25/06 21:05,0.0
08/25/06 21:10,0.0
08/25/06 21:15,0.0
08/25/06 21:20,0.0
08/25/06 21:25,0.0
08/25/06 21:30,0.0
08/25/06 21:35,0.0
08/25/06 21:40,0.0
08/25/06 21:45,0.0
08/25/06 21:50,0.0
08/25/06 21:55,0.0
08/25/06 22:00,0.0
08/25/06 22:05,0.0
08/25/06 22:10,0.0
08/25/06 22:15,0.0
08/25/06 22:20,0.0
08/25/06 22:25,0.0
08/25/06 22:30,0.0
08/25/06 22:35,0.0
08/25/06 22:40,0.0
08/25/06 22:45,0.0
08/25/06 22:50,0.0
08/25/06 22:55,0.0
08/25/06 23:00,0.0
08/25/06 23:05,0.0
08/25/06 23:10,0.0
08/25/06 23:15,0.0
08/25/06 23:20,0.0
08/25/06 23:25,0.0
08/25/06 23:30,0.0
08/25/06 23:35,0.0
08/25/06 23:40,0.0
08/25/06 23:45,0.0
08/25/06 23:50,0.0
08/25/06 23:55,0.0
08/26/06 00:00,0.0
08/26/06 00:05,0.0
08/26/06 00:10,0.0
08/26/06 00:15,0.0
08/26/06 00:20,0.0
08/26/06 00:25,0.0
08/26/06 00:30,0.0
08/26/06 00:35,0.0
08/26/06 00:40,0.0
08/26/06 00:45,0.0
08/26/06 00:50,0.0
08/26/06 00:55,0.0
08/26/06 01:00,0.0
08/26/06 01:05,0.0
08/26/06 01:10,0.0
08/26/06 01:15,0.0
08/26/06 01:20,0.0
08/26/06 01:25,0.0
08/26/06 01:30,0.0
08/26/06 01:35,0.0
08/26/06 01:40,0.0
08/26/06 01:45,0.0
08/26/06 01:50,0.0
08/26/06 01:55,0.0
08/26/06 02:00,0.0
08/26/06 02:05,0.0
08/26/06 02:10,0.0
08/26/06 02:15,0.0
08/26/06 02:20,0.0
08/26/06 02:25,0.0
08/26/06 02:30,0.0
08/26/06 02:35,0.0
08/26/06 02:40,0.0
08/26/06 02:45,0.0
08/26/06 02:50,0.0
08/26/06 02:55,0.0
08/26/06 03:00,0.0
08/26/06 03:05,0.0
08/26/06 03:10,0.0
08/26/06 03:15,0.0
08/26/06 03:20,0.0
08/26/06 03:25,0.0
08/26/06 03:30,0.0
08/26/06 03:35,0.0
08/26/06 03:40,0.0
08/26/06 03:45,0.0
08/26/06 03:50,0.0
08/26/06 03:55,0.0
08/26/06 04:00,0.0
08/26/06 04:05,0.0
08/26/06 04:10,0.0
08/26/06 04:15,0.0
08/26/06 04:20,0.0
08/26/06 04:25,0.0
08/26/06 04:30,0.0
08/26/06 04:35,0.0
08/26/06 04:40,0.0
08/26/06 04:45,0.0
08/26/06 04:50,0.0
08/26/06 04:55,0.0
08/26/06 05:00,0.0
08/26/06 05:05,0.0
08/26/06 05:10,0.0
08/26/06 05:15,0.0
08/26/06 05:20,0.0
08/26/06 05:25,0.0
08/26/06 05:30,0.0
08/26/06 05:35,0.0
08/26/06 05:40,0.0
08/26/06 05:45,0.0
08/26/06 05:50,0.0
08/26/06 05:55,0.0
08/26/06 06:00,0.0
08/26/06 06:05,0.0
08/26/06 06:10,0.1
08/26/06 06:15,0.2
08/26/06 06:20,0.3
08/26/06 06:25,0.5
08/26/06 06:30,0.8
08/26/06 06:35,1.2
08/26/06 06:40,1.9
08/26/06 06:45,2.9
08/26/06 06:50,3.6
08/26/06 06:55,3.9
08/26/06 07:00,4.2
08/26/06 07:05,4.6
08/26/06 07:10,5.0
08/26/06 07:15,5.6
08/26/06 07:20,5.7
08/26/06 07:25,5.7
08/26/06 07:30,6.3
08/26/06 07:35,8.4
08/26/06 07:40,10.0
08/26/06 07:45,11.1
08/26/06 07:50,11.1
08/26/06 07:55,11.2
08/26/06 08:00,10.8
08/26/06 08:05,9.4
08/26/06 08:10,9.2
08/26/06 08:15,7.8
08/26/06 08:20,6.5
08/26/06 08:25,5.7
08/26/06 08:30,5.3
08/26/06 08:35,4.9
08/26/06 08:40,4.6
08/26/06 08:45,4.6
08/26/06 08:50,4.5
08/26/06 08:55,4.4
08/26/06 09:00,4.5
08/26/06 09:05,4.4
08/26/06 09:10,4.4
08/26/06 09:15,4.8
08/26/06 09:20,5.8
08/26/06 09:25,7.2
08/26/06 09:30,9.1
08/26/06 09:35,10.1
08/26/06 09:40,10.3
08/26/06 09:45,8.3
08/26/06 09:50,6.9
08/26/06 09:55,6.0
08/26/06 10:00,5.7
08/26/06 10:05,5.7
08/26/06 10:10,5.9
08/26/06 10:15,7.6
08/26/06 10:20,9.4
08/26/06 10:25,10.9
08/26/06 10:30,12.7
08/26/06 10:35,13.8
08/26/06 10:40,13.4
08/26/06 10:45,10.3
08/26/06 10:50,8.3
08/26/06 10:55,7.2
08/26/06 11:00,6.5
08/26/06 11:05,6.2
08/26/06 11:10,5.9
08/26/06 11:15,9.7
08/26/06 11:20,13.6
08/26/06 11:25,14.6
08/26/06 11:30,17.5
08/26/06 11:35,18.6
08/26/06 11:40,18.8
08/26/06 11:45,15.3
08/26/06 11:50,11.4
08/26/06 11:55,8.7
08/26/06 12:00,7.1
08/26/06 12:05,6.9
08/26/06 12:10,11.8
08/26/06 12:15,14.2
08/26/06 12:20,16.2
08/26/06 12:25,17.4
08/26/06 12:30,15.5
08/26/06 12:35,14.5
08/26/06 12:40,17.3
08/26/06 12:45,21.0
08/26/06 12:50,22.9
08/26/06 12:55,25.0
08/26/06 13:00,25.6
08/26/06 13:05,22.4
08/26/06 13:10,18.9
08/26/06 13:15,20.4
08/26/06 13:20,21.8
08/26/06 13:25,22.6
08/26/06 13:30,23.2
08/26/06 13:35,23.4
08/26/06 13:40,23.3
08/26/06 13:45,22.9
08/26/06 13:50,22.5
08/26/06 13:55,22.1
08/26/06 14:00,21.9
08/26/06 14:05,21.7
08/26/06 14:10,21.3
08/26/06 14:15,20.9
08/26/06 14:20,19.7
08/26/06 14:25,17.8
08/26/06 14:30,18.0
08/26/06 14:35,16.3
08/26/06 14:40,16.0
08/26/06 14:45,14.2
08/26/06 14:50,12.2
08/26/06 14:55,10.7
08/26/06 15:00,7.9
08/26/06 15:05,9.2
08/26/06 15:10,11.5
08/26/06 15:15,13.0
08/26/06 15:20,13.6
08/26/06 15:25,13.7
08/26/06 15:30,13.4
08/26/06 15:35,13.1
08/26/06 15:40,12.6
08/26/06 15:45,12.1
08/26/06 15:50,11.6
08/26/06 15:55,11.1
08/26/06 16:00,10.6
08/26/06 16:05,9.8
08/26/06 16:10,8.9
08/26/06 16:15,8.1
08/26/06 16:20,7.5
08/26/06 16:25,7.5
08/26/06 16:30,7.1
08/26/06 16:35,6.7
08/26/06 16:40,6.3
08/26/06 16:45,5.8
08/26/06 16:50,5.4
08/26/06 16:55,5.1
08/26/06 17:00,4.8
08/26/06 17:05,4.3
08/26/06 17:10,3.8
08/26/06 17:15,2.8
08/26/06 17:20,1.6
08/26/06 17:25,0.9
08/26/06 17:30,0.5
08/26/06 17:35,0.3
08/26/06 17:40,0.1
08/26/06 17:45,0.1
08/26/06 17:50,0.0
08/26/06 17:55,0.0
08/26/06 18:00,0.0
08/26/06 18:05,0.0
08/26/06 18:10,0.0
08/26/06 18:15,0.0
08/26/06 18:20,0.0
08/26/06 18:25,0.0
08/26/06 18:30,0.0
08/26/06 18:35,0.0
08/26/06 18:40,0.0
08/26/06 18:45,0.0
08/26/06 18:50,0.0
08/26/06 18:55,0.0
08/26/06 19:00,0.0
08/26/06 19:05,0.0
08/26/06 19:10,0.0
08/26/06 19:15,0.0
08/26/06 19:20,0.0
08/26/06 19:25,0.0
08/26/06 19:30,0.0
08/26/06 19:35,0.0
08/26/06 19:40,0.0
08/26/06 19:45,0.0
08/26/06 19:50,0.0
08/26/06 19:55,0.0
08/26/06 20:00,0.0
08/26/06 20:05,0.0
08/26/06 20:10,0.0
08/26/06 20:15,0.0
08/26/06 20:20,0.0
08/26/06 20:25,0.0
08/26/06 20:30,0.0
08/26/06 20:35,0.0
08/26/06 20:40,0.0
08/26/06 20:45,0.0
08/26/06 20:50,0.0
08/26/06 20:55,0.0
08/26/06 21:00,0.0
08/26/06 21:05,0.0
08/26/06 21:10,0.0
08/26/06 21:15,0.0
08/26/06 21:20,0.0
08/26/06 21:25,0.0
08/26/06 21:30,0.0
08/26/06 21:35,0.0
08/26/06 21:40,0.0
08/26/06 21:45,0.0
08/26/06 21:50,0.0
08/26/06 21:55,0.0
08/26/06 22:00,0.0
08/26/06 22:05,0.0
08/26/06 22:10,0.0
08/26/06 22:15,0.0
08/26/06 22:20,0.0
08/26/06 22:25,0.0
08/26/06 22:30,0.0
08/26/06 22:35,0.0
08/26/06 22:40,0.0
08/26/06 22:45,0.0
08/26/06 22:50,0.0
08/26/06 22:55,0.0
08/26/06 23:00,0.0
08/26/06 23:05,0.0
08/26/06 23:10,0.0
08/26/06 23:15,0.0
08/26/06 23:20,0.0
08/26/06 23:25,0.0
08/26/06 23:30,0.0
08/26/06 23:35,0.0
08/26/06 23:40,0.0
08/26/06 23:45,0.0
08/26/06 23:50,0.0
08/26/06 23:55,0.0
08/27/06 00:00,0.0
08/27/06 00:05,0.0
08/27/06 00:10,0.0
08/27/06 00:15,0.0
08/27/06 00:20,0.0
08/27/06 00:25,0.0
08/27/06 00:30,0.0
08/27/06 00:35,0.0
08/27/06 00:40,0.0
08/27/06 00:45,0.0
08/27/06 00:50,0.0
08/27/06 00:55,0.0
08/27/06 01:00,0.0
08/27/06 01:05,0.0
08/27/06 01:10,0.0
08/27/06 01:15,0.0
08/27/06 01:20,0.0
08/27/06 01:25,0.0
08/27/06 01:30,0.0
08/27/06 01:35,0.0
08/27/06 01:40,0.0
08/27/06 01:45,0.0
08/27/06 01:50,0.0
08/27/06 01:55,0.0
08/27/06 02:00,0.0
08/27/06 02:05,0.0
08/27/06 02:10,0.0
08/27/06 02:15,0.0
08/27/06 02:20,0.0
08/27/06 02:25,0.0
08/27/06 02:30,0.0
08/27/06 02:35,0.0
08/27/06 02:40,0.0
08/27/06 02:45,0.0
08/27/06 02:50,0.0
08/27/06 02:55,0.0
08/27/06 03:00,0.0
08/27/06 03:05,0.0
08/27/06 03:10,0.0
08/27/06 03:15,0.0
08/27/06 03:20,0.0
08/27/06 03:25,0.0
08/27/06 03:30,0.0
08/27/06 03:35,0.0
08/27/06 03:40,0.0
08/27/06 03:45,0.0
08/27/06 03:50,0.0
08/27/06 03:55,0.0
08/27/06 04:00,0.0
08/27/06 04:05,0.0
08/27/06 04:10,0.0
08/27/06 04:15,0.0
08/27/06 04:20,0.0
08/27/06 04:25,0.0
08/27/06 04:30,0.0
08/27/06 04:35,0.0
08/27/06 04:40,0.0
08/27/06 04:45,0.0
08/27/06 04:50,0.0
08/27/06 04:55,0.0
08/27/06 05:00,0.0
08/27/06 05:05,0.0
08/27/06 05:10,0.0
08/27/06 05:15,0.0
08/27/06 05:20,0.0
08/27/06 05:25,0.0
08/27/06 05:30,0.0
08/27/06 05:35,0.0
08/27/06 05:40,0.0
08/27/06 05:45,0.0
08/27/06 05:50,0.0
08/27/06 05:55,0.0
08/27/06 06:00,0.0
08/27/06 06:05,0.0
08/27/06 06:10,0.1
08/27/06 06:15,0.2
08/27/06 06:20,0.5
08/27/06 06:25,1.0
08/27/06 06:30,1.8
08/27/06 06:35,2.9
08/27/06 06:40,3.7
08/27/06 06:45,4.1
08/27/06 06:50,4.5
08/27/06 06:55,4.9
08/27/06 07:00,5.3
08/27/06 07:05,5.7
08/27/06 07:10,6.2
08/27/06 07:15,6.8
08/27/06 07:20,7.5
08/27/06 07:25,8.2
08/27/06 07:30,8.9
08/27/06 07:35,9.6
08/27/06 07:40,10.2
08/27/06 07:45,10.8
08/27/06 07:50,11.4
08/27/06 07:55,12.0
08/27/06 08:00,12.5
08/27/06 08:05,13.0
08/27/06 08:10,13.5
08/27/06 08:15,14.2
08/27/06 08:20,15.0
08/27/06 08:25,15.6
08/27/06 08:30,16.2
08/27/06 08:35,16.6
08/27/06 08:40,17.1
08/27/06 08:45,17.6
08/27/06 08:50,18.1
08/27/06 08:55,18.6
08/27/06 09:00,19.0
08/27/06 09:05,19.4
08/27/06 09:10,19.8
08/27/06 09:15,20.1
08/27/06 09:20,20.3
08/27/06 09:25,20.4
08/27/06 09:30,20.7
08/27/06 09:35,20.9
08/27/06 09:40,21.4
08/27/06 09:45,21.8
08/27/06 09:50,22.2
08/27/06 09:55,22.9
08/27/06 10:00,23.6
08/27/06 10:05,24.1
08/27/06 10:10,24.3
08/27/06 10:15,23.7
08/27/06 10:20,22.0
08/27/06 10:25,20.9
08/27/06 10:30,20.8
08/27/06 10:35,21.4
08/27/06 10:40,21.9
08/27/06 10:45,21.8
08/27/06 10:50,18.3
08/27/06 10:55,15.3
08/27/06 11:00,14.5
08/27/06 11:05,12.0
08/27/06 11:10,10.2
08/27/06 11:15,13.9
08/27/06 11:20,15.3
08/27/06 11:25,15.0
08/27/06 11:30,15.0
08/27/06 11:35,13.6
08/27/06 11:40,9.7
08/27/06 11:45,6.8
08/27/06 11:50,7.7
08/27/06 11:55,7.7
08/27/06 12:00,11.8
08/27/06 12:05,14.6
08/27/06 12:10,16.7
08/27/06 12:15,18.8
08/27/06 12:20,19.5
08/27/06 12:25,18.3
08/27/06 12:30,20.2
08/27/06 12:35,23.1
08/27/06 12:40,24.9
08/27/06 12:45,24.4
08/27/06 12:50,24.2
08/27/06 12:55,24.1
08/27/06 13:00,23.3
08/27/06 13:05,22.2
08/27/06 13:10,21.9
08/27/06 13:15,21.9
08/27/06 13:20,22.5
08/27/06 13:25,17.8
08/27/06 13:30,12.8
08/27/06 13:35,13.7
08/27/06 13:40,15.0
08/27/06 13:45,15.3
08/27/06 13:50,14.9
08/27/06 13:55,16.0
08/27/06 14:00,16.2
08/27/06 14:05,17.2
08/27/06 14:10,16.8
08/27/06 14:15,16.2
08/27/06 14:20,11.5
08/27/06 14:25,8.4
08/27/06 14:30,11.6
08/27/06 14:35,14.6
08/27/06 14:40,16.3
08/27/06 14:45,17.0
08/27/06 14:50,17.1
08/27/06 14:55,16.7
08/27/06 15:00,16.8
08/27/06 15:05,16.8
08/27/06 15:10,15.9
08/27/06 15:15,14.2
08/27/06 15:20,11.0
08/27/06 15:25,9.3
08/27/06 15:30,9.8
08/27/06 15:35,10.5
08/27/06 15:40,10.9
08/27/06 15:45,11.7
08/27/06 15:50,11.0
08/27/06 15:55,11.6
08/27/06 16:00,10.3
08/27/06 16:05,8.2
08/27/06 16:10,6.5
08/27/06 16:15,6.0
08/27/06 16:20,5.7
08/27/06 16:25,5.0
08/27/06 16:30,5.4
08/27/06 16:35,4.9
08/27/06 16:40,4.4
08/27/06 16:45,4.4
08/27/06 16:50,4.4
08/27/06 16:55,4.3
08/27/06 17:00,3.9
08/27/06 17:05,3.4
08/27/06 17:10,2.0
08/27/06 17:15,0.6
08/27/06 17:20,0.2
08/27/06 17:25,0.0
08/27/06 17:30,0.0
08/27/06 17:35,0.0
08/27/06 17:40,0.0
08/27/06 17:45,0.0
08/27/06 17:50,0.0
08/27/06 17:55,0.0
08/27/06 18:00,0.0
08/27/06 18:05,0.0
08/27/06 18:10,0.0
08/27/06 18:15,0.0
08/27/06 18:20,0.0
08/27/06 18:25,0.0
08/27/06 18:30,0.0
08/27/06 18:35,0.0
08/27/06 18:40,0.0
08/27/06 18:45,0.0
08/27/06 18:50,0.0
08/27/06 18:55,0.0
08/27/06 19:00,0.0
08/27/06 19:05,0.0
08/27/06 19:10,0.0
08/27/06 19:15,0.0
08/27/06 19:20,0.0
08/27/06 19:25,0.0
08/27/06 19:30,0.0
08/27/06 19:35,0.0
08/27/06 19:40,0.0
08/27/06 19:45,0.0
08/27/06 19:50,0.0
08/27/06 19:55,0.0
08/27/06 20:00,0.0
08/27/06 20:05,0.0
08/27/06 20:10,0.0
08/27/06 20:15,0.0
08/27/06 20:20,0.0
08/27/06 20:25,0.0
08/27/06 20:30,0.0
08/27/06 20:35,0.0
08/27/06 20:40,0.0
08/27/06 20:45,0.0
08/27/06 20:50,0.0
08/27/06 20:55,0.0
08/27/06 21:00,0.0
08/27/06 21:05,0.0
08/27/06 21:10,0.0
08/27/06 21:15,0.0
08/27/06 21:20,0.0
08/27/06 21:25,0.0
08/27/06 21:30,0.0
08/27/06 21:35,0.0
08/27/06 21:40,0.0
08/27/06 21:45,0.0
08/27/06 21:50,0.0
08/27/06 21:55,0.0
08/27/06 22:00,0.0
08/27/06 22:05,0.0
08/27/06 22:10,0.0
08/27/06 22:15,0.0
08/27/06 22:20,0.0
08/27/06 22:25,0.0
08/27/06 22:30,0.0
08/27/06 22:35,0.0
08/27/06 22:40,0.0
08/27/06 22:45,0.0
08/27/06 22:50,0.0
08/27/06 22:55,0.0
08/27/06 23:00,0.0
08/27/06 23:05,0.0
08/27/06 23:10,0.0
08/27/06 23:15,0.0
08/27/06 23:20,0.0
08/27/06 23:25,0.0
08/27/06 23:30,0.0
08/27/06 23:35,0.0
08/27/06 23:40,0.0
08/27/06 23:45,0.0
08/27/06 23:50,0.0
08/27/06 23:55,0.0
08/28/06 00:00,0.0
08/28/06 00:05,0.0
08/28/06 00:10,0.0
08/28/06 00:15,0.0
08/28/06 00:20,0.0
08/28/06 00:25,0.0
08/28/06 00:30,0.0
08/28/06 00:35,0.0
08/28/06 00:40,0.0
08/28/06 00:45,0.0
08/28/06 00:50,0.0
08/28/06 00:55,0.0
08/28/06 01:00,0.0
08/28/06 01:05,0.0
08/28/06 01:10,0.0
08/28/06 01:15,0.0
08/28/06 01:20,0.0
08/28/06 01:25,0.0
08/28/06 01:30,0.0
08/28/06 01:35,0.0
08/28/06 01:40,0.0
08/28/06 01:45,0.0
08/28/06 01:50,0.0
08/28/06 01:55,0.0
08/28/06 02:00,0.0
08/28/06 02:05,0.0
08/28/06 02:10,0.0
08/28/06 02:15,0.0
08/28/06 02:20,0.0
08/28/06 02:25,0.0
08/28/06 02:30,0.0
08/28/06 02:35,0.0
08/28/06 02:40,0.0
08/28/06 02:45,0.0
08/28/06 02:50,0.0
08/28/06 02:55,0.0
08/28/06 03:00,0.0
08/28/06 03:05,0.0
08/28/06 03:10,0.0
08/28/06 03:15,0.0
08/28/06 03:20,0.0
08/28/06 03:25,0.0
08/28/06 03:30,0.0
08/28/06 03:35,0.0
08/28/06 03:40,0.0
08/28/06 03:45,0.0
08/28/06 03:50,0.0
08/28/06 03:55,0.0
08/28/06 04:00,0.0
08/28/06 04:05,0.0
08/28/06 04:10,0.0
08/28/06 04:15,0.0
08/28/06 04:20,0.0
08/28/06 04:25,0.0
08/28/06 04:30,0.0
08/28/06 04:35,0.0
08/28/06 04:40,0.0
08/28/06 04:45,0.0
08/28/06 04:50,0.0
08/28/06 04:55,0.0
08/28/06 05:00,0.0
08/28/06 05:05,0.0
08/28/06 05:10,0.0
08/28/06 05:15,0.0
08/28/06 05:20,0.0
08/28/06 05:25,0.0
08/28/06 05:30,0.0
08/28/06 05:35,0.0
08/28/06 05:40,0.0
08/28/06 05:45,0.0
08/28/06 05:50,0.0
08/28/06 05:55,0.0
08/28/06 06:00,0.1
08/28/06 06:05,0.1
08/28/06 06:10,0.2
08/28/06 06:15,0.5
08/28/06 06:20,0.9
08/28/06 06:25,1.6
08/28/06 06:30,2.6
08/28/06 06:35,3.5
08/28/06 06:40,3.6
08/28/06 06:45,4.0
08/28/06 06:50,3.8
08/28/06 06:55,4.4
08/28/06 07:00,5.2
08/28/06 07:05,6.1
08/28/06 07:10,6.8
08/28/06 07:15,7.6
08/28/06 07:20,8.1
08/28/06 07:25,9.2
08/28/06 07:30,10.1
08/28/06 07:35,10.7
08/28/06 07:40,11.2
08/28/06 07:45,11.7
08/28/06 07:50,11.8
08/28/06 07:55,11.3
08/28/06 08:00,11.0
08/28/06 08:05,9.3
08/28/06 08:10,9.9
08/28/06 08:15,11.7
08/28/06 08:20,13.3
08/28/06 08:25,14.5
08/28/06 08:30,15.7
08/28/06 08:35,16.6
08/28/06 08:40,17.0
08/28/06 08:45,17.2
08/28/06 08:50,17.5
08/28/06 08:55,17.9
08/28/06 09:00,18.6
08/28/06 09:05,19.3
08/28/06 09:10,19.7
08/28/06 09:15,20.0
08/28/06 09:20,20.3
08/28/06 09:25,20.4
08/28/06 09:30,20.7
08/28/06 09:35,20.8
08/28/06 09:40,21.1
08/28/06 09:45,21.4
08/28/06 09:50,21.7
08/28/06 09:55,21.9
08/28/06 10:00,22.1
08/28/06 10:05,22.3
08/28/06 10:10,22.5
08/28/06 10:15,22.6
08/28/06 10:20,22.3
08/28/06 10:25,22.1
08/28/06 10:30,22.0
08/28/06 10:35,22.4
08/28/06 10:40,22.9
08/28/06 10:45,23.2
08/28/06 10:50,23.5
08/28/06 10:55,23.5
08/28/06 11:00,23.5
08/28/06 11:05,23.4
08/28/06 11:10,23.4
08/28/06 11:15,23.7
08/28/06 11:20,23.8
08/28/06 11:25,22.9
08/28/06 11:30,22.6
08/28/06 11:35,20.7
08/28/06 11:40,20.1
08/28/06 11:45,21.0
08/28/06 11:50,23.4
08/28/06 11:55,25.3
08/28/06 12:00,26.3
08/28/06 12:05,26.7
08/28/06 12:10,27.1
08/28/06 12:15,25.9
08/28/06 12:20,24.5
08/28/06 12:25,23.6
08/28/06 12:30,23.2
08/28/06 12:35,22.8
08/28/06 12:40,22.7
08/28/06 12:45,22.7
08/28/06 12:50,22.8
08/28/06 12:55,22.9
08/28/06 13:00,23.1
08/28/06 13:05,23.4
08/28/06 13:10,23.6
08/28/06 13:15,23.2
08/28/06 13:20,21.6
08/28/06 13:25,19.3
08/28/06 13:30,18.4
08/28/06 13:35,17.5
08/28/06 13:40,13.1
08/28/06 13:45,11.9
08/28/06 13:50,12.7
08/28/06 13:55,13.8
08/28/06 14:00,12.4
08/28/06 14:05,13.6
08/28/06 14:10,11.7
08/28/06 14:15,12.9
08/28/06 14:20,12.8
08/28/06 14:25,13.3
08/28/06 14:30,14.4
08/28/06 14:35,15.2
08/28/06 14:40,13.6
08/28/06 14:45,13.9
08/28/06 14:50,12.5
08/28/06 14:55,9.2
08/28/06 15:00,6.2
08/28/06 15:05,7.2
08/28/06 15:10,7.2
08/28/06 15:15,6.5
08/28/06 15:20,6.9
08/28/06 15:25,7.4
08/28/06 15:30,8.0
08/28/06 15:35,8.5
08/28/06 15:40,8.8
08/28/06 15:45,9.0
08/28/06 15:50,8.9
08/28/06 15:55,8.9
08/28/06 16:00,8.8
08/28/06 16:05,8.6
08/28/06 16:10,8.5
08/28/06 16:15,8.3
08/28/06 16:20,7.9
08/28/06 16:25,7.6
08/28/06 16:30,6.0
08/28/06 16:35,4.3
08/28/06 16:40,4.3
08/28/06 16:45,4.0
08/28/06 16:50,3.5
08/28/06 16:55,1.7
08/28/06 17:00,0.6
08/28/06 17:05,0.3
08/28/06 17:10,0.5
08/28/06 17:15,0.8
08/28/06 17:20,0.7
08/28/06 17:25,0.5
08/28/06 17:30,0.2
08/28/06 17:35,0.1
08/28/06 17:40,0.0
08/28/06 17:45,0.0
08/28/06 17:50,0.0
08/28/06 17:55,0.0
08/28/06 18:00,0.0
08/28/06 18:05,0.0
08/28/06 18:10,0.0
08/28/06 18:15,0.0
08/28/06 18:20,0.0
08/28/06 18:25,0.0
08/28/06 18:30,0.0
08/28/06 18:35,0.0
08/28/06 18:40,0.0
08/28/06 18:45,0.0
08/28/06 18:50,0.0
08/28/06 18:55,0.0
08/28/06 19:00,0.0
08/28/06 19:05,0.0
08/28/06 19:10,0.0
08/28/06 19:15,0.0
08/28/06 19:20,0.0
08/28/06 19:25,0.0
08/28/06 19:30,0.0
08/28/06 19:35,0.0
08/28/06 19:40,0.0
08/28/06 19:45,0.0
08/28/06 19:50,0.0
08/28/06 19:55,0.0
08/28/06 20:00,0.0
08/28/06 20:05,0.0
08/28/06 20:10,0.0
08/28/06 20:15,0.0
08/28/06 20:20,0.0
08/28/06 20:25,0.0
08/28/06 20:30,0.0
08/28/06 20:35,0.0
08/28/06 20:40,0.0
08/28/06 20:45,0.0
08/28/06 20:50,0.0
08/28/06 20:55,0.0
08/28/06 21:00,0.0
08/28/06 21:05,0.0
08/28/06 21:10,0.0
08/28/06 21:15,0.0
08/28/06 21:20,0.0
08/28/06 21:25,0.0
08/28/06 21:30,0.0
08/28/06 21:35,0.0
08/28/06 21:40,0.0
08/28/06 21:45,0.0
08/28/06 21:50,0.0
08/28/06 21:55,0.0
08/28/06 22:00,0.0
08/28/06 22:05,0.0
08/28/06 22:10,0.0
08/28/06 22:15,0.0
08/28/06 22:20,0.0
08/28/06 22:25,0.0
08/28/06 22:30,0.0
08/28/06 22:35,0.0
08/28/06 22:40,0.0
08/28/06 22:45,0.0
08/28/06 22:50,0.0
08/28/06 22:55,0.0
08/28/06 23:00,0.0
08/28/06 23:05,0.0
08/28/06 23:10,0.0
08/28/06 23:15,0.0
08/28/06 23:20,0.0
08/28/06 23:25,0.0
08/28/06 23:30,0.0
08/28/06 23:35,0.0
08/28/06 23:40,0.0
08/28/06 23:45,0.0
08/28/06 23:50,0.0
08/28/06 23:55,0.0
08/29/06 00:00,0.0
08/29/06 00:05,0.0
08/29/06 00:10,0.0
08/29/06 00:15,0.0
08/29/06 00:20,0.0
08/29/06 00:25,0.0
08/29/06 00:30,0.0
08/29/06 00:35,0.0
08/29/06 00:40,0.0
08/29/06 00:45,0.0
08/29/06 00:50,0.0
08/29/06 00:55,0.0
08/29/06 01:00,0.0
08/29/06 01:05,0.0
08/29/06 01:10,0.0
08/29/06 01:15,0.0
08/29/06 01:20,0.0
08/29/06 01:25,0.0
08/29/06 01:30,0.0
08/29/06 01:35,0.0
08/29/06 01:40,0.0
08/29/06 01:45,0.0
08/29/06 01:50,0.0
08/29/06 01:55,0.0
08/29/06 02:00,0.0
08/29/06 02:05,0.0
08/29/06 02:10,0.0
08/29/06 02:15,0.0
08/29/06 02:20,0.0
08/29/06 02:25,0.0
08/29/06 02:30,0.0
08/29/06 02:35,0.0
08/29/06 02:40,0.0
08/29/06 02:45,0.0
08/29/06 02:50,0.0
08/29/06 02:55,0.0
08/29/06 03:00,0.0
08/29/06 03:05,0.0
08/29/06 03:10,0.0
08/29/06 03:15,0.0
08/29/06 03:20,0.0
08/29/06 03:25,0.0
08/29/06 03:30,0.0
08/29/06 03:35,0.0
08/29/06 03:40,0.0
08/29/06 03:45,0.0
08/29/06 03:50,0.0
08/29/06 03:55,0.0
08/29/06 04:00,0.0
08/29/06 04:05,0.0
08/29/06 04:10,0.0
08/29/06 04:15,0.0
08/29/06 04:20,0.0
08/29/06 04:25,0.0
08/29/06 04:30,0.0
08/29/06 04:35,0.0
08/29/06 04:40,0.0
08/29/06 04:45,0.0
08/29/06 04:50,0.0
08/29/06 04:55,0.0
08/29/06 05:00,0.0
08/29/06 05:05,0.0
08/29/06 05:10,0.0
08/29/06 05:15,0.0
08/29/06 05:20,0.0
08/29/06 05:25,0.0
08/29/06 05:30,0.0
08/29/06 05:35,0.0
08/29/06 05:40,0.0
08/29/06 05:45,0.0
08/29/06 05:50,0.0
08/29/06 05:55,0.0
08/29/06 06:00,0.0
08/29/06 06:05,0.0
08/29/06 06:10,0.0
08/29/06 06:15,0.2
08/29/06 06:20,0.5
08/29/06 06:25,1.2
08/29/06 06:30,2.4
08/29/06 06:35,3.7
08/29/06 06:40,4.2
08/29/06 06:45,4.7
08/29/06 06:50,5.2
08/29/06 06:55,5.9
08/29/06 07:00,6.8
08/29/06 07:05,7.6
08/29/06 07:10,8.1
08/29/06 07:15,8.5
08/29/06 07:20,8.6
08/29/06 07:25,9.0
08/29/06 07:30,9.5
08/29/06 07:35,9.9
08/29/06 07:40,10.3
08/29/06 07:45,10.8
08/29/06 07:50,11.3
08/29/06 07:55,11.8
08/29/06 08:00,12.3
08/29/06 08:05,12.7
08/29/06 08:10,13.1
08/29/06 08:15,13.9
08/29/06 08:20,14.7
08/29/06 08:25,15.6
08/29/06 08:30,16.4
08/29/06 08:35,17.1
08/29/06 08:40,17.9
08/29/06 08:45,18.6
08/29/06 08:50,19.2
08/29/06 08:55,19.8
08/29/06 09:00,20.2
08/29/06 09:05,20.5
08/29/06 09:10,20.9
08/29/06 09:15,21.0
08/29/06 09:20,21.0
08/29/06 09:25,21.1
08/29/06 09:30,21.3
08/29/06 09:35,21.5
08/29/06 09:40,21.9
08/29/06 09:45,22.2
08/29/06 09:50,22.3
08/29/06 09:55,22.5
08/29/06 10:00,22.8
08/29/06 10:05,23.1
08/29/06 10:10,23.4
08/29/06 10:15,23.4
08/29/06 10:20,23.4
08/29/06 10:25,23.4
08/29/06 10:30,23.5
08/29/06 10:35,23.7
08/29/06 10:40,23.8
08/29/06 10:45,23.9
08/29/06 10:50,24.0
08/29/06 10:55,24.1
08/29/06 11:00,24.3
08/29/06 11:05,24.5
08/29/06 11:10,24.8
08/29/06 11:15,24.5
08/29/06 11:20,23.6
08/29/06 11:25,21.7
08/29/06 11:30,17.1
08/29/06 11:35,17.0
08/29/06 11:40,18.2
08/29/06 11:45,15.5
08/29/06 11:50,14.0
08/29/06 11:55,13.4
08/29/06 12:00,14.8
08/29/06 12:05,14.0
08/29/06 12:10,13.1
08/29/06 12:15,16.2
08/29/06 12:20,19.6
08/29/06 12:25,21.6
08/29/06 12:30,22.8
08/29/06 12:35,23.5
08/29/06 12:40,24.0
08/29/06 12:45,24.1
08/29/06 12:50,24.2
08/29/06 12:55,24.2
08/29/06 13:00,24.2
08/29/06 13:05,24.2
08/29/06 13:10,24.1
08/29/06 13:15,24.0
08/29/06 13:20,23.2
08/29/06 13:25,22.3
08/29/06 13:30,21.9
08/29/06 13:35,21.8
08/29/06 13:40,21.5
08/29/06 13:45,20.6
08/29/06 13:50,18.7
08/29/06 13:55,16.8
08/29/06 14:00,15.6
08/29/06 14:05,14.7
08/29/06 14:10,14.1
08/29/06 14:15,15.2
08/29/06 14:20,16.7
08/29/06 14:25,17.3
08/29/06 14:30,17.6
08/29/06 14:35,17.6
08/29/06 14:40,17.4
08/29/06 14:45,17.1
08/29/06 14:50,16.7
08/29/06 14:55,16.3
08/29/06 15:00,15.8
08/29/06 15:05,15.2
08/29/06 15:10,14.7
08/29/06 15:15,14.5
08/29/06 15:20,14.4
08/29/06 15:25,14.1
08/29/06 15:30,13.8
08/29/06 15:35,13.5
08/29/06 15:40,13.1
08/29/06 15:45,12.6
08/29/06 15:50,12.0
08/29/06 15:55,11.4
08/29/06 16:00,10.8
08/29/06 16:05,10.1
08/29/06 16:10,9.4
08/29/06 16:15,8.7
08/29/06 16:20,8.0
08/29/06 16:25,6.4
08/29/06 16:30,4.6
08/29/06 16:35,4.0
08/29/06 16:40,3.8
08/29/06 16:45,3.6
08/29/06 16:50,3.4
08/29/06 16:55,3.4
08/29/06 17:00,3.5
08/29/06 17:05,2.5
08/29/06 17:10,1.0
08/29/06 17:15,0.9
08/29/06 17:20,0.6
08/29/06 17:25,0.4
08/29/06 17:30,0.2
08/29/06 17:35,0.0
08/29/06 17:40,0.0
08/29/06 17:45,0.0
08/29/06 17:50,0.0
08/29/06 17:55,0.0
08/29/06 18:00,0.0
08/29/06 18:05,0.0
08/29/06 18:10,0.0
08/29/06 18:15,0.0
08/29/06 18:20,0.0
08/29/06 18:25,0.0
08/29/06 18:30,0.0
08/29/06 18:35,0.0
08/29/06 18:40,0.0
08/29/06 18:45,0.0
08/29/06 18:50,0.0
08/29/06 18:55,0.0
08/29/06 19:00,0.0
08/29/06 19:05,0.0
08/29/06 19:10,0.0
08/29/06 19:15,0.0
08/29/06 19:20,0.0
08/29/06 19:25,0.0
08/29/06 19:30,0.0
08/29/06 19:35,0.0
08/29/06 19:40,0.0
08/29/06 19:45,0.0
08/29/06 19:50,0.0
08/29/06 19:55,0.0
08/29/06 20:00,0.0
08/29/06 20:05,0.0
08/29/06 20:10,0.0
08/29/06 20:15,0.0
08/29/06 20:20,0.0
08/29/06 20:25,0.0
08/29/06 20:30,0.0
08/29/06 20:35,0.0
08/29/06 20:40,0.0
08/29/06 20:45,0.0
08/29/06 20:50,0.0
08/29/06 20:55,0.0
08/29/06 21:00,0.0
08/29/06 21:05,0.0
08/29/06 21:10,0.0
08/29/06 21:15,0.0
08/29/06 21:20,0.0
08/29/06 21:25,0.0
08/29/06 21:30,0.0
08/29/06 21:35,0.0
08/29/06 21:40,0.0
08/29/06 21:45,0.0
08/29/06 21:50,0.0
08/29/06 21:55,0.0
08/29/06 22:00,0.0
08/29/06 22:05,0.0
08/29/06 22:10,0.0
08/29/06 22:15,0.0
08/29/06 22:20,0.0
08/29/06 22:25,0.0
08/29/06 22:30,0.0
08/29/06 22:35,0.0
08/29/06 22:40,0.0
08/29/06 22:45,0.0
08/29/06 22:50,0.0
08/29/06 22:55,0.0
08/29/06 23:00,0.0
08/29/06 23:05,0.0
08/29/06 23:10,0.0
08/29/06 23:15,0.0
08/29/06 23:20,0.0
08/29/06 23:25,0.0
08/29/06 23:30,0.0
08/29/06 23:35,0.0
08/29/06 23:40,0.0
08/29/06 23:45,0.0
08/29/06 23:50,0.0
08/29/06 23:55,0.0
08/30/06 00:00,0.0
08/30/06 00:05,0.0
08/30/06 00:10,0.0
08/30/06 00:15,0.0
08/30/06 00:20,0.0
08/30/06 00:25,0.0
08/30/06 00:30,0.0
08/30/06 00:35,0.0
08/30/06 00:40,0.0
08/30/06 00:45,0.0
08/30/06 00:50,0.0
08/30/06 00:55,0.0
08/30/06 01:00,0.0
08/30/06 01:05,0.0
08/30/06 01:10,0.0
08/30/06 01:15,0.0
08/30/06 01:20,0.0
08/30/06 01:25,0.0
08/30/06 01:30,0.0
08/30/06 01:35,0.0
08/30/06 01:40,0.0
08/30/06 01:45,0.0
08/30/06 01:50,0.0
08/30/06 01:55,0.0
08/30/06 02:00,0.0
08/30/06 02:05,0.0
08/30/06 02:10,0.0
08/30/06 02:15,0.0
08/30/06 02:20,0.0
08/30/06 02:25,0.0
08/30/06 02:30,0.0
08/30/06 02:35,0.0
08/30/06 02:40,0.0
08/30/06 02:45,0.0
08/30/06 02:50,0.0
08/30/06 02:55,0.0
08/30/06 03:00,0.0
08/30/06 03:05,0.0
08/30/06 03:10,0.0
08/30/06 03:15,0.0
08/30/06 03:20,0.0
08/30/06 03:25,0.0
08/30/06 03:30,0.0
08/30/06 03:35,0.0
08/30/06 03:40,0.0
08/30/06 03:45,0.0
08/30/06 03:50,0.0
08/30/06 03:55,0.0
08/30/06 04:00,0.0
08/30/06 04:05,0.0
08/30/06 04:10,0.0
08/30/06 04:15,0.0
08/30/06 04:20,0.0
08/30/06 04:25,0.0
08/30/06 04:30,0.0
08/30/06 04:35,0.0
08/30/06 04:40,0.0
08/30/06 04:45,0.0
08/30/06 04:50,0.0
08/30/06 04:55,0.0
08/30/06 05:00,0.0
08/30/06 05:05,0.0
08/30/06 05:10,0.0
08/30/06 05:15,0.0
08/30/06 05:20,0.0
08/30/06 05:25,0.0
08/30/06 05:30,0.0
08/30/06 05:35,0.0
08/30/06 05:40,0.0
08/30/06 05:45,0.0
08/30/06 05:50,0.0
08/30/06 05:55,0.0
08/30/06 06:00,0.0
08/30/06 06:05,0.0
08/30/06 06:10,0.1
08/30/06 06:15,0.3
08/30/06 06:20,0.5
08/30/06 06:25,1.0
08/30/06 06:30,1.7
08/30/06 06:35,2.8
08/30/06 06:40,3.7
08/30/06 06:45,4.1
08/30/06 06:50,4.5
08/30/06 06:55,4.9
08/30/06 07:00,5.3
08/30/06 07:05,5.8
08/30/06 07:10,6.2
08/30/06 07:15,6.7
08/30/06 07:20,7.2
08/30/06 07:25,7.8
08/30/06 07:30,8.4
08/30/06 07:35,9.0
08/30/06 07:40,9.7
08/30/06 07:45,10.3
08/30/06 07:50,10.8
08/30/06 07:55,11.4
08/30/06 08:00,12.1
08/30/06 08:05,12.8
08/30/06 08:10,13.5
08/30/06 08:15,14.2
08/30/06 08:20,14.8
08/30/06 08:25,15.3
08/30/06 08:30,15.9
08/30/06 08:35,16.5
08/30/06 08:40,17.2
08/30/06 08:45,17.8
08/30/06 08:50,18.4
08/30/06 08:55,19.0
08/30/06 09:00,19.4
08/30/06 09:05,19.8
08/30/06 09:10,20.3
08/30/06 09:15,20.6
08/30/06 09:20,20.8
08/30/06 09:25,21.0
08/30/06 09:30,21.1
08/30/06 09:35,21.5
08/30/06 09:40,21.7
08/30/06 09:45,22.0
08/30/06 09:50,22.3
08/30/06 09:55,22.5
08/30/06 10:00,22.6
08/30/06 10:05,22.6
08/30/06 10:10,22.8
08/30/06 10:15,23.1
08/30/06 10:20,22.3
08/30/06 10:25,21.5
08/30/06 10:30,21.4
08/30/06 10:35,21.4
08/30/06 10:40,21.7
08/30/06 10:45,22.6
08/30/06 10:50,22.9
08/30/06 10:55,22.8
08/30/06 11:00,22.7
08/30/06 11:05,22.8
08/30/06 11:10,22.6
08/30/06 11:15,23.4
08/30/06 11:20,24.5
08/30/06 11:25,25.6
08/30/06 11:30,26.2
08/30/06 11:35,27.1
08/30/06 11:40,27.6
08/30/06 11:45,27.6
08/30/06 11:50,27.8
08/30/06 11:55,28.2
08/30/06 12:00,28.2
08/30/06 12:05,27.9
08/30/06 12:10,27.9
08/30/06 12:15,27.0
08/30/06 12:20,25.7
08/30/06 12:25,24.7
08/30/06 12:30,23.7
08/30/06 12:35,22.6
08/30/06 12:40,21.5
08/30/06 12:45,20.4
08/30/06 12:50,19.4
08/30/06 12:55,18.5
08/30/06 13:00,17.9
08/30/06 13:05,17.1
08/30/06 13:10,16.5
08/30/06 13:15,16.4
08/30/06 13:20,16.8
08/30/06 13:25,17.1
08/30/06 13:30,17.3
08/30/06 13:35,17.6
08/30/06 13:40,17.9
08/30/06 13:45,18.2
08/30/06 13:50,18.5
08/30/06 13:55,18.9
08/30/06 14:00,19.5
08/30/06 14:05,19.9
08/30/06 14:10,20.1
08/30/06 14:15,19.1
08/30/06 14:20,16.9
08/30/06 14:25,19.1
08/30/06 14:30,20.3
08/30/06 14:35,17.1
08/30/06 14:40,12.2
08/30/06 14:45,8.9
08/30/06 14:50,7.0
08/30/06 14:55,7.2
08/30/06 15:00,8.5
08/30/06 15:05,9.0
08/30/06 15:10,10.3
08/30/06 15:15,10.9
08/30/06 15:20,11.8
08/30/06 15:25,12.2
08/30/06 15:30,12.3
08/30/06 15:35,11.9
08/30/06 15:40,11.7
08/30/06 15:45,11.4
08/30/06 15:50,10.8
08/30/06 15:55,10.3
08/30/06 16:00,9.6
08/30/06 16:05,9.1
08/30/06 16:10,8.7
08/30/06 16:15,8.5
08/30/06 16:20,8.0
08/30/06 16:25,7.3
08/30/06 16:30,6.4
08/30/06 16:35,5.5
08/30/06 16:40,4.7
08/30/06 16:45,3.9
08/30/06 16:50,2.8
08/30/06 16:55,1.3
08/30/06 17:00,0.6
08/30/06 17:05,0.3
08/30/06 17:10,0.1
08/30/06 17:15,0.1
08/30/06 17:20,0.2
08/30/06 17:25,0.2
08/30/06 17:30,0.2
08/30/06 17:35,0.1
08/30/06 17:40,0.1
08/30/06 17:45,0.0
08/30/06 17:50,0.0
08/30/06 17:55,0.0
08/30/06 18:00,0.0
08/30/06 18:05,0.0
08/30/06 18:10,0.0
08/30/06 18:15,0.0
08/30/06 18:20,0.0
08/30/06 18:25,0.0
08/30/06 18:30,0.0
08/30/06 18:35,0.0
08/30/06 18:40,0.0
08/30/06 18:45,0.0
08/30/06 18:50,0.0
08/30/06 18:55,0.0
08/30/06 19:00,0.0
08/30/06 19:05,0.0
08/30/06 19:10,0.0
08/30/06 19:15,0.0
08/30/06 19:20,0.0
08/30/06 19:25,0.0
08/30/06 19:30,0.0
08/30/06 19:35,0.0
08/30/06 19:40,0.0
08/30/06 19:45,0.0
08/30/06 19:50,0.0
08/30/06 19:55,0.0
08/30/06 20:00,0.0
08/30/06 20:05,0.0
08/30/06 20:10,0.0
08/30/06 20:15,0.0
08/30/06 20:20,0.0
08/30/06 20:25,0.0
08/30/06 20:30,0.0
08/30/06 20:35,0.0
08/30/06 20:40,0.0
08/30/06 20:45,0.0
08/30/06 20:50,0.0
08/30/06 20:55,0.0
08/30/06 21:00,0.0
08/30/06 21:05,0.0
08/30/06 21:10,0.0
08/30/06 21:15,0.0
08/30/06 21:20,0.0
08/30/06 21:25,0.0
08/30/06 21:30,0.0
08/30/06 21:35,0.0
08/30/06 21:40,0.0
08/30/06 21:45,0.0
08/30/06 21:50,0.0
08/30/06 21:55,0.0
08/30/06 22:00,0.0
08/30/06 22:05,0.0
08/30/06 22:10,0.0
08/30/06 22:15,0.0
08/30/06 22:20,0.0
08/30/06 22:25,0.0
08/30/06 22:30,0.0
08/30/06 22:35,0.0
08/30/06 22:40,0.0
08/30/06 22:45,0.0
08/30/06 22:50,0.0
08/30/06 22:55,0.0
08/30/06 23:00,0.0
08/30/06 23:05,0.0
08/30/06 23:10,0.0
08/30/06 23:15,0.0
08/30/06 23:20,0.0
08/30/06 23:25,0.0
08/30/06 23:30,0.0
08/30/06 23:35,0.0
08/30/06 23:40,0.0
08/30/06 23:45,0.0
08/30/06 23:50,0.0
08/30/06 23:55,0.0
08/31/06 00:00,0.0
08/31/06 00:05,0.0
08/31/06 00:10,0.0
08/31/06 00:15,0.0
08/31/06 00:20,0.0
08/31/06 00:25,0.0
08/31/06 00:30,0.0
08/31/06 00:35,0.0
08/31/06 00:40,0.0
08/31/06 00:45,0.0
08/31/06 00:50,0.0
08/31/06 00:55,0.0
08/31/06 01:00,0.0
08/31/06 01:05,0.0
08/31/06 01:10,0.0
08/31/06 01:15,0.0
08/31/06 01:20,0.0
08/31/06 01:25,0.0
08/31/06 01:30,0.0
08/31/06 01:35,0.0
08/31/06 01:40,0.0
08/31/06 01:45,0.0
08/31/06 01:50,0.0
08/31/06 01:55,0.0
08/31/06 02:00,0.0
08/31/06 02:05,0.0
08/31/06 02:10,0.0
08/31/06 02:15,0.0
08/31/06 02:20,0.0
08/31/06 02:25,0.0
08/31/06 02:30,0.0
08/31/06 02:35,0.0
08/31/06 02:40,0.0
08/31/06 02:45,0.0
08/31/06 02:50,0.0
08/31/06 02:55,0.0
08/31/06 03:00,0.0
08/31/06 03:05,0.0
08/31/06 03:10,0.0
08/31/06 03:15,0.0
08/31/06 03:20,0.0
08/31/06 03:25,0.0
08/31/06 03:30,0.0
08/31/06 03:35,0.0
08/31/06 03:40,0.0
08/31/06 03:45,0.0
08/31/06 03:50,0.0
08/31/06 03:55,0.0
08/31/06 04:00,0.0
08/31/06 04:05,0.0
08/31/06 04:10,0.0
08/31/06 04:15,0.0
08/31/06 04:20,0.0
08/31/06 04:25,0.0
08/31/06 04:30,0.0
08/31/06 04:35,0.0
08/31/06 04:40,0.0
08/31/06 04:45,0.0
08/31/06 04:50,0.0
08/31/06 04:55,0.0
08/31/06 05:00,0.0
08/31/06 05:05,0.0
08/31/06 05:10,0.0
08/31/06 05:15,0.0
08/31/06 05:20,0.0
08/31/06 05:25,0.0
08/31/06 05:30,0.0
08/31/06 05:35,0.0
08/31/06 05:40,0.0
08/31/06 05:45,0.0
08/31/06 05:50,0.0
08/31/06 05:55,0.0
08/31/06 06:00,0.1
08/31/06 06:05,0.1
08/31/06 06:10,0.2
08/31/06 06:15,0.4
08/31/06 06:20,0.7
08/31/06 06:25,1.3
08/31/06 06:30,1.9
08/31/06 06:35,3.3
08/31/06 06:40,3.9
08/31/06 06:45,4.2
08/31/06 06:50,4.7
08/31/06 06:55,5.2
08/31/06 07:00,5.8
08/31/06 07:05,6.4
08/31/06 07:10,7.0
08/31/06 07:15,7.4
08/31/06 07:20,7.6
08/31/06 07:25,7.8
08/31/06 07:30,8.1
08/31/06 07:35,8.5
08/31/06 07:40,9.0
08/31/06 07:45,9.4
08/31/06 07:50,9.8
08/31/06 07:55,10.1
08/31/06 08:00,10.6
08/31/06 08:05,10.8
08/31/06 08:10,11.0
08/31/06 08:15,11.1
08/31/06 08:20,11.0
08/31/06 08:25,12.6
08/31/06 08:30,14.4
08/31/06 08:35,15.2
08/31/06 08:40,16.4
08/31/06 08:45,17.3
08/31/06 08:50,17.7
08/31/06 08:55,18.1
08/31/06 09:00,18.3
08/31/06 09:05,18.5
08/31/06 09:10,18.4
08/31/06 09:15,19.1
08/31/06 09:20,19.9
08/31/06 09:25,20.5
08/31/06 09:30,20.8
08/31/06 09:35,20.9
08/31/06 09:40,20.9
08/31/06 09:45,20.9
08/31/06 09:50,20.9
08/31/06 09:55,20.7
08/31/06 10:00,20.6
08/31/06 10:05,20.6
08/31/06 10:10,20.6
08/31/06 10:15,21.0
08/31/06 10:20,22.0
08/31/06 10:25,22.4
08/31/06 10:30,22.7
08/31/06 10:35,22.1
08/31/06 10:40,21.2
08/31/06 10:45,20.3
08/31/06 10:50,23.0
08/31/06 10:55,25.3
08/31/06 11:00,26.2
08/31/06 11:05,25.3
08/31/06 11:10,24.9
08/31/06 11:15,22.9
08/31/06 11:20,21.0
08/31/06 11:25,20.8
08/31/06 11:30,20.1
08/31/06 11:35,18.4
08/31/06 11:40,19.8
08/31/06 11:45,22.2
08/31/06 11:50,22.2
08/31/06 11:55,20.6
08/31/06 12:00,19.9
08/31/06 12:05,20.3
08/31/06 12:10,21.6
08/31/06 12:15,22.3
08/31/06 12:20,22.5
08/31/06 12:25,23.0
08/31/06 12:30,24.1
08/31/06 12:35,23.0
08/31/06 12:40,21.8
08/31/06 12:45,21.1
08/31/06 12:50,21.5
08/31/06 12:55,20.0
08/31/06 13:00,16.4
08/31/06 13:05,14.0
08/31/06 13:10,12.3
08/31/06 13:15,10.4
08/31/06 13:20,8.7
08/31/06 13:25,8.4
08/31/06 13:30,8.7
08/31/06 13:35,9.5
08/31/06 13:40,10.3
08/31/06 13:45,11.4
08/31/06 13:50,12.5
08/31/06 13:55,13.7
08/31/06 14:00,14.8
08/31/06 14:05,15.9
08/31/06 14:10,17.0
08/31/06 14:15,17.9
08/31/06 14:20,18.1
08/31/06 14:25,17.4
08/31/06 14:30,16.2
08/31/06 14:35,15.1
08/31/06 14:40,15.2
08/31/06 14:45,15.6
08/31/06 14:50,16.7
08/31/06 14:55,16.9
08/31/06 15:00,16.3
08/31/06 15:05,16.0
08/31/06 15:10,16.3
08/31/06 15:15,15.8
08/31/06 15:20,15.4
08/31/06 15:25,12.0
08/31/06 15:30,12.0
08/31/06 15:35,12.5
08/31/06 15:40,11.9
08/31/06 15:45,10.7
08/31/06 15:50,11.4
08/31/06 15:55,11.4
08/31/06 16:00,10.2
08/31/06 16:05,9.5
08/31/06 16:10,8.9
08/31/06 16:15,8.5
08/31/06 16:20,8.2
08/31/06 16:25,7.7
08/31/06 16:30,7.2
08/31/06 16:35,6.7
08/31/06 16:40,6.1
08/31/06 16:45,5.6
08/31/06 16:50,5.0
08/31/06 16:55,4.5
08/31/06 17:00,4.1
08/31/06 17:05,3.7
08/31/06 17:10,3.0
08/31/06 17:15,1.9
08/31/06 17:20,1.2
08/31/06 17:25,0.6
08/31/06 17:30,0.3
08/31/06 17:35,0.1
08/31/06 17:40,0.1
08/31/06 17:45,0.0
08/31/06 17:50,0.0
08/31/06 17:55,0.0
08/31/06 18:00,0.0
08/31/06 18:05,0.0
08/31/06 18:10,0.0
08/31/06 18:15,0.0
08/31/06 18:20,0.0
08/31/06 18:25,0.0
08/31/06 18:30,0.0
08/31/06 18:35,0.0
08/31/06 18:40,0.0
08/31/06 18:45,0.0
08/31/06 18:50,0.0
08/31/06 18:55,0.0
08/31/06 19:00,0.0
08/31/06 19:05,0.0
08/31/06 19:10,0.0
08/31/06 19:15,0.0
08/31/06 19:20,0.0
08/31/06 19:25,0.0
08/31/06 19:30,0.0
08/31/06 19:35,0.0
08/31/06 19:40,0.0
08/31/06 19:45,0.0
08/31/06 19:50,0.0
08/31/06 19:55,0.0
08/31/06 20:00,0.0
08/31/06 20:05,0.0
08/31/06 20:10,0.0
08/31/06 20:15,0.0
08/31/06 20:20,0.0
08/31/06 20:25,0.0
08/31/06 20:30,0.0
08/31/06 20:35,0.0
08/31/06 20:40,0.0
08/31/06 20:45,0.0
08/31/06 20:50,0.0
08/31/06 20:55,0.0
08/31/06 21:00,0.0
08/31/06 21:05,0.0
08/31/06 21:10,0.0
08/31/06 21:15,0.0
08/31/06 21:20,0.0
08/31/06 21:25,0.0
08/31/06 21:30,0.0
08/31/06 21:35,0.0
08/31/06 21:40,0.0
08/31/06 21:45,0.0
08/31/06 21:50,0.0
08/31/06 21:55,0.0
08/31/06 22:00,0.0
08/31/06 22:05,0.0
08/31/06 22:10,0.0
08/31/06 22:15,0.0
08/31/06 22:20,0.0
08/31/06 22:25,0.0
08/31/06 22:30,0.0
08/31/06 22:35,0.0
08/31/06 22:40,0.0
08/31/06 22:45,0.0
08/31/06 22:50,0.0
08/31/06 22:55,0.0
08/31/06 23:00,0.0
08/31/06 23:05,0.0
08/31/06 23:10,0.0
08/31/06 23:15,0.0
08/31/06 23:20,0.0
08/31/06 23:25,0.0
08/31/06 23:30,0.0
08/31/06 23:35,0.0
08/31/06 23:40,0.0
08/31/06 23:45,0.0
08/31/06 23:50,0.0
08/31/06 23:55,0.0
09/01/06 00:00,0.0
09/01/06 00:05,0.0
09/01/06 00:10,0.0
09/01/06 00:15,0.0
09/01/06 00:20,0.0
09/01/06 00:25,0.0
09/01/06 00:30,0.0
09/01/06 00:35,0.0
09/01/06 00:40,0.0
09/01/06 00:45,0.0
09/01/06 00:50,0.0
09/01/06 00:55,0.0
09/01/06 01:00,0.0
09/01/06 01:05,0.0
09/01/06 01:10,0.0
09/01/06 01:15,0.0
09/01/06 01:20,0.0
09/01/06 01:25,0.0
09/01/06 01:30,0.0
09/01/06 01:35,0.0
09/01/06 01:40,0.0
09/01/06 01:45,0.0
09/01/06 01:50,0.0
09/01/06 01:55,0.0
09/01/06 02:00,0.0
09/01/06 02:05,0.0
09/01/06 02:10,0.0
09/01/06 02:15,0.0
09/01/06 02:20,0.0
09/01/06 02:25,0.0
09/01/06 02:30,0.0
09/01/06 02:35,0.0
09/01/06 02:40,0.0
09/01/06 02:45,0.0
09/01/06 02:50,0.0
09/01/06 02:55,0.0
09/01/06 03:00,0.0
09/01/06 03:05,0.0
09/01/06 03:10,0.0
09/01/06 03:15,0.0
09/01/06 03:20,0.0
09/01/06 03:25,0.0
09/01/06 03:30,0.0
09/01/06 03:35,0.0
09/01/06 03:40,0.0
09/01/06 03:45,0.0
09/01/06 03:50,0.0
09/01/06 03:55,0.0
09/01/06 04:00,0.0
09/01/06 04:05,0.0
09/01/06 04:10,0.0
09/01/06 04:15,0.0
09/01/06 04:20,0.0
09/01/06 04:25,0.0
09/01/06 04:30,0.0
09/01/06 04:35,0.0
09/01/06 04:40,0.0
09/01/06 04:45,0.0
09/01/06 04:50,0.0
09/01/06 04:55,0.0
09/01/06 05:00,0.0
09/01/06 05:05,0.0
09/01/06 05:10,0.0
09/01/06 05:15,0.0
09/01/06 05:20,0.0
09/01/06 05:25,0.0
09/01/06 05:30,0.0
09/01/06 05:35,0.0
09/01/06 05:40,0.0
09/01/06 05:45,0.0
09/01/06 05:50,0.0
09/01/06 05:55,0.0
09/01/06 06:00,0.0
09/01/06 06:05,0.0
09/01/06 06:10,0.1
09/01/06 06:15,0.3
09/01/06 06:20,0.7
09/01/06 06:25,1.3
09/01/06 06:30,2.3
09/01/06 06:35,3.6
09/01/06 06:40,4.1
09/01/06 06:45,4.7
09/01/06 06:50,5.2
09/01/06 06:55,5.7
09/01/06 07:00,6.3
09/01/06 07:05,6.9
09/01/06 07:10,7.5
09/01/06 07:15,8.1
09/01/06 07:20,8.5
09/01/06 07:25,9.1
09/01/06 07:30,9.7
09/01/06 07:35,10.4
09/01/06 07:40,11.0
09/01/06 07:45,11.7
09/01/06 07:50,12.4
09/01/06 07:55,13.0
09/01/06 08:00,13.5
09/01/06 08:05,14.1
09/01/06 08:10,14.6
09/01/06 08:15,15.1
09/01/06 08:20,15.7
09/01/06 08:25,16.3
09/01/06 08:30,16.9
09/01/06 08:35,17.3
09/01/06 08:40,17.5
09/01/06 08:45,17.7
09/01/06 08:50,17.9
09/01/06 08:55,18.2
09/01/06 09:00,18.6
09/01/06 09:05,18.9
09/01/06 09:10,19.3
09/01/06 09:15,19.8
09/01/06 09:20,20.5
09/01/06 09:25,21.0
09/01/06 09:30,21.3
09/01/06 09:35,21.6
09/01/06 09:40,21.9
09/01/06 09:45,22.4
09/01/06 09:50,22.9
09/01/06 09:55,23.5
09/01/06 10:00,24.1
09/01/06 10:05,24.6
09/01/06 10:10,24.7
09/01/06 10:15,24.6
09/01/06 10:20,24.3
09/01/06 10:25,24.1
09/01/06 10:30,24.6
09/01/06 10:35,25.3
09/01/06 10:40,26.2
09/01/06 10:45,27.1
09/01/06 10:50,27.7
09/01/06 10:55,27.5
09/01/06 11:00,27.6
09/01/06 11:05,28.0
09/01/06 11:10,27.7
09/01/06 11:15,27.2
09/01/06 11:20,26.5
09/01/06 11:25,25.9
09/01/06 11:30,25.7
09/01/06 11:35,25.4
09/01/06 11:40,25.0
09/01/06 11:45,24.7
09/01/06 11:50,24.5
09/01/06 11:55,24.1
09/01/06 12:00,24.0
09/01/06 12:05,24.1
09/01/06 12:10,24.4
09/01/06 12:15,24.6
09/01/06 12:20,24.2
09/01/06 12:25,23.9
09/01/06 12:30,23.9
09/01/06 12:35,23.8
09/01/06 12:40,23.5
09/01/06 12:45,23.2
09/01/06 12:50,22.9
09/01/06 12:55,22.7
09/01/06 13:00,22.5
09/01/06 13:05,22.3
09/01/06 13:10,22.0
09/01/06 13:15,21.9
09/01/06 13:20,20.4
09/01/06 13:25,19.0
09/01/06 13:30,16.2
09/01/06 13:35,15.6
09/01/06 13:40,16.7
09/01/06 13:45,17.9
09/01/06 13:50,18.5
09/01/06 13:55,20.6
09/01/06 14:00,19.3
09/01/06 14:05,17.3
09/01/06 14:10,16.9
09/01/06 14:15,17.2
09/01/06 14:20,17.8
09/01/06 14:25,17.3
09/01/06 14:30,17.2
09/01/06 14:35,14.8
09/01/06 14:40,9.9
09/01/06 14:45,7.3
09/01/06 14:50,10.1
09/01/06 14:55,10.0
09/01/06 15:00,10.8
09/01/06 15:05,12.0
09/01/06 15:10,12.9
09/01/06 15:15,12.3
09/01/06 15:20,12.8
09/01/06 15:25,12.1
09/01/06 15:30,11.5
09/01/06 15:35,12.0
09/01/06 15:40,11.6
09/01/06 15:45,11.2
09/01/06 15:50,10.8
09/01/06 15:55,10.8
09/01/06 16:00,10.3
09/01/06 16:05,9.7
09/01/06 16:10,8.6
09/01/06 16:15,8.1
09/01/06 16:20,7.9
09/01/06 16:25,7.5
09/01/06 16:30,6.9
09/01/06 16:35,6.2
09/01/06 16:40,5.6
09/01/06 16:45,5.0
09/01/06 16:50,4.5
09/01/06 16:55,4.0
09/01/06 17:00,3.6
09/01/06 17:05,2.4
09/01/06 17:10,1.4
09/01/06 17:15,0.8
09/01/06 17:20,0.5
09/01/06 17:25,0.2
09/01/06 17:30,0.1
09/01/06 17:35,0.0
09/01/06 17:40,0.0
09/01/06 17:45,0.0
09/01/06 17:50,0.0
09/01/06 17:55,0.0
09/01/06 18:00,0.0
09/01/06 18:05,0.0
09/01/06 18:10,0.0
09/01/06 18:15,0.0
09/01/06 18:20,0.0
09/01/06 18:25,0.0
09/01/06 18:30,0.0
09/01/06 18:35,0.0
09/01/06 18:40,0.0
09/01/06 18:45,0.0
09/01/06 18:50,0.0
09/01/06 18:55,0.0
09/01/06 19:00,0.0
09/01/06 19:05,0.0
09/01/06 19:10,0.0
09/01/06 19:15,0.0
09/01/06 19:20,0.0
09/01/06 19:25,0.0
09/01/06 19:30,0.0
09/01/06 19:35,0.0
09/01/06 19:40,0.0
09/01/06 19:45,0.0
09/01/06 19:50,0.0
09/01/06 19:55,0.0
09/01/06 20:00,0.0
09/01/06 20:05,0.0
09/01/06 20:10,0.0
09/01/06 20:15,0.0
09/01/06 20:20,0.0
09/01/06 20:25,0.0
09/01/06 20:30,0.0
09/01/06 20:35,0.0
09/01/06 20:40,0.0
09/01/06 20:45,0.0
09/01/06 20:50,0.0
09/01/06 20:55,0.0
09/01/06 21:00,0.0
09/01/06 21:05,0.0
09/01/06 21:10,0.0
09/01/06 21:15,0.0
09/01/06 21:20,0.0
09/01/06 21:25,0.0
09/01/06 21:30,0.0
09/01/06 21:35,0.0
09/01/06 21:40,0.0
09/01/06 21:45,0.0
09/01/06 21:50,0.0
09/01/06 21:55,0.0
09/01/06 22:00,0.0
09/01/06 22:05,0.0
09/01/06 22:10,0.0
09/01/06 22:15,0.0
09/01/06 22:20,0.0
09/01/06 22:25,0.0
09/01/06 22:30,0.0
09/01/06 22:35,0.0
09/01/06 22:40,0.0
09/01/06 22:45,0.0
09/01/06 22:50,0.0
09/01/06 22:55,0.0
09/01/06 23:00,0.0
09/01/06 23:05,0.0
09/01/06 23:10,0.0
09/01/06 23:15,0.0
09/01/06 23:20,0.0
09/01/06 23:25,0.0
09/01/06 23:30,0.0
09/01/06 23:35,0.0
09/01/06 23:40,0.0
09/01/06 23:45,0.0
09/01/06 23:50,0.0
09/01/06 23:55,0.0
09/02/06 00:00,0.0
09/02/06 00:05,0.0
09/02/06 00:10,0.0
09/02/06 00:15,0.0
09/02/06 00:20,0.0
09/02/06 00:25,0.0
09/02/06 00:30,0.0
09/02/06 00:35,0.0
09/02/06 00:40,0.0
09/02/06 00:45,0.0
09/02/06 00:50,0.0
09/02/06 00:55,0.0
09/02/06 01:00,0.0
09/02/06 01:05,0.0
09/02/06 01:10,0.0
09/02/06 01:15,0.0
09/02/06 01:20,0.0
09/02/06 01:25,0.0
09/02/06 01:30,0.0
09/02/06 01:35,0.0
09/02/06 01:40,0.0
09/02/06 01:45,0.0
09/02/06 01:50,0.0
09/02/06 01:55,0.0
09/02/06 02:00,0.0
09/02/06 02:05,0.0
09/02/06 02:10,0.0
09/02/06 02:15,0.0
09/02/06 02:20,0.0
09/02/06 02:25,0.0
09/02/06 02:30,0.0
09/02/06 02:35,0.0
09/02/06 02:40,0.0
09/02/06 02:45,0.0
09/02/06 02:50,0.0
09/02/06 02:55,0.0
09/02/06 03:00,0.0
09/02/06 03:05,0.0
09/02/06 03:10,0.0
09/02/06 03:15,0.0
09/02/06 03:20,0.0
09/02/06 03:25,0.0
09/02/06 03:30,0.0
09/02/06 03:35,0.0
09/02/06 03:40,0.0
09/02/06 03:45,0.0
09/02/06 03:50,0.0
09/02/06 03:55,0.0
09/02/06 04:00,0.0
09/02/06 04:05,0.0
09/02/06 04:10,0.0
09/02/06 04:15,0.0
09/02/06 04:20,0.0
09/02/06 04:25,0.0
09/02/06 04:30,0.0
09/02/06 04:35,0.0
09/02/06 04:40,0.0
09/02/06 04:45,0.0
09/02/06 04:50,0.0
09/02/06 04:55,0.0
09/02/06 05:00,0.0
09/02/06 05:05,0.0
09/02/06 05:10,0.0
09/02/06 05:15,0.0
09/02/06 05:20,0.0
09/02/06 05:25,0.0
09/02/06 05:30,0.0
09/02/06 05:35,0.0
09/02/06 05:40,0.0
09/02/06 05:45,0.0
09/02/06 05:50,0.0
09/02/06 05:55,0.0
09/02/06 06:00,0.0
09/02/06 06:05,0.1
09/02/06 06:10,0.2
09/02/06 06:15,0.4
09/02/06 06:20,0.7
09/02/06 06:25,1.1
09/02/06 06:30,2.5
09/02/06 06:35,4.0
09/02/06 06:40,4.8
09/02/06 06:45,5.4
09/02/06 06:50,6.1
09/02/06 06:55,6.6
09/02/06 07:00,7.1
09/02/06 07:05,7.5
09/02/06 07:10,8.0
09/02/06 07:15,8.3
09/02/06 07:20,8.6
09/02/06 07:25,9.2
09/02/06 07:30,9.7
09/02/06 07:35,10.3
09/02/06 07:40,11.0
09/02/06 07:45,11.7
09/02/06 07:50,12.3
09/02/06 07:55,12.9
09/02/06 08:00,13.5
09/02/06 08:05,14.1
09/02/06 08:10,14.7
09/02/06 08:15,15.2
09/02/06 08:20,15.6
09/02/06 08:25,16.0
09/02/06 08:30,16.6
09/02/06 08:35,17.1
09/02/06 08:40,17.6
09/02/06 08:45,18.0
09/02/06 08:50,18.3
09/02/06 08:55,18.8
09/02/06 09:00,19.1
09/02/06 09:05,19.5
09/02/06 09:10,19.9
09/02/06 09:15,20.3
09/02/06 09:20,20.7
09/02/06 09:25,21.0
09/02/06 09:30,21.5
09/02/06 09:35,21.9
09/02/06 09:40,22.3
09/02/06 09:45,22.6
09/02/06 09:50,23.0
09/02/06 09:55,23.4
09/02/06 10:00,23.7
09/02/06 10:05,24.1
09/02/06 10:10,24.3
09/02/06 10:15,24.3
09/02/06 10:20,24.1
09/02/06 10:25,24.0
09/02/06 10:30,23.9
09/02/06 10:35,23.9
09/02/06 10:40,23.9
09/02/06 10:45,24.0
09/02/06 10:50,24.2
09/02/06 10:55,24.4
09/02/06 11:00,24.4
09/02/06 11:05,24.3
09/02/06 11:10,24.1
09/02/06 11:15,24.0
09/02/06 11:20,23.6
09/02/06 11:25,23.2
09/02/06 11:30,22.6
09/02/06 11:35,22.2
09/02/06 11:40,18.8
09/02/06 11:45,17.9
09/02/06 11:50,15.4
09/02/06 11:55,13.6
09/02/06 12:00,17.0
09/02/06 12:05,17.7
09/02/06 12:10,18.4
09/02/06 12:15,19.2
09/02/06 12:20,19.8
09/02/06 12:25,20.3
09/02/06 12:30,20.7
09/02/06 12:35,21.0
09/02/06 12:40,21.4
09/02/06 12:45,21.8
09/02/06 12:50,22.2
09/02/06 12:55,22.5
09/02/06 13:00,22.7
09/02/06 13:05,22.7
09/02/06 13:10,22.7
09/02/06 13:15,22.6
09/02/06 13:20,22.2
09/02/06 13:25,22.0
09/02/06 13:30,18.6
09/02/06 13:35,17.3
09/02/06 13:40,15.7
09/02/06 13:45,14.6
09/02/06 13:50,14.3
09/02/06 13:55,15.5
09/02/06 14:00,15.7
09/02/06 14:05,15.0
09/02/06 14:10,14.2
09/02/06 14:15,15.8
09/02/06 14:20,17.2
09/02/06 14:25,18.0
09/02/06 14:30,18.5
09/02/06 14:35,18.8
09/02/06 14:40,18.8
09/02/06 14:45,18.7
09/02/06 14:50,18.4
09/02/06 14:55,18.2
09/02/06 15:00,17.9
09/02/06 15:05,17.5
09/02/06 15:10,17.1
09/02/06 15:15,16.3
09/02/06 15:20,14.4
09/02/06 15:25,12.8
09/02/06 15:30,12.6
09/02/06 15:35,10.3
09/02/06 15:40,8.2
09/02/06 15:45,8.1
09/02/06 15:50,7.9
09/02/06 15:55,7.6
09/02/06 16:00,6.9
09/02/06 16:05,5.6
09/02/06 16:10,5.8
09/02/06 16:15,6.7
09/02/06 16:20,7.1
09/02/06 16:25,7.0
09/02/06 16:30,6.6
09/02/06 16:35,6.2
09/02/06 16:40,5.8
09/02/06 16:45,5.4
09/02/06 16:50,4.9
09/02/06 16:55,4.5
09/02/06 17:00,4.0
09/02/06 17:05,3.6
09/02/06 17:10,2.7
09/02/06 17:15,1.6
09/02/06 17:20,0.9
09/02/06 17:25,0.4
09/02/06 17:30,0.2
09/02/06 17:35,0.1
09/02/06 17:40,0.0
09/02/06 17:45,0.0
09/02/06 17:50,0.0
09/02/06 17:55,0.0
09/02/06 18:00,0.0
09/02/06 18:05,0.0
09/02/06 18:10,0.0
09/02/06 18:15,0.0
09/02/06 18:20,0.0
09/02/06 18:25,0.0
09/02/06 18:30,0.0
09/02/06 18:35,0.0
09/02/06 18:40,0.0
09/02/06 18:45,0.0
09/02/06 18:50,0.0
09/02/06 18:55,0.0
09/02/06 19:00,0.0
09/02/06 19:05,0.0
09/02/06 19:10,0.0
09/02/06 19:15,0.0
09/02/06 19:20,0.0
09/02/06 19:25,0.0
09/02/06 19:30,0.0
09/02/06 19:35,0.0
09/02/06 19:40,0.0
09/02/06 19:45,0.0
09/02/06 19:50,0.0
09/02/06 19:55,0.0
09/02/06 20:00,0.0
09/02/06 20:05,0.0
09/02/06 20:10,0.0
09/02/06 20:15,0.0
09/02/06 20:20,0.0
09/02/06 20:25,0.0
09/02/06 20:30,0.0
09/02/06 20:35,0.0
09/02/06 20:40,0.0
09/02/06 20:45,0.0
09/02/06 20:50,0.0
09/02/06 20:55,0.0
09/02/06 21:00,0.0
09/02/06 21:05,0.0
09/02/06 21:10,0.0
09/02/06 21:15,0.0
09/02/06 21:20,0.0
09/02/06 21:25,0.0
09/02/06 21:30,0.0
09/02/06 21:35,0.0
09/02/06 21:40,0.0
09/02/06 21:45,0.0
09/02/06 21:50,0.0
09/02/06 21:55,0.0
09/02/06 22:00,0.0
09/02/06 22:05,0.0
09/02/06 22:10,0.0
09/02/06 22:15,0.0
09/02/06 22:20,0.0
09/02/06 22:25,0.0
09/02/06 22:30,0.0
09/02/06 22:35,0.0
09/02/06 22:40,0.0
09/02/06 22:45,0.0
09/02/06 22:50,0.0
09/02/06 22:55,0.0
09/02/06 23:00,0.0
09/02/06 23:05,0.0
09/02/06 23:10,0.0
09/02/06 23:15,0.0
09/02/06 23:20,0.0
09/02/06 23:25,0.0
09/02/06 23:30,0.0
09/02/06 23:35,0.0
09/02/06 23:40,0.0
09/02/06 23:45,0.0
09/02/06 23:50,0.0
09/02/06 23:55,0.0
09/03/06 00:00,0.0
09/03/06 00:05,0.0
09/03/06 00:10,0.0
09/03/06 00:15,0.0
09/03/06 00:20,0.0
09/03/06 00:25,0.0
09/03/06 00:30,0.0
09/03/06 00:35,0.0
09/03/06 00:40,0.0
09/03/06 00:45,0.0
09/03/06 00:50,0.0
09/03/06 00:55,0.0
09/03/06 01:00,0.0
09/03/06 01:05,0.0
09/03/06 01:10,0.0
09/03/06 01:15,0.0
09/03/06 01:20,0.0
09/03/06 01:25,0.0
09/03/06 01:30,0.0
09/03/06 01:35,0.0
09/03/06 01:40,0.0
09/03/06 01:45,0.0
09/03/06 01:50,0.0
09/03/06 01:55,0.0
09/03/06 02:00,0.0
09/03/06 02:05,0.0
09/03/06 02:10,0.0
09/03/06 02:15,0.0
09/03/06 02:20,0.0
09/03/06 02:25,0.0
09/03/06 02:30,0.0
09/03/06 02:35,0.0
09/03/06 02:40,0.0
09/03/06 02:45,0.0
09/03/06 02:50,0.0
09/03/06 02:55,0.0
09/03/06 03:00,0.0
09/03/06 03:05,0.0
09/03/06 03:10,0.0
09/03/06 03:15,0.0
09/03/06 03:20,0.0
09/03/06 03:25,0.0
09/03/06 03:30,0.0
09/03/06 03:35,0.0
09/03/06 03:40,0.0
09/03/06 03:45,0.0
09/03/06 03:50,0.0
09/03/06 03:55,0.0
09/03/06 04:00,0.0
09/03/06 04:05,0.0
09/03/06 04:10,0.0
09/03/06 04:15,0.0
09/03/06 04:20,0.0
09/03/06 04:25,0.0
09/03/06 04:30,0.0
09/03/06 04:35,0.0
09/03/06 04:40,0.0
09/03/06 04:45,0.0
09/03/06 04:50,0.0
09/03/06 04:55,0.0
09/03/06 05:00,0.0
09/03/06 05:05,0.0
09/03/06 05:10,0.0
09/03/06 05:15,0.0
09/03/06 05:20,0.0
09/03/06 05:25,0.0
09/03/06 05:30,0.0
09/03/06 05:35,0.0
09/03/06 05:40,0.0
09/03/06 05:45,0.0
09/03/06 05:50,0.0
09/03/06 05:55,0.0
09/03/06 06:00,0.0
09/03/06 06:05,0.0
09/03/06 06:10,0.1
09/03/06 06:15,0.3
09/03/06 06:20,0.5
09/03/06 06:25,1.0
09/03/06 06:30,1.6
09/03/06 06:35,2.6
09/03/06 06:40,3.6
09/03/06 06:45,4.1
09/03/06 06:50,4.5
09/03/06 06:55,4.9
09/03/06 07:00,5.4
09/03/06 07:05,5.8
09/03/06 07:10,6.2
09/03/06 07:15,6.8
09/03/06 07:20,7.5
09/03/06 07:25,8.3
09/03/06 07:30,9.0
09/03/06 07:35,9.6
09/03/06 07:40,10.2
09/03/06 07:45,10.8
09/03/06 07:50,11.4
09/03/06 07:55,12.0
09/03/06 08:00,12.6
09/03/06 08:05,13.2
09/03/06 08:10,13.7
09/03/06 08:15,14.3
09/03/06 08:20,14.7
09/03/06 08:25,15.1
09/03/06 08:30,15.8
09/03/06 08:35,16.3
09/03/06 08:40,16.7
09/03/06 08:45,17.2
09/03/06 08:50,17.6
09/03/06 08:55,18.1
09/03/06 09:00,18.6
09/03/06 09:05,19.2
09/03/06 09:10,19.7
09/03/06 09:15,20.1
09/03/06 09:20,20.4
09/03/06 09:25,20.8
09/03/06 09:30,21.2
09/03/06 09:35,21.6
09/03/06 09:40,21.8
09/03/06 09:45,22.2
09/03/06 09:50,22.7
09/03/06 09:55,23.1
09/03/06 10:00,23.4
09/03/06 10:05,23.7
09/03/06 10:10,24.1
09/03/06 10:15,24.1
09/03/06 10:20,23.7
09/03/06 10:25,23.1
09/03/06 10:30,22.7
09/03/06 10:35,22.7
09/03/06 10:40,22.4
09/03/06 10:45,22.3
09/03/06 10:50,22.3
09/03/06 10:55,22.4
09/03/06 11:00,22.7
09/03/06 11:05,22.8
09/03/06 11:10,23.1
09/03/06 11:15,23.8
09/03/06 11:20,24.3
09/03/06 11:25,24.6
09/03/06 11:30,24.6
09/03/06 11:35,24.5
09/03/06 11:40,24.2
09/03/06 11:45,23.7
09/03/06 11:50,23.1
09/03/06 11:55,22.6
09/03/06 12:00,22.0
09/03/06 12:05,21.4
09/03/06 12:10,20.9
09/03/06 12:15,20.1
09/03/06 12:20,20.8
09/03/06 12:25,22.0
09/03/06 12:30,20.3
09/03/06 12:35,19.8
09/03/06 12:40,19.3
09/03/06 12:45,19.3
09/03/06 12:50,18.5
09/03/06 12:55,17.3
09/03/06 13:00,17.6
09/03/06 13:05,16.6
09/03/06 13:10,13.2
09/03/06 13:15,16.3
09/03/06 13:20,18.0
09/03/06 13:25,17.8
09/03/06 13:30,17.2
09/03/06 13:35,15.8
09/03/06 13:40,17.7
09/03/06 13:45,17.0
09/03/06 13:50,14.0
09/03/06 13:55,11.9
09/03/06 14:00,11.0
09/03/06 14:05,13.2
09/03/06 14:10,13.1
09/03/06 14:15,12.1
09/03/06 14:20,12.0
09/03/06 14:25,15.5
09/03/06 14:30,18.5
09/03/06 14:35,19.9
09/03/06 14:40,20.1
09/03/06 14:45,20.2
09/03/06 14:50,19.5
09/03/06 14:55,17.9
09/03/06 15:00,16.7
09/03/06 15:05,12.6
09/03/06 15:10,8.3
09/03/06 15:15,8.8
09/03/06 15:20,10.1
09/03/06 15:25,10.8
09/03/06 15:30,11.1
09/03/06 15:35,10.9
09/03/06 15:40,10.3
09/03/06 15:45,9.5
09/03/06 15:50,8.7
09/03/06 15:55,7.9
09/03/06 16:00,7.1
09/03/06 16:05,6.5
09/03/06 16:10,6.2
09/03/06 16:15,5.6
09/03/06 16:20,4.0
09/03/06 16:25,3.1
09/03/06 16:30,3.8
09/03/06 16:35,2.4
09/03/06 16:40,0.6
09/03/06 16:45,1.2
09/03/06 16:50,3.4
09/03/06 16:55,3.8
09/03/06 17:00,3.8
09/03/06 17:05,3.6
09/03/06 17:10,2.8
09/03/06 17:15,0.7
09/03/06 17:20,0.3
09/03/06 17:25,0.2
09/03/06 17:30,0.1
09/03/06 17:35,0.0
09/03/06 17:40,0.0
09/03/06 17:45,0.0
09/03/06 17:50,0.0
09/03/06 17:55,0.0
09/03/06 18:00,0.0
09/03/06 18:05,0.0
09/03/06 18:10,0.0
09/03/06 18:15,0.0
09/03/06 18:20,0.0
09/03/06 18:25,0.0
09/03/06 18:30,0.0
09/03/06 18:35,0.0
09/03/06 18:40,0.0
09/03/06 18:45,0.0
09/03/06 18:50,0.0
09/03/06 18:55,0.0
09/03/06 19:00,0.0
09/03/06 19:05,0.0
09/03/06 19:10,0.0
09/03/06 19:15,0.0
09/03/06 19:20,0.0
09/03/06 19:25,0.0
09/03/06 19:30,0.0
09/03/06 19:35,0.0
09/03/06 19:40,0.0
09/03/06 19:45,0.0
09/03/06 19:50,0.0
09/03/06 19:55,0.0
09/03/06 20:00,0.0
09/03/06 20:05,0.0
09/03/06 20:10,0.0
09/03/06 20:15,0.0
09/03/06 20:20,0.0
09/03/06 20:25,0.0
09/03/06 20:30,0.0
09/03/06 20:35,0.0
09/03/06 20:40,0.0
09/03/06 20:45,0.0
09/03/06 20:50,0.0
09/03/06 20:55,0.0
09/03/06 21:00,0.0
09/03/06 21:05,0.0
09/03/06 21:10,0.0
09/03/06 21:15,0.0
09/03/06 21:20,0.0
09/03/06 21:25,0.0
09/03/06 21:30,0.0
09/03/06 21:35,0.0
09/03/06 21:40,0.0
09/03/06 21:45,0.0
09/03/06 21:50,0.0
09/03/06 21:55,0.0
09/03/06 22:00,0.0
09/03/06 22:05,0.0
09/03/06 22:10,0.0
09/03/06 22:15,0.0
09/03/06 22:20,0.0
09/03/06 22:25,0.0
09/03/06 22:30,0.0
09/03/06 22:35,0.0
09/03/06 22:40,0.0
09/03/06 22:45,0.0
09/03/06 22:50,0.0
09/03/06 22:55,0.0
09/03/06 23:00,0.0
09/03/06 23:05,0.0
09/03/06 23:10,0.0
09/03/06 23:15,0.0
09/03/06 23:20,0.0
09/03/06 23:25,0.0
09/03/06 23:30,0.0
09/03/06 23:35,0.0
09/03/06 23:40,0.0
09/03/06 23:45,0.0
09/03/06 23:50,0.0
09/03/06 23:55,0.0
09/04/06 00:00,0.0
09/04/06 00:05,0.0
09/04/06 00:10,0.0
09/04/06 00:15,0.0
09/04/06 00:20,0.0
09/04/06 00:25,0.0
09/04/06 00:30,0.0
09/04/06 00:35,0.0
09/04/06 00:40,0.0
09/04/06 00:45,0.0
09/04/06 00:50,0.0
09/04/06 00:55,0.0
09/04/06 01:00,0.0
09/04/06 01:05,0.0
09/04/06 01:10,0.0
09/04/06 01:15,0.0
09/04/06 01:20,0.0
09/04/06 01:25,0.0
09/04/06 01:30,0.0
09/04/06 01:35,0.0
09/04/06 01:40,0.0
09/04/06 01:45,0.0
09/04/06 01:50,0.0
09/04/06 01:55,0.0
09/04/06 02:00,0.0
09/04/06 02:05,0.0
09/04/06 02:10,0.0
09/04/06 02:15,0.0
09/04/06 02:20,0.0
09/04/06 02:25,0.0
09/04/06 02:30,0.0
09/04/06 02:35,0.0
09/04/06 02:40,0.0
09/04/06 02:45,0.0
09/04/06 02:50,0.0
09/04/06 02:55,0.0
09/04/06 03:00,0.0
09/04/06 03:05,0.0
09/04/06 03:10,0.0
09/04/06 03:15,0.0
09/04/06 03:20,0.0
09/04/06 03:25,0.0
09/04/06 03:30,0.0
09/04/06 03:35,0.0
09/04/06 03:40,0.0
09/04/06 03:45,0.0
09/04/06 03:50,0.0
09/04/06 03:55,0.0
09/04/06 04:00,0.0
09/04/06 04:05,0.0
09/04/06 04:10,0.0
09/04/06 04:15,0.0
09/04/06 04:20,0.0
09/04/06 04:25,0.0
09/04/06 04:30,0.0
09/04/06 04:35,0.0
09/04/06 04:40,0.0
09/04/06 04:45,0.0
09/04/06 04:50,0.0
09/04/06 04:55,0.0
09/04/06 05:00,0.0
09/04/06 05:05,0.0
09/04/06 05:10,0.0
09/04/06 05:15,0.0
09/04/06 05:20,0.0
09/04/06 05:25,0.0
09/04/06 05:30,0.0
09/04/06 05:35,0.0
09/04/06 05:40,0.0
09/04/06 05:45,0.0
09/04/06 05:50,0.0
09/04/06 05:55,0.0
09/04/06 06:00,0.0
09/04/06 06:05,0.0
09/04/06 06:10,0.0
09/04/06 06:15,0.2
09/04/06 06:20,0.4
09/04/06 06:25,0.8
09/04/06 06:30,1.0
09/04/06 06:35,1.3
09/04/06 06:40,1.7
09/04/06 06:45,1.9
09/04/06 06:50,2.1
09/04/06 06:55,2.6
09/04/06 07:00,3.5
09/04/06 07:05,3.6
09/04/06 07:10,3.6
09/04/06 07:15,4.5
09/04/06 07:20,5.9
09/04/06 07:25,7.0
09/04/06 07:30,8.1
09/04/06 07:35,9.3
09/04/06 07:40,10.3
09/04/06 07:45,11.3
09/04/06 07:50,12.2
09/04/06 07:55,12.9
09/04/06 08:00,13.4
09/04/06 08:05,13.8
09/04/06 08:10,14.3
09/04/06 08:15,14.9
09/04/06 08:20,15.3
09/04/06 08:25,15.9
09/04/06 08:30,16.6
09/04/06 08:35,17.2
09/04/06 08:40,17.7
09/04/06 08:45,18.3
09/04/06 08:50,18.8
09/04/06 08:55,19.4
09/04/06 09:00,20.0
09/04/06 09:05,20.5
09/04/06 09:10,21.0
09/04/06 09:15,21.1
09/04/06 09:20,21.0
09/04/06 09:25,21.2
09/04/06 09:30,21.4
09/04/06 09:35,21.7
09/04/06 09:40,22.0
09/04/06 09:45,22.3
09/04/06 09:50,22.5
09/04/06 09:55,22.9
09/04/06 10:00,23.3
09/04/06 10:05,23.7
09/04/06 10:10,24.0
09/04/06 10:15,24.0
09/04/06 10:20,23.4
09/04/06 10:25,18.8
09/04/06 10:30,14.8
09/04/06 10:35,14.3
09/04/06 10:40,18.4
09/04/06 10:45,21.0
09/04/06 10:50,22.3
09/04/06 10:55,20.3
09/04/06 11:00,16.0
09/04/06 11:05,17.6
09/04/06 11:10,20.0
09/04/06 11:15,21.6
09/04/06 11:20,21.9
09/04/06 11:25,21.8
09/04/06 11:30,21.6
09/04/06 11:35,21.5
09/04/06 11:40,21.7
09/04/06 11:45,22.2
09/04/06 11:50,22.8
09/04/06 11:55,23.2
09/04/06 12:00,23.5
09/04/06 12:05,23.6
09/04/06 12:10,24.0
09/04/06 12:15,23.3
09/04/06 12:20,21.9
09/04/06 12:25,21.0
09/04/06 12:30,20.4
09/04/06 12:35,20.1
09/04/06 12:40,19.9
09/04/06 12:45,19.9
09/04/06 12:50,19.8
09/04/06 12:55,19.8
09/04/06 13:00,19.8
09/04/06 13:05,19.7
09/04/06 13:10,18.8
09/04/06 13:15,15.0
09/04/06 13:20,12.0
09/04/06 13:25,10.4
09/04/06 13:30,11.0
09/04/06 13:35,8.0
09/04/06 13:40,8.5
09/04/06 13:45,12.1
09/04/06 13:50,15.8
09/04/06 13:55,17.7
09/04/06 14:00,18.5
09/04/06 14:05,16.2
09/04/06 14:10,17.0
09/04/06 14:15,13.4
09/04/06 14:20,9.1
09/04/06 14:25,6.7
09/04/06 14:30,5.0
09/04/06 14:35,4.3
09/04/06 14:40,4.1
09/04/06 14:45,4.1
09/04/06 14:50,4.3
09/04/06 14:55,4.3
09/04/06 15:00,4.3
09/04/06 15:05,4.3
09/04/06 15:10,4.3
09/04/06 15:15,4.7
09/04/06 15:20,5.1
09/04/06 15:25,5.2
09/04/06 15:30,5.4
09/04/06 15:35,6.2
09/04/06 15:40,6.8
09/04/06 15:45,6.2
09/04/06 15:50,7.7
09/04/06 15:55,9.7
09/04/06 16:00,10.6
09/04/06 16:05,10.3
09/04/06 16:10,8.1
09/04/06 16:15,6.2
09/04/06 16:20,4.9
09/04/06 16:25,4.0
09/04/06 16:30,4.2
09/04/06 16:35,4.3
09/04/06 16:40,3.8
09/04/06 16:45,3.4
09/04/06 16:50,1.9
09/04/06 16:55,0.8
09/04/06 17:00,0.4
09/04/06 17:05,0.4
09/04/06 17:10,0.3
09/04/06 17:15,0.1
09/04/06 17:20,0.0
09/04/06 17:25,0.0
09/04/06 17:30,0.0
09/04/06 17:35,0.0
09/04/06 17:40,0.0
09/04/06 17:45,0.0
09/04/06 17:50,0.0
09/04/06 17:55,0.0
09/04/06 18:00,0.0
09/04/06 18:05,0.0
09/04/06 18:10,0.0
09/04/06 18:15,0.0
09/04/06 18:20,0.0
09/04/06 18:25,0.0
09/04/06 18:30,0.0
09/04/06 18:35,0.0
09/04/06 18:40,0.0
09/04/06 18:45,0.0
09/04/06 18:50,0.0
09/04/06 18:55,0.0
09/04/06 19:00,0.0
09/04/06 19:05,0.0
09/04/06 19:10,0.0
09/04/06 19:15,0.0
09/04/06 19:20,0.0
09/04/06 19:25,0.0
09/04/06 19:30,0.0
09/04/06 19:35,0.0
09/04/06 19:40,0.0
09/04/06 19:45,0.0
09/04/06 19:50,0.0
09/04/06 19:55,0.0
09/04/06 20:00,0.0
09/04/06 20:05,0.0
09/04/06 20:10,0.0
09/04/06 20:15,0.0
09/04/06 20:20,0.0
09/04/06 20:25,0.0
09/04/06 20:30,0.0
09/04/06 20:35,0.0
09/04/06 20:40,0.0
09/04/06 20:45,0.0
09/04/06 20:50,0.0
09/04/06 20:55,0.0
09/04/06 21:00,0.0
09/04/06 21:05,0.0
09/04/06 21:10,0.0
09/04/06 21:15,0.0
09/04/06 21:20,0.0
09/04/06 21:25,0.0
09/04/06 21:30,0.0
09/04/06 21:35,0.0
09/04/06 21:40,0.0
09/04/06 21:45,0.0
09/04/06 21:50,0.0
09/04/06 21:55,0.0
09/04/06 22:00,0.0
09/04/06 22:05,0.0
09/04/06 22:10,0.0
09/04/06 22:15,0.0
09/04/06 22:20,0.0
09/04/06 22:25,0.0
09/04/06 22:30,0.0
09/04/06 22:35,0.0
09/04/06 22:40,0.0
09/04/06 22:45,0.0
09/04/06 22:50,0.0
09/04/06 22:55,0.0
09/04/06 23:00,0.0
09/04/06 23:05,0.0
09/04/06 23:10,0.0
09/04/06 23:15,0.0
09/04/06 23:20,0.0
09/04/06 23:25,0.0
09/04/06 23:30,0.0
09/04/06 23:35,0.0
09/04/06 23:40,0.0
09/04/06 23:45,0.0
09/04/06 23:50,0.0
09/04/06 23:55,0.0
09/05/06 00:00,0.0
09/05/06 00:05,0.0
09/05/06 00:10,0.0
09/05/06 00:15,0.0
09/05/06 00:20,0.0
09/05/06 00:25,0.0
09/05/06 00:30,0.0
09/05/06 00:35,0.0
09/05/06 00:40,0.0
09/05/06 00:45,0.0
09/05/06 00:50,0.0
09/05/06 00:55,0.0
09/05/06 01:00,0.0
09/05/06 01:05,0.0
09/05/06 01:10,0.0
09/05/06 01:15,0.0
09/05/06 01:20,0.0
09/05/06 01:25,0.0
09/05/06 01:30,0.0
09/05/06 01:35,0.0
09/05/06 01:40,0.0
09/05/06 01:45,0.0
09/05/06 01:50,0.0
09/05/06 01:55,0.0
09/05/06 02:00,0.0
09/05/06 02:05,0.0
09/05/06 02:10,0.0
09/05/06 02:15,0.0
09/05/06 02:20,0.0
09/05/06 02:25,0.0
09/05/06 02:30,0.0
09/05/06 02:35,0.0
09/05/06 02:40,0.0
09/05/06 02:45,0.0
09/05/06 02:50,0.0
09/05/06 02:55,0.0
09/05/06 03:00,0.0
09/05/06 03:05,0.0
09/05/06 03:10,0.0
09/05/06 03:15,0.0
09/05/06 03:20,0.0
09/05/06 03:25,0.0
09/05/06 03:30,0.0
09/05/06 03:35,0.0
09/05/06 03:40,0.0
09/05/06 03:45,0.0
09/05/06 03:50,0.0
09/05/06 03:55,0.0
09/05/06 04:00,0.0
09/05/06 04:05,0.0
09/05/06 04:10,0.0
09/05/06 04:15,0.0
09/05/06 04:20,0.0
09/05/06 04:25,0.0
09/05/06 04:30,0.0
09/05/06 04:35,0.0
09/05/06 04:40,0.0
09/05/06 04:45,0.0
09/05/06 04:50,0.0
09/05/06 04:55,0.0
09/05/06 05:00,0.0
09/05/06 05:05,0.0
09/05/06 05:10,0.0
09/05/06 05:15,0.0
09/05/06 05:20,0.0
09/05/06 05:25,0.0
09/05/06 05:30,0.0
09/05/06 05:35,0.0
09/05/06 05:40,0.0
09/05/06 05:45,0.0
09/05/06 05:50,0.0
09/05/06 05:55,0.0
09/05/06 06:00,0.0
09/05/06 06:05,0.0
09/05/06 06:10,0.1
09/05/06 06:15,0.2
09/05/06 06:20,0.5
09/05/06 06:25,1.0
09/05/06 06:30,1.9
09/05/06 06:35,3.2
09/05/06 06:40,3.9
09/05/06 06:45,4.3
09/05/06 06:50,4.8
09/05/06 06:55,5.3
09/05/06 07:00,5.8
09/05/06 07:05,6.3
09/05/06 07:10,6.9
09/05/06 07:15,7.5
09/05/06 07:20,8.0
09/05/06 07:25,8.6
09/05/06 07:30,9.2
09/05/06 07:35,9.8
09/05/06 07:40,10.4
09/05/06 07:45,11.2
09/05/06 07:50,11.9
09/05/06 07:55,12.6
09/05/06 08:00,13.3
09/05/06 08:05,14.0
09/05/06 08:10,14.7
09/05/06 08:15,15.1
09/05/06 08:20,15.4
09/05/06 08:25,15.9
09/05/06 08:30,16.5
09/05/06 08:35,17.1
09/05/06 08:40,17.5
09/05/06 08:45,18.0
09/05/06 08:50,18.5
09/05/06 08:55,19.0
09/05/06 09:00,19.4
09/05/06 09:05,19.8
09/05/06 09:10,20.2
09/05/06 09:15,20.5
09/05/06 09:20,20.6
09/05/06 09:25,20.7
09/05/06 09:30,21.0
09/05/06 09:35,21.3
09/05/06 09:40,21.4
09/05/06 09:45,21.5
09/05/06 09:50,21.7
09/05/06 09:55,21.8
09/05/06 10:00,22.0
09/05/06 10:05,22.2
09/05/06 10:10,22.5
09/05/06 10:15,22.7
09/05/06 10:20,22.7
09/05/06 10:25,22.6
09/05/06 10:30,22.5
09/05/06 10:35,22.4
09/05/06 10:40,22.3
09/05/06 10:45,22.2
09/05/06 10:50,22.2
09/05/06 10:55,22.2
09/05/06 11:00,22.3
09/05/06 11:05,22.4
09/05/06 11:10,22.6
09/05/06 11:15,22.0
09/05/06 11:20,18.9
09/05/06 11:25,15.9
09/05/06 11:30,15.4
09/05/06 11:35,15.9
09/05/06 11:40,15.9
09/05/06 11:45,17.7
09/05/06 11:50,17.8
09/05/06 11:55,19.6
09/05/06 12:00,21.1
09/05/06 12:05,21.4
09/05/06 12:10,20.6
09/05/06 12:15,19.1
09/05/06 12:20,18.2
09/05/06 12:25,18.7
09/05/06 12:30,19.1
09/05/06 12:35,19.8
09/05/06 12:40,19.9
09/05/06 12:45,21.1
09/05/06 12:50,23.3
09/05/06 12:55,25.1
09/05/06 13:00,26.0
09/05/06 13:05,26.5
09/05/06 13:10,27.1
09/05/06 13:15,25.8
09/05/06 13:20,23.4
09/05/06 13:25,21.5
09/05/06 13:30,20.3
09/05/06 13:35,19.3
09/05/06 13:40,18.1
09/05/06 13:45,16.7
09/05/06 13:50,15.6
09/05/06 13:55,14.8
09/05/06 14:00,13.8
09/05/06 14:05,12.8
09/05/06 14:10,11.7
09/05/06 14:15,11.3
09/05/06 14:20,12.6
09/05/06 14:25,13.3
09/05/06 14:30,13.8
09/05/06 14:35,14.6
09/05/06 14:40,15.3
09/05/06 14:45,15.6
09/05/06 14:50,14.2
09/05/06 14:55,14.5
09/05/06 15:00,13.8
09/05/06 15:05,10.3
09/05/06 15:10,8.8
09/05/06 15:15,8.7
09/05/06 15:20,8.8
09/05/06 15:25,8.5
09/05/06 15:30,8.2
09/05/06 15:35,8.0
09/05/06 15:40,8.0
09/05/06 15:45,7.7
09/05/06 15:50,7.3
09/05/06 15:55,7.0
09/05/06 16:00,6.8
09/05/06 16:05,6.6
09/05/06 16:10,6.4
09/05/06 16:15,6.2
09/05/06 16:20,6.4
09/05/06 16:25,6.0
09/05/06 16:30,5.8
09/05/06 16:35,5.0
09/05/06 16:40,4.0
09/05/06 16:45,2.9
09/05/06 16:50,3.0
09/05/06 16:55,2.7
09/05/06 17:00,1.3
09/05/06 17:05,0.5
09/05/06 17:10,0.5
09/05/06 17:15,0.5
09/05/06 17:20,0.2
09/05/06 17:25,0.1
09/05/06 17:30,0.1
09/05/06 17:35,0.1
09/05/06 17:40,0.0
09/05/06 17:45,0.0
09/05/06 17:50,0.0
09/05/06 17:55,0.0
09/05/06 18:00,0.0
09/05/06 18:05,0.0
09/05/06 18:10,0.0
09/05/06 18:15,0.0
09/05/06 18:20,0.0
09/05/06 18:25,0.0
09/05/06 18:30,0.0
09/05/06 18:35,0.0
09/05/06 18:40,0.0
09/05/06 18:45,0.0
09/05/06 18:50,0.0
09/05/06 18:55,0.0
09/05/06 19:00,0.0
09/05/06 19:05,0.0
09/05/06 19:10,0.0
09/05/06 19:15,0.0
09/05/06 19:20,0.0
09/05/06 19:25,0.0
09/05/06 19:30,0.0
09/05/06 19:35,0.0
09/05/06 19:40,0.0
09/05/06 19:45,0.0
09/05/06 19:50,0.0
09/05/06 19:55,0.0
09/05/06 20:00,0.0
09/05/06 20:05,0.0
09/05/06 20:10,0.0
09/05/06 20:15,0.0
09/05/06 20:20,0.0
09/05/06 20:25,0.0
09/05/06 20:30,0.0
09/05/06 20:35,0.0
09/05/06 20:40,0.0
09/05/06 20:45,0.0
09/05/06 20:50,0.0
09/05/06 20:55,0.0
09/05/06 21:00,0.0
09/05/06 21:05,0.0
09/05/06 21:10,0.0
09/05/06 21:15,0.0
09/05/06 21:20,0.0
09/05/06 21:25,0.0
09/05/06 21:30,0.0
09/05/06 21:35,0.0
09/05/06 21:40,0.0
09/05/06 21:45,0.0
09/05/06 21:50,0.0
09/05/06 21:55,0.0
09/05/06 22:00,0.0
09/05/06 22:05,0.0
09/05/06 22:10,0.0
09/05/06 22:15,0.0
09/05/06 22:20,0.0
09/05/06 22:25,0.0
09/05/06 22:30,0.0
09/05/06 22:35,0.0
09/05/06 22:40,0.0
09/05/06 22:45,0.0
09/05/06 22:50,0.0
09/05/06 22:55,0.0
09/05/06 23:00,0.0
09/05/06 23:05,0.0
09/05/06 23:10,0.0
09/05/06 23:15,0.0
09/05/06 23:20,0.0
09/05/06 23:25,0.0
09/05/06 23:30,0.0
09/05/06 23:35,0.0
09/05/06 23:40,0.0
09/05/06 23:45,0.0
09/05/06 23:50,0.0
09/05/06 23:55,0.0
09/06/06 00:00,0.0
09/06/06 00:05,0.0
09/06/06 00:10,0.0
09/06/06 00:15,0.0
09/06/06 00:20,0.0
09/06/06 00:25,0.0
09/06/06 00:30,0.0
09/06/06 00:35,0.0
09/06/06 00:40,0.0
09/06/06 00:45,0.0
09/06/06 00:50,0.0
09/06/06 00:55,0.0
09/06/06 01:00,0.0
09/06/06 01:05,0.0
09/06/06 01:10,0.0
09/06/06 01:15,0.0
09/06/06 01:20,0.0
09/06/06 01:25,0.0
09/06/06 01:30,0.0
09/06/06 01:35,0.0
09/06/06 01:40,0.0
09/06/06 01:45,0.0
09/06/06 01:50,0.0
09/06/06 01:55,0.0
09/06/06 02:00,0.0
09/06/06 02:05,0.0
09/06/06 02:10,0.0
09/06/06 02:15,0.0
09/06/06 02:20,0.0
09/06/06 02:25,0.0
09/06/06 02:30,0.0
09/06/06 02:35,0.0
09/06/06 02:40,0.0
09/06/06 02:45,0.0
09/06/06 02:50,0.0
09/06/06 02:55,0.0
09/06/06 03:00,0.0
09/06/06 03:05,0.0
09/06/06 03:10,0.0
09/06/06 03:15,0.0
09/06/06 03:20,0.0
09/06/06 03:25,0.0
09/06/06 03:30,0.0
09/06/06 03:35,0.0
09/06/06 03:40,0.0
09/06/06 03:45,0.0
09/06/06 03:50,0.0
09/06/06 03:55,0.0
09/06/06 04:00,0.0
09/06/06 04:05,0.0
09/06/06 04:10,0.0
09/06/06 04:15,0.0
09/06/06 04:20,0.0
09/06/06 04:25,0.0
09/06/06 04:30,0.0
09/06/06 04:35,0.0
09/06/06 04:40,0.0
09/06/06 04:45,0.0
09/06/06 04:50,0.0
09/06/06 04:55,0.0
09/06/06 05:00,0.0
09/06/06 05:05,0.0
09/06/06 05:10,0.0
09/06/06 05:15,0.0
09/06/06 05:20,0.0
09/06/06 05:25,0.0
09/06/06 05:30,0.0
09/06/06 05:35,0.0
09/06/06 05:40,0.0
09/06/06 05:45,0.0
09/06/06 05:50,0.0
09/06/06 05:55,0.0
09/06/06 06:00,0.0
09/06/06 06:05,0.0
09/06/06 06:10,0.0
09/06/06 06:15,0.0
09/06/06 06:20,0.1
09/06/06 06:25,0.1
09/06/06 06:30,0.3
09/06/06 06:35,0.5
09/06/06 06:40,0.7
09/06/06 06:45,0.8
09/06/06 06:50,0.9
09/06/06 06:55,1.0
09/06/06 07:00,1.3
09/06/06 07:05,1.6
09/06/06 07:10,1.7
09/06/06 07:15,3.6
09/06/06 07:20,4.5
09/06/06 07:25,4.8
09/06/06 07:30,4.9
09/06/06 07:35,4.8
09/06/06 07:40,4.7
09/06/06 07:45,4.8
09/06/06 07:50,5.5
09/06/06 07:55,5.9
09/06/06 08:00,6.2
09/06/06 08:05,5.9
09/06/06 08:10,5.2
09/06/06 08:15,4.2
09/06/06 08:20,3.6
09/06/06 08:25,3.4
09/06/06 08:30,3.6
09/06/06 08:35,4.0
09/06/06 08:40,4.6
09/06/06 08:45,5.3
09/06/06 08:50,5.9
09/06/06 08:55,6.3
09/06/06 09:00,6.5
09/06/06 09:05,6.8
09/06/06 09:10,7.2
09/06/06 09:15,7.1
09/06/06 09:20,6.9
09/06/06 09:25,6.7
09/06/06 09:30,6.6
09/06/06 09:35,6.7
09/06/06 09:40,6.9
09/06/06 09:45,7.4
09/06/06 09:50,7.9
09/06/06 09:55,8.3
09/06/06 10:00,8.4
09/06/06 10:05,8.3
09/06/06 10:10,8.7
09/06/06 10:15,8.7
09/06/06 10:20,11.4
09/06/06 10:25,9.6
09/06/06 10:30,7.9
09/06/06 10:35,7.0
09/06/06 10:40,6.6
09/06/06 10:45,7.3
09/06/06 10:50,7.3
09/06/06 10:55,6.7
09/06/06 11:00,6.5
09/06/06 11:05,8.8
09/06/06 11:10,8.3
09/06/06 11:15,7.2
09/06/06 11:20,8.5
09/06/06 11:25,11.6
09/06/06 11:30,15.5
09/06/06 11:35,16.8
09/06/06 11:40,14.9
09/06/06 11:45,14.7
09/06/06 11:50,15.6
09/06/06 11:55,17.8
09/06/06 12:00,15.1
09/06/06 12:05,14.3
09/06/06 12:10,15.1
09/06/06 12:15,14.9
09/06/06 12:20,14.6
09/06/06 12:25,17.5
09/06/06 12:30,21.7
09/06/06 12:35,24.5
09/06/06 12:40,26.0
09/06/06 12:45,26.4
09/06/06 12:50,26.6
09/06/06 12:55,24.0
09/06/06 13:00,19.3
09/06/06 13:05,16.3
09/06/06 13:10,14.5
09/06/06 13:15,12.4
09/06/06 13:20,10.3
09/06/06 13:25,9.2
09/06/06 13:30,8.8
09/06/06 13:35,9.1
09/06/06 13:40,9.5
09/06/06 13:45,9.1
09/06/06 13:50,8.9
09/06/06 13:55,8.8
09/06/06 14:00,8.5
09/06/06 14:05,8.2
09/06/06 14:10,7.9
09/06/06 14:15,8.6
09/06/06 14:20,9.6
09/06/06 14:25,9.9
09/06/06 14:30,9.8
09/06/06 14:35,10.0
09/06/06 14:40,10.2
09/06/06 14:45,10.4
09/06/06 14:50,10.3
09/06/06 14:55,10.0
09/06/06 15:00,9.6
09/06/06 15:05,9.1
09/06/06 15:10,8.8
09/06/06 15:15,8.8
09/06/06 15:20,9.1
09/06/06 15:25,9.0
09/06/06 15:30,8.7
09/06/06 15:35,8.5
09/06/06 15:40,8.0
09/06/06 15:45,7.5
09/06/06 15:50,7.1
09/06/06 15:55,6.6
09/06/06 16:00,6.2
09/06/06 16:05,5.7
09/06/06 16:10,5.3
09/06/06 16:15,4.9
09/06/06 16:20,4.5
09/06/06 16:25,4.0
09/06/06 16:30,3.6
09/06/06 16:35,2.4
09/06/06 16:40,1.3
09/06/06 16:45,0.7
09/06/06 16:50,0.4
09/06/06 16:55,0.2
09/06/06 17:00,0.1
09/06/06 17:05,0.0
09/06/06 17:10,0.0
09/06/06 17:15,0.0
09/06/06 17:20,0.0
09/06/06 17:25,0.0
09/06/06 17:30,0.0
09/06/06 17:35,0.0
09/06/06 17:40,0.0
09/06/06 17:45,0.0
09/06/06 17:50,0.0
09/06/06 17:55,0.0
09/06/06 18:00,0.0
09/06/06 18:05,0.0
09/06/06 18:10,0.0
09/06/06 18:15,0.0
09/06/06 18:20,0.0
09/06/06 18:25,0.0
09/06/06 18:30,0.0
09/06/06 18:35,0.0
09/06/06 18:40,0.0
09/06/06 18:45,0.0
09/06/06 18:50,0.0
09/06/06 18:55,0.0
09/06/06 19:00,0.0
09/06/06 19:05,0.0
09/06/06 19:10,0.0
09/06/06 19:15,0.0
09/06/06 19:20,0.0
09/06/06 19:25,0.0
09/06/06 19:30,0.0
09/06/06 19:35,0.0
09/06/06 19:40,0.0
09/06/06 19:45,0.0
09/06/06 19:50,0.0
09/06/06 19:55,0.0
09/06/06 20:00,0.0
09/06/06 20:05,0.0
09/06/06 20:10,0.0
09/06/06 20:15,0.0
09/06/06 20:20,0.0
09/06/06 20:25,0.0
09/06/06 20:30,0.0
09/06/06 20:35,0.0
09/06/06 20:40,0.0
09/06/06 20:45,0.0
09/06/06 20:50,0.0
09/06/06 20:55,0.0
09/06/06 21:00,0.0
09/06/06 21:05,0.0
09/06/06 21:10,0.0
09/06/06 21:15,0.0
09/06/06 21:20,0.0
09/06/06 21:25,0.0
09/06/06 21:30,0.0
09/06/06 21:35,0.0
09/06/06 21:40,0.0
09/06/06 21:45,0.0
09/06/06 21:50,0.0
09/06/06 21:55,0.0
09/06/06 22:00,0.0
09/06/06 22:05,0.0
09/06/06 22:10,0.0
09/06/06 22:15,0.0
09/06/06 22:20,0.0
09/06/06 22:25,0.0
09/06/06 22:30,0.0
09/06/06 22:35,0.0
09/06/06 22:40,0.0
09/06/06 22:45,0.0
09/06/06 22:50,0.0
09/06/06 22:55,0.0
09/06/06 23:00,0.0
09/06/06 23:05,0.0
09/06/06 23:10,0.0
09/06/06 23:15,0.0
09/06/06 23:20,0.0
09/06/06 23:25,0.0
09/06/06 23:30,0.0
09/06/06 23:35,0.0
09/06/06 23:40,0.0
09/06/06 23:45,0.0
09/06/06 23:50,0.0
09/06/06 23:55,0.0
09/07/06 00:00,0.0
09/07/06 00:05,0.0
09/07/06 00:10,0.0
09/07/06 00:15,0.0
09/07/06 00:20,0.0
09/07/06 00:25,0.0
09/07/06 00:30,0.0
09/07/06 00:35,0.0
09/07/06 00:40,0.0
09/07/06 00:45,0.0
09/07/06 00:50,0.0
09/07/06 00:55,0.0
09/07/06 01:00,0.0
09/07/06 01:05,0.0
09/07/06 01:10,0.0
09/07/06 01:15,0.0
09/07/06 01:20,0.0
09/07/06 01:25,0.0
09/07/06 01:30,0.0
09/07/06 01:35,0.0
09/07/06 01:40,0.0
09/07/06 01:45,0.0
09/07/06 01:50,0.0
09/07/06 01:55,0.0
09/07/06 02:00,0.0
09/07/06 02:05,0.0
09/07/06 02:10,0.0
09/07/06 02:15,0.0
09/07/06 02:20,0.0
09/07/06 02:25,0.0
09/07/06 02:30,0.0
09/07/06 02:35,0.0
09/07/06 02:40,0.0
09/07/06 02:45,0.0
09/07/06 02:50,0.0
09/07/06 02:55,0.0
09/07/06 03:00,0.0
09/07/06 03:05,0.0
09/07/06 03:10,0.0
09/07/06 03:15,0.0
09/07/06 03:20,0.0
09/07/06 03:25,0.0
09/07/06 03:30,0.0
09/07/06 03:35,0.0
09/07/06 03:40,0.0
09/07/06 03:45,0.0
09/07/06 03:50,0.0
09/07/06 03:55,0.0
09/07/06 04:00,0.0
09/07/06 04:05,0.0
09/07/06 04:10,0.0
09/07/06 04:15,0.0
09/07/06 04:20,0.0
09/07/06 04:25,0.0
09/07/06 04:30,0.0
09/07/06 04:35,0.0
09/07/06 04:40,0.0
09/07/06 04:45,0.0
09/07/06 04:50,0.0
09/07/06 04:55,0.0
09/07/06 05:00,0.0
09/07/06 05:05,0.0
09/07/06 05:10,0.0
09/07/06 05:15,0.0
09/07/06 05:20,0.0
09/07/06 05:25,0.0
09/07/06 05:30,0.0
09/07/06 05:35,0.0
09/07/06 05:40,0.0
09/07/06 05:45,0.0
09/07/06 05:50,0.0
09/07/06 05:55,0.0
09/07/06 06:00,0.0
09/07/06 06:05,0.0
09/07/06 06:10,0.0
09/07/06 06:15,0.0
09/07/06 06:20,0.0
09/07/06 06:25,0.1
09/07/06 06:30,0.1
09/07/06 06:35,0.2
09/07/06 06:40,0.2
09/07/06 06:45,0.3
09/07/06 06:50,0.6
09/07/06 06:55,2.5
09/07/06 07:00,3.0
09/07/06 07:05,3.9
09/07/06 07:10,4.2
09/07/06 07:15,4.5
09/07/06 07:20,4.6
09/07/06 07:25,4.7
09/07/06 07:30,3.9
09/07/06 07:35,2.4
09/07/06 07:40,1.6
09/07/06 07:45,1.1
09/07/06 07:50,0.9
09/07/06 07:55,1.0
09/07/06 08:00,1.3
09/07/06 08:05,1.2
09/07/06 08:10,1.1
09/07/06 08:15,1.0
09/07/06 08:20,1.5
09/07/06 08:25,3.1
09/07/06 08:30,4.0
09/07/06 08:35,4.0
09/07/06 08:40,3.9
09/07/06 08:45,3.7
09/07/06 08:50,4.2
09/07/06 08:55,4.8
09/07/06 09:00,5.0
09/07/06 09:05,5.3
09/07/06 09:10,5.5
09/07/06 09:15,5.1
09/07/06 09:20,4.6
09/07/06 09:25,4.6
09/07/06 09:30,4.7
09/07/06 09:35,5.2
09/07/06 09:40,5.7
09/07/06 09:45,6.2
09/07/06 09:50,6.8
09/07/06 09:55,7.5
09/07/06 10:00,8.2
09/07/06 10:05,9.2
09/07/06 10:10,9.9
09/07/06 10:15,9.9
09/07/06 10:20,7.6
09/07/06 10:25,9.2
09/07/06 10:30,10.1
09/07/06 10:35,13.5
09/07/06 10:40,17.6
09/07/06 10:45,18.8
09/07/06 10:50,16.9
09/07/06 10:55,16.8
09/07/06 11:00,17.9
09/07/06 11:05,16.5
09/07/06 11:10,14.1
09/07/06 11:15,12.6
09/07/06 11:20,12.5
09/07/06 11:25,13.0
09/07/06 11:30,13.9
09/07/06 11:35,15.1
09/07/06 11:40,16.3
09/07/06 11:45,17.8
09/07/06 11:50,18.9
09/07/06 11:55,20.1
09/07/06 12:00,21.4
09/07/06 12:05,22.6
09/07/06 12:10,23.6
09/07/06 12:15,24.3
09/07/06 12:20,24.3
09/07/06 12:25,23.8
09/07/06 12:30,22.0
09/07/06 12:35,19.6
09/07/06 12:40,17.9
09/07/06 12:45,16.9
09/07/06 12:50,15.6
09/07/06 12:55,15.1
09/07/06 13:00,15.0
09/07/06 13:05,14.5
09/07/06 13:10,14.0
09/07/06 13:15,15.2
09/07/06 13:20,17.3
09/07/06 13:25,18.5
09/07/06 13:30,19.3
09/07/06 13:35,19.9
09/07/06 13:40,20.3
09/07/06 13:45,20.5
09/07/06 13:50,20.7
09/07/06 13:55,20.8
09/07/06 14:00,20.9
09/07/06 14:05,21.0
09/07/06 14:10,21.2
09/07/06 14:15,20.9
09/07/06 14:20,17.7
09/07/06 14:25,13.9
09/07/06 14:30,15.2
09/07/06 14:35,16.2
09/07/06 14:40,16.7
09/07/06 14:45,15.9
09/07/06 14:50,14.1
09/07/06 14:55,12.7
09/07/06 15:00,11.3
09/07/06 15:05,9.9
09/07/06 15:10,11.0
09/07/06 15:15,11.3
09/07/06 15:20,10.7
09/07/06 15:25,9.9
09/07/06 15:30,9.4
09/07/06 15:35,9.9
09/07/06 15:40,9.8
09/07/06 15:45,10.2
09/07/06 15:50,10.4
09/07/06 15:55,9.8
09/07/06 16:00,7.0
09/07/06 16:05,5.1
09/07/06 16:10,4.2
09/07/06 16:15,5.0
09/07/06 16:20,5.9
09/07/06 16:25,6.3
09/07/06 16:30,6.1
09/07/06 16:35,4.7
09/07/06 16:40,4.1
09/07/06 16:45,4.2
09/07/06 16:50,4.1
09/07/06 16:55,3.9
09/07/06 17:00,3.5
09/07/06 17:05,2.2
09/07/06 17:10,1.3
09/07/06 17:15,0.8
09/07/06 17:20,0.5
09/07/06 17:25,0.2
09/07/06 17:30,0.1
09/07/06 17:35,0.0
09/07/06 17:40,0.0
09/07/06 17:45,0.0
09/07/06 17:50,0.0
09/07/06 17:55,0.0
09/07/06 18:00,0.0
09/07/06 18:05,0.0
09/07/06 18:10,0.0
09/07/06 18:15,0.0
09/07/06 18:20,0.0
09/07/06 18:25,0.0
09/07/06 18:30,0.0
09/07/06 18:35,0.0
09/07/06 18:40,0.0
09/07/06 18:45,0.0
09/07/06 18:50,0.0
09/07/06 18:55,0.0
09/07/06 19:00,0.0
09/07/06 19:05,0.0
09/07/06 19:10,0.0
09/07/06 19:15,0.0
09/07/06 19:20,0.0
09/07/06 19:25,0.0
09/07/06 19:30,0.0
09/07/06 19:35,0.0
09/07/06 19:40,0.0
09/07/06 19:45,0.0
09/07/06 19:50,0.0
09/07/06 19:55,0.0
09/07/06 20:00,0.0
09/07/06 20:05,0.0
09/07/06 20:10,0.0
09/07/06 20:15,0.0
09/07/06 20:20,0.0
09/07/06 20:25,0.0
09/07/06 20:30,0.0
09/07/06 20:35,0.0
09/07/06 20:40,0.0
09/07/06 20:45,0.0
09/07/06 20:50,0.0
09/07/06 20:55,0.0
09/07/06 21:00,0.0
09/07/06 21:05,0.0
09/07/06 21:10,0.0
09/07/06 21:15,0.0
09/07/06 21:20,0.0
09/07/06 21:25,0.0
09/07/06 21:30,0.0
09/07/06 21:35,0.0
09/07/06 21:40,0.0
09/07/06 21:45,0.0
09/07/06 21:50,0.0
09/07/06 21:55,0.0
09/07/06 22:00,0.0
09/07/06 22:05,0.0
09/07/06 22:10,0.0
09/07/06 22:15,0.0
09/07/06 22:20,0.0
09/07/06 22:25,0.0
09/07/06 22:30,0.0
09/07/06 22:35,0.0
09/07/06 22:40,0.0
09/07/06 22:45,0.0
09/07/06 22:50,0.0
09/07/06 22:55,0.0
09/07/06 23:00,0.0
09/07/06 23:05,0.0
09/07/06 23:10,0.0
09/07/06 23:15,0.0
09/07/06 23:20,0.0
09/07/06 23:25,0.0
09/07/06 23:30,0.0
09/07/06 23:35,0.0
09/07/06 23:40,0.0
09/07/06 23:45,0.0
09/07/06 23:50,0.0
09/07/06 23:55,0.0
09/08/06 00:00,0.0
09/08/06 00:05,0.0
09/08/06 00:10,0.0
09/08/06 00:15,0.0
09/08/06 00:20,0.0
09/08/06 00:25,0.0
09/08/06 00:30,0.0
09/08/06 00:35,0.0
09/08/06 00:40,0.0
09/08/06 00:45,0.0
09/08/06 00:50,0.0
09/08/06 00:55,0.0
09/08/06 01:00,0.0
09/08/06 01:05,0.0
09/08/06 01:10,0.0
09/08/06 01:15,0.0
09/08/06 01:20,0.0
09/08/06 01:25,0.0
09/08/06 01:30,0.0
09/08/06 01:35,0.0
09/08/06 01:40,0.0
09/08/06 01:45,0.0
09/08/06 01:50,0.0
09/08/06 01:55,0.0
09/08/06 02:00,0.0
09/08/06 02:05,0.0
09/08/06 02:10,0.0
09/08/06 02:15,0.0
09/08/06 02:20,0.0
09/08/06 02:25,0.0
09/08/06 02:30,0.0
09/08/06 02:35,0.0
09/08/06 02:40,0.0
09/08/06 02:45,0.0
09/08/06 02:50,0.0
09/08/06 02:55,0.0
09/08/06 03:00,0.0
09/08/06 03:05,0.0
09/08/06 03:10,0.0
09/08/06 03:15,0.0
09/08/06 03:20,0.0
09/08/06 03:25,0.0
09/08/06 03:30,0.0
09/08/06 03:35,0.0
09/08/06 03:40,0.0
09/08/06 03:45,0.0
09/08/06 03:50,0.0
09/08/06 03:55,0.0
09/08/06 04:00,0.0
09/08/06 04:05,0.0
09/08/06 04:10,0.0
09/08/06 04:15,0.0
09/08/06 04:20,0.0
09/08/06 04:25,0.0
09/08/06 04:30,0.0
09/08/06 04:35,0.0
09/08/06 04:40,0.0
09/08/06 04:45,0.0
09/08/06 04:50,0.0
09/08/06 04:55,0.0
09/08/06 05:00,0.0
09/08/06 05:05,0.0
09/08/06 05:10,0.0
09/08/06 05:15,0.0
09/08/06 05:20,0.0
09/08/06 05:25,0.0
09/08/06 05:30,0.0
09/08/06 05:35,0.0
09/08/06 05:40,0.0
09/08/06 05:45,0.0
09/08/06 05:50,0.0
09/08/06 05:55,0.0
09/08/06 06:00,0.0
09/08/06 06:05,0.0
09/08/06 06:10,0.1
09/08/06 06:15,0.2
09/08/06 06:20,0.5
09/08/06 06:25,1.0
09/08/06 06:30,2.0
09/08/06 06:35,3.5
09/08/06 06:40,4.0
09/08/06 06:45,4.5
09/08/06 06:50,5.0
09/08/06 06:55,5.6
09/08/06 07:00,6.1
09/08/06 07:05,6.8
09/08/06 07:10,7.4
09/08/06 07:15,8.0
09/08/06 07:20,8.5
09/08/06 07:25,9.0
09/08/06 07:30,9.7
09/08/06 07:35,10.4
09/08/06 07:40,11.1
09/08/06 07:45,11.7
09/08/06 07:50,12.1
09/08/06 07:55,12.9
09/08/06 08:00,13.7
09/08/06 08:05,14.6
09/08/06 08:10,15.4
09/08/06 08:15,15.8
09/08/06 08:20,16.2
09/08/06 08:25,16.6
09/08/06 08:30,17.1
09/08/06 08:35,17.5
09/08/06 08:40,17.9
09/08/06 08:45,18.4
09/08/06 08:50,18.8
09/08/06 08:55,19.2
09/08/06 09:00,19.4
09/08/06 09:05,19.7
09/08/06 09:10,20.0
09/08/06 09:15,20.4
09/08/06 09:20,20.9
09/08/06 09:25,21.3
09/08/06 09:30,21.8
09/08/06 09:35,22.3
09/08/06 09:40,22.6
09/08/06 09:45,22.7
09/08/06 09:50,23.0
09/08/06 09:55,23.3
09/08/06 10:00,23.5
09/08/06 10:05,23.6
09/08/06 10:10,23.7
09/08/06 10:15,23.9
09/08/06 10:20,24.1
09/08/06 10:25,24.3
09/08/06 10:30,24.4
09/08/06 10:35,24.5
09/08/06 10:40,24.7
09/08/06 10:45,25.1
09/08/06 10:50,25.4
09/08/06 10:55,25.8
09/08/06 11:00,26.1
09/08/06 11:05,26.4
09/08/06 11:10,26.4
09/08/06 11:15,26.2
09/08/06 11:20,26.0
09/08/06 11:25,25.8
09/08/06 11:30,25.8
09/08/06 11:35,25.6
09/08/06 11:40,25.5
09/08/06 11:45,25.4
09/08/06 11:50,25.5
09/08/06 11:55,25.6
09/08/06 12:00,25.7
09/08/06 12:05,25.7
09/08/06 12:10,25.8
09/08/06 12:15,25.5
09/08/06 12:20,25.2
09/08/06 12:25,24.8
09/08/06 12:30,24.6
09/08/06 12:35,24.3
09/08/06 12:40,23.9
09/08/06 12:45,23.6
09/08/06 12:50,23.1
09/08/06 12:55,22.8
09/08/06 13:00,22.6
09/08/06 13:05,22.6
09/08/06 13:10,22.7
09/08/06 13:15,22.6
09/08/06 13:20,22.6
09/08/06 13:25,21.7
09/08/06 13:30,20.2
09/08/06 13:35,20.5
09/08/06 13:40,20.5
09/08/06 13:45,19.9
09/08/06 13:50,19.3
09/08/06 13:55,19.9
09/08/06 14:00,20.1
09/08/06 14:05,20.1
09/08/06 14:10,19.7
09/08/06 14:15,18.9
09/08/06 14:20,17.8
09/08/06 14:25,17.5
09/08/06 14:30,17.9
09/08/06 14:35,17.8
09/08/06 14:40,16.5
09/08/06 14:45,15.9
09/08/06 14:50,15.7
09/08/06 14:55,15.2
09/08/06 15:00,12.9
09/08/06 15:05,10.0
09/08/06 15:10,7.7
09/08/06 15:15,8.6
09/08/06 15:20,9.9
09/08/06 15:25,10.5
09/08/06 15:30,10.1
09/08/06 15:35,9.8
09/08/06 15:40,10.0
09/08/06 15:45,9.7
09/08/06 15:50,9.1
09/08/06 15:55,8.7
09/08/06 16:00,8.3
09/08/06 16:05,7.7
09/08/06 16:10,7.5
09/08/06 16:15,7.1
09/08/06 16:20,6.4
09/08/06 16:25,5.5
09/08/06 16:30,5.1
09/08/06 16:35,4.8
09/08/06 16:40,3.5
09/08/06 16:45,1.6
09/08/06 16:50,1.9
09/08/06 16:55,1.6
09/08/06 17:00,1.0
09/08/06 17:05,0.9
09/08/06 17:10,0.9
09/08/06 17:15,0.6
09/08/06 17:20,0.3
09/08/06 17:25,0.1
09/08/06 17:30,0.1
09/08/06 17:35,0.0
09/08/06 17:40,0.0
09/08/06 17:45,0.0
09/08/06 17:50,0.0
09/08/06 17:55,0.0
09/08/06 18:00,0.0
09/08/06 18:05,0.0
09/08/06 18:10,0.0
09/08/06 18:15,0.0
09/08/06 18:20,0.0
09/08/06 18:25,0.0
09/08/06 18:30,0.0
09/08/06 18:35,0.0
09/08/06 18:40,0.0
09/08/06 18:45,0.0
09/08/06 18:50,0.0
09/08/06 18:55,0.0
09/08/06 19:00,0.0
09/08/06 19:05,0.0
09/08/06 19:10,0.0
09/08/06 19:15,0.0
09/08/06 19:20,0.0
09/08/06 19:25,0.0
09/08/06 19:30,0.0
09/08/06 19:35,0.0
09/08/06 19:40,0.0
09/08/06 19:45,0.0
09/08/06 19:50,0.0
09/08/06 19:55,0.0
09/08/06 20:00,0.0
09/08/06 20:05,0.0
09/08/06 20:10,0.0
09/08/06 20:15,0.0
09/08/06 20:20,0.0
09/08/06 20:25,0.0
09/08/06 20:30,0.0
09/08/06 20:35,0.0
09/08/06 20:40,0.0
09/08/06 20:45,0.0
09/08/06 20:50,0.0
09/08/06 20:55,0.0
09/08/06 21:00,0.0
09/08/06 21:05,0.0
09/08/06 21:10,0.0
09/08/06 21:15,0.0
09/08/06 21:20,0.0
09/08/06 21:25,0.0
09/08/06 21:30,0.0
09/08/06 21:35,0.0
09/08/06 21:40,0.0
09/08/06 21:45,0.0
09/08/06 21:50,0.0
09/08/06 21:55,0.0
09/08/06 22:00,0.0
09/08/06 22:05,0.0
09/08/06 22:10,0.0
09/08/06 22:15,0.0
09/08/06 22:20,0.0
09/08/06 22:25,0.0
09/08/06 22:30,0.0
09/08/06 22:35,0.0
09/08/06 22:40,0.0
09/08/06 22:45,0.0
09/08/06 22:50,0.0
09/08/06 22:55,0.0
09/08/06 23:00,0.0
09/08/06 23:05,0.0
09/08/06 23:10,0.0
09/08/06 23:15,0.0
09/08/06 23:20,0.0
09/08/06 23:25,0.0
09/08/06 23:30,0.0
09/08/06 23:35,0.0
09/08/06 23:40,0.0
09/08/06 23:45,0.0
09/08/06 23:50,0.0
09/08/06 23:55,0.0
09/09/06 00:00,0.0
09/09/06 00:05,0.0
09/09/06 00:10,0.0
09/09/06 00:15,0.0
09/09/06 00:20,0.0
09/09/06 00:25,0.0
09/09/06 00:30,0.0
09/09/06 00:35,0.0
09/09/06 00:40,0.0
09/09/06 00:45,0.0
09/09/06 00:50,0.0
09/09/06 00:55,0.0
09/09/06 01:00,0.0
09/09/06 01:05,0.0
09/09/06 01:10,0.0
09/09/06 01:15,0.0
09/09/06 01:20,0.0
09/09/06 01:25,0.0
09/09/06 01:30,0.0
09/09/06 01:35,0.0
09/09/06 01:40,0.0
09/09/06 01:45,0.0
09/09/06 01:50,0.0
09/09/06 01:55,0.0
09/09/06 02:00,0.0
09/09/06 02:05,0.0
09/09/06 02:10,0.0
09/09/06 02:15,0.0
09/09/06 02:20,0.0
09/09/06 02:25,0.0
09/09/06 02:30,0.0
09/09/06 02:35,0.0
09/09/06 02:40,0.0
09/09/06 02:45,0.0
09/09/06 02:50,0.0
09/09/06 02:55,0.0
09/09/06 03:00,0.0
09/09/06 03:05,0.0
09/09/06 03:10,0.0
09/09/06 03:15,0.0
09/09/06 03:20,0.0
09/09/06 03:25,0.0
09/09/06 03:30,0.0
09/09/06 03:35,0.0
09/09/06 03:40,0.0
09/09/06 03:45,0.0
09/09/06 03:50,0.0
09/09/06 03:55,0.0
09/09/06 04:00,0.0
09/09/06 04:05,0.0
09/09/06 04:10,0.0
09/09/06 04:15,0.0
09/09/06 04:20,0.0
09/09/06 04:25,0.0
09/09/06 04:30,0.0
09/09/06 04:35,0.0
09/09/06 04:40,0.0
09/09/06 04:45,0.0
09/09/06 04:50,0.0
09/09/06 04:55,0.0
09/09/06 05:00,0.0
09/09/06 05:05,0.0
09/09/06 05:10,0.0
09/09/06 05:15,0.0
09/09/06 05:20,0.0
09/09/06 05:25,0.0
09/09/06 05:30,0.0
09/09/06 05:35,0.0
09/09/06 05:40,0.0
09/09/06 05:45,0.0
09/09/06 05:50,0.0
09/09/06 05:55,0.0
09/09/06 06:00,0.0
09/09/06 06:05,0.0
09/09/06 06:10,0.0
09/09/06 06:15,0.0
09/09/06 06:20,0.0
09/09/06 06:25,0.0
09/09/06 06:30,0.0
09/09/06 06:35,0.0
09/09/06 06:40,0.1
09/09/06 06:45,0.1
09/09/06 06:50,0.1
09/09/06 06:55,0.1
09/09/06 07:00,0.1
09/09/06 07:05,0.1
09/09/06 07:10,0.1
09/09/06 07:15,0.2
09/09/06 07:20,0.5
09/09/06 07:25,1.4
09/09/06 07:30,3.0
09/09/06 07:35,4.0
09/09/06 07:40,4.6
09/09/06 07:45,5.4
09/09/06 07:50,6.1
09/09/06 07:55,7.0
09/09/06 08:00,7.9
09/09/06 08:05,8.9
09/09/06 08:10,9.9
09/09/06 08:15,11.3
09/09/06 08:20,12.7
09/09/06 08:25,13.6
09/09/06 08:30,14.2
09/09/06 08:35,14.5
09/09/06 08:40,14.6
09/09/06 08:45,14.5
09/09/06 08:50,14.4
09/09/06 08:55,14.3
09/09/06 09:00,14.5
09/09/06 09:05,14.8
09/09/06 09:10,15.2
09/09/06 09:15,14.8
09/09/06 09:20,13.7
09/09/06 09:25,13.1
09/09/06 09:30,12.9
09/09/06 09:35,12.8
09/09/06 09:40,12.5
09/09/06 09:45,12.3
09/09/06 09:50,12.0
09/09/06 09:55,11.8
09/09/06 10:00,11.7
09/09/06 10:05,11.5
09/09/06 10:10,11.2
09/09/06 10:15,10.6
09/09/06 10:20,9.6
09/09/06 10:25,9.0
09/09/06 10:30,8.3
09/09/06 10:35,7.7
09/09/06 10:40,7.4
09/09/06 10:45,6.9
09/09/06 10:50,6.2
09/09/06 10:55,5.4
09/09/06 11:00,4.8
09/09/06 11:05,4.4
09/09/06 11:10,3.8
09/09/06 11:15,4.0
09/09/06 11:20,4.9
09/09/06 11:25,5.5
09/09/06 11:30,5.8
09/09/06 11:35,6.1
09/09/06 11:40,6.4
09/09/06 11:45,6.6
09/09/06 11:50,6.8
09/09/06 11:55,7.0
09/09/06 12:00,7.2
09/09/06 12:05,7.5
09/09/06 12:10,8.0
09/09/06 12:15,8.0
09/09/06 12:20,8.3
09/09/06 12:25,8.2
09/09/06 12:30,7.9
09/09/06 12:35,7.8
09/09/06 12:40,7.6
09/09/06 12:45,7.7
09/09/06 12:50,7.8
09/09/06 12:55,7.7
09/09/06 13:00,7.7
09/09/06 13:05,7.5
09/09/06 13:10,7.2
09/09/06 13:15,6.9
09/09/06 13:20,6.8
09/09/06 13:25,6.7
09/09/06 13:30,6.7
09/09/06 13:35,6.8
09/09/06 13:40,6.9
09/09/06 13:45,7.0
09/09/06 13:50,6.9
09/09/06 13:55,6.8
09/09/06 14:00,6.8
09/09/06 14:05,6.7
09/09/06 14:10,6.5
09/09/06 14:15,7.3
09/09/06 14:20,8.4
09/09/06 14:25,8.6
09/09/06 14:30,8.4
09/09/06 14:35,7.5
09/09/06 14:40,6.9
09/09/06 14:45,6.8
09/09/06 14:50,6.7
09/09/06 14:55,6.4
09/09/06 15:00,6.4
09/09/06 15:05,6.6
09/09/06 15:10,6.7
09/09/06 15:15,6.8
09/09/06 15:20,6.6
09/09/06 15:25,6.7
09/09/06 15:30,6.9
09/09/06 15:35,6.3
09/09/06 15:40,5.5
09/09/06 15:45,5.5
09/09/06 15:50,6.5
09/09/06 15:55,6.6
09/09/06 16:00,5.7
09/09/06 16:05,5.0
09/09/06 16:10,4.2
09/09/06 16:15,4.1
09/09/06 16:20,4.6
09/09/06 16:25,5.1
09/09/06 16:30,4.8
09/09/06 16:35,4.3
09/09/06 16:40,3.2
09/09/06 16:45,1.8
09/09/06 16:50,1.2
09/09/06 16:55,1.6
09/09/06 17:00,1.5
09/09/06 17:05,1.1
09/09/06 17:10,0.7
09/09/06 17:15,0.5
09/09/06 17:20,0.3
09/09/06 17:25,0.2
09/09/06 17:30,0.1
09/09/06 17:35,0.0
09/09/06 17:40,0.0
09/09/06 17:45,0.0
09/09/06 17:50,0.0
09/09/06 17:55,0.0
09/09/06 18:00,0.0
09/09/06 18:05,0.0
09/09/06 18:10,0.0
09/09/06 18:15,0.0
09/09/06 18:20,0.0
09/09/06 18:25,0.0
09/09/06 18:30,0.0
09/09/06 18:35,0.0
09/09/06 18:40,0.0
09/09/06 18:45,0.0
09/09/06 18:50,0.0
09/09/06 18:55,0.0
09/09/06 19:00,0.0
09/09/06 19:05,0.0
09/09/06 19:10,0.0
09/09/06 19:15,0.0
09/09/06 19:20,0.0
09/09/06 19:25,0.0
09/09/06 19:30,0.0
09/09/06 19:35,0.0
09/09/06 19:40,0.0
09/09/06 19:45,0.0
09/09/06 19:50,0.0
09/09/06 19:55,0.0
09/09/06 20:00,0.0
09/09/06 20:05,0.0
09/09/06 20:10,0.0
09/09/06 20:15,0.0
09/09/06 20:20,0.0
09/09/06 20:25,0.0
09/09/06 20:30,0.0
09/09/06 20:35,0.0
09/09/06 20:40,0.0
09/09/06 20:45,0.0
09/09/06 20:50,0.0
09/09/06 20:55,0.0
09/09/06 21:00,0.0
09/09/06 21:05,0.0
09/09/06 21:10,0.0
09/09/06 21:15,0.0
09/09/06 21:20,0.0
09/09/06 21:25,0.0
09/09/06 21:30,0.0
09/09/06 21:35,0.0
09/09/06 21:40,0.0
09/09/06 21:45,0.0
09/09/06 21:50,0.0
09/09/06 21:55,0.0
09/09/06 22:00,0.0
09/09/06 22:05,0.0
09/09/06 22:10,0.0
09/09/06 22:15,0.0
09/09/06 22:20,0.0
09/09/06 22:25,0.0
09/09/06 22:30,0.0
09/09/06 22:35,0.0
09/09/06 22:40,0.0
09/09/06 22:45,0.0
09/09/06 22:50,0.0
09/09/06 22:55,0.0
09/09/06 23:00,0.0
09/09/06 23:05,0.0
09/09/06 23:10,0.0
09/09/06 23:15,0.0
09/09/06 23:20,0.0
09/09/06 23:25,0.0
09/09/06 23:30,0.0
09/09/06 23:35,0.0
09/09/06 23:40,0.0
09/09/06 23:45,0.0
09/09/06 23:50,0.0
09/09/06 23:55,0.0
09/10/06 00:00,0.0
09/10/06 00:05,0.0
09/10/06 00:10,0.0
09/10/06 00:15,0.0
09/10/06 00:20,0.0
09/10/06 00:25,0.0
09/10/06 00:30,0.0
09/10/06 00:35,0.0
09/10/06 00:40,0.0
09/10/06 00:45,0.0
09/10/06 00:50,0.0
09/10/06 00:55,0.0
09/10/06 01:00,0.0
09/10/06 01:05,0.0
09/10/06 01:10,0.0
09/10/06 01:15,0.0
09/10/06 01:20,0.0
09/10/06 01:25,0.0
09/10/06 01:30,0.0
09/10/06 01:35,0.0
09/10/06 01:40,0.0
09/10/06 01:45,0.0
09/10/06 01:50,0.0
09/10/06 01:55,0.0
09/10/06 02:00,0.0
09/10/06 02:05,0.0
09/10/06 02:10,0.0
09/10/06 02:15,0.0
09/10/06 02:20,0.0
09/10/06 02:25,0.0
09/10/06 02:30,0.0
09/10/06 02:35,0.0
09/10/06 02:40,0.0
09/10/06 02:45,0.0
09/10/06 02:50,0.0
09/10/06 02:55,0.0
09/10/06 03:00,0.0
09/10/06 03:05,0.0
09/10/06 03:10,0.0
09/10/06 03:15,0.0
09/10/06 03:20,0.0
09/10/06 03:25,0.0
09/10/06 03:30,0.0
09/10/06 03:35,0.0
09/10/06 03:40,0.0
09/10/06 03:45,0.0
09/10/06 03:50,0.0
09/10/06 03:55,0.0
09/10/06 04:00,0.0
09/10/06 04:05,0.0
09/10/06 04:10,0.0
09/10/06 04:15,0.0
09/10/06 04:20,0.0
09/10/06 04:25,0.0
09/10/06 04:30,0.0
09/10/06 04:35,0.0
09/10/06 04:40,0.0
09/10/06 04:45,0.0
09/10/06 04:50,0.0
09/10/06 04:55,0.0
09/10/06 05:00,0.0
09/10/06 05:05,0.0
09/10/06 05:10,0.0
09/10/06 05:15,0.0
09/10/06 05:20,0.0
09/10/06 05:25,0.0
09/10/06 05:30,0.0
09/10/06 05:35,0.0
09/10/06 05:40,0.0
09/10/06 05:45,0.0
09/10/06 05:50,0.0
09/10/06 05:55,0.0
09/10/06 06:00,0.0
09/10/06 06:05,0.0
09/10/06 06:10,0.1
09/10/06 06:15,0.2
09/10/06 06:20,0.4
09/10/06 06:25,0.6
09/10/06 06:30,0.9
09/10/06 06:35,1.2
09/10/06 06:40,2.0
09/10/06 06:45,3.7
09/10/06 06:50,4.3
09/10/06 06:55,4.6
09/10/06 07:00,5.2
09/10/06 07:05,6.1
09/10/06 07:10,6.5
09/10/06 07:15,6.9
09/10/06 07:20,7.3
09/10/06 07:25,8.0
09/10/06 07:30,8.8
09/10/06 07:35,10.1
09/10/06 07:40,9.4
09/10/06 07:45,8.6
09/10/06 07:50,9.1
09/10/06 07:55,9.5
09/10/06 08:00,10.2
09/10/06 08:05,10.6
09/10/06 08:10,12.2
09/10/06 08:15,13.2
09/10/06 08:20,14.6
09/10/06 08:25,15.6
09/10/06 08:30,16.5
09/10/06 08:35,17.1
09/10/06 08:40,17.8
09/10/06 08:45,18.6
09/10/06 08:50,19.5
09/10/06 08:55,20.0
09/10/06 09:00,20.3
09/10/06 09:05,20.5
09/10/06 09:10,20.7
09/10/06 09:15,17.8
09/10/06 09:20,14.3
09/10/06 09:25,12.0
09/10/06 09:30,10.6
09/10/06 09:35,9.7
09/10/06 09:40,9.3
09/10/06 09:45,9.3
09/10/06 09:50,9.3
09/10/06 09:55,9.4
09/10/06 10:00,9.5
09/10/06 10:05,9.6
09/10/06 10:10,9.6
09/10/06 10:15,10.0
09/10/06 10:20,10.6
09/10/06 10:25,11.1
09/10/06 10:30,11.5
09/10/06 10:35,11.8
09/10/06 10:40,12.4
09/10/06 10:45,12.9
09/10/06 10:50,13.1
09/10/06 10:55,13.0
09/10/06 11:00,13.1
09/10/06 11:05,13.2
09/10/06 11:10,13.3
09/10/06 11:15,13.9
09/10/06 11:20,14.6
09/10/06 11:25,15.2
09/10/06 11:30,15.3
09/10/06 11:35,15.2
09/10/06 11:40,14.7
09/10/06 11:45,14.5
09/10/06 11:50,15.3
09/10/06 11:55,16.2
09/10/06 12:00,16.9
09/10/06 12:05,16.9
09/10/06 12:10,16.7
09/10/06 12:15,16.7
09/10/06 12:20,16.3
09/10/06 12:25,15.9
09/10/06 12:30,15.4
09/10/06 12:35,14.7
09/10/06 12:40,14.1
09/10/06 12:45,13.4
09/10/06 12:50,12.7
09/10/06 12:55,12.1
09/10/06 13:00,11.4
09/10/06 13:05,10.6
09/10/06 13:10,10.0
09/10/06 13:15,9.9
09/10/06 13:20,10.2
09/10/06 13:25,10.1
09/10/06 13:30,11.0
09/10/06 13:35,11.5
09/10/06 13:40,11.3
09/10/06 13:45,10.9
09/10/06 13:50,8.6
09/10/06 13:55,10.0
09/10/06 14:00,13.3
09/10/06 14:05,15.2
09/10/06 14:10,14.3
09/10/06 14:15,11.2
09/10/06 14:20,8.4
09/10/06 14:25,6.7
09/10/06 14:30,5.7
09/10/06 14:35,5.4
09/10/06 14:40,5.5
09/10/06 14:45,5.8
09/10/06 14:50,6.0
09/10/06 14:55,6.1
09/10/06 15:00,5.9
09/10/06 15:05,5.4
09/10/06 15:10,5.3
09/10/06 15:15,4.5
09/10/06 15:20,4.1
09/10/06 15:25,5.9
09/10/06 15:30,8.4
09/10/06 15:35,9.3
09/10/06 15:40,8.4
09/10/06 15:45,7.2
09/10/06 15:50,7.2
09/10/06 15:55,8.1
09/10/06 16:00,6.4
09/10/06 16:05,5.3
09/10/06 16:10,4.9
09/10/06 16:15,3.7
09/10/06 16:20,1.3
09/10/06 16:25,0.5
09/10/06 16:30,0.3
09/10/06 16:35,0.2
09/10/06 16:40,0.1
09/10/06 16:45,0.1
09/10/06 16:50,0.2
09/10/06 16:55,0.2
09/10/06 17:00,0.1
09/10/06 17:05,0.1
09/10/06 17:10,0.1
09/10/06 17:15,0.1
09/10/06 17:20,0.0
09/10/06 17:25,0.0
09/10/06 17:30,0.0
09/10/06 17:35,0.0
09/10/06 17:40,0.0
09/10/06 17:45,0.0
09/10/06 17:50,0.0
09/10/06 17:55,0.0
09/10/06 18:00,0.0
09/10/06 18:05,0.0
09/10/06 18:10,0.0
09/10/06 18:15,0.0
09/10/06 18:20,0.0
09/10/06 18:25,0.0
09/10/06 18:30,0.0
09/10/06 18:35,0.0
09/10/06 18:40,0.0
09/10/06 18:45,0.0
09/10/06 18:50,0.0
09/10/06 18:55,0.0
09/10/06 19:00,0.0
09/10/06 19:05,0.0
09/10/06 19:10,0.0
09/10/06 19:15,0.0
09/10/06 19:20,0.0
09/10/06 19:25,0.0
09/10/06 19:30,0.0
09/10/06 19:35,0.0
09/10/06 19:40,0.0
09/10/06 19:45,0.0
09/10/06 19:50,0.0
09/10/06 19:55,0.0
09/10/06 20:00,0.0
09/10/06 20:05,0.0
09/10/06 20:10,0.0
09/10/06 20:15,0.0
09/10/06 20:20,0.0
09/10/06 20:25,0.0
09/10/06 20:30,0.0
09/10/06 20:35,0.0
09/10/06 20:40,0.0
09/10/06 20:45,0.0
09/10/06 20:50,0.0
09/10/06 20:55,0.0
09/10/06 21:00,0.0
09/10/06 21:05,0.0
09/10/06 21:10,0.0
09/10/06 21:15,0.0
09/10/06 21:20,0.0
09/10/06 21:25,0.0
09/10/06 21:30,0.0
09/10/06 21:35,0.0
09/10/06 21:40,0.0
09/10/06 21:45,0.0
09/10/06 21:50,0.0
09/10/06 21:55,0.0
09/10/06 22:00,0.0
09/10/06 22:05,0.0
09/10/06 22:10,0.0
09/10/06 22:15,0.0
09/10/06 22:20,0.0
09/10/06 22:25,0.0
09/10/06 22:30,0.0
09/10/06 22:35,0.0
09/10/06 22:40,0.0
09/10/06 22:45,0.0
09/10/06 22:50,0.0
09/10/06 22:55,0.0
09/10/06 23:00,0.0
09/10/06 23:05,0.0
09/10/06 23:10,0.0
09/10/06 23:15,0.0
09/10/06 23:20,0.0
09/10/06 23:25,0.0
09/10/06 23:30,0.0
09/10/06 23:35,0.0
09/10/06 23:40,0.0
09/10/06 23:45,0.0
09/10/06 23:50,0.0
09/10/06 23:55,0.0
09/11/06 00:00,0.0
09/11/06 00:05,0.0
09/11/06 00:10,0.0
09/11/06 00:15,0.0
09/11/06 00:20,0.0
09/11/06 00:25,0.0
09/11/06 00:30,0.0
09/11/06 00:35,0.0
09/11/06 00:40,0.0
09/11/06 00:45,0.0
09/11/06 00:50,0.0
09/11/06 00:55,0.0
09/11/06 01:00,0.0
09/11/06 01:05,0.0
09/11/06 01:10,0.0
09/11/06 01:15,0.0
09/11/06 01:20,0.0
09/11/06 01:25,0.0
09/11/06 01:30,0.0
09/11/06 01:35,0.0
09/11/06 01:40,0.0
09/11/06 01:45,0.0
09/11/06 01:50,0.0
09/11/06 01:55,0.0
09/11/06 02:00,0.0
09/11/06 02:05,0.0
09/11/06 02:10,0.0
09/11/06 02:15,0.0
09/11/06 02:20,0.0
09/11/06 02:25,0.0
09/11/06 02:30,0.0
09/11/06 02:35,0.0
09/11/06 02:40,0.0
09/11/06 02:45,0.0
09/11/06 02:50,0.0
09/11/06 02:55,0.0
09/11/06 03:00,0.0
09/11/06 03:05,0.0
09/11/06 03:10,0.0
09/11/06 03:15,0.0
09/11/06 03:20,0.0
09/11/06 03:25,0.0
09/11/06 03:30,0.0
09/11/06 03:35,0.0
09/11/06 03:40,0.0
09/11/06 03:45,0.0
09/11/06 03:50,0.0
09/11/06 03:55,0.0
09/11/06 04:00,0.0
09/11/06 04:05,0.0
09/11/06 04:10,0.0
09/11/06 04:15,0.0
09/11/06 04:20,0.0
09/11/06 04:25,0.0
09/11/06 04:30,0.0
09/11/06 04:35,0.0
09/11/06 04:40,0.0
09/11/06 04:45,0.0
09/11/06 04:50,0.0
09/11/06 04:55,0.0
09/11/06 05:00,0.0
09/11/06 05:05,0.0
09/11/06 05:10,0.0
09/11/06 05:15,0.0
09/11/06 05:20,0.0
09/11/06 05:25,0.0
09/11/06 05:30,0.0
09/11/06 05:35,0.0
09/11/06 05:40,0.0
09/11/06 05:45,0.0
09/11/06 05:50,0.0
09/11/06 05:55,0.0
09/11/06 06:00,0.0
09/11/06 06:05,0.0
09/11/06 06:10,0.0
09/11/06 06:15,0.1
09/11/06 06:20,0.2
09/11/06 06:25,0.4
09/11/06 06:30,0.7
09/11/06 06:35,1.0
09/11/06 06:40,1.9
09/11/06 06:45,3.6
09/11/06 06:50,4.2
09/11/06 06:55,4.8
09/11/06 07:00,5.1
09/11/06 07:05,5.3
09/11/06 07:10,4.9
09/11/06 07:15,5.9
09/11/06 07:20,6.6
09/11/06 07:25,6.7
09/11/06 07:30,7.1
09/11/06 07:35,8.2
09/11/06 07:40,9.3
09/11/06 07:45,9.8
09/11/06 07:50,10.9
09/11/06 07:55,12.3
09/11/06 08:00,13.6
09/11/06 08:05,13.1
09/11/06 08:10,11.3
09/11/06 08:15,10.4
09/11/06 08:20,11.1
09/11/06 08:25,12.0
09/11/06 08:30,12.7
09/11/06 08:35,13.1
09/11/06 08:40,13.1
09/11/06 08:45,12.1
09/11/06 08:50,9.3
09/11/06 08:55,10.4
09/11/06 09:00,12.5
09/11/06 09:05,14.3
09/11/06 09:10,16.1
09/11/06 09:15,15.0
09/11/06 09:20,13.2
09/11/06 09:25,11.9
09/11/06 09:30,11.1
09/11/06 09:35,10.2
09/11/06 09:40,9.5
09/11/06 09:45,8.3
09/11/06 09:50,7.0
09/11/06 09:55,5.9
09/11/06 10:00,4.9
09/11/06 10:05,4.2
09/11/06 10:10,3.6
09/11/06 10:15,3.0
09/11/06 10:20,2.7
09/11/06 10:25,3.9
09/11/06 10:30,5.6
09/11/06 10:35,7.5
09/11/06 10:40,10.3
09/11/06 10:45,12.5
09/11/06 10:50,14.6
09/11/06 10:55,16.5
09/11/06 11:00,19.2
09/11/06 11:05,21.5
09/11/06 11:10,23.5
09/11/06 11:15,24.3
09/11/06 11:20,24.1
09/11/06 11:25,23.7
09/11/06 11:30,23.4
09/11/06 11:35,23.0
09/11/06 11:40,22.6
09/11/06 11:45,22.5
09/11/06 11:50,22.4
09/11/06 11:55,22.4
09/11/06 12:00,22.3
09/11/06 12:05,22.3
09/11/06 12:10,22.4
09/11/06 12:15,22.2
09/11/06 12:20,21.5
09/11/06 12:25,21.0
09/11/06 12:30,19.6
09/11/06 12:35,19.2
09/11/06 12:40,19.1
09/11/06 12:45,19.4
09/11/06 12:50,20.5
09/11/06 12:55,20.7
09/11/06 13:00,19.7
09/11/06 13:05,16.0
09/11/06 13:10,14.4
09/11/06 13:15,14.2
09/11/06 13:20,15.9
09/11/06 13:25,17.8
09/11/06 13:30,18.8
09/11/06 13:35,18.1
09/11/06 13:40,14.2
09/11/06 13:45,15.0
09/11/06 13:50,16.5
09/11/06 13:55,17.7
09/11/06 14:00,19.7
09/11/06 14:05,18.8
09/11/06 14:10,18.3
09/11/06 14:15,17.3
09/11/06 14:20,17.0
09/11/06 14:25,16.4
09/11/06 14:30,16.1
09/11/06 14:35,17.5
09/11/06 14:40,18.1
09/11/06 14:45,17.4
09/11/06 14:50,17.5
09/11/06 14:55,16.1
09/11/06 15:00,15.0
09/11/06 15:05,14.4
09/11/06 15:10,14.3
09/11/06 15:15,13.9
09/11/06 15:20,13.0
09/11/06 15:25,12.0
09/11/06 15:30,11.1
09/11/06 15:35,10.3
09/11/06 15:40,9.4
09/11/06 15:45,8.4
09/11/06 15:50,7.3
09/11/06 15:55,6.2
09/11/06 16:00,5.2
09/11/06 16:05,4.3
09/11/06 16:10,3.5
09/11/06 16:15,2.7
09/11/06 16:20,4.5
09/11/06 16:25,4.4
09/11/06 16:30,3.9
09/11/06 16:35,2.9
09/11/06 16:40,1.5
09/11/06 16:45,1.7
09/11/06 16:50,1.2
09/11/06 16:55,0.4
09/11/06 17:00,0.4
09/11/06 17:05,0.4
09/11/06 17:10,0.2
09/11/06 17:15,0.1
09/11/06 17:20,0.0
09/11/06 17:25,0.0
09/11/06 17:30,0.0
09/11/06 17:35,0.0
09/11/06 17:40,0.0
09/11/06 17:45,0.0
09/11/06 17:50,0.0
09/11/06 17:55,0.0
09/11/06 18:00,0.0
09/11/06 18:05,0.0
09/11/06 18:10,0.0
09/11/06 18:15,0.0
09/11/06 18:20,0.0
09/11/06 18:25,0.0
09/11/06 18:30,0.0
09/11/06 18:35,0.0
09/11/06 18:40,0.0
09/11/06 18:45,0.0
09/11/06 18:50,0.0
09/11/06 18:55,0.0
09/11/06 19:00,0.0
09/11/06 19:05,0.0
09/11/06 19:10,0.0
09/11/06 19:15,0.0
09/11/06 19:20,0.0
09/11/06 19:25,0.0
09/11/06 19:30,0.0
09/11/06 19:35,0.0
09/11/06 19:40,0.0
09/11/06 19:45,0.0
09/11/06 19:50,0.0
09/11/06 19:55,0.0
09/11/06 20:00,0.0
09/11/06 20:05,0.0
09/11/06 20:10,0.0
09/11/06 20:15,0.0
09/11/06 20:20,0.0
09/11/06 20:25,0.0
09/11/06 20:30,0.0
09/11/06 20:35,0.0
09/11/06 20:40,0.0
09/11/06 20:45,0.0
09/11/06 20:50,0.0
09/11/06 20:55,0.0
09/11/06 21:00,0.0
09/11/06 21:05,0.0
09/11/06 21:10,0.0
09/11/06 21:15,0.0
09/11/06 21:20,0.0
09/11/06 21:25,0.0
09/11/06 21:30,0.0
09/11/06 21:35,0.0
09/11/06 21:40,0.0
09/11/06 21:45,0.0
09/11/06 21:50,0.0
09/11/06 21:55,0.0
09/11/06 22:00,0.0
09/11/06 22:05,0.0
09/11/06 22:10,0.0
09/11/06 22:15,0.0
09/11/06 22:20,0.0
09/11/06 22:25,0.0
09/11/06 22:30,0.0
09/11/06 22:35,0.0
09/11/06 22:40,0.0
09/11/06 22:45,0.0
09/11/06 22:50,0.0
09/11/06 22:55,0.0
09/11/06 23:00,0.0
09/11/06 23:05,0.0
09/11/06 23:10,0.0
09/11/06 23:15,0.0
09/11/06 23:20,0.0
09/11/06 23:25,0.0
09/11/06 23:30,0.0
09/11/06 23:35,0.0
09/11/06 23:40,0.0
09/11/06 23:45,0.0
09/11/06 23:50,0.0
09/11/06 23:55,0.0
09/12/06 00:00,0.0
09/12/06 00:05,0.0
09/12/06 00:10,0.0
09/12/06 00:15,0.0
09/12/06 00:20,0.0
09/12/06 00:25,0.0
09/12/06 00:30,0.0
09/12/06 00:35,0.0
09/12/06 00:40,0.0
09/12/06 00:45,0.0
09/12/06 00:50,0.0
09/12/06 00:55,0.0
09/12/06 01:00,0.0
09/12/06 01:05,0.0
09/12/06 01:10,0.0
09/12/06 01:15,0.0
09/12/06 01:20,0.0
09/12/06 01:25,0.0
09/12/06 01:30,0.0
09/12/06 01:35,0.0
09/12/06 01:40,0.0
09/12/06 01:45,0.0
09/12/06 01:50,0.0
09/12/06 01:55,0.0
09/12/06 02:00,0.0
09/12/06 02:05,0.0
09/12/06 02:10,0.0
09/12/06 02:15,0.0
09/12/06 02:20,0.0
09/12/06 02:25,0.0
09/12/06 02:30,0.0
09/12/06 02:35,0.0
09/12/06 02:40,0.0
09/12/06 02:45,0.0
09/12/06 02:50,0.0
09/12/06 02:55,0.0
09/12/06 03:00,0.0
09/12/06 03:05,0.0
09/12/06 03:10,0.0
09/12/06 03:15,0.0
09/12/06 03:20,0.0
09/12/06 03:25,0.0
09/12/06 03:30,0.0
09/12/06 03:35,0.0
09/12/06 03:40,0.0
09/12/06 03:45,0.0
09/12/06 03:50,0.0
09/12/06 03:55,0.0
09/12/06 04:00,0.0
09/12/06 04:05,0.0
09/12/06 04:10,0.0
09/12/06 04:15,0.0
09/12/06 04:20,0.0
09/12/06 04:25,0.0
09/12/06 04:30,0.0
09/12/06 04:35,0.0
09/12/06 04:40,0.0
09/12/06 04:45,0.0
09/12/06 04:50,0.0
09/12/06 04:55,0.0
09/12/06 05:00,0.0
09/12/06 05:05,0.0
09/12/06 05:10,0.0
09/12/06 05:15,0.0
09/12/06 05:20,0.0
09/12/06 05:25,0.0
09/12/06 05:30,0.0
09/12/06 05:35,0.0
09/12/06 05:40,0.0
09/12/06 05:45,0.0
09/12/06 05:50,0.0
09/12/06 05:55,0.0
09/12/06 06:00,0.0
09/12/06 06:05,0.0
09/12/06 06:10,0.0
09/12/06 06:15,0.0
09/12/06 06:20,0.0
09/12/06 06:25,0.1
09/12/06 06:30,0.3
09/12/06 06:35,0.7
09/12/06 06:40,1.4
09/12/06 06:45,2.5
09/12/06 06:50,3.6
09/12/06 06:55,3.9
09/12/06 07:00,3.7
09/12/06 07:05,3.5
09/12/06 07:10,3.6
09/12/06 07:15,4.0
09/12/06 07:20,4.1
09/12/06 07:25,4.5
09/12/06 07:30,4.8
09/12/06 07:35,5.2
09/12/06 07:40,5.6
09/12/06 07:45,5.6
09/12/06 07:50,7.3
09/12/06 07:55,9.2
09/12/06 08:00,7.5
09/12/06 08:05,5.5
09/12/06 08:10,4.1
09/12/06 08:15,3.1
09/12/06 08:20,3.6
09/12/06 08:25,4.8
09/12/06 08:30,5.9
09/12/06 08:35,5.4
09/12/06 08:40,5.0
09/12/06 08:45,6.7
09/12/06 08:50,8.0
09/12/06 08:55,8.2
09/12/06 09:00,9.8
09/12/06 09:05,11.3
09/12/06 09:10,13.0
09/12/06 09:15,12.5
09/12/06 09:20,11.0
09/12/06 09:25,10.1
09/12/06 09:30,14.1
09/12/06 09:35,13.6
09/12/06 09:40,14.7
09/12/06 09:45,15.1
09/12/06 09:50,15.5
09/12/06 09:55,17.1
09/12/06 10:00,16.9
09/12/06 10:05,17.4
09/12/06 10:10,18.8
09/12/06 10:15,19.3
09/12/06 10:20,18.5
09/12/06 10:25,17.5
09/12/06 10:30,18.6
09/12/06 10:35,19.3
09/12/06 10:40,17.2
09/12/06 10:45,15.4
09/12/06 10:50,12.2
09/12/06 10:55,11.0
09/12/06 11:00,9.4
09/12/06 11:05,8.5
09/12/06 11:10,8.2
09/12/06 11:15,10.6
09/12/06 11:20,15.6
09/12/06 11:25,20.6
09/12/06 11:30,21.4
09/12/06 11:35,20.2
09/12/06 11:40,17.7
09/12/06 11:45,14.9
09/12/06 11:50,12.4
09/12/06 11:55,15.3
09/12/06 12:00,19.2
09/12/06 12:05,18.8
09/12/06 12:10,15.3
09/12/06 12:15,11.4
09/12/06 12:20,12.7
09/12/06 12:25,14.9
09/12/06 12:30,15.9
09/12/06 12:35,19.5
09/12/06 12:40,20.3
09/12/06 12:45,20.7
09/12/06 12:50,19.3
09/12/06 12:55,18.2
09/12/06 13:00,18.6
09/12/06 13:05,18.9
09/12/06 13:10,14.0
09/12/06 13:15,11.3
09/12/06 13:20,11.4
09/12/06 13:25,13.0
09/12/06 13:30,16.0
09/12/06 13:35,16.3
09/12/06 13:40,15.2
09/12/06 13:45,12.7
09/12/06 13:50,8.9
09/12/06 13:55,8.1
09/12/06 14:00,10.9
09/12/06 14:05,10.1
09/12/06 14:10,9.1
09/12/06 14:15,6.7
09/12/06 14:20,5.2
09/12/06 14:25,4.5
09/12/06 14:30,4.2
09/12/06 14:35,3.6
09/12/06 14:40,2.1
09/12/06 14:45,1.3
09/12/06 14:50,0.9
09/12/06 14:55,0.7
09/12/06 15:00,0.7
09/12/06 15:05,0.7
09/12/06 15:10,1.0
09/12/06 15:15,0.9
09/12/06 15:20,0.9
09/12/06 15:25,0.9
09/12/06 15:30,0.9
09/12/06 15:35,1.0
09/12/06 15:40,0.8
09/12/06 15:45,0.9
09/12/06 15:50,1.1
09/12/06 15:55,1.4
09/12/06 16:00,1.6
09/12/06 16:05,1.7
09/12/06 16:10,1.4
09/12/06 16:15,0.9
09/12/06 16:20,0.4
09/12/06 16:25,0.3
09/12/06 16:30,0.1
09/12/06 16:35,0.1
09/12/06 16:40,0.0
09/12/06 16:45,0.0
09/12/06 16:50,0.0
09/12/06 16:55,0.0
09/12/06 17:00,0.0
09/12/06 17:05,0.0
09/12/06 17:10,0.0
09/12/06 17:15,0.0
09/12/06 17:20,0.0
09/12/06 17:25,0.0
09/12/06 17:30,0.0
09/12/06 17:35,0.0
09/12/06 17:40,0.0
09/12/06 17:45,0.0
09/12/06 17:50,0.0
09/12/06 17:55,0.0
09/12/06 18:00,0.0
09/12/06 18:05,0.0
09/12/06 18:10,0.0
09/12/06 18:15,0.0
09/12/06 18:20,0.0
09/12/06 18:25,0.0
09/12/06 18:30,0.0
09/12/06 18:35,0.0
09/12/06 18:40,0.0
09/12/06 18:45,0.0
09/12/06 18:50,0.0
09/12/06 18:55,0.0
09/12/06 19:00,0.0
09/12/06 19:05,0.0
09/12/06 19:10,0.0
09/12/06 19:15,0.0
09/12/06 19:20,0.0
09/12/06 19:25,0.0
09/12/06 19:30,0.0
09/12/06 19:35,0.0
09/12/06 19:40,0.0
09/12/06 19:45,0.0
09/12/06 19:50,0.0
09/12/06 19:55,0.0
09/12/06 20:00,0.0
09/12/06 20:05,0.0
09/12/06 20:10,0.0
09/12/06 20:15,0.0
09/12/06 20:20,0.0
09/12/06 20:25,0.0
09/12/06 20:30,0.0
09/12/06 20:35,0.0
09/12/06 20:40,0.0
09/12/06 20:45,0.0
09/12/06 20:50,0.0
09/12/06 20:55,0.0
09/12/06 21:00,0.0
09/12/06 21:05,0.0
09/12/06 21:10,0.0
09/12/06 21:15,0.0
09/12/06 21:20,0.0
09/12/06 21:25,0.0
09/12/06 21:30,0.0
09/12/06 21:35,0.0
09/12/06 21:40,0.0
09/12/06 21:45,0.0
09/12/06 21:50,0.0
09/12/06 21:55,0.0
09/12/06 22:00,0.0
09/12/06 22:05,0.0
09/12/06 22:10,0.0
09/12/06 22:15,0.0
09/12/06 22:20,0.0
09/12/06 22:25,0.0
09/12/06 22:30,0.0
09/12/06 22:35,0.0
09/12/06 22:40,0.0
09/12/06 22:45,0.0
09/12/06 22:50,0.0
09/12/06 22:55,0.0
09/12/06 23:00,0.0
09/12/06 23:05,0.0
09/12/06 23:10,0.0
09/12/06 23:15,0.0
09/12/06 23:20,0.0
09/12/06 23:25,0.0
09/12/06 23:30,0.0
09/12/06 23:35,0.0
09/12/06 23:40,0.0
09/12/06 23:45,0.0
09/12/06 23:50,0.0
09/12/06 23:55,0.0
09/13/06 00:00,0.0
09/13/06 00:05,0.0
09/13/06 00:10,0.0
09/13/06 00:15,0.0
09/13/06 00:20,0.0
09/13/06 00:25,0.0
09/13/06 00:30,0.0
09/13/06 00:35,0.0
09/13/06 00:40,0.0
09/13/06 00:45,0.0
09/13/06 00:50,0.0
09/13/06 00:55,0.0
09/13/06 01:00,0.0
09/13/06 01:05,0.0
09/13/06 01:10,0.0
09/13/06 01:15,0.0
09/13/06 01:20,0.0
09/13/06 01:25,0.0
09/13/06 01:30,0.0
09/13/06 01:35,0.0
09/13/06 01:40,0.0
09/13/06 01:45,0.0
09/13/06 01:50,0.0
09/13/06 01:55,0.0
09/13/06 02:00,0.0
09/13/06 02:05,0.0
09/13/06 02:10,0.0
09/13/06 02:15,0.0
09/13/06 02:20,0.0
09/13/06 02:25,0.0
09/13/06 02:30,0.0
09/13/06 02:35,0.0
09/13/06 02:40,0.0
09/13/06 02:45,0.0
09/13/06 02:50,0.0
09/13/06 02:55,0.0
09/13/06 03:00,0.0
09/13/06 03:05,0.0
09/13/06 03:10,0.0
09/13/06 03:15,0.0
09/13/06 03:20,0.0
09/13/06 03:25,0.0
09/13/06 03:30,0.0
09/13/06 03:35,0.0
09/13/06 03:40,0.0
09/13/06 03:45,0.0
09/13/06 03:50,0.0
09/13/06 03:55,0.0
09/13/06 04:00,0.0
09/13/06 04:05,0.0
09/13/06 04:10,0.0
09/13/06 04:15,0.0
09/13/06 04:20,0.0
09/13/06 04:25,0.0
09/13/06 04:30,0.0
09/13/06 04:35,0.0
09/13/06 04:40,0.0
09/13/06 04:45,0.0
09/13/06 04:50,0.0
09/13/06 04:55,0.0
09/13/06 05:00,0.0
09/13/06 05:05,0.0
09/13/06 05:10,0.0
09/13/06 05:15,0.0
09/13/06 05:20,0.0
09/13/06 05:25,0.0
09/13/06 05:30,0.0
09/13/06 05:35,0.0
09/13/06 05:40,0.0
09/13/06 05:45,0.0
09/13/06 05:50,0.0
09/13/06 05:55,0.0
09/13/06 06:00,0.0
09/13/06 06:05,0.0
09/13/06 06:10,0.0
09/13/06 06:15,0.0
09/13/06 06:20,0.0
09/13/06 06:25,0.1
09/13/06 06:30,0.1
09/13/06 06:35,0.3
09/13/06 06:40,0.6
09/13/06 06:45,0.9
09/13/06 06:50,1.4
09/13/06 06:55,1.8
09/13/06 07:00,2.2
09/13/06 07:05,2.6
09/13/06 07:10,3.4
09/13/06 07:15,3.7
09/13/06 07:20,4.1
09/13/06 07:25,4.6
09/13/06 07:30,5.2
09/13/06 07:35,5.9
09/13/06 07:40,6.4
09/13/06 07:45,7.2
09/13/06 07:50,8.0
09/13/06 07:55,8.9
09/13/06 08:00,9.7
09/13/06 08:05,10.3
09/13/06 08:10,10.9
09/13/06 08:15,11.1
09/13/06 08:20,10.8
09/13/06 08:25,10.5
09/13/06 08:30,10.2
09/13/06 08:35,9.5
09/13/06 08:40,8.9
09/13/06 08:45,8.1
09/13/06 08:50,6.9
09/13/06 08:55,5.7
09/13/06 09:00,5.0
09/13/06 09:05,4.6
09/13/06 09:10,3.8
09/13/06 09:15,3.2
09/13/06 09:20,3.4
09/13/06 09:25,3.5
09/13/06 09:30,3.8
09/13/06 09:35,4.6
09/13/06 09:40,6.3
09/13/06 09:45,8.3
09/13/06 09:50,9.7
09/13/06 09:55,10.4
09/13/06 10:00,11.3
09/13/06 10:05,12.6
09/13/06 10:10,14.1
09/13/06 10:15,14.5
09/13/06 10:20,12.8
09/13/06 10:25,11.0
09/13/06 10:30,9.9
09/13/06 10:35,9.6
09/13/06 10:40,9.0
09/13/06 10:45,8.6
09/13/06 10:50,8.5
09/13/06 10:55,8.6
09/13/06 11:00,9.1
09/13/06 11:05,9.4
09/13/06 11:10,9.4
09/13/06 11:15,11.4
09/13/06 11:20,13.0
09/13/06 11:25,13.6
09/13/06 11:30,13.7
09/13/06 11:35,13.6
09/13/06 11:40,13.3
09/13/06 11:45,12.9
09/13/06 11:50,12.5
09/13/06 11:55,12.0
09/13/06 12:00,11.3
09/13/06 12:05,10.5
09/13/06 12:10,9.9
09/13/06 12:15,9.1
09/13/06 12:20,8.5
09/13/06 12:25,8.3
09/13/06 12:30,8.3
09/13/06 12:35,8.2
09/13/06 12:40,7.6
09/13/06 12:45,7.0
09/13/06 12:50,6.6
09/13/06 12:55,6.6
09/13/06 13:00,6.2
09/13/06 13:05,5.9
09/13/06 13:10,6.1
09/13/06 13:15,6.4
09/13/06 13:20,10.6
09/13/06 13:25,15.0
09/13/06 13:30,17.9
09/13/06 13:35,19.3
09/13/06 13:40,19.2
09/13/06 13:45,18.4
09/13/06 13:50,19.3
09/13/06 13:55,19.7
09/13/06 14:00,19.8
09/13/06 14:05,19.3
09/13/06 14:10,18.1
09/13/06 14:15,18.0
09/13/06 14:20,17.8
09/13/06 14:25,17.5
09/13/06 14:30,17.1
09/13/06 14:35,16.6
09/13/06 14:40,15.9
09/13/06 14:45,15.1
09/13/06 14:50,14.4
09/13/06 14:55,13.7
09/13/06 15:00,13.0
09/13/06 15:05,12.2
09/13/06 15:10,11.5
09/13/06 15:15,11.2
09/13/06 15:20,9.9
09/13/06 15:25,7.7
09/13/06 15:30,7.6
09/13/06 15:35,9.0
09/13/06 15:40,9.0
09/13/06 15:45,7.8
09/13/06 15:50,7.6
09/13/06 15:55,7.5
09/13/06 16:00,7.7
09/13/06 16:05,7.2
09/13/06 16:10,6.0
09/13/06 16:15,5.9
09/13/06 16:20,5.9
09/13/06 16:25,5.5
09/13/06 16:30,4.9
09/13/06 16:35,4.3
09/13/06 16:40,3.6
09/13/06 16:45,2.0
09/13/06 16:50,0.9
09/13/06 16:55,0.4
09/13/06 17:00,0.1
09/13/06 17:05,0.0
09/13/06 17:10,0.0
09/13/06 17:15,0.0
09/13/06 17:20,0.0
09/13/06 17:25,0.0
09/13/06 17:30,0.0
09/13/06 17:35,0.0
09/13/06 17:40,0.0
09/13/06 17:45,0.0
09/13/06 17:50,0.0
09/13/06 17:55,0.0
09/13/06 18:00,0.0
09/13/06 18:05,0.0
09/13/06 18:10,0.0
09/13/06 18:15,0.0
09/13/06 18:20,0.0
09/13/06 18:25,0.0
09/13/06 18:30,0.0
09/13/06 18:35,0.0
09/13/06 18:40,0.0
09/13/06 18:45,0.0
09/13/06 18:50,0.0
09/13/06 18:55,0.0
09/13/06 19:00,0.0
09/13/06 19:05,0.0
09/13/06 19:10,0.0
09/13/06 19:15,0.0
09/13/06 19:20,0.0
09/13/06 19:25,0.0
09/13/06 19:30,0.0
09/13/06 19:35,0.0
09/13/06 19:40,0.0
09/13/06 19:45,0.0
09/13/06 19:50,0.0
09/13/06 19:55,0.0
09/13/06 20:00,0.0
09/13/06 20:05,0.0
09/13/06 20:10,0.0
09/13/06 20:15,0.0
09/13/06 20:20,0.0
09/13/06 20:25,0.0
09/13/06 20:30,0.0
09/13/06 20:35,0.0
09/13/06 20:40,0.0
09/13/06 20:45,0.0
09/13/06 20:50,0.0
09/13/06 20:55,0.0
09/13/06 21:00,0.0
09/13/06 21:05,0.0
09/13/06 21:10,0.0
09/13/06 21:15,0.0
09/13/06 21:20,0.0
09/13/06 21:25,0.0
09/13/06 21:30,0.0
09/13/06 21:35,0.0
09/13/06 21:40,0.0
09/13/06 21:45,0.0
09/13/06 21:50,0.0
09/13/06 21:55,0.0
09/13/06 22:00,0.0
09/13/06 22:05,0.0
09/13/06 22:10,0.0
09/13/06 22:15,0.0
09/13/06 22:20,0.0
09/13/06 22:25,0.0
09/13/06 22:30,0.0
09/13/06 22:35,0.0
09/13/06 22:40,0.0
09/13/06 22:45,0.0
09/13/06 22:50,0.0
09/13/06 22:55,0.0
09/13/06 23:00,0.0
09/13/06 23:05,0.0
09/13/06 23:10,0.0
09/13/06 23:15,0.0
09/13/06 23:20,0.0
09/13/06 23:25,0.0
09/13/06 23:30,0.0
09/13/06 23:35,0.0
09/13/06 23:40,0.0
09/13/06 23:45,0.0
09/13/06 23:50,0.0
09/13/06 23:55,0.0
09/14/06 00:00,0.0
09/14/06 00:05,0.0
09/14/06 00:10,0.0
09/14/06 00:15,0.0
09/14/06 00:20,0.0
09/14/06 00:25,0.0
09/14/06 00:30,0.0
09/14/06 00:35,0.0
09/14/06 00:40,0.0
09/14/06 00:45,0.0
09/14/06 00:50,0.0
09/14/06 00:55,0.0
09/14/06 01:00,0.0
09/14/06 01:05,0.0
09/14/06 01:10,0.0
09/14/06 01:15,0.0
09/14/06 01:20,0.0
09/14/06 01:25,0.0
09/14/06 01:30,0.0
09/14/06 01:35,0.0
09/14/06 01:40,0.0
09/14/06 01:45,0.0
09/14/06 01:50,0.0
09/14/06 01:55,0.0
09/14/06 02:00,0.0
09/14/06 02:05,0.0
09/14/06 02:10,0.0
09/14/06 02:15,0.0
09/14/06 02:20,0.0
09/14/06 02:25,0.0
09/14/06 02:30,0.0
09/14/06 02:35,0.0
09/14/06 02:40,0.0
09/14/06 02:45,0.0
09/14/06 02:50,0.0
09/14/06 02:55,0.0
09/14/06 03:00,0.0
09/14/06 03:05,0.0
09/14/06 03:10,0.0
09/14/06 03:15,0.0
09/14/06 03:20,0.0
09/14/06 03:25,0.0
09/14/06 03:30,0.0
09/14/06 03:35,0.0
09/14/06 03:40,0.0
09/14/06 03:45,0.0
09/14/06 03:50,0.0
09/14/06 03:55,0.0
09/14/06 04:00,0.0
09/14/06 04:05,0.0
09/14/06 04:10,0.0
09/14/06 04:15,0.0
09/14/06 04:20,0.0
09/14/06 04:25,0.0
09/14/06 04:30,0.0
09/14/06 04:35,0.0
09/14/06 04:40,0.0
09/14/06 04:45,0.0
09/14/06 04:50,0.0
09/14/06 04:55,0.0
09/14/06 05:00,0.0
09/14/06 05:05,0.0
09/14/06 05:10,0.0
09/14/06 05:15,0.0
09/14/06 05:20,0.0
09/14/06 05:25,0.0
09/14/06 05:30,0.0
09/14/06 05:35,0.0
09/14/06 05:40,0.0
09/14/06 05:45,0.0
09/14/06 05:50,0.0
09/14/06 05:55,0.0
09/14/06 06:00,0.0
09/14/06 06:05,0.0
09/14/06 06:10,0.1
09/14/06 06:15,0.3
09/14/06 06:20,0.5
09/14/06 06:25,0.8
09/14/06 06:30,1.3
09/14/06 06:35,2.1
09/14/06 06:40,3.5
09/14/06 06:45,4.2
09/14/06 06:50,5.0
09/14/06 06:55,5.8
09/14/06 07:00,6.6
09/14/06 07:05,7.3
09/14/06 07:10,8.0
09/14/06 07:15,8.4
09/14/06 07:20,8.5
09/14/06 07:25,8.6
09/14/06 07:30,9.2
09/14/06 07:35,10.0
09/14/06 07:40,10.7
09/14/06 07:45,11.2
09/14/06 07:50,11.3
09/14/06 07:55,11.7
09/14/06 08:00,12.4
09/14/06 08:05,13.2
09/14/06 08:10,13.7
09/14/06 08:15,14.2
09/14/06 08:20,14.9
09/14/06 08:25,15.7
09/14/06 08:30,16.3
09/14/06 08:35,16.8
09/14/06 08:40,17.0
09/14/06 08:45,17.1
09/14/06 08:50,17.4
09/14/06 08:55,17.8
09/14/06 09:00,18.3
09/14/06 09:05,18.5
09/14/06 09:10,18.6
09/14/06 09:15,18.3
09/14/06 09:20,18.0
09/14/06 09:25,17.9
09/14/06 09:30,18.1
09/14/06 09:35,18.3
09/14/06 09:40,18.6
09/14/06 09:45,18.9
09/14/06 09:50,19.3
09/14/06 09:55,19.6
09/14/06 10:00,20.0
09/14/06 10:05,20.2
09/14/06 10:10,20.5
09/14/06 10:15,21.1
09/14/06 10:20,22.0
09/14/06 10:25,23.0
09/14/06 10:30,23.8
09/14/06 10:35,24.2
09/14/06 10:40,24.5
09/14/06 10:45,24.0
09/14/06 10:50,23.0
09/14/06 10:55,21.9
09/14/06 11:00,21.3
09/14/06 11:05,21.5
09/14/06 11:10,22.3
09/14/06 11:15,23.0
09/14/06 11:20,23.3
09/14/06 11:25,24.5
09/14/06 11:30,25.1
09/14/06 11:35,25.3
09/14/06 11:40,25.4
09/14/06 11:45,25.0
09/14/06 11:50,24.6
09/14/06 11:55,24.4
09/14/06 12:00,24.2
09/14/06 12:05,23.9
09/14/06 12:10,23.9
09/14/06 12:15,23.5
09/14/06 12:20,24.0
09/14/06 12:25,24.9
09/14/06 12:30,25.9
09/14/06 12:35,26.5
09/14/06 12:40,26.7
09/14/06 12:45,26.4
09/14/06 12:50,26.0
09/14/06 12:55,25.9
09/14/06 13:00,25.7
09/14/06 13:05,25.5
09/14/06 13:10,25.2
09/14/06 13:15,24.7
09/14/06 13:20,23.2
09/14/06 13:25,21.0
09/14/06 13:30,18.9
09/14/06 13:35,16.7
09/14/06 13:40,16.1
09/14/06 13:45,14.0
09/14/06 13:50,11.6
09/14/06 13:55,9.6
09/14/06 14:00,10.4
09/14/06 14:05,13.0
09/14/06 14:10,14.4
09/14/06 14:15,13.7
09/14/06 14:20,12.8
09/14/06 14:25,12.5
09/14/06 14:30,12.5
09/14/06 14:35,12.9
09/14/06 14:40,13.2
09/14/06 14:45,13.4
09/14/06 14:50,13.6
09/14/06 14:55,13.8
09/14/06 15:00,14.1
09/14/06 15:05,14.2
09/14/06 15:10,14.3
09/14/06 15:15,14.2
09/14/06 15:20,13.6
09/14/06 15:25,13.2
09/14/06 15:30,12.8
09/14/06 15:35,12.2
09/14/06 15:40,11.6
09/14/06 15:45,11.0
09/14/06 15:50,10.6
09/14/06 15:55,10.3
09/14/06 16:00,9.8
09/14/06 16:05,9.0
09/14/06 16:10,8.3
09/14/06 16:15,7.7
09/14/06 16:20,7.2
09/14/06 16:25,6.7
09/14/06 16:30,6.2
09/14/06 16:35,5.7
09/14/06 16:40,5.2
09/14/06 16:45,4.7
09/14/06 16:50,4.2
09/14/06 16:55,3.7
09/14/06 17:00,2.7
09/14/06 17:05,1.6
09/14/06 17:10,0.9
09/14/06 17:15,0.4
09/14/06 17:20,0.2
09/14/06 17:25,0.1
09/14/06 17:30,0.0
09/14/06 17:35,0.0
09/14/06 17:40,0.0
09/14/06 17:45,0.0
09/14/06 17:50,0.0
09/14/06 17:55,0.0
09/14/06 18:00,0.0
09/14/06 18:05,0.0
09/14/06 18:10,0.0
09/14/06 18:15,0.0
09/14/06 18:20,0.0
09/14/06 18:25,0.0
09/14/06 18:30,0.0
09/14/06 18:35,0.0
09/14/06 18:40,0.0
09/14/06 18:45,0.0
09/14/06 18:50,0.0
09/14/06 18:55,0.0
09/14/06 19:00,0.0
09/14/06 19:05,0.0
09/14/06 19:10,0.0
09/14/06 19:15,0.0
09/14/06 19:20,0.0
09/14/06 19:25,0.0
09/14/06 19:30,0.0
09/14/06 19:35,0.0
09/14/06 19:40,0.0
09/14/06 19:45,0.0
09/14/06 19:50,0.0
09/14/06 19:55,0.0
09/14/06 20:00,0.0
09/14/06 20:05,0.0
09/14/06 20:10,0.0
09/14/06 20:15,0.0
09/14/06 20:20,0.0
09/14/06 20:25,0.0
09/14/06 20:30,0.0
09/14/06 20:35,0.0
09/14/06 20:40,0.0
09/14/06 20:45,0.0
09/14/06 20:50,0.0
09/14/06 20:55,0.0
09/14/06 21:00,0.0
09/14/06 21:05,0.0
09/14/06 21:10,0.0
09/14/06 21:15,0.0
09/14/06 21:20,0.0
09/14/06 21:25,0.0
09/14/06 21:30,0.0
09/14/06 21:35,0.0
09/14/06 21:40,0.0
09/14/06 21:45,0.0
09/14/06 21:50,0.0
09/14/06 21:55,0.0
09/14/06 22:00,0.0
09/14/06 22:05,0.0
09/14/06 22:10,0.0
09/14/06 22:15,0.0
09/14/06 22:20,0.0
09/14/06 22:25,0.0
09/14/06 22:30,0.0
09/14/06 22:35,0.0
09/14/06 22:40,0.0
09/14/06 22:45,0.0
09/14/06 22:50,0.0
09/14/06 22:55,0.0
09/14/06 23:00,0.0
09/14/06 23:05,0.0
09/14/06 23:10,0.0
09/14/06 23:15,0.0
09/14/06 23:20,0.0
09/14/06 23:25,0.0
09/14/06 23:30,0.0
09/14/06 23:35,0.0
09/14/06 23:40,0.0
09/14/06 23:45,0.0
09/14/06 23:50,0.0
09/14/06 23:55,0.0
09/15/06 00:00,0.0
09/15/06 00:05,0.0
09/15/06 00:10,0.0
09/15/06 00:15,0.0
09/15/06 00:20,0.0
09/15/06 00:25,0.0
09/15/06 00:30,0.0
09/15/06 00:35,0.0
09/15/06 00:40,0.0
09/15/06 00:45,0.0
09/15/06 00:50,0.0
09/15/06 00:55,0.0
09/15/06 01:00,0.0
09/15/06 01:05,0.0
09/15/06 01:10,0.0
09/15/06 01:15,0.0
09/15/06 01:20,0.0
09/15/06 01:25,0.0
09/15/06 01:30,0.0
09/15/06 01:35,0.0
09/15/06 01:40,0.0
09/15/06 01:45,0.0
09/15/06 01:50,0.0
09/15/06 01:55,0.0
09/15/06 02:00,0.0
09/15/06 02:05,0.0
09/15/06 02:10,0.0
09/15/06 02:15,0.0
09/15/06 02:20,0.0
09/15/06 02:25,0.0
09/15/06 02:30,0.0
09/15/06 02:35,0.0
09/15/06 02:40,0.0
09/15/06 02:45,0.0
09/15/06 02:50,0.0
09/15/06 02:55,0.0
09/15/06 03:00,0.0
09/15/06 03:05,0.0
09/15/06 03:10,0.0
09/15/06 03:15,0.0
09/15/06 03:20,0.0
09/15/06 03:25,0.0
09/15/06 03:30,0.0
09/15/06 03:35,0.0
09/15/06 03:40,0.0
09/15/06 03:45,0.0
09/15/06 03:50,0.0
09/15/06 03:55,0.0
09/15/06 04:00,0.0
09/15/06 04:05,0.0
09/15/06 04:10,0.0
09/15/06 04:15,0.0
09/15/06 04:20,0.0
09/15/06 04:25,0.0
09/15/06 04:30,0.0
09/15/06 04:35,0.0
09/15/06 04:40,0.0
09/15/06 04:45,0.0
09/15/06 04:50,0.0
09/15/06 04:55,0.0
09/15/06 05:00,0.0
09/15/06 05:05,0.0
09/15/06 05:10,0.0
09/15/06 05:15,0.0
09/15/06 05:20,0.0
09/15/06 05:25,0.0
09/15/06 05:30,0.0
09/15/06 05:35,0.0
09/15/06 05:40,0.0
09/15/06 05:45,0.0
09/15/06 05:50,0.0
09/15/06 05:55,0.0
09/15/06 06:00,0.0
09/15/06 06:05,0.0
09/15/06 06:10,0.0
09/15/06 06:15,0.1
09/15/06 06:20,0.3
09/15/06 06:25,0.6
09/15/06 06:30,1.2
09/15/06 06:35,2.1
09/15/06 06:40,3.3
09/15/06 06:45,3.9
09/15/06 06:50,4.3
09/15/06 06:55,4.8
09/15/06 07:00,5.3
09/15/06 07:05,5.8
09/15/06 07:10,6.3
09/15/06 07:15,6.8
09/15/06 07:20,7.5
09/15/06 07:25,8.1
09/15/06 07:30,8.7
09/15/06 07:35,9.2
09/15/06 07:40,9.7
09/15/06 07:45,10.3
09/15/06 07:50,10.9
09/15/06 07:55,11.7
09/15/06 08:00,12.4
09/15/06 08:05,13.1
09/15/06 08:10,13.8
09/15/06 08:15,14.5
09/15/06 08:20,15.1
09/15/06 08:25,15.7
09/15/06 08:30,16.4
09/15/06 08:35,17.0
09/15/06 08:40,17.5
09/15/06 08:45,18.0
09/15/06 08:50,18.6
09/15/06 08:55,19.2
09/15/06 09:00,19.8
09/15/06 09:05,20.2
09/15/06 09:10,20.6
09/15/06 09:15,20.9
09/15/06 09:20,20.9
09/15/06 09:25,20.9
09/15/06 09:30,21.1
09/15/06 09:35,21.4
09/15/06 09:40,21.7
09/15/06 09:45,22.0
09/15/06 09:50,22.1
09/15/06 09:55,22.4
09/15/06 10:00,22.6
09/15/06 10:05,22.7
09/15/06 10:10,22.8
09/15/06 10:15,23.1
09/15/06 10:20,23.7
09/15/06 10:25,24.4
09/15/06 10:30,25.0
09/15/06 10:35,25.7
09/15/06 10:40,25.5
09/15/06 10:45,25.2
09/15/06 10:50,25.2
09/15/06 10:55,25.4
09/15/06 11:00,26.0
09/15/06 11:05,26.9
09/15/06 11:10,27.0
09/15/06 11:15,26.5
09/15/06 11:20,25.7
09/15/06 11:25,25.0
09/15/06 11:30,24.4
09/15/06 11:35,24.0
09/15/06 11:40,23.7
09/15/06 11:45,23.4
09/15/06 11:50,23.0
09/15/06 11:55,22.8
09/15/06 12:00,22.7
09/15/06 12:05,22.6
09/15/06 12:10,22.5
09/15/06 12:15,22.9
09/15/06 12:20,23.3
09/15/06 12:25,23.5
09/15/06 12:30,23.6
09/15/06 12:35,23.7
09/15/06 12:40,23.9
09/15/06 12:45,24.0
09/15/06 12:50,24.0
09/15/06 12:55,23.9
09/15/06 13:00,23.8
09/15/06 13:05,23.5
09/15/06 13:10,23.1
09/15/06 13:15,22.9
09/15/06 13:20,22.7
09/15/06 13:25,22.5
09/15/06 13:30,22.3
09/15/06 13:35,22.0
09/15/06 13:40,21.7
09/15/06 13:45,21.4
09/15/06 13:50,21.0
09/15/06 13:55,20.7
09/15/06 14:00,20.4
09/15/06 14:05,20.0
09/15/06 14:10,19.7
09/15/06 14:15,19.3
09/15/06 14:20,18.9
09/15/06 14:25,18.5
09/15/06 14:30,18.2
09/15/06 14:35,17.8
09/15/06 14:40,17.5
09/15/06 14:45,17.1
09/15/06 14:50,16.7
09/15/06 14:55,16.2
09/15/06 15:00,15.6
09/15/06 15:05,14.9
09/15/06 15:10,14.4
09/15/06 15:15,14.1
09/15/06 15:20,13.8
09/15/06 15:25,13.3
09/15/06 15:30,12.8
09/15/06 15:35,12.2
09/15/06 15:40,11.7
09/15/06 15:45,11.1
09/15/06 15:50,10.5
09/15/06 15:55,9.9
09/15/06 16:00,9.3
09/15/06 16:05,8.7
09/15/06 16:10,8.0
09/15/06 16:15,7.5
09/15/06 16:20,7.1
09/15/06 16:25,6.6
09/15/06 16:30,6.2
09/15/06 16:35,5.6
09/15/06 16:40,5.1
09/15/06 16:45,4.6
09/15/06 16:50,4.1
09/15/06 16:55,3.6
09/15/06 17:00,2.5
09/15/06 17:05,1.5
09/15/06 17:10,0.8
09/15/06 17:15,0.4
09/15/06 17:20,0.2
09/15/06 17:25,0.1
09/15/06 17:30,0.0
09/15/06 17:35,0.0
09/15/06 17:40,0.0
09/15/06 17:45,0.0
09/15/06 17:50,0.0
09/15/06 17:55,0.0
09/15/06 18:00,0.0
09/15/06 18:05,0.0
09/15/06 18:10,0.0
09/15/06 18:15,0.0
09/15/06 18:20,0.0
09/15/06 18:25,0.0
09/15/06 18:30,0.0
09/15/06 18:35,0.0
09/15/06 18:40,0.0
09/15/06 18:45,0.0
09/15/06 18:50,0.0
09/15/06 18:55,0.0
09/15/06 19:00,0.0
09/15/06 19:05,0.0
09/15/06 19:10,0.0
09/15/06 19:15,0.0
09/15/06 19:20,0.0
09/15/06 19:25,0.0
09/15/06 19:30,0.0
09/15/06 19:35,0.0
09/15/06 19:40,0.0
09/15/06 19:45,0.0
09/15/06 19:50,0.0
09/15/06 19:55,0.0
09/15/06 20:00,0.0
09/15/06 20:05,0.0
09/15/06 20:10,0.0
09/15/06 20:15,0.0
09/15/06 20:20,0.0
09/15/06 20:25,0.0
09/15/06 20:30,0.0
09/15/06 20:35,0.0
09/15/06 20:40,0.0
09/15/06 20:45,0.0
09/15/06 20:50,0.0
09/15/06 20:55,0.0
09/15/06 21:00,0.0
09/15/06 21:05,0.0
09/15/06 21:10,0.0
09/15/06 21:15,0.0
09/15/06 21:20,0.0
09/15/06 21:25,0.0
09/15/06 21:30,0.0
09/15/06 21:35,0.0
09/15/06 21:40,0.0
09/15/06 21:45,0.0
09/15/06 21:50,0.0
09/15/06 21:55,0.0
09/15/06 22:00,0.0
09/15/06 22:05,0.0
09/15/06 22:10,0.0
09/15/06 22:15,0.0
09/15/06 22:20,0.0
09/15/06 22:25,0.0
09/15/06 22:30,0.0
09/15/06 22:35,0.0
09/15/06 22:40,0.0
09/15/06 22:45,0.0
09/15/06 22:50,0.0
09/15/06 22:55,0.0
09/15/06 23:00,0.0
09/15/06 23:05,0.0
09/15/06 23:10,0.0
09/15/06 23:15,0.0
09/15/06 23:20,0.0
09/15/06 23:25,0.0
09/15/06 23:30,0.0
09/15/06 23:35,0.0
09/15/06 23:40,0.0
09/15/06 23:45,0.0
09/15/06 23:50,0.0
09/15/06 23:55,0.0
09/16/06 00:00,0.0
09/16/06 00:05,0.0
09/16/06 00:10,0.0
09/16/06 00:15,0.0
09/16/06 00:20,0.0
09/16/06 00:25,0.0
09/16/06 00:30,0.0
09/16/06 00:35,0.0
09/16/06 00:40,0.0
09/16/06 00:45,0.0
09/16/06 00:50,0.0
09/16/06 00:55,0.0
09/16/06 01:00,0.0
09/16/06 01:05,0.0
09/16/06 01:10,0.0
09/16/06 01:15,0.0
09/16/06 01:20,0.0
09/16/06 01:25,0.0
09/16/06 01:30,0.0
09/16/06 01:35,0.0
09/16/06 01:40,0.0
09/16/06 01:45,0.0
09/16/06 01:50,0.0
09/16/06 01:55,0.0
09/16/06 02:00,0.0
09/16/06 02:05,0.0
09/16/06 02:10,0.0
09/16/06 02:15,0.0
09/16/06 02:20,0.0
09/16/06 02:25,0.0
09/16/06 02:30,0.0
09/16/06 02:35,0.0
09/16/06 02:40,0.0
09/16/06 02:45,0.0
09/16/06 02:50,0.0
09/16/06 02:55,0.0
09/16/06 03:00,0.0
09/16/06 03:05,0.0
09/16/06 03:10,0.0
09/16/06 03:15,0.0
09/16/06 03:20,0.0
09/16/06 03:25,0.0
09/16/06 03:30,0.0
09/16/06 03:35,0.0
09/16/06 03:40,0.0
09/16/06 03:45,0.0
09/16/06 03:50,0.0
09/16/06 03:55,0.0
09/16/06 04:00,0.0
09/16/06 04:05,0.0
09/16/06 04:10,0.0
09/16/06 04:15,0.0
09/16/06 04:20,0.0
09/16/06 04:25,0.0
09/16/06 04:30,0.0
09/16/06 04:35,0.0
09/16/06 04:40,0.0
09/16/06 04:45,0.0
09/16/06 04:50,0.0
09/16/06 04:55,0.0
09/16/06 05:00,0.0
09/16/06 05:05,0.0
09/16/06 05:10,0.0
09/16/06 05:15,0.0
09/16/06 05:20,0.0
09/16/06 05:25,0.0
09/16/06 05:30,0.0
09/16/06 05:35,0.0
09/16/06 05:40,0.0
09/16/06 05:45,0.0
09/16/06 05:50,0.0
09/16/06 05:55,0.0
09/16/06 06:00,0.0
09/16/06 06:05,0.0
09/16/06 06:10,0.1
09/16/06 06:15,0.2
09/16/06 06:20,0.3
09/16/06 06:25,0.7
09/16/06 06:30,1.2
09/16/06 06:35,2.3
09/16/06 06:40,3.6
09/16/06 06:45,4.2
09/16/06 06:50,4.7
09/16/06 06:55,5.2
09/16/06 07:00,5.7
09/16/06 07:05,6.2
09/16/06 07:10,6.7
09/16/06 07:15,7.3
09/16/06 07:20,8.0
09/16/06 07:25,8.7
09/16/06 07:30,9.3
09/16/06 07:35,9.9
09/16/06 07:40,10.6
09/16/06 07:45,11.2
09/16/06 07:50,11.9
09/16/06 07:55,12.5
09/16/06 08:00,13.3
09/16/06 08:05,14.0
09/16/06 08:10,14.8
09/16/06 08:15,15.3
09/16/06 08:20,15.7
09/16/06 08:25,16.2
09/16/06 08:30,16.7
09/16/06 08:35,17.2
09/16/06 08:40,17.6
09/16/06 08:45,18.0
09/16/06 08:50,18.4
09/16/06 08:55,18.8
09/16/06 09:00,19.3
09/16/06 09:05,19.6
09/16/06 09:10,20.1
09/16/06 09:15,20.5
09/16/06 09:20,20.8
09/16/06 09:25,21.0
09/16/06 09:30,21.2
09/16/06 09:35,21.3
09/16/06 09:40,21.5
09/16/06 09:45,21.8
09/16/06 09:50,22.0
09/16/06 09:55,22.1
09/16/06 10:00,22.3
09/16/06 10:05,22.3
09/16/06 10:10,22.5
09/16/06 10:15,22.7
09/16/06 10:20,22.9
09/16/06 10:25,23.2
09/16/06 10:30,23.4
09/16/06 10:35,23.5
09/16/06 10:40,23.7
09/16/06 10:45,23.7
09/16/06 10:50,23.7
09/16/06 10:55,23.7
09/16/06 11:00,23.5
09/16/06 11:05,23.5
09/16/06 11:10,23.4
09/16/06 11:15,23.7
09/16/06 11:20,24.1
09/16/06 11:25,24.5
09/16/06 11:30,24.8
09/16/06 11:35,25.1
09/16/06 11:40,25.3
09/16/06 11:45,25.6
09/16/06 11:50,26.0
09/16/06 11:55,26.2
09/16/06 12:00,26.3
09/16/06 12:05,26.2
09/16/06 12:10,26.1
09/16/06 12:15,25.7
09/16/06 12:20,25.1
09/16/06 12:25,24.7
09/16/06 12:30,24.4
09/16/06 12:35,24.1
09/16/06 12:40,23.9
09/16/06 12:45,23.6
09/16/06 12:50,23.3
09/16/06 12:55,23.0
09/16/06 13:00,22.9
09/16/06 13:05,22.8
09/16/06 13:10,22.8
09/16/06 13:15,22.7
09/16/06 13:20,22.7
09/16/06 13:25,22.6
09/16/06 13:30,22.5
09/16/06 13:35,22.4
09/16/06 13:40,22.2
09/16/06 13:45,22.0
09/16/06 13:50,21.7
09/16/06 13:55,21.4
09/16/06 14:00,21.1
09/16/06 14:05,20.7
09/16/06 14:10,20.3
09/16/06 14:15,19.9
09/16/06 14:20,19.7
09/16/06 14:25,19.5
09/16/06 14:30,19.2
09/16/06 14:35,19.0
09/16/06 14:40,18.6
09/16/06 14:45,18.4
09/16/06 14:50,18.1
09/16/06 14:55,17.6
09/16/06 15:00,17.1
09/16/06 15:05,16.4
09/16/06 15:10,15.7
09/16/06 15:15,15.1
09/16/06 15:20,14.5
09/16/06 15:25,13.9
09/16/06 15:30,12.9
09/16/06 15:35,11.9
09/16/06 15:40,11.1
09/16/06 15:45,10.5
09/16/06 15:50,9.5
09/16/06 15:55,8.2
09/16/06 16:00,7.4
09/16/06 16:05,6.6
09/16/06 16:10,5.5
09/16/06 16:15,5.5
09/16/06 16:20,5.9
09/16/06 16:25,5.8
09/16/06 16:30,5.5
09/16/06 16:35,5.1
09/16/06 16:40,4.7
09/16/06 16:45,4.2
09/16/06 16:50,3.8
09/16/06 16:55,3.2
09/16/06 17:00,2.0
09/16/06 17:05,1.2
09/16/06 17:10,0.6
09/16/06 17:15,0.3
09/16/06 17:20,0.1
09/16/06 17:25,0.0
09/16/06 17:30,0.0
09/16/06 17:35,0.0
09/16/06 17:40,0.0
09/16/06 17:45,0.0
09/16/06 17:50,0.0
09/16/06 17:55,0.0
09/16/06 18:00,0.0
09/16/06 18:05,0.0
09/16/06 18:10,0.0
09/16/06 18:15,0.0
09/16/06 18:20,0.0
09/16/06 18:25,0.0
09/16/06 18:30,0.0
09/16/06 18:35,0.0
09/16/06 18:40,0.0
09/16/06 18:45,0.0
09/16/06 18:50,0.0
09/16/06 18:55,0.0
09/16/06 19:00,0.0
09/16/06 19:05,0.0
09/16/06 19:10,0.0
09/16/06 19:15,0.0
09/16/06 19:20,0.0
09/16/06 19:25,0.0
09/16/06 19:30,0.0
09/16/06 19:35,0.0
09/16/06 19:40,0.0
09/16/06 19:45,0.0
09/16/06 19:50,0.0
09/16/06 19:55,0.0
09/16/06 20:00,0.0
09/16/06 20:05,0.0
09/16/06 20:10,0.0
09/16/06 20:15,0.0
09/16/06 20:20,0.0
09/16/06 20:25,0.0
09/16/06 20:30,0.0
09/16/06 20:35,0.0
09/16/06 20:40,0.0
09/16/06 20:45,0.0
09/16/06 20:50,0.0
09/16/06 20:55,0.0
09/16/06 21:00,0.0
09/16/06 21:05,0.0
09/16/06 21:10,0.0
09/16/06 21:15,0.0
09/16/06 21:20,0.0
09/16/06 21:25,0.0
09/16/06 21:30,0.0
09/16/06 21:35,0.0
09/16/06 21:40,0.0
09/16/06 21:45,0.0
09/16/06 21:50,0.0
09/16/06 21:55,0.0
09/16/06 22:00,0.0
09/16/06 22:05,0.0
09/16/06 22:10,0.0
09/16/06 22:15,0.0
09/16/06 22:20,0.0
09/16/06 22:25,0.0
09/16/06 22:30,0.0
09/16/06 22:35,0.0
09/16/06 22:40,0.0
09/16/06 22:45,0.0
09/16/06 22:50,0.0
09/16/06 22:55,0.0
09/16/06 23:00,0.0
09/16/06 23:05,0.0
09/16/06 23:10,0.0
09/16/06 23:15,0.0
09/16/06 23:20,0.0
09/16/06 23:25,0.0
09/16/06 23:30,0.0
09/16/06 23:35,0.0
09/16/06 23:40,0.0
09/16/06 23:45,0.0
09/16/06 23:50,0.0
09/16/06 23:55,0.0
09/17/06 00:00,0.0
09/17/06 00:05,0.0
09/17/06 00:10,0.0
09/17/06 00:15,0.0
09/17/06 00:20,0.0
09/17/06 00:25,0.0
09/17/06 00:30,0.0
09/17/06 00:35,0.0
09/17/06 00:40,0.0
09/17/06 00:45,0.0
09/17/06 00:50,0.0
09/17/06 00:55,0.0
09/17/06 01:00,0.0
09/17/06 01:05,0.0
09/17/06 01:10,0.0
09/17/06 01:15,0.0
09/17/06 01:20,0.0
09/17/06 01:25,0.0
09/17/06 01:30,0.0
09/17/06 01:35,0.0
09/17/06 01:40,0.0
09/17/06 01:45,0.0
09/17/06 01:50,0.0
09/17/06 01:55,0.0
09/17/06 02:00,0.0
09/17/06 02:05,0.0
09/17/06 02:10,0.0
09/17/06 02:15,0.0
09/17/06 02:20,0.0
09/17/06 02:25,0.0
09/17/06 02:30,0.0
09/17/06 02:35,0.0
09/17/06 02:40,0.0
09/17/06 02:45,0.0
09/17/06 02:50,0.0
09/17/06 02:55,0.0
09/17/06 03:00,0.0
09/17/06 03:05,0.0
09/17/06 03:10,0.0
09/17/06 03:15,0.0
09/17/06 03:20,0.0
09/17/06 03:25,0.0
09/17/06 03:30,0.0
09/17/06 03:35,0.0
09/17/06 03:40,0.0
09/17/06 03:45,0.0
09/17/06 03:50,0.0
09/17/06 03:55,0.0
09/17/06 04:00,0.0
09/17/06 04:05,0.0
09/17/06 04:10,0.0
09/17/06 04:15,0.0
09/17/06 04:20,0.0
09/17/06 04:25,0.0
09/17/06 04:30,0.0
09/17/06 04:35,0.0
09/17/06 04:40,0.0
09/17/06 04:45,0.0
09/17/06 04:50,0.0
09/17/06 04:55,0.0
09/17/06 05:00,0.0
09/17/06 05:05,0.0
09/17/06 05:10,0.0
09/17/06 05:15,0.0
09/17/06 05:20,0.0
09/17/06 05:25,0.0
09/17/06 05:30,0.0
09/17/06 05:35,0.0
09/17/06 05:40,0.0
09/17/06 05:45,0.0
09/17/06 05:50,0.0
09/17/06 05:55,0.0
09/17/06 06:00,0.0
09/17/06 06:05,0.0
09/17/06 06:10,0.0
09/17/06 06:15,0.1
09/17/06 06:20,0.2
09/17/06 06:25,0.3
09/17/06 06:30,0.7
09/17/06 06:35,1.2
09/17/06 06:40,1.5
09/17/06 06:45,2.2
09/17/06 06:50,3.5
09/17/06 06:55,3.8
09/17/06 07:00,4.2
09/17/06 07:05,5.0
09/17/06 07:10,5.5
09/17/06 07:15,6.4
09/17/06 07:20,7.5
09/17/06 07:25,8.4
09/17/06 07:30,9.1
09/17/06 07:35,9.6
09/17/06 07:40,10.3
09/17/06 07:45,10.9
09/17/06 07:50,11.6
09/17/06 07:55,12.2
09/17/06 08:00,12.6
09/17/06 08:05,11.9
09/17/06 08:10,11.7
09/17/06 08:15,12.9
09/17/06 08:20,14.1
09/17/06 08:25,14.9
09/17/06 08:30,15.7
09/17/06 08:35,16.4
09/17/06 08:40,17.2
09/17/06 08:45,17.8
09/17/06 08:50,18.1
09/17/06 08:55,16.5
09/17/06 09:00,15.4
09/17/06 09:05,14.6
09/17/06 09:10,14.3
09/17/06 09:15,15.9
09/17/06 09:20,17.8
09/17/06 09:25,19.0
09/17/06 09:30,19.3
09/17/06 09:35,19.8
09/17/06 09:40,20.2
09/17/06 09:45,20.6
09/17/06 09:50,21.0
09/17/06 09:55,21.4
09/17/06 10:00,21.9
09/17/06 10:05,22.4
09/17/06 10:10,22.5
09/17/06 10:15,21.8
09/17/06 10:20,21.4
09/17/06 10:25,20.5
09/17/06 10:30,19.3
09/17/06 10:35,19.5
09/17/06 10:40,20.2
09/17/06 10:45,17.5
09/17/06 10:50,16.9
09/17/06 10:55,17.4
09/17/06 11:00,18.2
09/17/06 11:05,20.0
09/17/06 11:10,21.0
09/17/06 11:15,21.9
09/17/06 11:20,21.8
09/17/06 11:25,23.0
09/17/06 11:30,22.7
09/17/06 11:35,20.0
09/17/06 11:40,16.3
09/17/06 11:45,13.0
09/17/06 11:50,14.7
09/17/06 11:55,17.3
09/17/06 12:00,17.9
09/17/06 12:05,19.5
09/17/06 12:10,17.5
09/17/06 12:15,18.6
09/17/06 12:20,17.0
09/17/06 12:25,12.5
09/17/06 12:30,9.1
09/17/06 12:35,13.0
09/17/06 12:40,14.8
09/17/06 12:45,17.9
09/17/06 12:50,20.0
09/17/06 12:55,21.3
09/17/06 13:00,21.0
09/17/06 13:05,18.2
09/17/06 13:10,17.8
09/17/06 13:15,18.5
09/17/06 13:20,16.8
09/17/06 13:25,16.6
09/17/06 13:30,15.0
09/17/06 13:35,15.4
09/17/06 13:40,19.0
09/17/06 13:45,20.9
09/17/06 13:50,21.6
09/17/06 13:55,21.3
09/17/06 14:00,19.9
09/17/06 14:05,18.7
09/17/06 14:10,17.8
09/17/06 14:15,17.4
09/17/06 14:20,16.3
09/17/06 14:25,15.0
09/17/06 14:30,13.8
09/17/06 14:35,14.3
09/17/06 14:40,14.8
09/17/06 14:45,14.5
09/17/06 14:50,14.1
09/17/06 14:55,11.1
09/17/06 15:00,10.0
09/17/06 15:05,10.5
09/17/06 15:10,10.8
09/17/06 15:15,11.2
09/17/06 15:20,11.2
09/17/06 15:25,10.8
09/17/06 15:30,10.3
09/17/06 15:35,9.6
09/17/06 15:40,8.9
09/17/06 15:45,8.3
09/17/06 15:50,7.6
09/17/06 15:55,6.9
09/17/06 16:00,6.3
09/17/06 16:05,5.7
09/17/06 16:10,5.1
09/17/06 16:15,4.7
09/17/06 16:20,4.2
09/17/06 16:25,3.7
09/17/06 16:30,2.5
09/17/06 16:35,1.4
09/17/06 16:40,0.7
09/17/06 16:45,0.3
09/17/06 16:50,0.1
09/17/06 16:55,0.1
09/17/06 17:00,0.0
09/17/06 17:05,0.0
09/17/06 17:10,0.0
09/17/06 17:15,0.0
09/17/06 17:20,0.0
09/17/06 17:25,0.0
09/17/06 17:30,0.0
09/17/06 17:35,0.0
09/17/06 17:40,0.0
09/17/06 17:45,0.0
09/17/06 17:50,0.0
09/17/06 17:55,0.0
09/17/06 18:00,0.0
09/17/06 18:05,0.0
09/17/06 18:10,0.0
09/17/06 18:15,0.0
09/17/06 18:20,0.0
09/17/06 18:25,0.0
09/17/06 18:30,0.0
09/17/06 18:35,0.0
09/17/06 18:40,0.0
09/17/06 18:45,0.0
09/17/06 18:50,0.0
09/17/06 18:55,0.0
09/17/06 19:00,0.0
09/17/06 19:05,0.0
09/17/06 19:10,0.0
09/17/06 19:15,0.0
09/17/06 19:20,0.0
09/17/06 19:25,0.0
09/17/06 19:30,0.0
09/17/06 19:35,0.0
09/17/06 19:40,0.0
09/17/06 19:45,0.0
09/17/06 19:50,0.0
09/17/06 19:55,0.0
09/17/06 20:00,0.0
09/17/06 20:05,0.0
09/17/06 20:10,0.0
09/17/06 20:15,0.0
09/17/06 20:20,0.0
09/17/06 20:25,0.0
09/17/06 20:30,0.0
09/17/06 20:35,0.0
09/17/06 20:40,0.0
09/17/06 20:45,0.0
09/17/06 20:50,0.0
09/17/06 20:55,0.0
09/17/06 21:00,0.0
09/17/06 21:05,0.0
09/17/06 21:10,0.0
09/17/06 21:15,0.0
09/17/06 21:20,0.0
09/17/06 21:25,0.0
09/17/06 21:30,0.0
09/17/06 21:35,0.0
09/17/06 21:40,0.0
09/17/06 21:45,0.0
09/17/06 21:50,0.0
09/17/06 21:55,0.0
09/17/06 22:00,0.0
09/17/06 22:05,0.0
09/17/06 22:10,0.0
09/17/06 22:15,0.0
09/17/06 22:20,0.0
09/17/06 22:25,0.0
09/17/06 22:30,0.0
09/17/06 22:35,0.0
09/17/06 22:40,0.0
09/17/06 22:45,0.0
09/17/06 22:50,0.0
09/17/06 22:55,0.0
09/17/06 23:00,0.0
09/17/06 23:05,0.0
09/17/06 23:10,0.0
09/17/06 23:15,0.0
09/17/06 23:20,0.0
09/17/06 23:25,0.0
09/17/06 23:30,0.0
09/17/06 23:35,0.0
09/17/06 23:40,0.0
09/17/06 23:45,0.0
09/17/06 23:50,0.0
09/17/06 23:55,0.0
09/18/06 00:00,0.0
09/18/06 00:05,0.0
09/18/06 00:10,0.0
09/18/06 00:15,0.0
09/18/06 00:20,0.0
09/18/06 00:25,0.0
09/18/06 00:30,0.0
09/18/06 00:35,0.0
09/18/06 00:40,0.0
09/18/06 00:45,0.0
09/18/06 00:50,0.0
09/18/06 00:55,0.0
09/18/06 01:00,0.0
09/18/06 01:05,0.0
09/18/06 01:10,0.0
09/18/06 01:15,0.0
09/18/06 01:20,0.0
09/18/06 01:25,0.0
09/18/06 01:30,0.0
09/18/06 01:35,0.0
09/18/06 01:40,0.0
09/18/06 01:45,0.0
09/18/06 01:50,0.0
09/18/06 01:55,0.0
09/18/06 02:00,0.0
09/18/06 02:05,0.0
09/18/06 02:10,0.0
09/18/06 02:15,0.0
09/18/06 02:20,0.0
09/18/06 02:25,0.0
09/18/06 02:30,0.0
09/18/06 02:35,0.0
09/18/06 02:40,0.0
09/18/06 02:45,0.0
09/18/06 02:50,0.0
09/18/06 02:55,0.0
09/18/06 03:00,0.0
09/18/06 03:05,0.0
09/18/06 03:10,0.0
09/18/06 03:15,0.0
09/18/06 03:20,0.0
09/18/06 03:25,0.0
09/18/06 03:30,0.0
09/18/06 03:35,0.0
09/18/06 03:40,0.0
09/18/06 03:45,0.0
09/18/06 03:50,0.0
09/18/06 03:55,0.0
09/18/06 04:00,0.0
09/18/06 04:05,0.0
09/18/06 04:10,0.0
09/18/06 04:15,0.0
09/18/06 04:20,0.0
09/18/06 04:25,0.0
09/18/06 04:30,0.0
09/18/06 04:35,0.0
09/18/06 04:40,0.0
09/18/06 04:45,0.0
09/18/06 04:50,0.0
09/18/06 04:55,0.0
09/18/06 05:00,0.0
09/18/06 05:05,0.0
09/18/06 05:10,0.0
09/18/06 05:15,0.0
09/18/06 05:20,0.0
09/18/06 05:25,0.0
09/18/06 05:30,0.0
09/18/06 05:35,0.0
09/18/06 05:40,0.0
09/18/06 05:45,0.0
09/18/06 05:50,0.0
09/18/06 05:55,0.0
09/18/06 06:00,0.0
09/18/06 06:05,0.0
09/18/06 06:10,0.0
09/18/06 06:15,0.1
09/18/06 06:20,0.3
09/18/06 06:25,0.7
09/18/06 06:30,1.3
09/18/06 06:35,2.5
09/18/06 06:40,3.6
09/18/06 06:45,4.1
09/18/06 06:50,4.7
09/18/06 06:55,5.2
09/18/06 07:00,5.8
09/18/06 07:05,6.4
09/18/06 07:10,7.1
09/18/06 07:15,7.5
09/18/06 07:20,7.6
09/18/06 07:25,8.2
09/18/06 07:30,7.7
09/18/06 07:35,5.3
09/18/06 07:40,3.8
09/18/06 07:45,2.1
09/18/06 07:50,1.1
09/18/06 07:55,0.7
09/18/06 08:00,0.6
09/18/06 08:05,0.8
09/18/06 08:10,1.6
09/18/06 08:15,5.2
09/18/06 08:20,8.3
09/18/06 08:25,10.7
09/18/06 08:30,12.3
09/18/06 08:35,12.5
09/18/06 08:40,9.4
09/18/06 08:45,10.3
09/18/06 08:50,11.8
09/18/06 08:55,10.4
09/18/06 09:00,12.3
09/18/06 09:05,13.3
09/18/06 09:10,14.6
09/18/06 09:15,15.6
09/18/06 09:20,13.8
09/18/06 09:25,11.4
09/18/06 09:30,8.6
09/18/06 09:35,7.2
09/18/06 09:40,9.2
09/18/06 09:45,10.5
09/18/06 09:50,11.2
09/18/06 09:55,10.5
09/18/06 10:00,10.8
09/18/06 10:05,12.9
09/18/06 10:10,16.2
09/18/06 10:15,12.7
09/18/06 10:20,9.0
09/18/06 10:25,6.6
09/18/06 10:30,10.0
09/18/06 10:35,15.6
09/18/06 10:40,18.9
09/18/06 10:45,20.6
09/18/06 10:50,21.8
09/18/06 10:55,22.4
09/18/06 11:00,19.7
09/18/06 11:05,17.1
09/18/06 11:10,15.2
09/18/06 11:15,17.7
09/18/06 11:20,19.5
09/18/06 11:25,19.5
09/18/06 11:30,19.6
09/18/06 11:35,20.7
09/18/06 11:40,22.2
09/18/06 11:45,22.9
09/18/06 11:50,23.1
09/18/06 11:55,22.9
09/18/06 12:00,23.1
09/18/06 12:05,23.5
09/18/06 12:10,23.8
09/18/06 12:15,24.0
09/18/06 12:20,24.3
09/18/06 12:25,24.1
09/18/06 12:30,24.3
09/18/06 12:35,24.3
09/18/06 12:40,24.1
09/18/06 12:45,24.1
09/18/06 12:50,24.1
09/18/06 12:55,24.3
09/18/06 13:00,24.7
09/18/06 13:05,25.4
09/18/06 13:10,26.3
09/18/06 13:15,25.3
09/18/06 13:20,22.5
09/18/06 13:25,20.3
09/18/06 13:30,18.9
09/18/06 13:35,18.6
09/18/06 13:40,17.8
09/18/06 13:45,16.4
09/18/06 13:50,15.9
09/18/06 13:55,15.4
09/18/06 14:00,14.8
09/18/06 14:05,14.9
09/18/06 14:10,14.7
09/18/06 14:15,12.8
09/18/06 14:20,11.4
09/18/06 14:25,10.6
09/18/06 14:30,10.6
09/18/06 14:35,9.4
09/18/06 14:40,10.3
09/18/06 14:45,11.9
09/18/06 14:50,10.7
09/18/06 14:55,8.7
09/18/06 15:00,7.8
09/18/06 15:05,7.2
09/18/06 15:10,5.1
09/18/06 15:15,4.8
09/18/06 15:20,5.1
09/18/06 15:25,5.1
09/18/06 15:30,5.0
09/18/06 15:35,4.7
09/18/06 15:40,4.3
09/18/06 15:45,3.8
09/18/06 15:50,2.7
09/18/06 15:55,1.5
09/18/06 16:00,0.7
09/18/06 16:05,0.3
09/18/06 16:10,0.2
09/18/06 16:15,0.1
09/18/06 16:20,0.1
09/18/06 16:25,0.1
09/18/06 16:30,0.0
09/18/06 16:35,0.0
09/18/06 16:40,0.0
09/18/06 16:45,0.0
09/18/06 16:50,0.0
09/18/06 16:55,0.0
09/18/06 17:00,0.0
09/18/06 17:05,0.0
09/18/06 17:10,0.0
09/18/06 17:15,0.0
09/18/06 17:20,0.0
09/18/06 17:25,0.0
09/18/06 17:30,0.0
09/18/06 17:35,0.0
09/18/06 17:40,0.0
09/18/06 17:45,0.0
09/18/06 17:50,0.0
09/18/06 17:55,0.0
09/18/06 18:00,0.0
09/18/06 18:05,0.0
09/18/06 18:10,0.0
09/18/06 18:15,0.0
09/18/06 18:20,0.0
09/18/06 18:25,0.0
09/18/06 18:30,0.0
09/18/06 18:35,0.0
09/18/06 18:40,0.0
09/18/06 18:45,0.0
09/18/06 18:50,0.0
09/18/06 18:55,0.0
09/18/06 19:00,0.0
09/18/06 19:05,0.0
09/18/06 19:10,0.0
09/18/06 19:15,0.0
09/18/06 19:20,0.0
09/18/06 19:25,0.0
09/18/06 19:30,0.0
09/18/06 19:35,0.0
09/18/06 19:40,0.0
09/18/06 19:45,0.0
09/18/06 19:50,0.0
09/18/06 19:55,0.0
09/18/06 20:00,0.0
09/18/06 20:05,0.0
09/18/06 20:10,0.0
09/18/06 20:15,0.0
09/18/06 20:20,0.0
09/18/06 20:25,0.0
09/18/06 20:30,0.0
09/18/06 20:35,0.0
09/18/06 20:40,0.0
09/18/06 20:45,0.0
09/18/06 20:50,0.0
09/18/06 20:55,0.0
09/18/06 21:00,0.0
09/18/06 21:05,0.0
09/18/06 21:10,0.0
09/18/06 21:15,0.0
09/18/06 21:20,0.0
09/18/06 21:25,0.0
09/18/06 21:30,0.0
09/18/06 21:35,0.0
09/18/06 21:40,0.0
09/18/06 21:45,0.0
09/18/06 21:50,0.0
09/18/06 21:55,0.0
09/18/06 22:00,0.0
09/18/06 22:05,0.0
09/18/06 22:10,0.0
09/18/06 22:15,0.0
09/18/06 22:20,0.0
09/18/06 22:25,0.0
09/18/06 22:30,0.0
09/18/06 22:35,0.0
09/18/06 22:40,0.0
09/18/06 22:45,0.0
09/18/06 22:50,0.0
09/18/06 22:55,0.0
09/18/06 23:00,0.0
09/18/06 23:05,0.0
09/18/06 23:10,0.0
09/18/06 23:15,0.0
09/18/06 23:20,0.0
09/18/06 23:25,0.0
09/18/06 23:30,0.0
09/18/06 23:35,0.0
09/18/06 23:40,0.0
09/18/06 23:45,0.0
09/18/06 23:50,0.0
09/18/06 23:55,0.0
09/19/06 00:00,0.0
09/19/06 00:05,0.0
09/19/06 00:10,0.0
09/19/06 00:15,0.0
09/19/06 00:20,0.0
09/19/06 00:25,0.0
09/19/06 00:30,0.0
09/19/06 00:35,0.0
09/19/06 00:40,0.0
09/19/06 00:45,0.0
09/19/06 00:50,0.0
09/19/06 00:55,0.0
09/19/06 01:00,0.0
09/19/06 01:05,0.0
09/19/06 01:10,0.0
09/19/06 01:15,0.0
09/19/06 01:20,0.0
09/19/06 01:25,0.0
09/19/06 01:30,0.0
09/19/06 01:35,0.0
09/19/06 01:40,0.0
09/19/06 01:45,0.0
09/19/06 01:50,0.0
09/19/06 01:55,0.0
09/19/06 02:00,0.0
09/19/06 02:05,0.0
09/19/06 02:10,0.0
09/19/06 02:15,0.0
09/19/06 02:20,0.0
09/19/06 02:25,0.0
09/19/06 02:30,0.0
09/19/06 02:35,0.0
09/19/06 02:40,0.0
09/19/06 02:45,0.0
09/19/06 02:50,0.0
09/19/06 02:55,0.0
09/19/06 03:00,0.0
09/19/06 03:05,0.0
09/19/06 03:10,0.0
09/19/06 03:15,0.0
09/19/06 03:20,0.0
09/19/06 03:25,0.0
09/19/06 03:30,0.0
09/19/06 03:35,0.0
09/19/06 03:40,0.0
09/19/06 03:45,0.0
09/19/06 03:50,0.0
09/19/06 03:55,0.0
09/19/06 04:00,0.0
09/19/06 04:05,0.0
09/19/06 04:10,0.0
09/19/06 04:15,0.0
09/19/06 04:20,0.0
09/19/06 04:25,0.0
09/19/06 04:30,0.0
09/19/06 04:35,0.0
09/19/06 04:40,0.0
09/19/06 04:45,0.0
09/19/06 04:50,0.0
09/19/06 04:55,0.0
09/19/06 05:00,0.0
09/19/06 05:05,0.0
09/19/06 05:10,0.0
09/19/06 05:15,0.0
09/19/06 05:20,0.0
09/19/06 05:25,0.0
09/19/06 05:30,0.0
09/19/06 05:35,0.0
09/19/06 05:40,0.0
09/19/06 05:45,0.0
09/19/06 05:50,0.0
09/19/06 05:55,0.0
09/19/06 06:00,0.0
09/19/06 06:05,0.0
09/19/06 06:10,0.0
09/19/06 06:15,0.1
09/19/06 06:20,0.2
09/19/06 06:25,0.6
09/19/06 06:30,1.1
09/19/06 06:35,1.9
09/19/06 06:40,3.2
09/19/06 06:45,3.9
09/19/06 06:50,4.5
09/19/06 06:55,5.2
09/19/06 07:00,5.9
09/19/06 07:05,6.6
09/19/06 07:10,7.4
09/19/06 07:15,8.1
09/19/06 07:20,8.5
09/19/06 07:25,8.9
09/19/06 07:30,9.5
09/19/06 07:35,10.2
09/19/06 07:40,10.4
09/19/06 07:45,10.8
09/19/06 07:50,10.9
09/19/06 07:55,11.4
09/19/06 08:00,12.3
09/19/06 08:05,12.2
09/19/06 08:10,12.0
09/19/06 08:15,12.4
09/19/06 08:20,12.6
09/19/06 08:25,12.9
09/19/06 08:30,13.6
09/19/06 08:35,13.7
09/19/06 08:40,14.1
09/19/06 08:45,14.5
09/19/06 08:50,15.7
09/19/06 08:55,15.2
09/19/06 09:00,13.2
09/19/06 09:05,13.4
09/19/06 09:10,13.9
09/19/06 09:15,14.5
09/19/06 09:20,16.5
09/19/06 09:25,18.0
09/19/06 09:30,19.4
09/19/06 09:35,20.3
09/19/06 09:40,20.5
09/19/06 09:45,20.5
09/19/06 09:50,20.4
09/19/06 09:55,20.3
09/19/06 10:00,20.3
09/19/06 10:05,20.6
09/19/06 10:10,21.4
09/19/06 10:15,21.4
09/19/06 10:20,20.0
09/19/06 10:25,18.8
09/19/06 10:30,17.9
09/19/06 10:35,17.4
09/19/06 10:40,16.9
09/19/06 10:45,16.3
09/19/06 10:50,15.2
09/19/06 10:55,14.4
09/19/06 11:00,13.9
09/19/06 11:05,13.1
09/19/06 11:10,11.8
09/19/06 11:15,10.7
09/19/06 11:20,9.8
09/19/06 11:25,9.3
09/19/06 11:30,9.0
09/19/06 11:35,9.8
09/19/06 11:40,11.2
09/19/06 11:45,12.9
09/19/06 11:50,14.0
09/19/06 11:55,14.7
09/19/06 12:00,15.4
09/19/06 12:05,16.1
09/19/06 12:10,15.8
09/19/06 12:15,16.0
09/19/06 12:20,15.8
09/19/06 12:25,13.3
09/19/06 12:30,14.8
09/19/06 12:35,16.9
09/19/06 12:40,17.0
09/19/06 12:45,17.2
09/19/06 12:50,19.5
09/19/06 12:55,19.9
09/19/06 13:00,21.0
09/19/06 13:05,21.8
09/19/06 13:10,21.0
09/19/06 13:15,19.0
09/19/06 13:20,16.2
09/19/06 13:25,17.6
09/19/06 13:30,18.7
09/19/06 13:35,17.3
09/19/06 13:40,18.0
09/19/06 13:45,17.1
09/19/06 13:50,11.5
09/19/06 13:55,7.3
09/19/06 14:00,10.6
09/19/06 14:05,13.4
09/19/06 14:10,14.4
09/19/06 14:15,16.2
09/19/06 14:20,17.4
09/19/06 14:25,18.0
09/19/06 14:30,18.3
09/19/06 14:35,18.0
09/19/06 14:40,17.7
09/19/06 14:45,17.5
09/19/06 14:50,16.7
09/19/06 14:55,14.3
09/19/06 15:00,14.1
09/19/06 15:05,14.3
09/19/06 15:10,14.3
09/19/06 15:15,14.1
09/19/06 15:20,13.9
09/19/06 15:25,13.6
09/19/06 15:30,13.1
09/19/06 15:35,12.5
09/19/06 15:40,12.0
09/19/06 15:45,11.5
09/19/06 15:50,10.9
09/19/06 15:55,10.3
09/19/06 16:00,9.6
09/19/06 16:05,8.8
09/19/06 16:10,6.3
09/19/06 16:15,5.8
09/19/06 16:20,6.0
09/19/06 16:25,5.8
09/19/06 16:30,5.5
09/19/06 16:35,5.1
09/19/06 16:40,4.6
09/19/06 16:45,4.1
09/19/06 16:50,3.6
09/19/06 16:55,2.3
09/19/06 17:00,1.3
09/19/06 17:05,0.7
09/19/06 17:10,0.3
09/19/06 17:15,0.2
09/19/06 17:20,0.1
09/19/06 17:25,0.0
09/19/06 17:30,0.0
09/19/06 17:35,0.0
09/19/06 17:40,0.0
09/19/06 17:45,0.0
09/19/06 17:50,0.0
09/19/06 17:55,0.0
09/19/06 18:00,0.0
09/19/06 18:05,0.0
09/19/06 18:10,0.0
09/19/06 18:15,0.0
09/19/06 18:20,0.0
09/19/06 18:25,0.0
09/19/06 18:30,0.0
09/19/06 18:35,0.0
09/19/06 18:40,0.0
09/19/06 18:45,0.0
09/19/06 18:50,0.0
09/19/06 18:55,0.0
09/19/06 19:00,0.0
09/19/06 19:05,0.0
09/19/06 19:10,0.0
09/19/06 19:15,0.0
09/19/06 19:20,0.0
09/19/06 19:25,0.0
09/19/06 19:30,0.0
09/19/06 19:35,0.0
09/19/06 19:40,0.0
09/19/06 19:45,0.0
09/19/06 19:50,0.0
09/19/06 19:55,0.0
09/19/06 20:00,0.0
09/19/06 20:05,0.0
09/19/06 20:10,0.0
09/19/06 20:15,0.0
09/19/06 20:20,0.0
09/19/06 20:25,0.0
09/19/06 20:30,0.0
09/19/06 20:35,0.0
09/19/06 20:40,0.0
09/19/06 20:45,0.0
09/19/06 20:50,0.0
09/19/06 20:55,0.0
09/19/06 21:00,0.0
09/19/06 21:05,0.0
09/19/06 21:10,0.0
09/19/06 21:15,0.0
09/19/06 21:20,0.0
09/19/06 21:25,0.0
09/19/06 21:30,0.0
09/19/06 21:35,0.0
09/19/06 21:40,0.0
09/19/06 21:45,0.0
09/19/06 21:50,0.0
09/19/06 21:55,0.0
09/19/06 22:00,0.0
09/19/06 22:05,0.0
09/19/06 22:10,0.0
09/19/06 22:15,0.0
09/19/06 22:20,0.0
09/19/06 22:25,0.0
09/19/06 22:30,0.0
09/19/06 22:35,0.0
09/19/06 22:40,0.0
09/19/06 22:45,0.0
09/19/06 22:50,0.0
09/19/06 22:55,0.0
09/19/06 23:00,0.0
09/19/06 23:05,0.0
09/19/06 23:10,0.0
09/19/06 23:15,0.0
09/19/06 23:20,0.0
09/19/06 23:25,0.0
09/19/06 23:30,0.0
09/19/06 23:35,0.0
09/19/06 23:40,0.0
09/19/06 23:45,0.0
09/19/06 23:50,0.0
09/19/06 23:55,0.0
09/20/06 00:00,0.0
09/20/06 00:05,0.0
09/20/06 00:10,0.0
09/20/06 00:15,0.0
09/20/06 00:20,0.0
09/20/06 00:25,0.0
09/20/06 00:30,0.0
09/20/06 00:35,0.0
09/20/06 00:40,0.0
09/20/06 00:45,0.0
09/20/06 00:50,0.0
09/20/06 00:55,0.0
09/20/06 01:00,0.0
09/20/06 01:05,0.0
09/20/06 01:10,0.0
09/20/06 01:15,0.0
09/20/06 01:20,0.0
09/20/06 01:25,0.0
09/20/06 01:30,0.0
09/20/06 01:35,0.0
09/20/06 01:40,0.0
09/20/06 01:45,0.0
09/20/06 01:50,0.0
09/20/06 01:55,0.0
09/20/06 02:00,0.0
09/20/06 02:05,0.0
09/20/06 02:10,0.0
09/20/06 02:15,0.0
09/20/06 02:20,0.0
09/20/06 02:25,0.0
09/20/06 02:30,0.0
09/20/06 02:35,0.0
09/20/06 02:40,0.0
09/20/06 02:45,0.0
09/20/06 02:50,0.0
09/20/06 02:55,0.0
09/20/06 03:00,0.0
09/20/06 03:05,0.0
09/20/06 03:10,0.0
09/20/06 03:15,0.0
09/20/06 03:20,0.0
09/20/06 03:25,0.0
09/20/06 03:30,0.0
09/20/06 03:35,0.0
09/20/06 03:40,0.0
09/20/06 03:45,0.0
09/20/06 03:50,0.0
09/20/06 03:55,0.0
09/20/06 04:00,0.0
09/20/06 04:05,0.0
09/20/06 04:10,0.0
09/20/06 04:15,0.0
09/20/06 04:20,0.0
09/20/06 04:25,0.0
09/20/06 04:30,0.0
09/20/06 04:35,0.0
09/20/06 04:40,0.0
09/20/06 04:45,0.0
09/20/06 04:50,0.0
09/20/06 04:55,0.0
09/20/06 05:00,0.0
09/20/06 05:05,0.0
09/20/06 05:10,0.0
09/20/06 05:15,0.0
09/20/06 05:20,0.0
09/20/06 05:25,0.0
09/20/06 05:30,0.0
09/20/06 05:35,0.0
09/20/06 05:40,0.0
09/20/06 05:45,0.0
09/20/06 05:50,0.0
09/20/06 05:55,0.0
09/20/06 06:00,0.0
09/20/06 06:05,0.0
09/20/06 06:10,0.1
09/20/06 06:15,0.2
09/20/06 06:20,0.4
09/20/06 06:25,0.9
09/20/06 06:30,1.6
09/20/06 06:35,2.8
09/20/06 06:40,3.8
09/20/06 06:45,4.3
09/20/06 06:50,4.8
09/20/06 06:55,5.5
09/20/06 07:00,6.2
09/20/06 07:05,6.9
09/20/06 07:10,7.6
09/20/06 07:15,8.3
09/20/06 07:20,9.0
09/20/06 07:25,9.6
09/20/06 07:30,10.1
09/20/06 07:35,10.5
09/20/06 07:40,10.7
09/20/06 07:45,10.9
09/20/06 07:50,11.2
09/20/06 07:55,12.1
09/20/06 08:00,13.1
09/20/06 08:05,14.4
09/20/06 08:10,15.8
09/20/06 08:15,16.3
09/20/06 08:20,16.5
09/20/06 08:25,16.8
09/20/06 08:30,17.3
09/20/06 08:35,17.9
09/20/06 08:40,18.2
09/20/06 08:45,18.6
09/20/06 08:50,19.0
09/20/06 08:55,19.5
09/20/06 09:00,19.9
09/20/06 09:05,20.4
09/20/06 09:10,20.8
09/20/06 09:15,21.2
09/20/06 09:20,21.7
09/20/06 09:25,22.2
09/20/06 09:30,22.8
09/20/06 09:35,23.3
09/20/06 09:40,23.8
09/20/06 09:45,24.3
09/20/06 09:50,24.7
09/20/06 09:55,25.1
09/20/06 10:00,25.5
09/20/06 10:05,25.7
09/20/06 10:10,25.9
09/20/06 10:15,25.8
09/20/06 10:20,25.4
09/20/06 10:25,25.1
09/20/06 10:30,25.0
09/20/06 10:35,25.0
09/20/06 10:40,24.9
09/20/06 10:45,24.6
09/20/06 10:50,24.5
09/20/06 10:55,24.6
09/20/06 11:00,24.5
09/20/06 11:05,24.5
09/20/06 11:10,24.3
09/20/06 11:15,24.4
09/20/06 11:20,24.5
09/20/06 11:25,24.7
09/20/06 11:30,24.8
09/20/06 11:35,24.9
09/20/06 11:40,24.8
09/20/06 11:45,24.8
09/20/06 11:50,24.8
09/20/06 11:55,24.9
09/20/06 12:00,24.9
09/20/06 12:05,25.1
09/20/06 12:10,25.3
09/20/06 12:15,25.4
09/20/06 12:20,25.6
09/20/06 12:25,25.6
09/20/06 12:30,25.6
09/20/06 12:35,25.5
09/20/06 12:40,25.4
09/20/06 12:45,25.1
09/20/06 12:50,25.0
09/20/06 12:55,24.9
09/20/06 13:00,24.8
09/20/06 13:05,24.7
09/20/06 13:10,24.7
09/20/06 13:15,24.4
09/20/06 13:20,24.0
09/20/06 13:25,23.6
09/20/06 13:30,23.3
09/20/06 13:35,23.0
09/20/06 13:40,22.7
09/20/06 13:45,22.3
09/20/06 13:50,21.9
09/20/06 13:55,21.5
09/20/06 14:00,21.0
09/20/06 14:05,20.5
09/20/06 14:10,19.9
09/20/06 14:15,19.7
09/20/06 14:20,19.8
09/20/06 14:25,19.4
09/20/06 14:30,18.8
09/20/06 14:35,18.0
09/20/06 14:40,17.5
09/20/06 14:45,17.1
09/20/06 14:50,16.7
09/20/06 14:55,16.4
09/20/06 15:00,15.8
09/20/06 15:05,15.4
09/20/06 15:10,14.9
09/20/06 15:15,14.5
09/20/06 15:20,14.1
09/20/06 15:25,13.6
09/20/06 15:30,13.0
09/20/06 15:35,12.5
09/20/06 15:40,12.0
09/20/06 15:45,11.5
09/20/06 15:50,10.9
09/20/06 15:55,10.3
09/20/06 16:00,9.8
09/20/06 16:05,9.3
09/20/06 16:10,8.8
09/20/06 16:15,8.0
09/20/06 16:20,7.2
09/20/06 16:25,6.4
09/20/06 16:30,5.8
09/20/06 16:35,5.2
09/20/06 16:40,4.6
09/20/06 16:45,4.1
09/20/06 16:50,3.6
09/20/06 16:55,2.2
09/20/06 17:00,1.2
09/20/06 17:05,0.6
09/20/06 17:10,0.3
09/20/06 17:15,0.1
09/20/06 17:20,0.0
09/20/06 17:25,0.0
09/20/06 17:30,0.0
09/20/06 17:35,0.0
09/20/06 17:40,0.0
09/20/06 17:45,0.0
09/20/06 17:50,0.0
09/20/06 17:55,0.0
09/20/06 18:00,0.0
09/20/06 18:05,0.0
09/20/06 18:10,0.0
09/20/06 18:15,0.0
09/20/06 18:20,0.0
09/20/06 18:25,0.0
09/20/06 18:30,0.0
09/20/06 18:35,0.0
09/20/06 18:40,0.0
09/20/06 18:45,0.0
09/20/06 18:50,0.0
09/20/06 18:55,0.0
09/20/06 19:00,0.0
09/20/06 19:05,0.0
09/20/06 19:10,0.0
09/20/06 19:15,0.0
09/20/06 19:20,0.0
09/20/06 19:25,0.0
09/20/06 19:30,0.0
09/20/06 19:35,0.0
09/20/06 19:40,0.0
09/20/06 19:45,0.0
09/20/06 19:50,0.0
09/20/06 19:55,0.0
09/20/06 20:00,0.0
09/20/06 20:05,0.0
09/20/06 20:10,0.0
09/20/06 20:15,0.0
09/20/06 20:20,0.0
09/20/06 20:25,0.0
09/20/06 20:30,0.0
09/20/06 20:35,0.0
09/20/06 20:40,0.0
09/20/06 20:45,0.0
09/20/06 20:50,0.0
09/20/06 20:55,0.0
09/20/06 21:00,0.0
09/20/06 21:05,0.0
09/20/06 21:10,0.0
09/20/06 21:15,0.0
09/20/06 21:20,0.0
09/20/06 21:25,0.0
09/20/06 21:30,0.0
09/20/06 21:35,0.0
09/20/06 21:40,0.0
09/20/06 21:45,0.0
09/20/06 21:50,0.0
09/20/06 21:55,0.0
09/20/06 22:00,0.0
09/20/06 22:05,0.0
09/20/06 22:10,0.0
09/20/06 22:15,0.0
09/20/06 22:20,0.0
09/20/06 22:25,0.0
09/20/06 22:30,0.0
09/20/06 22:35,0.0
09/20/06 22:40,0.0
09/20/06 22:45,0.0
09/20/06 22:50,0.0
09/20/06 22:55,0.0
09/20/06 23:00,0.0
09/20/06 23:05,0.0
09/20/06 23:10,0.0
09/20/06 23:15,0.0
09/20/06 23:20,0.0
09/20/06 23:25,0.0
09/20/06 23:30,0.0
09/20/06 23:35,0.0
09/20/06 23:40,0.0
09/20/06 23:45,0.0
09/20/06 23:50,0.0
09/20/06 23:55,0.0
09/21/06 00:00,0.0
09/21/06 00:05,0.0
09/21/06 00:10,0.0
09/21/06 00:15,0.0
09/21/06 00:20,0.0
09/21/06 00:25,0.0
09/21/06 00:30,0.0
09/21/06 00:35,0.0
09/21/06 00:40,0.0
09/21/06 00:45,0.0
09/21/06 00:50,0.0
09/21/06 00:55,0.0
09/21/06 01:00,0.0
09/21/06 01:05,0.0
09/21/06 01:10,0.0
09/21/06 01:15,0.0
09/21/06 01:20,0.0
09/21/06 01:25,0.0
09/21/06 01:30,0.0
09/21/06 01:35,0.0
09/21/06 01:40,0.0
09/21/06 01:45,0.0
09/21/06 01:50,0.0
09/21/06 01:55,0.0
09/21/06 02:00,0.0
09/21/06 02:05,0.0
09/21/06 02:10,0.0
09/21/06 02:15,0.0
09/21/06 02:20,0.0
09/21/06 02:25,0.0
09/21/06 02:30,0.0
09/21/06 02:35,0.0
09/21/06 02:40,0.0
09/21/06 02:45,0.0
09/21/06 02:50,0.0
09/21/06 02:55,0.0
09/21/06 03:00,0.0
09/21/06 03:05,0.0
09/21/06 03:10,0.0
09/21/06 03:15,0.0
09/21/06 03:20,0.0
09/21/06 03:25,0.0
09/21/06 03:30,0.0
09/21/06 03:35,0.0
09/21/06 03:40,0.0
09/21/06 03:45,0.0
09/21/06 03:50,0.0
09/21/06 03:55,0.0
09/21/06 04:00,0.0
09/21/06 04:05,0.0
09/21/06 04:10,0.0
09/21/06 04:15,0.0
09/21/06 04:20,0.0
09/21/06 04:25,0.0
09/21/06 04:30,0.0
09/21/06 04:35,0.0
09/21/06 04:40,0.0
09/21/06 04:45,0.0
09/21/06 04:50,0.0
09/21/06 04:55,0.0
09/21/06 05:00,0.0
09/21/06 05:05,0.0
09/21/06 05:10,0.0
09/21/06 05:15,0.0
09/21/06 05:20,0.0
09/21/06 05:25,0.0
09/21/06 05:30,0.0
09/21/06 05:35,0.0
09/21/06 05:40,0.0
09/21/06 05:45,0.0
09/21/06 05:50,0.0
09/21/06 05:55,0.0
09/21/06 06:00,0.0
09/21/06 06:05,0.0
09/21/06 06:10,0.0
09/21/06 06:15,0.1
09/21/06 06:20,0.2
09/21/06 06:25,0.6
09/21/06 06:30,1.2
09/21/06 06:35,2.3
09/21/06 06:40,3.7
09/21/06 06:45,4.2
09/21/06 06:50,4.7
09/21/06 06:55,5.2
09/21/06 07:00,5.8
09/21/06 07:05,6.3
09/21/06 07:10,6.9
09/21/06 07:15,7.4
09/21/06 07:20,8.1
09/21/06 07:25,8.8
09/21/06 07:30,9.5
09/21/06 07:35,10.3
09/21/06 07:40,11.1
09/21/06 07:45,11.8
09/21/06 07:50,12.5
09/21/06 07:55,13.2
09/21/06 08:00,13.7
09/21/06 08:05,14.2
09/21/06 08:10,14.7
09/21/06 08:15,15.3
09/21/06 08:20,16.1
09/21/06 08:25,16.6
09/21/06 08:30,17.1
09/21/06 08:35,17.9
09/21/06 08:40,18.6
09/21/06 08:45,19.2
09/21/06 08:50,19.7
09/21/06 08:55,20.1
09/21/06 09:00,20.6
09/21/06 09:05,21.2
09/21/06 09:10,21.6
09/21/06 09:15,21.8
09/21/06 09:20,21.8
09/21/06 09:25,21.7
09/21/06 09:30,21.8
09/21/06 09:35,22.0
09/21/06 09:40,22.2
09/21/06 09:45,22.5
09/21/06 09:50,22.8
09/21/06 09:55,22.9
09/21/06 10:00,23.2
09/21/06 10:05,23.4
09/21/06 10:10,23.6
09/21/06 10:15,23.8
09/21/06 10:20,24.3
09/21/06 10:25,24.7
09/21/06 10:30,25.0
09/21/06 10:35,25.2
09/21/06 10:40,25.4
09/21/06 10:45,25.4
09/21/06 10:50,25.3
09/21/06 10:55,25.4
09/21/06 11:00,25.6
09/21/06 11:05,25.6
09/21/06 11:10,25.5
09/21/06 11:15,25.6
09/21/06 11:20,25.8
09/21/06 11:25,26.0
09/21/06 11:30,26.2
09/21/06 11:35,26.2
09/21/06 11:40,26.3
09/21/06 11:45,26.4
09/21/06 11:50,26.5
09/21/06 11:55,26.6
09/21/06 12:00,26.6
09/21/06 12:05,26.6
09/21/06 12:10,26.5
09/21/06 12:15,26.3
09/21/06 12:20,26.2
09/21/06 12:25,26.1
09/21/06 12:30,26.0
09/21/06 12:35,25.8
09/21/06 12:40,25.5
09/21/06 12:45,25.3
09/21/06 12:50,25.1
09/21/06 12:55,25.0
09/21/06 13:00,25.0
09/21/06 13:05,25.0
09/21/06 13:10,25.0
09/21/06 13:15,24.8
09/21/06 13:20,24.2
09/21/06 13:25,23.8
09/21/06 13:30,23.5
09/21/06 13:35,23.3
09/21/06 13:40,22.9
09/21/06 13:45,22.6
09/21/06 13:50,22.4
09/21/06 13:55,22.1
09/21/06 14:00,21.7
09/21/06 14:05,21.4
09/21/06 14:10,21.1
09/21/06 14:15,20.7
09/21/06 14:20,20.3
09/21/06 14:25,20.1
09/21/06 14:30,19.6
09/21/06 14:35,19.0
09/21/06 14:40,18.3
09/21/06 14:45,17.4
09/21/06 14:50,16.7
09/21/06 14:55,16.4
09/21/06 15:00,16.1
09/21/06 15:05,15.8
09/21/06 15:10,15.3
09/21/06 15:15,14.7
09/21/06 15:20,14.1
09/21/06 15:25,13.4
09/21/06 15:30,12.6
09/21/06 15:35,11.9
09/21/06 15:40,11.2
09/21/06 15:45,10.4
09/21/06 15:50,9.8
09/21/06 15:55,9.1
09/21/06 16:00,8.5
09/21/06 16:05,7.7
09/21/06 16:10,7.0
09/21/06 16:15,6.2
09/21/06 16:20,5.4
09/21/06 16:25,4.7
09/21/06 16:30,4.1
09/21/06 16:35,3.5
09/21/06 16:40,1.8
09/21/06 16:45,1.0
09/21/06 16:50,0.5
09/21/06 16:55,0.2
09/21/06 17:00,0.1
09/21/06 17:05,0.0
09/21/06 17:10,0.0
09/21/06 17:15,0.0
09/21/06 17:20,0.0
09/21/06 17:25,0.0
09/21/06 17:30,0.0
09/21/06 17:35,0.0
09/21/06 17:40,0.0
09/21/06 17:45,0.0
09/21/06 17:50,0.0
09/21/06 17:55,0.0
09/21/06 18:00,0.0
09/21/06 18:05,0.0
09/21/06 18:10,0.0
09/21/06 18:15,0.0
09/21/06 18:20,0.0
09/21/06 18:25,0.0
09/21/06 18:30,0.0
09/21/06 18:35,0.0
09/21/06 18:40,0.0
09/21/06 18:45,0.0
09/21/06 18:50,0.0
09/21/06 18:55,0.0
09/21/06 19:00,0.0
09/21/06 19:05,0.0
09/21/06 19:10,0.0
09/21/06 19:15,0.0
09/21/06 19:20,0.0
09/21/06 19:25,0.0
09/21/06 19:30,0.0
09/21/06 19:35,0.0
09/21/06 19:40,0.0
09/21/06 19:45,0.0
09/21/06 19:50,0.0
09/21/06 19:55,0.0
09/21/06 20:00,0.0
09/21/06 20:05,0.0
09/21/06 20:10,0.0
09/21/06 20:15,0.0
09/21/06 20:20,0.0
09/21/06 20:25,0.0
09/21/06 20:30,0.0
09/21/06 20:35,0.0
09/21/06 20:40,0.0
09/21/06 20:45,0.0
09/21/06 20:50,0.0
09/21/06 20:55,0.0
09/21/06 21:00,0.0
09/21/06 21:05,0.0
09/21/06 21:10,0.0
09/21/06 21:15,0.0
09/21/06 21:20,0.0
09/21/06 21:25,0.0
09/21/06 21:30,0.0
09/21/06 21:35,0.0
09/21/06 21:40,0.0
09/21/06 21:45,0.0
09/21/06 21:50,0.0
09/21/06 21:55,0.0
09/21/06 22:00,0.0
09/21/06 22:05,0.0
09/21/06 22:10,0.0
09/21/06 22:15,0.0
09/21/06 22:20,0.0
09/21/06 22:25,0.0
09/21/06 22:30,0.0
09/21/06 22:35,0.0
09/21/06 22:40,0.0
09/21/06 22:45,0.0
09/21/06 22:50,0.0
09/21/06 22:55,0.0
09/21/06 23:00,0.0
09/21/06 23:05,0.0
09/21/06 23:10,0.0
09/21/06 23:15,0.0
09/21/06 23:20,0.0
09/21/06 23:25,0.0
09/21/06 23:30,0.0
09/21/06 23:35,0.0
09/21/06 23:40,0.0
09/21/06 23:45,0.0
09/21/06 23:50,0.0
09/21/06 23:55,0.0
09/22/06 00:00,0.0
09/22/06 00:05,0.0
09/22/06 00:10,0.0
09/22/06 00:15,0.0
09/22/06 00:20,0.0
09/22/06 00:25,0.0
09/22/06 00:30,0.0
09/22/06 00:35,0.0
09/22/06 00:40,0.0
09/22/06 00:45,0.0
09/22/06 00:50,0.0
09/22/06 00:55,0.0
09/22/06 01:00,0.0
09/22/06 01:05,0.0
09/22/06 01:10,0.0
09/22/06 01:15,0.0
09/22/06 01:20,0.0
09/22/06 01:25,0.0
09/22/06 01:30,0.0
09/22/06 01:35,0.0
09/22/06 01:40,0.0
09/22/06 01:45,0.0
09/22/06 01:50,0.0
09/22/06 01:55,0.0
09/22/06 02:00,0.0
09/22/06 02:05,0.0
09/22/06 02:10,0.0
09/22/06 02:15,0.0
09/22/06 02:20,0.0
09/22/06 02:25,0.0
09/22/06 02:30,0.0
09/22/06 02:35,0.0
09/22/06 02:40,0.0
09/22/06 02:45,0.0
09/22/06 02:50,0.0
09/22/06 02:55,0.0
09/22/06 03:00,0.0
09/22/06 03:05,0.0
09/22/06 03:10,0.0
09/22/06 03:15,0.0
09/22/06 03:20,0.0
09/22/06 03:25,0.0
09/22/06 03:30,0.0
09/22/06 03:35,0.0
09/22/06 03:40,0.0
09/22/06 03:45,0.0
09/22/06 03:50,0.0
09/22/06 03:55,0.0
09/22/06 04:00,0.0
09/22/06 04:05,0.0
09/22/06 04:10,0.0
09/22/06 04:15,0.0
09/22/06 04:20,0.0
09/22/06 04:25,0.0
09/22/06 04:30,0.0
09/22/06 04:35,0.0
09/22/06 04:40,0.0
09/22/06 04:45,0.0
09/22/06 04:50,0.0
09/22/06 04:55,0.0
09/22/06 05:00,0.0
09/22/06 05:05,0.0
09/22/06 05:10,0.0
09/22/06 05:15,0.0
09/22/06 05:20,0.0
09/22/06 05:25,0.0
09/22/06 05:30,0.0
09/22/06 05:35,0.0
09/22/06 05:40,0.0
09/22/06 05:45,0.0
09/22/06 05:50,0.0
09/22/06 05:55,0.0
09/22/06 06:00,0.0
09/22/06 06:05,0.0
09/22/06 06:10,0.0
09/22/06 06:15,0.1
09/22/06 06:20,0.2
09/22/06 06:25,0.3
09/22/06 06:30,0.3
09/22/06 06:35,0.6
09/22/06 06:40,0.9
09/22/06 06:45,1.9
09/22/06 06:50,3.3
09/22/06 06:55,3.8
09/22/06 07:00,4.6
09/22/06 07:05,5.3
09/22/06 07:10,6.0
09/22/06 07:15,6.5
09/22/06 07:20,6.7
09/22/06 07:25,6.4
09/22/06 07:30,6.9
09/22/06 07:35,9.1
09/22/06 07:40,10.8
09/22/06 07:45,11.5
09/22/06 07:50,12.1
09/22/06 07:55,12.9
09/22/06 08:00,13.0
09/22/06 08:05,12.6
09/22/06 08:10,13.2
09/22/06 08:15,13.8
09/22/06 08:20,12.0
09/22/06 08:25,12.0
09/22/06 08:30,11.4
09/22/06 08:35,10.3
09/22/06 08:40,12.5
09/22/06 08:45,12.9
09/22/06 08:50,13.4
09/22/06 08:55,13.9
09/22/06 09:00,14.6
09/22/06 09:05,16.3
09/22/06 09:10,14.8
09/22/06 09:15,15.5
09/22/06 09:20,17.3
09/22/06 09:25,18.7
09/22/06 09:30,19.6
09/22/06 09:35,20.5
09/22/06 09:40,21.3
09/22/06 09:45,21.9
09/22/06 09:50,22.2
09/22/06 09:55,22.6
09/22/06 10:00,22.8
09/22/06 10:05,23.1
09/22/06 10:10,23.4
09/22/06 10:15,23.1
09/22/06 10:20,22.8
09/22/06 10:25,21.2
09/22/06 10:30,18.4
09/22/06 10:35,16.1
09/22/06 10:40,12.7
09/22/06 10:45,15.6
09/22/06 10:50,19.2
09/22/06 10:55,19.9
09/22/06 11:00,19.2
09/22/06 11:05,16.9
09/22/06 11:10,12.9
09/22/06 11:15,14.9
09/22/06 11:20,18.8
09/22/06 11:25,21.3
09/22/06 11:30,22.9
09/22/06 11:35,23.6
09/22/06 11:40,22.9
09/22/06 11:45,22.8
09/22/06 11:50,23.7
09/22/06 11:55,24.9
09/22/06 12:00,25.5
09/22/06 12:05,25.6
09/22/06 12:10,25.3
09/22/06 12:15,20.7
09/22/06 12:20,20.8
09/22/06 12:25,22.2
09/22/06 12:30,23.2
09/22/06 12:35,23.9
09/22/06 12:40,24.0
09/22/06 12:45,23.4
09/22/06 12:50,22.8
09/22/06 12:55,22.3
09/22/06 13:00,21.9
09/22/06 13:05,21.9
09/22/06 13:10,22.1
09/22/06 13:15,22.2
09/22/06 13:20,22.1
09/22/06 13:25,20.7
09/22/06 13:30,18.5
09/22/06 13:35,17.8
09/22/06 13:40,16.8
09/22/06 13:45,15.8
09/22/06 13:50,11.4
09/22/06 13:55,9.2
09/22/06 14:00,8.6
09/22/06 14:05,8.5
09/22/06 14:10,9.9
09/22/06 14:15,13.5
09/22/06 14:20,15.8
09/22/06 14:25,17.2
09/22/06 14:30,17.9
09/22/06 14:35,18.2
09/22/06 14:40,18.3
09/22/06 14:45,18.2
09/22/06 14:50,17.9
09/22/06 14:55,17.5
09/22/06 15:00,16.9
09/22/06 15:05,16.3
09/22/06 15:10,15.5
09/22/06 15:15,14.6
09/22/06 15:20,13.6
09/22/06 15:25,12.0
09/22/06 15:30,10.4
09/22/06 15:35,9.0
09/22/06 15:40,7.7
09/22/06 15:45,6.4
09/22/06 15:50,5.9
09/22/06 15:55,6.1
09/22/06 16:00,6.1
09/22/06 16:05,5.8
09/22/06 16:10,5.9
09/22/06 16:15,5.9
09/22/06 16:20,5.8
09/22/06 16:25,5.1
09/22/06 16:30,4.8
09/22/06 16:35,4.4
09/22/06 16:40,3.9
09/22/06 16:45,1.9
09/22/06 16:50,1.1
09/22/06 16:55,0.5
09/22/06 17:00,0.4
09/22/06 17:05,0.2
09/22/06 17:10,0.1
09/22/06 17:15,0.0
09/22/06 17:20,0.0
09/22/06 17:25,0.0
09/22/06 17:30,0.0
09/22/06 17:35,0.0
09/22/06 17:40,0.0
09/22/06 17:45,0.0
09/22/06 17:50,0.0
09/22/06 17:55,0.0
09/22/06 18:00,0.0
09/22/06 18:05,0.0
09/22/06 18:10,0.0
09/22/06 18:15,0.0
09/22/06 18:20,0.0
09/22/06 18:25,0.0
09/22/06 18:30,0.0
09/22/06 18:35,0.0
09/22/06 18:40,0.0
09/22/06 18:45,0.0
09/22/06 18:50,0.0
09/22/06 18:55,0.0
09/22/06 19:00,0.0
09/22/06 19:05,0.0
09/22/06 19:10,0.0
09/22/06 19:15,0.0
09/22/06 19:20,0.0
09/22/06 19:25,0.0
09/22/06 19:30,0.0
09/22/06 19:35,0.0
09/22/06 19:40,0.0
09/22/06 19:45,0.0
09/22/06 19:50,0.0
09/22/06 19:55,0.0
09/22/06 20:00,0.0
09/22/06 20:05,0.0
09/22/06 20:10,0.0
09/22/06 20:15,0.0
09/22/06 20:20,0.0
09/22/06 20:25,0.0
09/22/06 20:30,0.0
09/22/06 20:35,0.0
09/22/06 20:40,0.0
09/22/06 20:45,0.0
09/22/06 20:50,0.0
09/22/06 20:55,0.0
09/22/06 21:00,0.0
09/22/06 21:05,0.0
09/22/06 21:10,0.0
09/22/06 21:15,0.0
09/22/06 21:20,0.0
09/22/06 21:25,0.0
09/22/06 21:30,0.0
09/22/06 21:35,0.0
09/22/06 21:40,0.0
09/22/06 21:45,0.0
09/22/06 21:50,0.0
09/22/06 21:55,0.0
09/22/06 22:00,0.0
09/22/06 22:05,0.0
09/22/06 22:10,0.0
09/22/06 22:15,0.0
09/22/06 22:20,0.0
09/22/06 22:25,0.0
09/22/06 22:30,0.0
09/22/06 22:35,0.0
09/22/06 22:40,0.0
09/22/06 22:45,0.0
09/22/06 22:50,0.0
09/22/06 22:55,0.0
09/22/06 23:00,0.0
09/22/06 23:05,0.0
09/22/06 23:10,0.0
09/22/06 23:15,0.0
09/22/06 23:20,0.0
09/22/06 23:25,0.0
09/22/06 23:30,0.0
09/22/06 23:35,0.0
09/22/06 23:40,0.0
09/22/06 23:45,0.0
09/22/06 23:50,0.0
09/22/06 23:55,0.0
09/23/06 00:00,0.0
09/23/06 00:05,0.0
09/23/06 00:10,0.0
09/23/06 00:15,0.0
09/23/06 00:20,0.0
09/23/06 00:25,0.0
09/23/06 00:30,0.0
09/23/06 00:35,0.0
09/23/06 00:40,0.0
09/23/06 00:45,0.0
09/23/06 00:50,0.0
09/23/06 00:55,0.0
09/23/06 01:00,0.0
09/23/06 01:05,0.0
09/23/06 01:10,0.0
09/23/06 01:15,0.0
09/23/06 01:20,0.0
09/23/06 01:25,0.0
09/23/06 01:30,0.0
09/23/06 01:35,0.0
09/23/06 01:40,0.0
09/23/06 01:45,0.0
09/23/06 01:50,0.0
09/23/06 01:55,0.0
09/23/06 02:00,0.0
09/23/06 02:05,0.0
09/23/06 02:10,0.0
09/23/06 02:15,0.0
09/23/06 02:20,0.0
09/23/06 02:25,0.0
09/23/06 02:30,0.0
09/23/06 02:35,0.0
09/23/06 02:40,0.0
09/23/06 02:45,0.0
09/23/06 02:50,0.0
09/23/06 02:55,0.0
09/23/06 03:00,0.0
09/23/06 03:05,0.0
09/23/06 03:10,0.0
09/23/06 03:15,0.0
09/23/06 03:20,0.0
09/23/06 03:25,0.0
09/23/06 03:30,0.0
09/23/06 03:35,0.0
09/23/06 03:40,0.0
09/23/06 03:45,0.0
09/23/06 03:50,0.0
09/23/06 03:55,0.0
09/23/06 04:00,0.0
09/23/06 04:05,0.0
09/23/06 04:10,0.0
09/23/06 04:15,0.0
09/23/06 04:20,0.0
09/23/06 04:25,0.0
09/23/06 04:30,0.0
09/23/06 04:35,0.0
09/23/06 04:40,0.0
09/23/06 04:45,0.0
09/23/06 04:50,0.0
09/23/06 04:55,0.0
09/23/06 05:00,0.0
09/23/06 05:05,0.0
09/23/06 05:10,0.0
09/23/06 05:15,0.0
09/23/06 05:20,0.0
09/23/06 05:25,0.0
09/23/06 05:30,0.0
09/23/06 05:35,0.0
09/23/06 05:40,0.0
09/23/06 05:45,0.0
09/23/06 05:50,0.0
09/23/06 05:55,0.0
09/23/06 06:00,0.0
09/23/06 06:05,0.0
09/23/06 06:10,0.0
09/23/06 06:15,0.1
09/23/06 06:20,0.2
09/23/06 06:25,0.5
09/23/06 06:30,1.1
09/23/06 06:35,2.0
09/23/06 06:40,3.5
09/23/06 06:45,4.0
09/23/06 06:50,4.6
09/23/06 06:55,5.1
09/23/06 07:00,5.7
09/23/06 07:05,6.3
09/23/06 07:10,6.9
09/23/06 07:15,7.5
09/23/06 07:20,8.1
09/23/06 07:25,8.7
09/23/06 07:30,9.4
09/23/06 07:35,10.0
09/23/06 07:40,10.6
09/23/06 07:45,11.3
09/23/06 07:50,12.0
09/23/06 07:55,12.7
09/23/06 08:00,13.3
09/23/06 08:05,13.8
09/23/06 08:10,14.3
09/23/06 08:15,14.6
09/23/06 08:20,13.8
09/23/06 08:25,13.6
09/23/06 08:30,14.0
09/23/06 08:35,13.9
09/23/06 08:40,14.4
09/23/06 08:45,14.1
09/23/06 08:50,12.3
09/23/06 08:55,11.0
09/23/06 09:00,7.4
09/23/06 09:05,5.7
09/23/06 09:10,4.7
09/23/06 09:15,8.9
09/23/06 09:20,13.2
09/23/06 09:25,13.8
09/23/06 09:30,12.2
09/23/06 09:35,10.4
09/23/06 09:40,10.2
09/23/06 09:45,9.6
09/23/06 09:50,12.8
09/23/06 09:55,15.1
09/23/06 10:00,12.7
09/23/06 10:05,13.6
09/23/06 10:10,15.2
09/23/06 10:15,12.7
09/23/06 10:20,16.1
09/23/06 10:25,18.5
09/23/06 10:30,18.6
09/23/06 10:35,20.2
09/23/06 10:40,21.2
09/23/06 10:45,17.8
09/23/06 10:50,14.6
09/23/06 10:55,17.1
09/23/06 11:00,19.1
09/23/06 11:05,21.0
09/23/06 11:10,21.9
09/23/06 11:15,22.4
09/23/06 11:20,23.3
09/23/06 11:25,23.9
09/23/06 11:30,24.3
09/23/06 11:35,24.7
09/23/06 11:40,24.9
09/23/06 11:45,24.7
09/23/06 11:50,24.6
09/23/06 11:55,24.5
09/23/06 12:00,24.3
09/23/06 12:05,24.2
09/23/06 12:10,24.1
09/23/06 12:15,23.8
09/23/06 12:20,22.5
09/23/06 12:25,20.4
09/23/06 12:30,20.3
09/23/06 12:35,19.9
09/23/06 12:40,15.0
09/23/06 12:45,17.2
09/23/06 12:50,17.6
09/23/06 12:55,18.2
09/23/06 13:00,16.5
09/23/06 13:05,18.3
09/23/06 13:10,18.1
09/23/06 13:15,14.9
09/23/06 13:20,13.1
09/23/06 13:25,11.9
09/23/06 13:30,11.0
09/23/06 13:35,10.7
09/23/06 13:40,10.4
09/23/06 13:45,10.6
09/23/06 13:50,10.2
09/23/06 13:55,9.6
09/23/06 14:00,9.3
09/23/06 14:05,9.5
09/23/06 14:10,9.9
09/23/06 14:15,11.8
09/23/06 14:20,14.1
09/23/06 14:25,15.2
09/23/06 14:30,15.8
09/23/06 14:35,16.2
09/23/06 14:40,16.2
09/23/06 14:45,16.1
09/23/06 14:50,15.8
09/23/06 14:55,15.4
09/23/06 15:00,14.9
09/23/06 15:05,14.5
09/23/06 15:10,14.0
09/23/06 15:15,13.1
09/23/06 15:20,12.3
09/23/06 15:25,11.7
09/23/06 15:30,11.4
09/23/06 15:35,11.1
09/23/06 15:40,11.0
09/23/06 15:45,10.8
09/23/06 15:50,10.4
09/23/06 15:55,10.0
09/23/06 16:00,9.5
09/23/06 16:05,9.0
09/23/06 16:10,8.4
09/23/06 16:15,7.5
09/23/06 16:20,6.5
09/23/06 16:25,5.7
09/23/06 16:30,5.1
09/23/06 16:35,4.5
09/23/06 16:40,3.9
09/23/06 16:45,3.0
09/23/06 16:50,1.8
09/23/06 16:55,1.0
09/23/06 17:00,0.5
09/23/06 17:05,0.2
09/23/06 17:10,0.1
09/23/06 17:15,0.0
09/23/06 17:20,0.0
09/23/06 17:25,0.0
09/23/06 17:30,0.0
09/23/06 17:35,0.0
09/23/06 17:40,0.0
09/23/06 17:45,0.0
09/23/06 17:50,0.0
09/23/06 17:55,0.0
09/23/06 18:00,0.0
09/23/06 18:05,0.0
09/23/06 18:10,0.0
09/23/06 18:15,0.0
09/23/06 18:20,0.0
09/23/06 18:25,0.0
09/23/06 18:30,0.0
09/23/06 18:35,0.0
09/23/06 18:40,0.0
09/23/06 18:45,0.0
09/23/06 18:50,0.0
09/23/06 18:55,0.0
09/23/06 19:00,0.0
09/23/06 19:05,0.0
09/23/06 19:10,0.0
09/23/06 19:15,0.0
09/23/06 19:20,0.0
09/23/06 19:25,0.0
09/23/06 19:30,0.0
09/23/06 19:35,0.0
09/23/06 19:40,0.0
09/23/06 19:45,0.0
09/23/06 19:50,0.0
09/23/06 19:55,0.0
09/23/06 20:00,0.0
09/23/06 20:05,0.0
09/23/06 20:10,0.0
09/23/06 20:15,0.0
09/23/06 20:20,0.0
09/23/06 20:25,0.0
09/23/06 20:30,0.0
09/23/06 20:35,0.0
09/23/06 20:40,0.0
09/23/06 20:45,0.0
09/23/06 20:50,0.0
09/23/06 20:55,0.0
09/23/06 21:00,0.0
09/23/06 21:05,0.0
09/23/06 21:10,0.0
09/23/06 21:15,0.0
09/23/06 21:20,0.0
09/23/06 21:25,0.0
09/23/06 21:30,0.0
09/23/06 21:35,0.0
09/23/06 21:40,0.0
09/23/06 21:45,0.0
09/23/06 21:50,0.0
09/23/06 21:55,0.0
09/23/06 22:00,0.0
09/23/06 22:05,0.0
09/23/06 22:10,0.0
09/23/06 22:15,0.0
09/23/06 22:20,0.0
09/23/06 22:25,0.0
09/23/06 22:30,0.0
09/23/06 22:35,0.0
09/23/06 22:40,0.0
09/23/06 22:45,0.0
09/23/06 22:50,0.0
09/23/06 22:55,0.0
09/23/06 23:00,0.0
09/23/06 23:05,0.0
09/23/06 23:10,0.0
09/23/06 23:15,0.0
09/23/06 23:20,0.0
09/23/06 23:25,0.0
09/23/06 23:30,0.0
09/23/06 23:35,0.0
09/23/06 23:40,0.0
09/23/06 23:45,0.0
09/23/06 23:50,0.0
09/23/06 23:55,0.0
09/24/06 00:00,0.0
09/24/06 00:05,0.0
09/24/06 00:10,0.0
09/24/06 00:15,0.0
09/24/06 00:20,0.0
09/24/06 00:25,0.0
09/24/06 00:30,0.0
09/24/06 00:35,0.0
09/24/06 00:40,0.0
09/24/06 00:45,0.0
09/24/06 00:50,0.0
09/24/06 00:55,0.0
09/24/06 01:00,0.0
09/24/06 01:05,0.0
09/24/06 01:10,0.0
09/24/06 01:15,0.0
09/24/06 01:20,0.0
09/24/06 01:25,0.0
09/24/06 01:30,0.0
09/24/06 01:35,0.0
09/24/06 01:40,0.0
09/24/06 01:45,0.0
09/24/06 01:50,0.0
09/24/06 01:55,0.0
09/24/06 02:00,0.0
09/24/06 02:05,0.0
09/24/06 02:10,0.0
09/24/06 02:15,0.0
09/24/06 02:20,0.0
09/24/06 02:25,0.0
09/24/06 02:30,0.0
09/24/06 02:35,0.0
09/24/06 02:40,0.0
09/24/06 02:45,0.0
09/24/06 02:50,0.0
09/24/06 02:55,0.0
09/24/06 03:00,0.0
09/24/06 03:05,0.0
09/24/06 03:10,0.0
09/24/06 03:15,0.0
09/24/06 03:20,0.0
09/24/06 03:25,0.0
09/24/06 03:30,0.0
09/24/06 03:35,0.0
09/24/06 03:40,0.0
09/24/06 03:45,0.0
09/24/06 03:50,0.0
09/24/06 03:55,0.0
09/24/06 04:00,0.0
09/24/06 04:05,0.0
09/24/06 04:10,0.0
09/24/06 04:15,0.0
09/24/06 04:20,0.0
09/24/06 04:25,0.0
09/24/06 04:30,0.0
09/24/06 04:35,0.0
09/24/06 04:40,0.0
09/24/06 04:45,0.0
09/24/06 04:50,0.0
09/24/06 04:55,0.0
09/24/06 05:00,0.0
09/24/06 05:05,0.0
09/24/06 05:10,0.0
09/24/06 05:15,0.0
09/24/06 05:20,0.0
09/24/06 05:25,0.0
09/24/06 05:30,0.0
09/24/06 05:35,0.0
09/24/06 05:40,0.0
09/24/06 05:45,0.0
09/24/06 05:50,0.0
09/24/06 05:55,0.0
09/24/06 06:00,0.0
09/24/06 06:05,0.0
09/24/06 06:10,0.0
09/24/06 06:15,0.0
09/24/06 06:20,0.0
09/24/06 06:25,0.0
09/24/06 06:30,0.1
09/24/06 06:35,0.3
09/24/06 06:40,0.4
09/24/06 06:45,0.6
09/24/06 06:50,0.8
09/24/06 06:55,1.4
09/24/06 07:00,3.5
09/24/06 07:05,4.3
09/24/06 07:10,4.4
09/24/06 07:15,3.9
09/24/06 07:20,1.8
09/24/06 07:25,0.9
09/24/06 07:30,0.6
09/24/06 07:35,0.5
09/24/06 07:40,0.6
09/24/06 07:45,1.5
09/24/06 07:50,4.0
09/24/06 07:55,5.9
09/24/06 08:00,8.0
09/24/06 08:05,10.1
09/24/06 08:10,10.5
09/24/06 08:15,9.1
09/24/06 08:20,8.1
09/24/06 08:25,7.3
09/24/06 08:30,7.2
09/24/06 08:35,7.5
09/24/06 08:40,7.6
09/24/06 08:45,7.7
09/24/06 08:50,7.1
09/24/06 08:55,6.5
09/24/06 09:00,6.2
09/24/06 09:05,6.1
09/24/06 09:10,6.4
09/24/06 09:15,6.6
09/24/06 09:20,7.0
09/24/06 09:25,7.5
09/24/06 09:30,8.2
09/24/06 09:35,9.2
09/24/06 09:40,10.1
09/24/06 09:45,11.2
09/24/06 09:50,12.2
09/24/06 09:55,13.2
09/24/06 10:00,14.0
09/24/06 10:05,15.2
09/24/06 10:10,16.2
09/24/06 10:15,17.5
09/24/06 10:20,15.9
09/24/06 10:25,15.4
09/24/06 10:30,17.2
09/24/06 10:35,17.1
09/24/06 10:40,17.2
09/24/06 10:45,16.3
09/24/06 10:50,14.8
09/24/06 10:55,17.6
09/24/06 11:00,15.6
09/24/06 11:05,10.7
09/24/06 11:10,9.4
09/24/06 11:15,13.0
09/24/06 11:20,14.3
09/24/06 11:25,11.2
09/24/06 11:30,10.6
09/24/06 11:35,11.5
09/24/06 11:40,12.1
09/24/06 11:45,14.9
09/24/06 11:50,15.0
09/24/06 11:55,15.1
09/24/06 12:00,14.7
09/24/06 12:05,12.1
09/24/06 12:10,10.3
09/24/06 12:15,11.5
09/24/06 12:20,12.4
09/24/06 12:25,12.5
09/24/06 12:30,11.9
09/24/06 12:35,10.9
09/24/06 12:40,10.1
09/24/06 12:45,9.0
09/24/06 12:50,7.8
09/24/06 12:55,6.6
09/24/06 13:00,5.8
09/24/06 13:05,5.1
09/24/06 13:10,4.3
09/24/06 13:15,4.0
09/24/06 13:20,5.5
09/24/06 13:25,9.3
09/24/06 13:30,11.7
09/24/06 13:35,12.5
09/24/06 13:40,13.7
09/24/06 13:45,14.8
09/24/06 13:50,14.4
09/24/06 13:55,15.9
09/24/06 14:00,15.8
09/24/06 14:05,13.2
09/24/06 14:10,13.8
09/24/06 14:15,14.6
09/24/06 14:20,12.5
09/24/06 14:25,11.7
09/24/06 14:30,12.9
09/24/06 14:35,11.3
09/24/06 14:40,10.4
09/24/06 14:45,9.1
09/24/06 14:50,8.9
09/24/06 14:55,10.5
09/24/06 15:00,12.2
09/24/06 15:05,13.4
09/24/06 15:10,13.9
09/24/06 15:15,12.4
09/24/06 15:20,10.5
09/24/06 15:25,9.2
09/24/06 15:30,8.3
09/24/06 15:35,7.3
09/24/06 15:40,6.7
09/24/06 15:45,6.2
09/24/06 15:50,5.5
09/24/06 15:55,5.0
09/24/06 16:00,4.4
09/24/06 16:05,3.9
09/24/06 16:10,3.3
09/24/06 16:15,1.9
09/24/06 16:20,1.3
09/24/06 16:25,1.0
09/24/06 16:30,0.9
09/24/06 16:35,0.7
09/24/06 16:40,0.7
09/24/06 16:45,0.7
09/24/06 16:50,0.7
09/24/06 16:55,0.4
09/24/06 17:00,0.2
09/24/06 17:05,0.1
09/24/06 17:10,0.0
09/24/06 17:15,0.0
09/24/06 17:20,0.0
09/24/06 17:25,0.0
09/24/06 17:30,0.0
09/24/06 17:35,0.0
09/24/06 17:40,0.0
09/24/06 17:45,0.0
09/24/06 17:50,0.0
09/24/06 17:55,0.0
09/24/06 18:00,0.0
09/24/06 18:05,0.0
09/24/06 18:10,0.0
09/24/06 18:15,0.0
09/24/06 18:20,0.0
09/24/06 18:25,0.0
09/24/06 18:30,0.0
09/24/06 18:35,0.0
09/24/06 18:40,0.0
09/24/06 18:45,0.0
09/24/06 18:50,0.0
09/24/06 18:55,0.0
09/24/06 19:00,0.0
09/24/06 19:05,0.0
09/24/06 19:10,0.0
09/24/06 19:15,0.0
09/24/06 19:20,0.0
09/24/06 19:25,0.0
09/24/06 19:30,0.0
09/24/06 19:35,0.0
09/24/06 19:40,0.0
09/24/06 19:45,0.0
09/24/06 19:50,0.0
09/24/06 19:55,0.0
09/24/06 20:00,0.0
09/24/06 20:05,0.0
09/24/06 20:10,0.0
09/24/06 20:15,0.0
09/24/06 20:20,0.0
09/24/06 20:25,0.0
09/24/06 20:30,0.0
09/24/06 20:35,0.0
09/24/06 20:40,0.0
09/24/06 20:45,0.0
09/24/06 20:50,0.0
09/24/06 20:55,0.0
09/24/06 21:00,0.0
09/24/06 21:05,0.0
09/24/06 21:10,0.0
09/24/06 21:15,0.0
09/24/06 21:20,0.0
09/24/06 21:25,0.0
09/24/06 21:30,0.0
09/24/06 21:35,0.0
09/24/06 21:40,0.0
09/24/06 21:45,0.0
09/24/06 21:50,0.0
09/24/06 21:55,0.0
09/24/06 22:00,0.0
09/24/06 22:05,0.0
09/24/06 22:10,0.0
09/24/06 22:15,0.0
09/24/06 22:20,0.0
09/24/06 22:25,0.0
09/24/06 22:30,0.0
09/24/06 22:35,0.0
09/24/06 22:40,0.0
09/24/06 22:45,0.0
09/24/06 22:50,0.0
09/24/06 22:55,0.0
09/24/06 23:00,0.0
09/24/06 23:05,0.0
09/24/06 23:10,0.0
09/24/06 23:15,0.0
09/24/06 23:20,0.0
09/24/06 23:25,0.0
09/24/06 23:30,0.0
09/24/06 23:35,0.0
09/24/06 23:40,0.0
09/24/06 23:45,0.0
09/24/06 23:50,0.0
09/24/06 23:55,0.0
09/25/06 00:00,0.0
09/25/06 00:05,0.0
09/25/06 00:10,0.0
09/25/06 00:15,0.0
09/25/06 00:20,0.0
09/25/06 00:25,0.0
09/25/06 00:30,0.0
09/25/06 00:35,0.0
09/25/06 00:40,0.0
09/25/06 00:45,0.0
09/25/06 00:50,0.0
09/25/06 00:55,0.0
09/25/06 01:00,0.0
09/25/06 01:05,0.0
09/25/06 01:10,0.0
09/25/06 01:15,0.0
09/25/06 01:20,0.0
09/25/06 01:25,0.0
09/25/06 01:30,0.0
09/25/06 01:35,0.0
09/25/06 01:40,0.0
09/25/06 01:45,0.0
09/25/06 01:50,0.0
09/25/06 01:55,0.0
09/25/06 02:00,0.0
09/25/06 02:05,0.0
09/25/06 02:10,0.0
09/25/06 02:15,0.0
09/25/06 02:20,0.0
09/25/06 02:25,0.0
09/25/06 02:30,0.0
09/25/06 02:35,0.0
09/25/06 02:40,0.0
09/25/06 02:45,0.0
09/25/06 02:50,0.0
09/25/06 02:55,0.0
09/25/06 03:00,0.0
09/25/06 03:05,0.0
09/25/06 03:10,0.0
09/25/06 03:15,0.0
09/25/06 03:20,0.0
09/25/06 03:25,0.0
09/25/06 03:30,0.0
09/25/06 03:35,0.0
09/25/06 03:40,0.0
09/25/06 03:45,0.0
09/25/06 03:50,0.0
09/25/06 03:55,0.0
09/25/06 04:00,0.0
09/25/06 04:05,0.0
09/25/06 04:10,0.0
09/25/06 04:15,0.0
09/25/06 04:20,0.0
09/25/06 04:25,0.0
09/25/06 04:30,0.0
09/25/06 04:35,0.0
09/25/06 04:40,0.0
09/25/06 04:45,0.0
09/25/06 04:50,0.0
09/25/06 04:55,0.0
09/25/06 05:00,0.0
09/25/06 05:05,0.0
09/25/06 05:10,0.0
09/25/06 05:15,0.0
09/25/06 05:20,0.0
09/25/06 05:25,0.0
09/25/06 05:30,0.0
09/25/06 05:35,0.0
09/25/06 05:40,0.0
09/25/06 05:45,0.0
09/25/06 05:50,0.0
09/25/06 05:55,0.0
09/25/06 06:00,0.0
09/25/06 06:05,0.0
09/25/06 06:10,0.0
09/25/06 06:15,0.1
09/25/06 06:20,0.2
09/25/06 06:25,0.5
09/25/06 06:30,1.0
09/25/06 06:35,2.1
09/25/06 06:40,3.5
09/25/06 06:45,3.9
09/25/06 06:50,4.1
09/25/06 06:55,4.5
09/25/06 07:00,5.3
09/25/06 07:05,6.1
09/25/06 07:10,6.7
09/25/06 07:15,7.4
09/25/06 07:20,8.3
09/25/06 07:25,9.1
09/25/06 07:30,9.9
09/25/06 07:35,10.7
09/25/06 07:40,11.4
09/25/06 07:45,12.0
09/25/06 07:50,12.7
09/25/06 07:55,13.3
09/25/06 08:00,14.0
09/25/06 08:05,14.6
09/25/06 08:10,15.2
09/25/06 08:15,15.7
09/25/06 08:20,16.2
09/25/06 08:25,16.8
09/25/06 08:30,17.3
09/25/06 08:35,18.1
09/25/06 08:40,18.6
09/25/06 08:45,19.1
09/25/06 08:50,19.6
09/25/06 08:55,20.3
09/25/06 09:00,21.1
09/25/06 09:05,21.8
09/25/06 09:10,22.5
09/25/06 09:15,22.5
09/25/06 09:20,22.2
09/25/06 09:25,22.2
09/25/06 09:30,22.3
09/25/06 09:35,22.3
09/25/06 09:40,22.6
09/25/06 09:45,22.8
09/25/06 09:50,23.2
09/25/06 09:55,23.5
09/25/06 10:00,23.7
09/25/06 10:05,23.9
09/25/06 10:10,24.0
09/25/06 10:15,24.2
09/25/06 10:20,24.5
09/25/06 10:25,24.7
09/25/06 10:30,24.7
09/25/06 10:35,24.6
09/25/06 10:40,24.5
09/25/06 10:45,24.6
09/25/06 10:50,24.8
09/25/06 10:55,25.1
09/25/06 11:00,25.2
09/25/06 11:05,25.1
09/25/06 11:10,25.0
09/25/06 11:15,25.0
09/25/06 11:20,25.3
09/25/06 11:25,25.5
09/25/06 11:30,25.8
09/25/06 11:35,26.1
09/25/06 11:40,26.5
09/25/06 11:45,26.8
09/25/06 11:50,26.9
09/25/06 11:55,26.8
09/25/06 12:00,26.6
09/25/06 12:05,26.5
09/25/06 12:10,26.4
09/25/06 12:15,26.2
09/25/06 12:20,26.0
09/25/06 12:25,25.6
09/25/06 12:30,25.3
09/25/06 12:35,25.2
09/25/06 12:40,25.0
09/25/06 12:45,24.8
09/25/06 12:50,24.7
09/25/06 12:55,24.6
09/25/06 13:00,24.4
09/25/06 13:05,24.2
09/25/06 13:10,24.1
09/25/06 13:15,23.8
09/25/06 13:20,23.6
09/25/06 13:25,23.4
09/25/06 13:30,23.1
09/25/06 13:35,23.0
09/25/06 13:40,22.8
09/25/06 13:45,22.2
09/25/06 13:50,21.7
09/25/06 13:55,21.6
09/25/06 14:00,21.5
09/25/06 14:05,21.4
09/25/06 14:10,21.0
09/25/06 14:15,20.4
09/25/06 14:20,20.0
09/25/06 14:25,19.5
09/25/06 14:30,18.9
09/25/06 14:35,18.4
09/25/06 14:40,18.0
09/25/06 14:45,17.4
09/25/06 14:50,16.9
09/25/06 14:55,16.3
09/25/06 15:00,15.8
09/25/06 15:05,15.2
09/25/06 15:10,14.6
09/25/06 15:15,14.0
09/25/06 15:20,13.6
09/25/06 15:25,13.0
09/25/06 15:30,12.5
09/25/06 15:35,11.9
09/25/06 15:40,11.4
09/25/06 15:45,10.8
09/25/06 15:50,10.3
09/25/06 15:55,9.7
09/25/06 16:00,9.0
09/25/06 16:05,8.4
09/25/06 16:10,7.8
09/25/06 16:15,7.1
09/25/06 16:20,6.4
09/25/06 16:25,5.8
09/25/06 16:30,5.2
09/25/06 16:35,4.7
09/25/06 16:40,4.1
09/25/06 16:45,3.6
09/25/06 16:50,2.2
09/25/06 16:55,1.1
09/25/06 17:00,0.6
09/25/06 17:05,0.3
09/25/06 17:10,0.1
09/25/06 17:15,0.0
09/25/06 17:20,0.0
09/25/06 17:25,0.0
09/25/06 17:30,0.0
09/25/06 17:35,0.0
09/25/06 17:40,0.0
09/25/06 17:45,0.0
09/25/06 17:50,0.0
09/25/06 17:55,0.0
09/25/06 18:00,0.0
09/25/06 18:05,0.0
09/25/06 18:10,0.0
09/25/06 18:15,0.0
09/25/06 18:20,0.0
09/25/06 18:25,0.0
09/25/06 18:30,0.0
09/25/06 18:35,0.0
09/25/06 18:40,0.0
09/25/06 18:45,0.0
09/25/06 18:50,0.0
09/25/06 18:55,0.0
09/25/06 19:00,0.0
09/25/06 19:05,0.0
09/25/06 19:10,0.0
09/25/06 19:15,0.0
09/25/06 19:20,0.0
09/25/06 19:25,0.0
09/25/06 19:30,0.0
09/25/06 19:35,0.0
09/25/06 19:40,0.0
09/25/06 19:45,0.0
09/25/06 19:50,0.0
09/25/06 19:55,0.0
09/25/06 20:00,0.0
09/25/06 20:05,0.0
09/25/06 20:10,0.0
09/25/06 20:15,0.0
09/25/06 20:20,0.0
09/25/06 20:25,0.0
09/25/06 20:30,0.0
09/25/06 20:35,0.0
09/25/06 20:40,0.0
09/25/06 20:45,0.0
09/25/06 20:50,0.0
09/25/06 20:55,0.0
09/25/06 21:00,0.0
09/25/06 21:05,0.0
09/25/06 21:10,0.0
09/25/06 21:15,0.0
09/25/06 21:20,0.0
09/25/06 21:25,0.0
09/25/06 21:30,0.0
09/25/06 21:35,0.0
09/25/06 21:40,0.0
09/25/06 21:45,0.0
09/25/06 21:50,0.0
09/25/06 21:55,0.0
09/25/06 22:00,0.0
09/25/06 22:05,0.0
09/25/06 22:10,0.0
09/25/06 22:15,0.0
09/25/06 22:20,0.0
09/25/06 22:25,0.0
09/25/06 22:30,0.0
09/25/06 22:35,0.0
09/25/06 22:40,0.0
09/25/06 22:45,0.0
09/25/06 22:50,0.0
09/25/06 22:55,0.0
09/25/06 23:00,0.0
09/25/06 23:05,0.0
09/25/06 23:10,0.0
09/25/06 23:15,0.0
09/25/06 23:20,0.0
09/25/06 23:25,0.0
09/25/06 23:30,0.0
09/25/06 23:35,0.0
09/25/06 23:40,0.0
09/25/06 23:45,0.0
09/25/06 23:50,0.0
09/25/06 23:55,0.0
09/26/06 00:00,0.0
09/26/06 00:05,0.0
09/26/06 00:10,0.0
09/26/06 00:15,0.0
09/26/06 00:20,0.0
09/26/06 00:25,0.0
09/26/06 00:30,0.0
09/26/06 00:35,0.0
09/26/06 00:40,0.0
09/26/06 00:45,0.0
09/26/06 00:50,0.0
09/26/06 00:55,0.0
09/26/06 01:00,0.0
09/26/06 01:05,0.0
09/26/06 01:10,0.0
09/26/06 01:15,0.0
09/26/06 01:20,0.0
09/26/06 01:25,0.0
09/26/06 01:30,0.0
09/26/06 01:35,0.0
09/26/06 01:40,0.0
09/26/06 01:45,0.0
09/26/06 01:50,0.0
09/26/06 01:55,0.0
09/26/06 02:00,0.0
09/26/06 02:05,0.0
09/26/06 02:10,0.0
09/26/06 02:15,0.0
09/26/06 02:20,0.0
09/26/06 02:25,0.0
09/26/06 02:30,0.0
09/26/06 02:35,0.0
09/26/06 02:40,0.0
09/26/06 02:45,0.0
09/26/06 02:50,0.0
09/26/06 02:55,0.0
09/26/06 03:00,0.0
09/26/06 03:05,0.0
09/26/06 03:10,0.0
09/26/06 03:15,0.0
09/26/06 03:20,0.0
09/26/06 03:25,0.0
09/26/06 03:30,0.0
09/26/06 03:35,0.0
09/26/06 03:40,0.0
09/26/06 03:45,0.0
09/26/06 03:50,0.0
09/26/06 03:55,0.0
09/26/06 04:00,0.0
09/26/06 04:05,0.0
09/26/06 04:10,0.0
09/26/06 04:15,0.0
09/26/06 04:20,0.0
09/26/06 04:25,0.0
09/26/06 04:30,0.0
09/26/06 04:35,0.0
09/26/06 04:40,0.0
09/26/06 04:45,0.0
09/26/06 04:50,0.0
09/26/06 04:55,0.0
09/26/06 05:00,0.0
09/26/06 05:05,0.0
09/26/06 05:10,0.0
09/26/06 05:15,0.0
09/26/06 05:20,0.0
09/26/06 05:25,0.0
09/26/06 05:30,0.0
09/26/06 05:35,0.0
09/26/06 05:40,0.0
09/26/06 05:45,0.0
09/26/06 05:50,0.0
09/26/06 05:55,0.0
09/26/06 06:00,0.0
09/26/06 06:05,0.0
09/26/06 06:10,0.0
09/26/06 06:15,0.0
09/26/06 06:20,0.2
09/26/06 06:25,0.4
09/26/06 06:30,1.0
09/26/06 06:35,2.1
09/26/06 06:40,3.5
09/26/06 06:45,4.0
09/26/06 06:50,4.2
09/26/06 06:55,4.6
09/26/06 07:00,4.8
09/26/06 07:05,5.1
09/26/06 07:10,5.3
09/26/06 07:15,6.0
09/26/06 07:20,7.0
09/26/06 07:25,7.8
09/26/06 07:30,8.5
09/26/06 07:35,9.2
09/26/06 07:40,9.9
09/26/06 07:45,10.5
09/26/06 07:50,11.2
09/26/06 07:55,11.9
09/26/06 08:00,12.7
09/26/06 08:05,13.3
09/26/06 08:10,14.0
09/26/06 08:15,14.6
09/26/06 08:20,15.3
09/26/06 08:25,16.1
09/26/06 08:30,16.8
09/26/06 08:35,17.6
09/26/06 08:40,18.1
09/26/06 08:45,18.7
09/26/06 08:50,19.1
09/26/06 08:55,19.5
09/26/06 09:00,20.0
09/26/06 09:05,20.6
09/26/06 09:10,21.2
09/26/06 09:15,21.5
09/26/06 09:20,21.6
09/26/06 09:25,21.7
09/26/06 09:30,22.0
09/26/06 09:35,22.4
09/26/06 09:40,23.0
09/26/06 09:45,23.5
09/26/06 09:50,23.8
09/26/06 09:55,24.0
09/26/06 10:00,24.1
09/26/06 10:05,24.2
09/26/06 10:10,24.4
09/26/06 10:15,24.3
09/26/06 10:20,24.1
09/26/06 10:25,24.1
09/26/06 10:30,24.1
09/26/06 10:35,24.2
09/26/06 10:40,24.3
09/26/06 10:45,24.6
09/26/06 10:50,24.8
09/26/06 10:55,25.1
09/26/06 11:00,25.4
09/26/06 11:05,25.7
09/26/06 11:10,25.9
09/26/06 11:15,26.0
09/26/06 11:20,26.0
09/26/06 11:25,26.0
09/26/06 11:30,26.1
09/26/06 11:35,26.1
09/26/06 11:40,26.1
09/26/06 11:45,26.0
09/26/06 11:50,26.0
09/26/06 11:55,25.9
09/26/06 12:00,25.9
09/26/06 12:05,25.9
09/26/06 12:10,25.9
09/26/06 12:15,25.8
09/26/06 12:20,25.7
09/26/06 12:25,25.5
09/26/06 12:30,25.3
09/26/06 12:35,25.0
09/26/06 12:40,24.6
09/26/06 12:45,24.3
09/26/06 12:50,24.0
09/26/06 12:55,23.8
09/26/06 13:00,23.7
09/26/06 13:05,23.5
09/26/06 13:10,23.3
09/26/06 13:15,23.3
09/26/06 13:20,23.3
09/26/06 13:25,23.2
09/26/06 13:30,23.0
09/26/06 13:35,22.7
09/26/06 13:40,22.4
09/26/06 13:45,22.2
09/26/06 13:50,22.0
09/26/06 13:55,21.7
09/26/06 14:00,21.5
09/26/06 14:05,21.2
09/26/06 14:10,20.7
09/26/06 14:15,20.3
09/26/06 14:20,19.8
09/26/06 14:25,19.4
09/26/06 14:30,19.0
09/26/06 14:35,18.6
09/26/06 14:40,18.2
09/26/06 14:45,17.8
09/26/06 14:50,17.4
09/26/06 14:55,16.9
09/26/06 15:00,16.4
09/26/06 15:05,15.8
09/26/06 15:10,15.2
09/26/06 15:15,14.5
09/26/06 15:20,13.7
09/26/06 15:25,13.0
09/26/06 15:30,12.2
09/26/06 15:35,11.3
09/26/06 15:40,10.6
09/26/06 15:45,9.9
09/26/06 15:50,9.2
09/26/06 15:55,8.6
09/26/06 16:00,8.0
09/26/06 16:05,7.4
09/26/06 16:10,6.8
09/26/06 16:15,6.3
09/26/06 16:20,5.8
09/26/06 16:25,5.3
09/26/06 16:30,4.8
09/26/06 16:35,4.2
09/26/06 16:40,3.8
09/26/06 16:45,3.0
09/26/06 16:50,1.6
09/26/06 16:55,0.8
09/26/06 17:00,0.3
09/26/06 17:05,0.1
09/26/06 17:10,0.0
09/26/06 17:15,0.0
09/26/06 17:20,0.0
09/26/06 17:25,0.0
09/26/06 17:30,0.0
09/26/06 17:35,0.0
09/26/06 17:40,0.0
09/26/06 17:45,0.0
09/26/06 17:50,0.0
09/26/06 17:55,0.0
09/26/06 18:00,0.0
09/26/06 18:05,0.0
09/26/06 18:10,0.0
09/26/06 18:15,0.0
09/26/06 18:20,0.0
09/26/06 18:25,0.0
09/26/06 18:30,0.0
09/26/06 18:35,0.0
09/26/06 18:40,0.0
09/26/06 18:45,0.0
09/26/06 18:50,0.0
09/26/06 18:55,0.0
09/26/06 19:00,0.0
09/26/06 19:05,0.0
09/26/06 19:10,0.0
09/26/06 19:15,0.0
09/26/06 19:20,0.0
09/26/06 19:25,0.0
09/26/06 19:30,0.0
09/26/06 19:35,0.0
09/26/06 19:40,0.0
09/26/06 19:45,0.0
09/26/06 19:50,0.0
09/26/06 19:55,0.0
09/26/06 20:00,0.0
09/26/06 20:05,0.0
09/26/06 20:10,0.0
09/26/06 20:15,0.0
09/26/06 20:20,0.0
09/26/06 20:25,0.0
09/26/06 20:30,0.0
09/26/06 20:35,0.0
09/26/06 20:40,0.0
09/26/06 20:45,0.0
09/26/06 20:50,0.0
09/26/06 20:55,0.0
09/26/06 21:00,0.0
09/26/06 21:05,0.0
09/26/06 21:10,0.0
09/26/06 21:15,0.0
09/26/06 21:20,0.0
09/26/06 21:25,0.0
09/26/06 21:30,0.0
09/26/06 21:35,0.0
09/26/06 21:40,0.0
09/26/06 21:45,0.0
09/26/06 21:50,0.0
09/26/06 21:55,0.0
09/26/06 22:00,0.0
09/26/06 22:05,0.0
09/26/06 22:10,0.0
09/26/06 22:15,0.0
09/26/06 22:20,0.0
09/26/06 22:25,0.0
09/26/06 22:30,0.0
09/26/06 22:35,0.0
09/26/06 22:40,0.0
09/26/06 22:45,0.0
09/26/06 22:50,0.0
09/26/06 22:55,0.0
09/26/06 23:00,0.0
09/26/06 23:05,0.0
09/26/06 23:10,0.0
09/26/06 23:15,0.0
09/26/06 23:20,0.0
09/26/06 23:25,0.0
09/26/06 23:30,0.0
09/26/06 23:35,0.0
09/26/06 23:40,0.0
09/26/06 23:45,0.0
09/26/06 23:50,0.0
09/26/06 23:55,0.0
09/27/06 00:00,0.0
09/27/06 00:05,0.0
09/27/06 00:10,0.0
09/27/06 00:15,0.0
09/27/06 00:20,0.0
09/27/06 00:25,0.0
09/27/06 00:30,0.0
09/27/06 00:35,0.0
09/27/06 00:40,0.0
09/27/06 00:45,0.0
09/27/06 00:50,0.0
09/27/06 00:55,0.0
09/27/06 01:00,0.0
09/27/06 01:05,0.0
09/27/06 01:10,0.0
09/27/06 01:15,0.0
09/27/06 01:20,0.0
09/27/06 01:25,0.0
09/27/06 01:30,0.0
09/27/06 01:35,0.0
09/27/06 01:40,0.0
09/27/06 01:45,0.0
09/27/06 01:50,0.0
09/27/06 01:55,0.0
09/27/06 02:00,0.0
09/27/06 02:05,0.0
09/27/06 02:10,0.0
09/27/06 02:15,0.0
09/27/06 02:20,0.0
09/27/06 02:25,0.0
09/27/06 02:30,0.0
09/27/06 02:35,0.0
09/27/06 02:40,0.0
09/27/06 02:45,0.0
09/27/06 02:50,0.0
09/27/06 02:55,0.0
09/27/06 03:00,0.0
09/27/06 03:05,0.0
09/27/06 03:10,0.0
09/27/06 03:15,0.0
09/27/06 03:20,0.0
09/27/06 03:25,0.0
09/27/06 03:30,0.0
09/27/06 03:35,0.0
09/27/06 03:40,0.0
09/27/06 03:45,0.0
09/27/06 03:50,0.0
09/27/06 03:55,0.0
09/27/06 04:00,0.0
09/27/06 04:05,0.0
09/27/06 04:10,0.0
09/27/06 04:15,0.0
09/27/06 04:20,0.0
09/27/06 04:25,0.0
09/27/06 04:30,0.0
09/27/06 04:35,0.0
09/27/06 04:40,0.0
09/27/06 04:45,0.0
09/27/06 04:50,0.0
09/27/06 04:55,0.0
09/27/06 05:00,0.0
09/27/06 05:05,0.0
09/27/06 05:10,0.0
09/27/06 05:15,0.0
09/27/06 05:20,0.0
09/27/06 05:25,0.0
09/27/06 05:30,0.0
09/27/06 05:35,0.0
09/27/06 05:40,0.0
09/27/06 05:45,0.0
09/27/06 05:50,0.0
09/27/06 05:55,0.0
09/27/06 06:00,0.0
09/27/06 06:05,0.0
09/27/06 06:10,0.0
09/27/06 06:15,0.0
09/27/06 06:20,0.1
09/27/06 06:25,0.3
09/27/06 06:30,0.6
09/27/06 06:35,1.1
09/27/06 06:40,2.0
09/27/06 06:45,3.2
09/27/06 06:50,3.8
09/27/06 06:55,4.2
09/27/06 07:00,4.7
09/27/06 07:05,5.1
09/27/06 07:10,5.6
09/27/06 07:15,6.3
09/27/06 07:20,6.8
09/27/06 07:25,7.4
09/27/06 07:30,8.0
09/27/06 07:35,8.6
09/27/06 07:40,9.2
09/27/06 07:45,9.9
09/27/06 07:50,10.7
09/27/06 07:55,11.3
09/27/06 08:00,12.1
09/27/06 08:05,12.8
09/27/06 08:10,13.5
09/27/06 08:15,14.2
09/27/06 08:20,14.9
09/27/06 08:25,15.5
09/27/06 08:30,16.2
09/27/06 08:35,16.9
09/27/06 08:40,17.4
09/27/06 08:45,17.9
09/27/06 08:50,18.5
09/27/06 08:55,19.1
09/27/06 09:00,19.6
09/27/06 09:05,20.0
09/27/06 09:10,20.4
09/27/06 09:15,20.6
09/27/06 09:20,20.5
09/27/06 09:25,20.6
09/27/06 09:30,20.3
09/27/06 09:35,20.3
09/27/06 09:40,20.2
09/27/06 09:45,20.2
09/27/06 09:50,20.4
09/27/06 09:55,20.4
09/27/06 10:00,20.5
09/27/06 10:05,20.7
09/27/06 10:10,21.1
09/27/06 10:15,21.6
09/27/06 10:20,22.1
09/27/06 10:25,22.5
09/27/06 10:30,22.8
09/27/06 10:35,23.0
09/27/06 10:40,23.2
09/27/06 10:45,23.4
09/27/06 10:50,23.7
09/27/06 10:55,24.0
09/27/06 11:00,24.0
09/27/06 11:05,24.1
09/27/06 11:10,24.2
09/27/06 11:15,24.3
09/27/06 11:20,24.4
09/27/06 11:25,24.3
09/27/06 11:30,24.4
09/27/06 11:35,24.5
09/27/06 11:40,24.7
09/27/06 11:45,25.0
09/27/06 11:50,25.2
09/27/06 11:55,25.4
09/27/06 12:00,25.4
09/27/06 12:05,25.3
09/27/06 12:10,25.1
09/27/06 12:15,24.8
09/27/06 12:20,24.6
09/27/06 12:25,24.5
09/27/06 12:30,24.4
09/27/06 12:35,24.3
09/27/06 12:40,24.1
09/27/06 12:45,23.9
09/27/06 12:50,23.7
09/27/06 12:55,23.6
09/27/06 13:00,23.4
09/27/06 13:05,23.3
09/27/06 13:10,23.2
09/27/06 13:15,23.0
09/27/06 13:20,22.6
09/27/06 13:25,22.3
09/27/06 13:30,22.1
09/27/06 13:35,22.0
09/27/06 13:40,21.8
09/27/06 13:45,21.4
09/27/06 13:50,21.0
09/27/06 13:55,20.6
09/27/06 14:00,20.2
09/27/06 14:05,19.8
09/27/06 14:10,19.3
09/27/06 14:15,18.9
09/27/06 14:20,18.3
09/27/06 14:25,17.4
09/27/06 14:30,16.4
09/27/06 14:35,14.8
09/27/06 14:40,13.2
09/27/06 14:45,11.6
09/27/06 14:50,11.1
09/27/06 14:55,10.6
09/27/06 15:00,10.2
09/27/06 15:05,10.2
09/27/06 15:10,10.8
09/27/06 15:15,11.4
09/27/06 15:20,11.9
09/27/06 15:25,11.9
09/27/06 15:30,11.6
09/27/06 15:35,11.2
09/27/06 15:40,10.6
09/27/06 15:45,10.0
09/27/06 15:50,9.4
09/27/06 15:55,8.8
09/27/06 16:00,8.2
09/27/06 16:05,7.6
09/27/06 16:10,7.0
09/27/06 16:15,6.5
09/27/06 16:20,6.0
09/27/06 16:25,5.4
09/27/06 16:30,4.8
09/27/06 16:35,4.3
09/27/06 16:40,3.7
09/27/06 16:45,2.7
09/27/06 16:50,1.5
09/27/06 16:55,0.8
09/27/06 17:00,0.3
09/27/06 17:05,0.1
09/27/06 17:10,0.1
09/27/06 17:15,0.0
09/27/06 17:20,0.0
09/27/06 17:25,0.0
09/27/06 17:30,0.0
09/27/06 17:35,0.0
09/27/06 17:40,0.0
09/27/06 17:45,0.0
09/27/06 17:50,0.0
09/27/06 17:55,0.0
09/27/06 18:00,0.0
09/27/06 18:05,0.0
09/27/06 18:10,0.0
09/27/06 18:15,0.0
09/27/06 18:20,0.0
09/27/06 18:25,0.0
09/27/06 18:30,0.0
09/27/06 18:35,0.0
09/27/06 18:40,0.0
09/27/06 18:45,0.0
09/27/06 18:50,0.0
09/27/06 18:55,0.0
09/27/06 19:00,0.0
09/27/06 19:05,0.0
09/27/06 19:10,0.0
09/27/06 19:15,0.0
09/27/06 19:20,0.0
09/27/06 19:25,0.0
09/27/06 19:30,0.0
09/27/06 19:35,0.0
09/27/06 19:40,0.0
09/27/06 19:45,0.0
09/27/06 19:50,0.0
09/27/06 19:55,0.0
09/27/06 20:00,0.0
09/27/06 20:05,0.0
09/27/06 20:10,0.0
09/27/06 20:15,0.0
09/27/06 20:20,0.0
09/27/06 20:25,0.0
09/27/06 20:30,0.0
09/27/06 20:35,0.0
09/27/06 20:40,0.0
09/27/06 20:45,0.0
09/27/06 20:50,0.0
09/27/06 20:55,0.0
09/27/06 21:00,0.0
09/27/06 21:05,0.0
09/27/06 21:10,0.0
09/27/06 21:15,0.0
09/27/06 21:20,0.0
09/27/06 21:25,0.0
09/27/06 21:30,0.0
09/27/06 21:35,0.0
09/27/06 21:40,0.0
09/27/06 21:45,0.0
09/27/06 21:50,0.0
09/27/06 21:55,0.0
09/27/06 22:00,0.0
09/27/06 22:05,0.0
09/27/06 22:10,0.0
09/27/06 22:15,0.0
09/27/06 22:20,0.0
09/27/06 22:25,0.0
09/27/06 22:30,0.0
09/27/06 22:35,0.0
09/27/06 22:40,0.0
09/27/06 22:45,0.0
09/27/06 22:50,0.0
09/27/06 22:55,0.0
09/27/06 23:00,0.0
09/27/06 23:05,0.0
09/27/06 23:10,0.0
09/27/06 23:15,0.0
09/27/06 23:20,0.0
09/27/06 23:25,0.0
09/27/06 23:30,0.0
09/27/06 23:35,0.0
09/27/06 23:40,0.0
09/27/06 23:45,0.0
09/27/06 23:50,0.0
09/27/06 23:55,0.0
09/28/06 00:00,0.0
09/28/06 00:05,0.0
09/28/06 00:10,0.0
09/28/06 00:15,0.0
09/28/06 00:20,0.0
09/28/06 00:25,0.0
09/28/06 00:30,0.0
09/28/06 00:35,0.0
09/28/06 00:40,0.0
09/28/06 00:45,0.0
09/28/06 00:50,0.0
09/28/06 00:55,0.0
09/28/06 01:00,0.0
09/28/06 01:05,0.0
09/28/06 01:10,0.0
09/28/06 01:15,0.0
09/28/06 01:20,0.0
09/28/06 01:25,0.0
09/28/06 01:30,0.0
09/28/06 01:35,0.0
09/28/06 01:40,0.0
09/28/06 01:45,0.0
09/28/06 01:50,0.0
09/28/06 01:55,0.0
09/28/06 02:00,0.0
09/28/06 02:05,0.0
09/28/06 02:10,0.0
09/28/06 02:15,0.0
09/28/06 02:20,0.0
09/28/06 02:25,0.0
09/28/06 02:30,0.0
09/28/06 02:35,0.0
09/28/06 02:40,0.0
09/28/06 02:45,0.0
09/28/06 02:50,0.0
09/28/06 02:55,0.0
09/28/06 03:00,0.0
09/28/06 03:05,0.0
09/28/06 03:10,0.0
09/28/06 03:15,0.0
09/28/06 03:20,0.0
09/28/06 03:25,0.0
09/28/06 03:30,0.0
09/28/06 03:35,0.0
09/28/06 03:40,0.0
09/28/06 03:45,0.0
09/28/06 03:50,0.0
09/28/06 03:55,0.0
09/28/06 04:00,0.0
09/28/06 04:05,0.0
09/28/06 04:10,0.0
09/28/06 04:15,0.0
09/28/06 04:20,0.0
09/28/06 04:25,0.0
09/28/06 04:30,0.0
09/28/06 04:35,0.0
09/28/06 04:40,0.0
09/28/06 04:45,0.0
09/28/06 04:50,0.0
09/28/06 04:55,0.0
09/28/06 05:00,0.0
09/28/06 05:05,0.0
09/28/06 05:10,0.0
09/28/06 05:15,0.0
09/28/06 05:20,0.0
09/28/06 05:25,0.0
09/28/06 05:30,0.0
09/28/06 05:35,0.0
09/28/06 05:40,0.0
09/28/06 05:45,0.0
09/28/06 05:50,0.0
09/28/06 05:55,0.0
09/28/06 06:00,0.0
09/28/06 06:05,0.0
09/28/06 06:10,0.0
09/28/06 06:15,0.0
09/28/06 06:20,0.1
09/28/06 06:25,0.1
09/28/06 06:30,0.2
09/28/06 06:35,0.3
09/28/06 06:40,0.5
09/28/06 06:45,0.7
09/28/06 06:50,1.2
09/28/06 06:55,2.0
09/28/06 07:00,3.1
09/28/06 07:05,3.8
09/28/06 07:10,4.2
09/28/06 07:15,4.7
09/28/06 07:20,5.3
09/28/06 07:25,5.7
09/28/06 07:30,6.2
09/28/06 07:35,6.8
09/28/06 07:40,7.7
09/28/06 07:45,8.5
09/28/06 07:50,9.3
09/28/06 07:55,10.1
09/28/06 08:00,10.9
09/28/06 08:05,12.0
09/28/06 08:10,13.2
09/28/06 08:15,14.2
09/28/06 08:20,15.1
09/28/06 08:25,15.9
09/28/06 08:30,16.7
09/28/06 08:35,17.5
09/28/06 08:40,18.0
09/28/06 08:45,18.5
09/28/06 08:50,18.9
09/28/06 08:55,19.4
09/28/06 09:00,19.8
09/28/06 09:05,20.0
09/28/06 09:10,20.1
09/28/06 09:15,20.6
09/28/06 09:20,21.2
09/28/06 09:25,21.7
09/28/06 09:30,22.0
09/28/06 09:35,22.2
09/28/06 09:40,22.4
09/28/06 09:45,22.5
09/28/06 09:50,22.7
09/28/06 09:55,22.8
09/28/06 10:00,22.9
09/28/06 10:05,23.0
09/28/06 10:10,23.2
09/28/06 10:15,23.5
09/28/06 10:20,23.7
09/28/06 10:25,23.8
09/28/06 10:30,24.0
09/28/06 10:35,24.3
09/28/06 10:40,24.6
09/28/06 10:45,25.1
09/28/06 10:50,25.3
09/28/06 10:55,25.6
09/28/06 11:00,25.9
09/28/06 11:05,26.1
09/28/06 11:10,26.2
09/28/06 11:15,26.0
09/28/06 11:20,25.6
09/28/06 11:25,25.5
09/28/06 11:30,25.4
09/28/06 11:35,25.3
09/28/06 11:40,25.3
09/28/06 11:45,25.3
09/28/06 11:50,25.3
09/28/06 11:55,25.4
09/28/06 12:00,25.3
09/28/06 12:05,25.4
09/28/06 12:10,25.5
09/28/06 12:15,25.4
09/28/06 12:20,25.3
09/28/06 12:25,25.3
09/28/06 12:30,25.3
09/28/06 12:35,25.3
09/28/06 12:40,25.2
09/28/06 12:45,25.1
09/28/06 12:50,25.1
09/28/06 12:55,25.0
09/28/06 13:00,24.8
09/28/06 13:05,24.6
09/28/06 13:10,24.1
09/28/06 13:15,23.7
09/28/06 13:20,23.0
09/28/06 13:25,22.2
09/28/06 13:30,21.8
09/28/06 13:35,21.3
09/28/06 13:40,20.9
09/28/06 13:45,20.4
09/28/06 13:50,20.1
09/28/06 13:55,19.6
09/28/06 14:00,19.3
09/28/06 14:05,19.3
09/28/06 14:10,19.4
09/28/06 14:15,19.4
09/28/06 14:20,19.1
09/28/06 14:25,18.8
09/28/06 14:30,18.3
09/28/06 14:35,17.6
09/28/06 14:40,17.0
09/28/06 14:45,16.2
09/28/06 14:50,15.4
09/28/06 14:55,14.8
09/28/06 15:00,14.2
09/28/06 15:05,13.6
09/28/06 15:10,13.1
09/28/06 15:15,12.8
09/28/06 15:20,12.5
09/28/06 15:25,12.0
09/28/06 15:30,11.4
09/28/06 15:35,10.9
09/28/06 15:40,10.2
09/28/06 15:45,9.4
09/28/06 15:50,8.7
09/28/06 15:55,8.0
09/28/06 16:00,7.3
09/28/06 16:05,6.7
09/28/06 16:10,6.1
09/28/06 16:15,5.7
09/28/06 16:20,5.3
09/28/06 16:25,4.7
09/28/06 16:30,4.3
09/28/06 16:35,3.8
09/28/06 16:40,3.5
09/28/06 16:45,2.2
09/28/06 16:50,1.2
09/28/06 16:55,0.7
09/28/06 17:00,0.3
09/28/06 17:05,0.1
09/28/06 17:10,0.0
09/28/06 17:15,0.0
09/28/06 17:20,0.0
09/28/06 17:25,0.0
09/28/06 17:30,0.0
09/28/06 17:35,0.0
09/28/06 17:40,0.0
09/28/06 17:45,0.0
09/28/06 17:50,0.0
09/28/06 17:55,0.0
09/28/06 18:00,0.0
09/28/06 18:05,0.0
09/28/06 18:10,0.0
09/28/06 18:15,0.0
09/28/06 18:20,0.0
09/28/06 18:25,0.0
09/28/06 18:30,0.0
09/28/06 18:35,0.0
09/28/06 18:40,0.0
09/28/06 18:45,0.0
09/28/06 18:50,0.0
09/28/06 18:55,0.0
09/28/06 19:00,0.0
09/28/06 19:05,0.0
09/28/06 19:10,0.0
09/28/06 19:15,0.0
09/28/06 19:20,0.0
09/28/06 19:25,0.0
09/28/06 19:30,0.0
09/28/06 19:35,0.0
09/28/06 19:40,0.0
09/28/06 19:45,0.0
09/28/06 19:50,0.0
09/28/06 19:55,0.0
09/28/06 20:00,0.0
09/28/06 20:05,0.0
09/28/06 20:10,0.0
09/28/06 20:15,0.0
09/28/06 20:20,0.0
09/28/06 20:25,0.0
09/28/06 20:30,0.0
09/28/06 20:35,0.0
09/28/06 20:40,0.0
09/28/06 20:45,0.0
09/28/06 20:50,0.0
09/28/06 20:55,0.0
09/28/06 21:00,0.0
09/28/06 21:05,0.0
09/28/06 21:10,0.0
09/28/06 21:15,0.0
09/28/06 21:20,0.0
09/28/06 21:25,0.0
09/28/06 21:30,0.0
09/28/06 21:35,0.0
09/28/06 21:40,0.0
09/28/06 21:45,0.0
09/28/06 21:50,0.0
09/28/06 21:55,0.0
09/28/06 22:00,0.0
09/28/06 22:05,0.0
09/28/06 22:10,0.0
09/28/06 22:15,0.0
09/28/06 22:20,0.0
09/28/06 22:25,0.0
09/28/06 22:30,0.0
09/28/06 22:35,0.0
09/28/06 22:40,0.0
09/28/06 22:45,0.0
09/28/06 22:50,0.0
09/28/06 22:55,0.0
09/28/06 23:00,0.0
09/28/06 23:05,0.0
09/28/06 23:10,0.0
09/28/06 23:15,0.0
09/28/06 23:20,0.0
09/28/06 23:25,0.0
09/28/06 23:30,0.0
09/28/06 23:35,0.0
09/28/06 23:40,0.0
09/28/06 23:45,0.0
09/28/06 23:50,0.0
09/28/06 23:55,0.0
09/29/06 00:00,0.0
09/29/06 00:05,0.0
09/29/06 00:10,0.0
09/29/06 00:15,0.0
09/29/06 00:20,0.0
09/29/06 00:25,0.0
09/29/06 00:30,0.0
09/29/06 00:35,0.0
09/29/06 00:40,0.0
09/29/06 00:45,0.0
09/29/06 00:50,0.0
09/29/06 00:55,0.0
09/29/06 01:00,0.0
09/29/06 01:05,0.0
09/29/06 01:10,0.0
09/29/06 01:15,0.0
09/29/06 01:20,0.0
09/29/06 01:25,0.0
09/29/06 01:30,0.0
09/29/06 01:35,0.0
09/29/06 01:40,0.0
09/29/06 01:45,0.0
09/29/06 01:50,0.0
09/29/06 01:55,0.0
09/29/06 02:00,0.0
09/29/06 02:05,0.0
09/29/06 02:10,0.0
09/29/06 02:15,0.0
09/29/06 02:20,0.0
09/29/06 02:25,0.0
09/29/06 02:30,0.0
09/29/06 02:35,0.0
09/29/06 02:40,0.0
09/29/06 02:45,0.0
09/29/06 02:50,0.0
09/29/06 02:55,0.0
09/29/06 03:00,0.0
09/29/06 03:05,0.0
09/29/06 03:10,0.0
09/29/06 03:15,0.0
09/29/06 03:20,0.0
09/29/06 03:25,0.0
09/29/06 03:30,0.0
09/29/06 03:35,0.0
09/29/06 03:40,0.0
09/29/06 03:45,0.0
09/29/06 03:50,0.0
09/29/06 03:55,0.0
09/29/06 04:00,0.0
09/29/06 04:05,0.0
09/29/06 04:10,0.0
09/29/06 04:15,0.0
09/29/06 04:20,0.0
09/29/06 04:25,0.0
09/29/06 04:30,0.0
09/29/06 04:35,0.0
09/29/06 04:40,0.0
09/29/06 04:45,0.0
09/29/06 04:50,0.0
09/29/06 04:55,0.0
09/29/06 05:00,0.0
09/29/06 05:05,0.0
09/29/06 05:10,0.0
09/29/06 05:15,0.0
09/29/06 05:20,0.0
09/29/06 05:25,0.0
09/29/06 05:30,0.0
09/29/06 05:35,0.0
09/29/06 05:40,0.0
09/29/06 05:45,0.0
09/29/06 05:50,0.0
09/29/06 05:55,0.0
09/29/06 06:00,0.0
09/29/06 06:05,0.0
09/29/06 06:10,0.0
09/29/06 06:15,0.0
09/29/06 06:20,0.1
09/29/06 06:25,0.3
09/29/06 06:30,0.6
09/29/06 06:35,1.2
09/29/06 06:40,2.3
09/29/06 06:45,3.8
09/29/06 06:50,4.3
09/29/06 06:55,4.8
09/29/06 07:00,5.4
09/29/06 07:05,6.0
09/29/06 07:10,6.6
09/29/06 07:15,7.1
09/29/06 07:20,7.6
09/29/06 07:25,8.1
09/29/06 07:30,8.7
09/29/06 07:35,9.4
09/29/06 07:40,10.0
09/29/06 07:45,10.7
09/29/06 07:50,11.4
09/29/06 07:55,12.2
09/29/06 08:00,12.9
09/29/06 08:05,13.6
09/29/06 08:10,14.3
09/29/06 08:15,15.0
09/29/06 08:20,15.7
09/29/06 08:25,15.7
09/29/06 08:30,15.3
09/29/06 08:35,15.3
09/29/06 08:40,15.3
09/29/06 08:45,15.4
09/29/06 08:50,15.7
09/29/06 08:55,16.4
09/29/06 09:00,17.0
09/29/06 09:05,17.6
09/29/06 09:10,18.1
09/29/06 09:15,19.1
09/29/06 09:20,20.1
09/29/06 09:25,20.8
09/29/06 09:30,21.4
09/29/06 09:35,21.7
09/29/06 09:40,22.2
09/29/06 09:45,22.6
09/29/06 09:50,22.9
09/29/06 09:55,23.1
09/29/06 10:00,23.4
09/29/06 10:05,23.7
09/29/06 10:10,23.9
09/29/06 10:15,24.1
09/29/06 10:20,24.2
09/29/06 10:25,24.3
09/29/06 10:30,24.5
09/29/06 10:35,24.7
09/29/06 10:40,24.7
09/29/06 10:45,24.7
09/29/06 10:50,24.9
09/29/06 10:55,25.1
09/29/06 11:00,25.1
09/29/06 11:05,25.0
09/29/06 11:10,24.8
09/29/06 11:15,24.7
09/29/06 11:20,24.9
09/29/06 11:25,25.2
09/29/06 11:30,25.3
09/29/06 11:35,25.3
09/29/06 11:40,25.4
09/29/06 11:45,25.5
09/29/06 11:50,25.5
09/29/06 11:55,25.4
09/29/06 12:00,25.5
09/29/06 12:05,25.6
09/29/06 12:10,25.8
09/29/06 12:15,25.7
09/29/06 12:20,25.2
09/29/06 12:25,24.7
09/29/06 12:30,24.3
09/29/06 12:35,24.1
09/29/06 12:40,24.1
09/29/06 12:45,23.8
09/29/06 12:50,23.4
09/29/06 12:55,22.9
09/29/06 13:00,22.3
09/29/06 13:05,21.9
09/29/06 13:10,21.8
09/29/06 13:15,21.9
09/29/06 13:20,22.0
09/29/06 13:25,22.0
09/29/06 13:30,22.0
09/29/06 13:35,21.9
09/29/06 13:40,21.9
09/29/06 13:45,21.7
09/29/06 13:50,21.4
09/29/06 13:55,21.1
09/29/06 14:00,20.8
09/29/06 14:05,20.6
09/29/06 14:10,20.5
09/29/06 14:15,20.0
09/29/06 14:20,19.4
09/29/06 14:25,19.0
09/29/06 14:30,18.4
09/29/06 14:35,17.8
09/29/06 14:40,17.2
09/29/06 14:45,16.5
09/29/06 14:50,15.6
09/29/06 14:55,14.9
09/29/06 15:00,14.8
09/29/06 15:05,14.7
09/29/06 15:10,14.3
09/29/06 15:15,13.8
09/29/06 15:20,13.3
09/29/06 15:25,12.6
09/29/06 15:30,11.9
09/29/06 15:35,11.3
09/29/06 15:40,10.7
09/29/06 15:45,10.1
09/29/06 15:50,9.5
09/29/06 15:55,8.8
09/29/06 16:00,8.1
09/29/06 16:05,7.4
09/29/06 16:10,6.7
09/29/06 16:15,6.2
09/29/06 16:20,5.7
09/29/06 16:25,5.2
09/29/06 16:30,4.6
09/29/06 16:35,4.1
09/29/06 16:40,3.6
09/29/06 16:45,2.2
09/29/06 16:50,1.2
09/29/06 16:55,0.6
09/29/06 17:00,0.3
09/29/06 17:05,0.1
09/29/06 17:10,0.0
09/29/06 17:15,0.0
09/29/06 17:20,0.0
09/29/06 17:25,0.0
09/29/06 17:30,0.0
09/29/06 17:35,0.0
09/29/06 17:40,0.0
09/29/06 17:45,0.0
09/29/06 17:50,0.0
09/29/06 17:55,0.0
09/29/06 18:00,0.0
09/29/06 18:05,0.0
09/29/06 18:10,0.0
09/29/06 18:15,0.0
09/29/06 18:20,0.0
09/29/06 18:25,0.0
09/29/06 18:30,0.0
09/29/06 18:35,0.0
09/29/06 18:40,0.0
09/29/06 18:45,0.0
09/29/06 18:50,0.0
09/29/06 18:55,0.0
09/29/06 19:00,0.0
09/29/06 19:05,0.0
09/29/06 19:10,0.0
09/29/06 19:15,0.0
09/29/06 19:20,0.0
09/29/06 19:25,0.0
09/29/06 19:30,0.0
09/29/06 19:35,0.0
09/29/06 19:40,0.0
09/29/06 19:45,0.0
09/29/06 19:50,0.0
09/29/06 19:55,0.0
09/29/06 20:00,0.0
09/29/06 20:05,0.0
09/29/06 20:10,0.0
09/29/06 20:15,0.0
09/29/06 20:20,0.0
09/29/06 20:25,0.0
09/29/06 20:30,0.0
09/29/06 20:35,0.0
09/29/06 20:40,0.0
09/29/06 20:45,0.0
09/29/06 20:50,0.0
09/29/06 20:55,0.0
09/29/06 21:00,0.0
09/29/06 21:05,0.0
09/29/06 21:10,0.0
09/29/06 21:15,0.0
09/29/06 21:20,0.0
09/29/06 21:25,0.0
09/29/06 21:30,0.0
09/29/06 21:35,0.0
09/29/06 21:40,0.0
09/29/06 21:45,0.0
09/29/06 21:50,0.0
09/29/06 21:55,0.0
09/29/06 22:00,0.0
09/29/06 22:05,0.0
09/29/06 22:10,0.0
09/29/06 22:15,0.0
09/29/06 22:20,0.0
09/29/06 22:25,0.0
09/29/06 22:30,0.0
09/29/06 22:35,0.0
09/29/06 22:40,0.0
09/29/06 22:45,0.0
09/29/06 22:50,0.0
09/29/06 22:55,0.0
09/29/06 23:00,0.0
09/29/06 23:05,0.0
09/29/06 23:10,0.0
09/29/06 23:15,0.0
09/29/06 23:20,0.0
09/29/06 23:25,0.0
09/29/06 23:30,0.0
09/29/06 23:35,0.0
09/29/06 23:40,0.0
09/29/06 23:45,0.0
09/29/06 23:50,0.0
09/29/06 23:55,0.0
09/30/06 00:00,0.0
09/30/06 00:05,0.0
09/30/06 00:10,0.0
09/30/06 00:15,0.0
09/30/06 00:20,0.0
09/30/06 00:25,0.0
09/30/06 00:30,0.0
09/30/06 00:35,0.0
09/30/06 00:40,0.0
09/30/06 00:45,0.0
09/30/06 00:50,0.0
09/30/06 00:55,0.0
09/30/06 01:00,0.0
09/30/06 01:05,0.0
09/30/06 01:10,0.0
09/30/06 01:15,0.0
09/30/06 01:20,0.0
09/30/06 01:25,0.0
09/30/06 01:30,0.0
09/30/06 01:35,0.0
09/30/06 01:40,0.0
09/30/06 01:45,0.0
09/30/06 01:50,0.0
09/30/06 01:55,0.0
09/30/06 02:00,0.0
09/30/06 02:05,0.0
09/30/06 02:10,0.0
09/30/06 02:15,0.0
09/30/06 02:20,0.0
09/30/06 02:25,0.0
09/30/06 02:30,0.0
09/30/06 02:35,0.0
09/30/06 02:40,0.0
09/30/06 02:45,0.0
09/30/06 02:50,0.0
09/30/06 02:55,0.0
09/30/06 03:00,0.0
09/30/06 03:05,0.0
09/30/06 03:10,0.0
09/30/06 03:15,0.0
09/30/06 03:20,0.0
09/30/06 03:25,0.0
09/30/06 03:30,0.0
09/30/06 03:35,0.0
09/30/06 03:40,0.0
09/30/06 03:45,0.0
09/30/06 03:50,0.0
09/30/06 03:55,0.0
09/30/06 04:00,0.0
09/30/06 04:05,0.0
09/30/06 04:10,0.0
09/30/06 04:15,0.0
09/30/06 04:20,0.0
09/30/06 04:25,0.0
09/30/06 04:30,0.0
09/30/06 04:35,0.0
09/30/06 04:40,0.0
09/30/06 04:45,0.0
09/30/06 04:50,0.0
09/30/06 04:55,0.0
09/30/06 05:00,0.0
09/30/06 05:05,0.0
09/30/06 05:10,0.0
09/30/06 05:15,0.0
09/30/06 05:20,0.0
09/30/06 05:25,0.0
09/30/06 05:30,0.0
09/30/06 05:35,0.0
09/30/06 05:40,0.0
09/30/06 05:45,0.0
09/30/06 05:50,0.0
09/30/06 05:55,0.0
09/30/06 06:00,0.0
09/30/06 06:05,0.0
09/30/06 06:10,0.0
09/30/06 06:15,0.0
09/30/06 06:20,0.1
09/30/06 06:25,0.2
09/30/06 06:30,0.3
09/30/06 06:35,0.3
09/30/06 06:40,0.5
09/30/06 06:45,0.6
09/30/06 06:50,0.9
09/30/06 06:55,1.2
09/30/06 07:00,2.0
09/30/06 07:05,3.1
09/30/06 07:10,3.7
09/30/06 07:15,4.6
09/30/06 07:20,5.9
09/30/06 07:25,7.2
09/30/06 07:30,8.2
09/30/06 07:35,9.1
09/30/06 07:40,9.9
09/30/06 07:45,10.7
09/30/06 07:50,11.4
09/30/06 07:55,12.1
09/30/06 08:00,12.8
09/30/06 08:05,13.5
09/30/06 08:10,14.3
09/30/06 08:15,14.8
09/30/06 08:20,15.3
09/30/06 08:25,15.8
09/30/06 08:30,16.3
09/30/06 08:35,16.9
09/30/06 08:40,17.4
09/30/06 08:45,17.8
09/30/06 08:50,18.2
09/30/06 08:55,18.5
09/30/06 09:00,18.7
09/30/06 09:05,18.9
09/30/06 09:10,19.1
09/30/06 09:15,19.3
09/30/06 09:20,19.7
09/30/06 09:25,20.0
09/30/06 09:30,20.3
09/30/06 09:35,20.5
09/30/06 09:40,20.7
09/30/06 09:45,20.9
09/30/06 09:50,21.0
09/30/06 09:55,21.2
09/30/06 10:00,21.4
09/30/06 10:05,21.5
09/30/06 10:10,21.6
09/30/06 10:15,21.7
09/30/06 10:20,21.8
09/30/06 10:25,21.9
09/30/06 10:30,22.1
09/30/06 10:35,22.4
09/30/06 10:40,22.7
09/30/06 10:45,22.9
09/30/06 10:50,23.2
09/30/06 10:55,23.4
09/30/06 11:00,23.6
09/30/06 11:05,23.9
09/30/06 11:10,24.1
09/30/06 11:15,24.1
09/30/06 11:20,24.0
09/30/06 11:25,24.0
09/30/06 11:30,24.0
09/30/06 11:35,24.1
09/30/06 11:40,24.0
09/30/06 11:45,23.9
09/30/06 11:50,23.8
09/30/06 11:55,23.9
09/30/06 12:00,23.9
09/30/06 12:05,23.8
09/30/06 12:10,23.6
09/30/06 12:15,23.5
09/30/06 12:20,23.7
09/30/06 12:25,23.7
09/30/06 12:30,23.6
09/30/06 12:35,23.3
09/30/06 12:40,23.0
09/30/06 12:45,22.7
09/30/06 12:50,22.5
09/30/06 12:55,22.2
09/30/06 13:00,21.9
09/30/06 13:05,21.7
09/30/06 13:10,21.5
09/30/06 13:15,21.4
09/30/06 13:20,21.5
09/30/06 13:25,21.5
09/30/06 13:30,21.4
09/30/06 13:35,21.2
09/30/06 13:40,20.9
09/30/06 13:45,20.8
09/30/06 13:50,20.6
09/30/06 13:55,20.4
09/30/06 14:00,20.0
09/30/06 14:05,19.7
09/30/06 14:10,19.2
09/30/06 14:15,18.7
09/30/06 14:20,18.1
09/30/06 14:25,17.6
09/30/06 14:30,17.1
09/30/06 14:35,16.8
09/30/06 14:40,16.4
09/30/06 14:45,15.9
09/30/06 14:50,15.3
09/30/06 14:55,14.8
09/30/06 15:00,14.5
09/30/06 15:05,14.1
09/30/06 15:10,13.7
09/30/06 15:15,13.3
09/30/06 15:20,12.8
09/30/06 15:25,12.2
09/30/06 15:30,11.7
09/30/06 15:35,11.2
09/30/06 15:40,10.6
09/30/06 15:45,10.0
09/30/06 15:50,9.5
09/30/06 15:55,8.9
09/30/06 16:00,8.3
09/30/06 16:05,7.6
09/30/06 16:10,7.0
09/30/06 16:15,6.4
09/30/06 16:20,5.9
09/30/06 16:25,5.5
09/30/06 16:30,4.7
09/30/06 16:35,4.0
09/30/06 16:40,3.6
09/30/06 16:45,2.0
09/30/06 16:50,1.0
09/30/06 16:55,0.4
09/30/06 17:00,0.2
09/30/06 17:05,0.1
09/30/06 17:10,0.0
09/30/06 17:15,0.0
09/30/06 17:20,0.0
09/30/06 17:25,0.0
09/30/06 17:30,0.0
09/30/06 17:35,0.0
09/30/06 17:40,0.0
09/30/06 17:45,0.0
09/30/06 17:50,0.0
09/30/06 17:55,0.0
09/30/06 18:00,0.0
09/30/06 18:05,0.0
09/30/06 18:10,0.0
09/30/06 18:15,0.0
09/30/06 18:20,0.0
09/30/06 18:25,0.0
09/30/06 18:30,0.0
09/30/06 18:35,0.0
09/30/06 18:40,0.0
09/30/06 18:45,0.0
09/30/06 18:50,0.0
09/30/06 18:55,0.0
09/30/06 19:00,0.0
09/30/06 19:05,0.0
09/30/06 19:10,0.0
09/30/06 19:15,0.0
09/30/06 19:20,0.0
09/30/06 19:25,0.0
09/30/06 19:30,0.0
09/30/06 19:35,0.0
09/30/06 19:40,0.0
09/30/06 19:45,0.0
09/30/06 19:50,0.0
09/30/06 19:55,0.0
09/30/06 20:00,0.0
09/30/06 20:05,0.0
09/30/06 20:10,0.0
09/30/06 20:15,0.0
09/30/06 20:20,0.0
09/30/06 20:25,0.0
09/30/06 20:30,0.0
09/30/06 20:35,0.0
09/30/06 20:40,0.0
09/30/06 20:45,0.0
09/30/06 20:50,0.0
09/30/06 20:55,0.0
09/30/06 21:00,0.0
09/30/06 21:05,0.0
09/30/06 21:10,0.0
09/30/06 21:15,0.0
09/30/06 21:20,0.0
09/30/06 21:25,0.0
09/30/06 21:30,0.0
09/30/06 21:35,0.0
09/30/06 21:40,0.0
09/30/06 21:45,0.0
09/30/06 21:50,0.0
09/30/06 21:55,0.0
09/30/06 22:00,0.0
09/30/06 22:05,0.0
09/30/06 22:10,0.0
09/30/06 22:15,0.0
09/30/06 22:20,0.0
09/30/06 22:25,0.0
09/30/06 22:30,0.0
09/30/06 22:35,0.0
09/30/06 22:40,0.0
09/30/06 22:45,0.0
09/30/06 22:50,0.0
09/30/06 22:55,0.0
09/30/06 23:00,0.0
09/30/06 23:05,0.0
09/30/06 23:10,0.0
09/30/06 23:15,0.0
09/30/06 23:20,0.0
09/30/06 23:25,0.0
09/30/06 23:30,0.0
09/30/06 23:35,0.0
09/30/06 23:40,0.0
09/30/06 23:45,0.0
09/30/06 23:50,0.0
09/30/06 23:55,0.0
10/01/06 00:00,0.0
10/01/06 00:05,0.0
10/01/06 00:10,0.0
10/01/06 00:15,0.0
10/01/06 00:20,0.0
10/01/06 00:25,0.0
10/01/06 00:30,0.0
10/01/06 00:35,0.0
10/01/06 00:40,0.0
10/01/06 00:45,0.0
10/01/06 00:50,0.0
10/01/06 00:55,0.0
10/01/06 01:00,0.0
10/01/06 01:05,0.0
10/01/06 01:10,0.0
10/01/06 01:15,0.0
10/01/06 01:20,0.0
10/01/06 01:25,0.0
10/01/06 01:30,0.0
10/01/06 01:35,0.0
10/01/06 01:40,0.0
10/01/06 01:45,0.0
10/01/06 01:50,0.0
10/01/06 01:55,0.0
10/01/06 02:00,0.0
10/01/06 02:05,0.0
10/01/06 02:10,0.0
10/01/06 02:15,0.0
10/01/06 02:20,0.0
10/01/06 02:25,0.0
10/01/06 02:30,0.0
10/01/06 02:35,0.0
10/01/06 02:40,0.0
10/01/06 02:45,0.0
10/01/06 02:50,0.0
10/01/06 02:55,0.0
10/01/06 03:00,0.0
10/01/06 03:05,0.0
10/01/06 03:10,0.0
10/01/06 03:15,0.0
10/01/06 03:20,0.0
10/01/06 03:25,0.0
10/01/06 03:30,0.0
10/01/06 03:35,0.0
10/01/06 03:40,0.0
10/01/06 03:45,0.0
10/01/06 03:50,0.0
10/01/06 03:55,0.0
10/01/06 04:00,0.0
10/01/06 04:05,0.0
10/01/06 04:10,0.0
10/01/06 04:15,0.0
10/01/06 04:20,0.0
10/01/06 04:25,0.0
10/01/06 04:30,0.0
10/01/06 04:35,0.0
10/01/06 04:40,0.0
10/01/06 04:45,0.0
10/01/06 04:50,0.0
10/01/06 04:55,0.0
10/01/06 05:00,0.0
10/01/06 05:05,0.0
10/01/06 05:10,0.0
10/01/06 05:15,0.0
10/01/06 05:20,0.0
10/01/06 05:25,0.0
10/01/06 05:30,0.0
10/01/06 05:35,0.0
10/01/06 05:40,0.0
10/01/06 05:45,0.0
10/01/06 05:50,0.0
10/01/06 05:55,0.0
10/01/06 06:00,0.0
10/01/06 06:05,0.0
10/01/06 06:10,0.0
10/01/06 06:15,0.0
10/01/06 06:20,0.1
10/01/06 06:25,0.2
10/01/06 06:30,0.4
10/01/06 06:35,0.7
10/01/06 06:40,1.3
10/01/06 06:45,2.2
10/01/06 06:50,3.5
10/01/06 06:55,4.0
10/01/06 07:00,4.4
10/01/06 07:05,4.7
10/01/06 07:10,5.1
10/01/06 07:15,5.4
10/01/06 07:20,5.8
10/01/06 07:25,5.8
10/01/06 07:30,6.6
10/01/06 07:35,7.0
10/01/06 07:40,7.4
10/01/06 07:45,7.7
10/01/06 07:50,9.0
10/01/06 07:55,9.3
10/01/06 08:00,10.2
10/01/06 08:05,12.3
10/01/06 08:10,14.1
10/01/06 08:15,13.7
10/01/06 08:20,12.9
10/01/06 08:25,12.6
10/01/06 08:30,12.8
10/01/06 08:35,13.5
10/01/06 08:40,14.2
10/01/06 08:45,15.3
10/01/06 08:50,16.3
10/01/06 08:55,17.3
10/01/06 09:00,18.4
10/01/06 09:05,19.3
10/01/06 09:10,20.1
10/01/06 09:15,20.7
10/01/06 09:20,21.1
10/01/06 09:25,21.7
10/01/06 09:30,22.0
10/01/06 09:35,22.1
10/01/06 09:40,22.5
10/01/06 09:45,22.8
10/01/06 09:50,23.0
10/01/06 09:55,23.1
10/01/06 10:00,23.4
10/01/06 10:05,23.5
10/01/06 10:10,23.5
10/01/06 10:15,23.6
10/01/06 10:20,23.6
10/01/06 10:25,23.5
10/01/06 10:30,23.5
10/01/06 10:35,23.6
10/01/06 10:40,23.4
10/01/06 10:45,23.1
10/01/06 10:50,22.9
10/01/06 10:55,22.7
10/01/06 11:00,22.5
10/01/06 11:05,22.7
10/01/06 11:10,23.1
10/01/06 11:15,23.6
10/01/06 11:20,24.1
10/01/06 11:25,24.6
10/01/06 11:30,24.8
10/01/06 11:35,24.9
10/01/06 11:40,24.9
10/01/06 11:45,24.5
10/01/06 11:50,24.2
10/01/06 11:55,24.0
10/01/06 12:00,23.9
10/01/06 12:05,23.7
10/01/06 12:10,23.8
10/01/06 12:15,24.0
10/01/06 12:20,23.8
10/01/06 12:25,23.2
10/01/06 12:30,22.2
10/01/06 12:35,21.2
10/01/06 12:40,21.8
10/01/06 12:45,21.7
10/01/06 12:50,22.2
10/01/06 12:55,21.9
10/01/06 13:00,21.3
10/01/06 13:05,21.2
10/01/06 13:10,21.1
10/01/06 13:15,21.2
10/01/06 13:20,20.8
10/01/06 13:25,20.7
10/01/06 13:30,20.0
10/01/06 13:35,20.1
10/01/06 13:40,19.7
10/01/06 13:45,19.5
10/01/06 13:50,19.1
10/01/06 13:55,18.7
10/01/06 14:00,18.2
10/01/06 14:05,16.7
10/01/06 14:10,16.7
10/01/06 14:15,16.9
10/01/06 14:20,17.3
10/01/06 14:25,17.4
10/01/06 14:30,17.2
10/01/06 14:35,17.0
10/01/06 14:40,16.6
10/01/06 14:45,16.1
10/01/06 14:50,15.7
10/01/06 14:55,15.3
10/01/06 15:00,14.9
10/01/06 15:05,14.6
10/01/06 15:10,14.3
10/01/06 15:15,13.6
10/01/06 15:20,12.8
10/01/06 15:25,12.2
10/01/06 15:30,11.6
10/01/06 15:35,11.0
10/01/06 15:40,10.3
10/01/06 15:45,9.8
10/01/06 15:50,9.1
10/01/06 15:55,8.5
10/01/06 16:00,7.9
10/01/06 16:05,7.3
10/01/06 16:10,6.7
10/01/06 16:15,6.1
10/01/06 16:20,5.6
10/01/06 16:25,5.1
10/01/06 16:30,4.6
10/01/06 16:35,4.1
10/01/06 16:40,3.7
10/01/06 16:45,2.6
10/01/06 16:50,1.4
10/01/06 16:55,0.7
10/01/06 17:00,0.3
10/01/06 17:05,0.1
10/01/06 17:10,0.0
10/01/06 17:15,0.0
10/01/06 17:20,0.0
10/01/06 17:25,0.0
10/01/06 17:30,0.0
10/01/06 17:35,0.0
10/01/06 17:40,0.0
10/01/06 17:45,0.0
10/01/06 17:50,0.0
10/01/06 17:55,0.0
10/01/06 18:00,0.0
10/01/06 18:05,0.0
10/01/06 18:10,0.0
10/01/06 18:15,0.0
10/01/06 18:20,0.0
10/01/06 18:25,0.0
10/01/06 18:30,0.0
10/01/06 18:35,0.0
10/01/06 18:40,0.0
10/01/06 18:45,0.0
10/01/06 18:50,0.0
10/01/06 18:55,0.0
10/01/06 19:00,0.0
10/01/06 19:05,0.0
10/01/06 19:10,0.0
10/01/06 19:15,0.0
10/01/06 19:20,0.0
10/01/06 19:25,0.0
10/01/06 19:30,0.0
10/01/06 19:35,0.0
10/01/06 19:40,0.0
10/01/06 19:45,0.0
10/01/06 19:50,0.0
10/01/06 19:55,0.0
10/01/06 20:00,0.0
10/01/06 20:05,0.0
10/01/06 20:10,0.0
10/01/06 20:15,0.0
10/01/06 20:20,0.0
10/01/06 20:25,0.0
10/01/06 20:30,0.0
10/01/06 20:35,0.0
10/01/06 20:40,0.0
10/01/06 20:45,0.0
10/01/06 20:50,0.0
10/01/06 20:55,0.0
10/01/06 21:00,0.0
10/01/06 21:05,0.0
10/01/06 21:10,0.0
10/01/06 21:15,0.0
10/01/06 21:20,0.0
10/01/06 21:25,0.0
10/01/06 21:30,0.0
10/01/06 21:35,0.0
10/01/06 21:40,0.0
10/01/06 21:45,0.0
10/01/06 21:50,0.0
10/01/06 21:55,0.0
10/01/06 22:00,0.0
10/01/06 22:05,0.0
10/01/06 22:10,0.0
10/01/06 22:15,0.0
10/01/06 22:20,0.0
10/01/06 22:25,0.0
10/01/06 22:30,0.0
10/01/06 22:35,0.0
10/01/06 22:40,0.0
10/01/06 22:45,0.0
10/01/06 22:50,0.0
10/01/06 22:55,0.0
10/01/06 23:00,0.0
10/01/06 23:05,0.0
10/01/06 23:10,0.0
10/01/06 23:15,0.0
10/01/06 23:20,0.0
10/01/06 23:25,0.0
10/01/06 23:30,0.0
10/01/06 23:35,0.0
10/01/06 23:40,0.0
10/01/06 23:45,0.0
10/01/06 23:50,0.0
10/01/06 23:55,0.0
10/02/06 00:00,0.0
10/02/06 00:05,0.0
10/02/06 00:10,0.0
10/02/06 00:15,0.0
10/02/06 00:20,0.0
10/02/06 00:25,0.0
10/02/06 00:30,0.0
10/02/06 00:35,0.0
10/02/06 00:40,0.0
10/02/06 00:45,0.0
10/02/06 00:50,0.0
10/02/06 00:55,0.0
10/02/06 01:00,0.0
10/02/06 01:05,0.0
10/02/06 01:10,0.0
10/02/06 01:15,0.0
10/02/06 01:20,0.0
10/02/06 01:25,0.0
10/02/06 01:30,0.0
10/02/06 01:35,0.0
10/02/06 01:40,0.0
10/02/06 01:45,0.0
10/02/06 01:50,0.0
10/02/06 01:55,0.0
10/02/06 02:00,0.0
10/02/06 02:05,0.0
10/02/06 02:10,0.0
10/02/06 02:15,0.0
10/02/06 02:20,0.0
10/02/06 02:25,0.0
10/02/06 02:30,0.0
10/02/06 02:35,0.0
10/02/06 02:40,0.0
10/02/06 02:45,0.0
10/02/06 02:50,0.0
10/02/06 02:55,0.0
10/02/06 03:00,0.0
10/02/06 03:05,0.0
10/02/06 03:10,0.0
10/02/06 03:15,0.0
10/02/06 03:20,0.0
10/02/06 03:25,0.0
10/02/06 03:30,0.0
10/02/06 03:35,0.0
10/02/06 03:40,0.0
10/02/06 03:45,0.0
10/02/06 03:50,0.0
10/02/06 03:55,0.0
10/02/06 04:00,0.0
10/02/06 04:05,0.0
10/02/06 04:10,0.0
10/02/06 04:15,0.0
10/02/06 04:20,0.0
10/02/06 04:25,0.0
10/02/06 04:30,0.0
10/02/06 04:35,0.0
10/02/06 04:40,0.0
10/02/06 04:45,0.0
10/02/06 04:50,0.0
10/02/06 04:55,0.0
10/02/06 05:00,0.0
10/02/06 05:05,0.0
10/02/06 05:10,0.0
10/02/06 05:15,0.0
10/02/06 05:20,0.0
10/02/06 05:25,0.0
10/02/06 05:30,0.0
10/02/06 05:35,0.0
10/02/06 05:40,0.0
10/02/06 05:45,0.0
10/02/06 05:50,0.0
10/02/06 05:55,0.0
10/02/06 06:00,0.0
10/02/06 06:05,0.0
10/02/06 06:10,0.0
10/02/06 06:15,0.0
10/02/06 06:20,0.1
10/02/06 06:25,0.3
10/02/06 06:30,0.7
10/02/06 06:35,1.4
10/02/06 06:40,2.7
10/02/06 06:45,3.8
10/02/06 06:50,4.3
10/02/06 06:55,4.9
10/02/06 07:00,5.6
10/02/06 07:05,6.2
10/02/06 07:10,6.9
10/02/06 07:15,7.5
10/02/06 07:20,8.0
10/02/06 07:25,8.6
10/02/06 07:30,9.3
10/02/06 07:35,9.9
10/02/06 07:40,10.4
10/02/06 07:45,11.0
10/02/06 07:50,11.5
10/02/06 07:55,12.0
10/02/06 08:00,12.6
10/02/06 08:05,13.1
10/02/06 08:10,13.7
10/02/06 08:15,14.4
10/02/06 08:20,15.0
10/02/06 08:25,15.6
10/02/06 08:30,16.1
10/02/06 08:35,16.7
10/02/06 08:40,17.1
10/02/06 08:45,17.5
10/02/06 08:50,17.9
10/02/06 08:55,18.3
10/02/06 09:00,18.5
10/02/06 09:05,18.9
10/02/06 09:10,19.2
10/02/06 09:15,19.7
10/02/06 09:20,20.3
10/02/06 09:25,20.9
10/02/06 09:30,21.5
10/02/06 09:35,21.8
10/02/06 09:40,22.0
10/02/06 09:45,21.9
10/02/06 09:50,21.8
10/02/06 09:55,21.9
10/02/06 10:00,22.1
10/02/06 10:05,22.4
10/02/06 10:10,22.6
10/02/06 10:15,22.9
10/02/06 10:20,23.2
10/02/06 10:25,23.5
10/02/06 10:30,23.8
10/02/06 10:35,24.0
10/02/06 10:40,24.2
10/02/06 10:45,24.4
10/02/06 10:50,24.7
10/02/06 10:55,24.7
10/02/06 11:00,24.7
10/02/06 11:05,24.8
10/02/06 11:10,24.7
10/02/06 11:15,24.8
10/02/06 11:20,24.8
10/02/06 11:25,24.7
10/02/06 11:30,25.0
10/02/06 11:35,24.6
10/02/06 11:40,24.4
10/02/06 11:45,24.3
10/02/06 11:50,24.2
10/02/06 11:55,24.2
10/02/06 12:00,24.2
10/02/06 12:05,24.1
10/02/06 12:10,23.9
10/02/06 12:15,23.6
10/02/06 12:20,21.9
10/02/06 12:25,19.8
10/02/06 12:30,16.6
10/02/06 12:35,15.5
10/02/06 12:40,17.0
10/02/06 12:45,15.2
10/02/06 12:50,16.7
10/02/06 12:55,18.2
10/02/06 13:00,18.9
10/02/06 13:05,19.6
10/02/06 13:10,19.5
10/02/06 13:15,19.3
10/02/06 13:20,17.8
10/02/06 13:25,16.9
10/02/06 13:30,15.8
10/02/06 13:35,14.4
10/02/06 13:40,13.3
10/02/06 13:45,13.4
10/02/06 13:50,14.1
10/02/06 13:55,15.1
10/02/06 14:00,14.1
10/02/06 14:05,12.3
10/02/06 14:10,13.6
10/02/06 14:15,11.7
10/02/06 14:20,10.5
10/02/06 14:25,8.3
10/02/06 14:30,8.8
10/02/06 14:35,11.3
10/02/06 14:40,11.5
10/02/06 14:45,11.8
10/02/06 14:50,12.7
10/02/06 14:55,12.6
10/02/06 15:00,11.7
10/02/06 15:05,11.2
10/02/06 15:10,10.8
10/02/06 15:15,10.5
10/02/06 15:20,9.5
10/02/06 15:25,8.5
10/02/06 15:30,6.5
10/02/06 15:35,7.3
10/02/06 15:40,7.8
10/02/06 15:45,7.9
10/02/06 15:50,8.0
10/02/06 15:55,7.2
10/02/06 16:00,5.8
10/02/06 16:05,5.1
10/02/06 16:10,4.8
10/02/06 16:15,4.8
10/02/06 16:20,4.2
10/02/06 16:25,3.8
10/02/06 16:30,3.5
10/02/06 16:35,2.2
10/02/06 16:40,1.2
10/02/06 16:45,0.7
10/02/06 16:50,0.3
10/02/06 16:55,0.2
10/02/06 17:00,0.0
10/02/06 17:05,0.0
10/02/06 17:10,0.0
10/02/06 17:15,0.0
10/02/06 17:20,0.0
10/02/06 17:25,0.0
10/02/06 17:30,0.0
10/02/06 17:35,0.0
10/02/06 17:40,0.0
10/02/06 17:45,0.0
10/02/06 17:50,0.0
10/02/06 17:55,0.0
10/02/06 18:00,0.0
10/02/06 18:05,0.0
10/02/06 18:10,0.0
10/02/06 18:15,0.0
10/02/06 18:20,0.0
10/02/06 18:25,0.0
10/02/06 18:30,0.0
10/02/06 18:35,0.0
10/02/06 18:40,0.0
10/02/06 18:45,0.0
10/02/06 18:50,0.0
10/02/06 18:55,0.0
10/02/06 19:00,0.0
10/02/06 19:05,0.0
10/02/06 19:10,0.0
10/02/06 19:15,0.0
10/02/06 19:20,0.0
10/02/06 19:25,0.0
10/02/06 19:30,0.0
10/02/06 19:35,0.0
10/02/06 19:40,0.0
10/02/06 19:45,0.0
10/02/06 19:50,0.0
10/02/06 19:55,0.0
10/02/06 20:00,0.0
10/02/06 20:05,0.0
10/02/06 20:10,0.0
10/02/06 20:15,0.0
10/02/06 20:20,0.0
10/02/06 20:25,0.0
10/02/06 20:30,0.0
10/02/06 20:35,0.0
10/02/06 20:40,0.0
10/02/06 20:45,0.0
10/02/06 20:50,0.0
10/02/06 20:55,0.0
10/02/06 21:00,0.0
10/02/06 21:05,0.0
10/02/06 21:10,0.0
10/02/06 21:15,0.0
10/02/06 21:20,0.0
10/02/06 21:25,0.0
10/02/06 21:30,0.0
10/02/06 21:35,0.0
10/02/06 21:40,0.0
10/02/06 21:45,0.0
10/02/06 21:50,0.0
10/02/06 21:55,0.0
10/02/06 22:00,0.0
10/02/06 22:05,0.0
10/02/06 22:10,0.0
10/02/06 22:15,0.0
10/02/06 22:20,0.0
10/02/06 22:25,0.0
10/02/06 22:30,0.0
10/02/06 22:35,0.0
10/02/06 22:40,0.0
10/02/06 22:45,0.0
10/02/06 22:50,0.0
10/02/06 22:55,0.0
10/02/06 23:00,0.0
10/02/06 23:05,0.0
10/02/06 23:10,0.0
10/02/06 23:15,0.0
10/02/06 23:20,0.0
10/02/06 23:25,0.0
10/02/06 23:30,0.0
10/02/06 23:35,0.0
10/02/06 23:40,0.0
10/02/06 23:45,0.0
10/02/06 23:50,0.0
10/02/06 23:55,0.0
10/03/06 00:00,0.0
10/03/06 00:05,0.0
10/03/06 00:10,0.0
10/03/06 00:15,0.0
10/03/06 00:20,0.0
10/03/06 00:25,0.0
10/03/06 00:30,0.0
10/03/06 00:35,0.0
10/03/06 00:40,0.0
10/03/06 00:45,0.0
10/03/06 00:50,0.0
10/03/06 00:55,0.0
10/03/06 01:00,0.0
10/03/06 01:05,0.0
10/03/06 01:10,0.0
10/03/06 01:15,0.0
10/03/06 01:20,0.0
10/03/06 01:25,0.0
10/03/06 01:30,0.0
10/03/06 01:35,0.0
10/03/06 01:40,0.0
10/03/06 01:45,0.0
10/03/06 01:50,0.0
10/03/06 01:55,0.0
10/03/06 02:00,0.0
10/03/06 02:05,0.0
10/03/06 02:10,0.0
10/03/06 02:15,0.0
10/03/06 02:20,0.0
10/03/06 02:25,0.0
10/03/06 02:30,0.0
10/03/06 02:35,0.0
10/03/06 02:40,0.0
10/03/06 02:45,0.0
10/03/06 02:50,0.0
10/03/06 02:55,0.0
10/03/06 03:00,0.0
10/03/06 03:05,0.0
10/03/06 03:10,0.0
10/03/06 03:15,0.0
10/03/06 03:20,0.0
10/03/06 03:25,0.0
10/03/06 03:30,0.0
10/03/06 03:35,0.0
10/03/06 03:40,0.0
10/03/06 03:45,0.0
10/03/06 03:50,0.0
10/03/06 03:55,0.0
10/03/06 04:00,0.0
10/03/06 04:05,0.0
10/03/06 04:10,0.0
10/03/06 04:15,0.0
10/03/06 04:20,0.0
10/03/06 04:25,0.0
10/03/06 04:30,0.0
10/03/06 04:35,0.0
10/03/06 04:40,0.0
10/03/06 04:45,0.0
10/03/06 04:50,0.0
10/03/06 04:55,0.0
10/03/06 05:00,0.0
10/03/06 05:05,0.0
10/03/06 05:10,0.0
10/03/06 05:15,0.0
10/03/06 05:20,0.0
10/03/06 05:25,0.0
10/03/06 05:30,0.0
10/03/06 05:35,0.0
10/03/06 05:40,0.0
10/03/06 05:45,0.0
10/03/06 05:50,0.0
10/03/06 05:55,0.0
10/03/06 06:00,0.0
10/03/06 06:05,0.0
10/03/06 06:10,0.0
10/03/06 06:15,0.0
10/03/06 06:20,0.1
10/03/06 06:25,0.3
10/03/06 06:30,0.8
10/03/06 06:35,1.7
10/03/06 06:40,3.3
10/03/06 06:45,4.0
10/03/06 06:50,4.5
10/03/06 06:55,5.1
10/03/06 07:00,5.7
10/03/06 07:05,6.2
10/03/06 07:10,6.7
10/03/06 07:15,7.2
10/03/06 07:20,7.7
10/03/06 07:25,7.7
10/03/06 07:30,8.1
10/03/06 07:35,8.8
10/03/06 07:40,9.5
10/03/06 07:45,10.0
10/03/06 07:50,9.4
10/03/06 07:55,10.0
10/03/06 08:00,10.3
10/03/06 08:05,10.9
10/03/06 08:10,11.6
10/03/06 08:15,11.4
10/03/06 08:20,10.7
10/03/06 08:25,10.6
10/03/06 08:30,11.2
10/03/06 08:35,13.1
10/03/06 08:40,14.4
10/03/06 08:45,15.6
10/03/06 08:50,17.0
10/03/06 08:55,18.5
10/03/06 09:00,20.0
10/03/06 09:05,20.8
10/03/06 09:10,21.4
10/03/06 09:15,21.1
10/03/06 09:20,20.1
10/03/06 09:25,19.5
10/03/06 09:30,19.3
10/03/06 09:35,19.3
10/03/06 09:40,19.6
10/03/06 09:45,20.0
10/03/06 09:50,20.4
10/03/06 09:55,20.7
10/03/06 10:00,21.1
10/03/06 10:05,21.9
10/03/06 10:10,22.8
10/03/06 10:15,23.6
10/03/06 10:20,24.1
10/03/06 10:25,24.5
10/03/06 10:30,24.9
10/03/06 10:35,25.3
10/03/06 10:40,25.6
10/03/06 10:45,25.8
10/03/06 10:50,26.0
10/03/06 10:55,26.1
10/03/06 11:00,26.3
10/03/06 11:05,26.5
10/03/06 11:10,26.6
10/03/06 11:15,26.6
10/03/06 11:20,26.5
10/03/06 11:25,26.5
10/03/06 11:30,26.4
10/03/06 11:35,26.2
10/03/06 11:40,25.9
10/03/06 11:45,25.7
10/03/06 11:50,25.6
10/03/06 11:55,25.4
10/03/06 12:00,25.3
10/03/06 12:05,25.2
10/03/06 12:10,25.2
10/03/06 12:15,24.9
10/03/06 12:20,23.1
10/03/06 12:25,19.4
10/03/06 12:30,18.4
10/03/06 12:35,17.1
10/03/06 12:40,18.5
10/03/06 12:45,19.9
10/03/06 12:50,19.9
10/03/06 12:55,18.1
10/03/06 13:00,18.0
10/03/06 13:05,18.1
10/03/06 13:10,19.3
10/03/06 13:15,19.8
10/03/06 13:20,17.5
10/03/06 13:25,15.0
10/03/06 13:30,12.4
10/03/06 13:35,14.3
10/03/06 13:40,16.2
10/03/06 13:45,16.9
10/03/06 13:50,15.9
10/03/06 13:55,17.3
10/03/06 14:00,16.3
10/03/06 14:05,14.4
10/03/06 14:10,11.6
10/03/06 14:15,12.6
10/03/06 14:20,14.6
10/03/06 14:25,16.1
10/03/06 14:30,16.6
10/03/06 14:35,16.6
10/03/06 14:40,16.4
10/03/06 14:45,15.9
10/03/06 14:50,15.3
10/03/06 14:55,15.0
10/03/06 15:00,14.8
10/03/06 15:05,14.2
10/03/06 15:10,13.5
10/03/06 15:15,12.8
10/03/06 15:20,12.5
10/03/06 15:25,12.1
10/03/06 15:30,11.5
10/03/06 15:35,11.0
10/03/06 15:40,10.3
10/03/06 15:45,9.7
10/03/06 15:50,9.1
10/03/06 15:55,8.5
10/03/06 16:00,7.8
10/03/06 16:05,7.2
10/03/06 16:10,6.5
10/03/06 16:15,5.9
10/03/06 16:20,5.2
10/03/06 16:25,4.6
10/03/06 16:30,4.1
10/03/06 16:35,3.6
10/03/06 16:40,2.0
10/03/06 16:45,0.7
10/03/06 16:50,0.3
10/03/06 16:55,0.1
10/03/06 17:00,0.0
10/03/06 17:05,0.0
10/03/06 17:10,0.0
10/03/06 17:15,0.0
10/03/06 17:20,0.0
10/03/06 17:25,0.0
10/03/06 17:30,0.0
10/03/06 17:35,0.0
10/03/06 17:40,0.0
10/03/06 17:45,0.0
10/03/06 17:50,0.0
10/03/06 17:55,0.0
10/03/06 18:00,0.0
10/03/06 18:05,0.0
10/03/06 18:10,0.0
10/03/06 18:15,0.0
10/03/06 18:20,0.0
10/03/06 18:25,0.0
10/03/06 18:30,0.0
10/03/06 18:35,0.0
10/03/06 18:40,0.0
10/03/06 18:45,0.0
10/03/06 18:50,0.0
10/03/06 18:55,0.0
10/03/06 19:00,0.0
10/03/06 19:05,0.0
10/03/06 19:10,0.0
10/03/06 19:15,0.0
10/03/06 19:20,0.0
10/03/06 19:25,0.0
10/03/06 19:30,0.0
10/03/06 19:35,0.0
10/03/06 19:40,0.0
10/03/06 19:45,0.0
10/03/06 19:50,0.0
10/03/06 19:55,0.0
10/03/06 20:00,0.0
10/03/06 20:05,0.0
10/03/06 20:10,0.0
10/03/06 20:15,0.0
10/03/06 20:20,0.0
10/03/06 20:25,0.0
10/03/06 20:30,0.0
10/03/06 20:35,0.0
10/03/06 20:40,0.0
10/03/06 20:45,0.0
10/03/06 20:50,0.0
10/03/06 20:55,0.0
10/03/06 21:00,0.0
10/03/06 21:05,0.0
10/03/06 21:10,0.0
10/03/06 21:15,0.0
10/03/06 21:20,0.0
10/03/06 21:25,0.0
10/03/06 21:30,0.0
10/03/06 21:35,0.0
10/03/06 21:40,0.0
10/03/06 21:45,0.0
10/03/06 21:50,0.0
10/03/06 21:55,0.0
10/03/06 22:00,0.0
10/03/06 22:05,0.0
10/03/06 22:10,0.0
10/03/06 22:15,0.0
10/03/06 22:20,0.0
10/03/06 22:25,0.0
10/03/06 22:30,0.0
10/03/06 22:35,0.0
10/03/06 22:40,0.0
10/03/06 22:45,0.0
10/03/06 22:50,0.0
10/03/06 22:55,0.0
10/03/06 23:00,0.0
10/03/06 23:05,0.0
10/03/06 23:10,0.0
10/03/06 23:15,0.0
10/03/06 23:20,0.0
10/03/06 23:25,0.0
10/03/06 23:30,0.0
10/03/06 23:35,0.0
10/03/06 23:40,0.0
10/03/06 23:45,0.0
10/03/06 23:50,0.0
10/03/06 23:55,0.0
10/04/06 00:00,0.0
10/04/06 00:05,0.0
10/04/06 00:10,0.0
10/04/06 00:15,0.0
10/04/06 00:20,0.0
10/04/06 00:25,0.0
10/04/06 00:30,0.0
10/04/06 00:35,0.0
10/04/06 00:40,0.0
10/04/06 00:45,0.0
10/04/06 00:50,0.0
10/04/06 00:55,0.0
10/04/06 01:00,0.0
10/04/06 01:05,0.0
10/04/06 01:10,0.0
10/04/06 01:15,0.0
10/04/06 01:20,0.0
10/04/06 01:25,0.0
10/04/06 01:30,0.0
10/04/06 01:35,0.0
10/04/06 01:40,0.0
10/04/06 01:45,0.0
10/04/06 01:50,0.0
10/04/06 01:55,0.0
10/04/06 02:00,0.0
10/04/06 02:05,0.0
10/04/06 02:10,0.0
10/04/06 02:15,0.0
10/04/06 02:20,0.0
10/04/06 02:25,0.0
10/04/06 02:30,0.0
10/04/06 02:35,0.0
10/04/06 02:40,0.0
10/04/06 02:45,0.0
10/04/06 02:50,0.0
10/04/06 02:55,0.0
10/04/06 03:00,0.0
10/04/06 03:05,0.0
10/04/06 03:10,0.0
10/04/06 03:15,0.0
10/04/06 03:20,0.0
10/04/06 03:25,0.0
10/04/06 03:30,0.0
10/04/06 03:35,0.0
10/04/06 03:40,0.0
10/04/06 03:45,0.0
10/04/06 03:50,0.0
10/04/06 03:55,0.0
10/04/06 04:00,0.0
10/04/06 04:05,0.0
10/04/06 04:10,0.0
10/04/06 04:15,0.0
10/04/06 04:20,0.0
10/04/06 04:25,0.0
10/04/06 04:30,0.0
10/04/06 04:35,0.0
10/04/06 04:40,0.0
10/04/06 04:45,0.0
10/04/06 04:50,0.0
10/04/06 04:55,0.0
10/04/06 05:00,0.0
10/04/06 05:05,0.0
10/04/06 05:10,0.0
10/04/06 05:15,0.0
10/04/06 05:20,0.0
10/04/06 05:25,0.0
10/04/06 05:30,0.0
10/04/06 05:35,0.0
10/04/06 05:40,0.0
10/04/06 05:45,0.0
10/04/06 05:50,0.0
10/04/06 05:55,0.0
10/04/06 06:00,0.0
10/04/06 06:05,0.0
10/04/06 06:10,0.0
10/04/06 06:15,0.0
10/04/06 06:20,0.1
10/04/06 06:25,0.3
10/04/06 06:30,0.7
10/04/06 06:35,1.6
10/04/06 06:40,3.0
10/04/06 06:45,3.9
10/04/06 06:50,4.5
10/04/06 06:55,5.1
10/04/06 07:00,5.8
10/04/06 07:05,6.4
10/04/06 07:10,7.0
10/04/06 07:15,7.6
10/04/06 07:20,8.2
10/04/06 07:25,8.7
10/04/06 07:30,9.2
10/04/06 07:35,9.7
10/04/06 07:40,10.2
10/04/06 07:45,10.7
10/04/06 07:50,11.2
10/04/06 07:55,11.5
10/04/06 08:00,11.8
10/04/06 08:05,12.0
10/04/06 08:10,12.3
10/04/06 08:15,12.8
10/04/06 08:20,13.5
10/04/06 08:25,14.1
10/04/06 08:30,14.7
10/04/06 08:35,15.4
10/04/06 08:40,16.0
10/04/06 08:45,16.7
10/04/06 08:50,17.2
10/04/06 08:55,17.8
10/04/06 09:00,18.4
10/04/06 09:05,18.9
10/04/06 09:10,19.4
10/04/06 09:15,19.9
10/04/06 09:20,20.4
10/04/06 09:25,20.6
10/04/06 09:30,20.9
10/04/06 09:35,21.4
10/04/06 09:40,21.5
10/04/06 09:45,21.6
10/04/06 09:50,21.9
10/04/06 09:55,22.5
10/04/06 10:00,23.3
10/04/06 10:05,23.8
10/04/06 10:10,24.1
10/04/06 10:15,23.6
10/04/06 10:20,20.9
10/04/06 10:25,19.8
10/04/06 10:30,17.3
10/04/06 10:35,17.7
10/04/06 10:40,18.8
10/04/06 10:45,16.3
10/04/06 10:50,14.6
10/04/06 10:55,13.7
10/04/06 11:00,12.7
10/04/06 11:05,14.5
10/04/06 11:10,17.4
10/04/06 11:15,19.7
10/04/06 11:20,21.1
10/04/06 11:25,21.7
10/04/06 11:30,21.8
10/04/06 11:35,21.7
10/04/06 11:40,21.6
10/04/06 11:45,21.4
10/04/06 11:50,21.2
10/04/06 11:55,20.9
10/04/06 12:00,20.7
10/04/06 12:05,20.4
10/04/06 12:10,20.4
10/04/06 12:15,20.7
10/04/06 12:20,20.5
10/04/06 12:25,20.1
10/04/06 12:30,17.8
10/04/06 12:35,14.7
10/04/06 12:40,15.2
10/04/06 12:45,16.3
10/04/06 12:50,18.3
10/04/06 12:55,20.1
10/04/06 13:00,22.6
10/04/06 13:05,23.9
10/04/06 13:10,24.4
10/04/06 13:15,22.3
10/04/06 13:20,19.5
10/04/06 13:25,17.4
10/04/06 13:30,15.6
10/04/06 13:35,14.3
10/04/06 13:40,12.9
10/04/06 13:45,11.9
10/04/06 13:50,11.1
10/04/06 13:55,10.4
10/04/06 14:00,9.9
10/04/06 14:05,9.3
10/04/06 14:10,8.9
10/04/06 14:15,8.6
10/04/06 14:20,10.2
10/04/06 14:25,10.3
10/04/06 14:30,8.3
10/04/06 14:35,9.3
10/04/06 14:40,10.2
10/04/06 14:45,10.6
10/04/06 14:50,11.0
10/04/06 14:55,12.1
10/04/06 15:00,12.0
10/04/06 15:05,10.2
10/04/06 15:10,10.8
10/04/06 15:15,11.3
10/04/06 15:20,11.4
10/04/06 15:25,11.1
10/04/06 15:30,10.7
10/04/06 15:35,10.2
10/04/06 15:40,9.6
10/04/06 15:45,9.0
10/04/06 15:50,8.5
10/04/06 15:55,8.0
10/04/06 16:00,7.5
10/04/06 16:05,6.9
10/04/06 16:10,6.4
10/04/06 16:15,5.8
10/04/06 16:20,5.3
10/04/06 16:25,4.8
10/04/06 16:30,4.3
10/04/06 16:35,3.8
10/04/06 16:40,2.9
10/04/06 16:45,1.3
10/04/06 16:50,0.6
10/04/06 16:55,0.2
10/04/06 17:00,0.1
10/04/06 17:05,0.0
10/04/06 17:10,0.0
10/04/06 17:15,0.0
10/04/06 17:20,0.0
10/04/06 17:25,0.0
10/04/06 17:30,0.0
10/04/06 17:35,0.0
10/04/06 17:40,0.0
10/04/06 17:45,0.0
10/04/06 17:50,0.0
10/04/06 17:55,0.0
10/04/06 18:00,0.0
10/04/06 18:05,0.0
10/04/06 18:10,0.0
10/04/06 18:15,0.0
10/04/06 18:20,0.0
10/04/06 18:25,0.0
10/04/06 18:30,0.0
10/04/06 18:35,0.0
10/04/06 18:40,0.0
10/04/06 18:45,0.0
10/04/06 18:50,0.0
10/04/06 18:55,0.0
10/04/06 19:00,0.0
10/04/06 19:05,0.0
10/04/06 19:10,0.0
10/04/06 19:15,0.0
10/04/06 19:20,0.0
10/04/06 19:25,0.0
10/04/06 19:30,0.0
10/04/06 19:35,0.0
10/04/06 19:40,0.0
10/04/06 19:45,0.0
10/04/06 19:50,0.0
10/04/06 19:55,0.0
10/04/06 20:00,0.0
10/04/06 20:05,0.0
10/04/06 20:10,0.0
10/04/06 20:15,0.0
10/04/06 20:20,0.0
10/04/06 20:25,0.0
10/04/06 20:30,0.0
10/04/06 20:35,0.0
10/04/06 20:40,0.0
10/04/06 20:45,0.0
10/04/06 20:50,0.0
10/04/06 20:55,0.0
10/04/06 21:00,0.0
10/04/06 21:05,0.0
10/04/06 21:10,0.0
10/04/06 21:15,0.0
10/04/06 21:20,0.0
10/04/06 21:25,0.0
10/04/06 21:30,0.0
10/04/06 21:35,0.0
10/04/06 21:40,0.0
10/04/06 21:45,0.0
10/04/06 21:50,0.0
10/04/06 21:55,0.0
10/04/06 22:00,0.0
10/04/06 22:05,0.0
10/04/06 22:10,0.0
10/04/06 22:15,0.0
10/04/06 22:20,0.0
10/04/06 22:25,0.0
10/04/06 22:30,0.0
10/04/06 22:35,0.0
10/04/06 22:40,0.0
10/04/06 22:45,0.0
10/04/06 22:50,0.0
10/04/06 22:55,0.0
10/04/06 23:00,0.0
10/04/06 23:05,0.0
10/04/06 23:10,0.0
10/04/06 23:15,0.0
10/04/06 23:20,0.0
10/04/06 23:25,0.0
10/04/06 23:30,0.0
10/04/06 23:35,0.0
10/04/06 23:40,0.0
10/04/06 23:45,0.0
10/04/06 23:50,0.0
10/04/06 23:55,0.0
10/05/06 00:00,0.0
10/05/06 00:05,0.0
10/05/06 00:10,0.0
10/05/06 00:15,0.0
10/05/06 00:20,0.0
10/05/06 00:25,0.0
10/05/06 00:30,0.0
10/05/06 00:35,0.0
10/05/06 00:40,0.0
10/05/06 00:45,0.0
10/05/06 00:50,0.0
10/05/06 00:55,0.0
10/05/06 01:00,0.0
10/05/06 01:05,0.0
10/05/06 01:10,0.0
10/05/06 01:15,0.0
10/05/06 01:20,0.0
10/05/06 01:25,0.0
10/05/06 01:30,0.0
10/05/06 01:35,0.0
10/05/06 01:40,0.0
10/05/06 01:45,0.0
10/05/06 01:50,0.0
10/05/06 01:55,0.0
10/05/06 02:00,0.0
10/05/06 02:05,0.0
10/05/06 02:10,0.0
10/05/06 02:15,0.0
10/05/06 02:20,0.0
10/05/06 02:25,0.0
10/05/06 02:30,0.0
10/05/06 02:35,0.0
10/05/06 02:40,0.0
10/05/06 02:45,0.0
10/05/06 02:50,0.0
10/05/06 02:55,0.0
10/05/06 03:00,0.0
10/05/06 03:05,0.0
10/05/06 03:10,0.0
10/05/06 03:15,0.0
10/05/06 03:20,0.0
10/05/06 03:25,0.0
10/05/06 03:30,0.0
10/05/06 03:35,0.0
10/05/06 03:40,0.0
10/05/06 03:45,0.0
10/05/06 03:50,0.0
10/05/06 03:55,0.0
10/05/06 04:00,0.0
10/05/06 04:05,0.0
10/05/06 04:10,0.0
10/05/06 04:15,0.0
10/05/06 04:20,0.0
10/05/06 04:25,0.0
10/05/06 04:30,0.0
10/05/06 04:35,0.0
10/05/06 04:40,0.0
10/05/06 04:45,0.0
10/05/06 04:50,0.0
10/05/06 04:55,0.0
10/05/06 05:00,0.0
10/05/06 05:05,0.0
10/05/06 05:10,0.0
10/05/06 05:15,0.0
10/05/06 05:20,0.0
10/05/06 05:25,0.0
10/05/06 05:30,0.0
10/05/06 05:35,0.0
10/05/06 05:40,0.0
10/05/06 05:45,0.0
10/05/06 05:50,0.0
10/05/06 05:55,0.0
10/05/06 06:00,0.0
10/05/06 06:05,0.0
10/05/06 06:10,0.0
10/05/06 06:15,0.0
10/05/06 06:20,0.1
10/05/06 06:25,0.2
10/05/06 06:30,0.5
10/05/06 06:35,1.1
10/05/06 06:40,2.2
10/05/06 06:45,3.6
10/05/06 06:50,4.1
10/05/06 06:55,4.5
10/05/06 07:00,5.0
10/05/06 07:05,5.5
10/05/06 07:10,6.0
10/05/06 07:15,6.6
10/05/06 07:20,7.4
10/05/06 07:25,8.0
10/05/06 07:30,8.7
10/05/06 07:35,9.4
10/05/06 07:40,10.1
10/05/06 07:45,10.8
10/05/06 07:50,11.4
10/05/06 07:55,12.2
10/05/06 08:00,12.9
10/05/06 08:05,13.5
10/05/06 08:10,14.1
10/05/06 08:15,14.5
10/05/06 08:20,14.5
10/05/06 08:25,14.8
10/05/06 08:30,15.2
10/05/06 08:35,16.1
10/05/06 08:40,17.4
10/05/06 08:45,18.2
10/05/06 08:50,18.7
10/05/06 08:55,19.3
10/05/06 09:00,20.2
10/05/06 09:05,20.8
10/05/06 09:10,21.3
10/05/06 09:15,21.4
10/05/06 09:20,21.3
10/05/06 09:25,21.3
10/05/06 09:30,21.4
10/05/06 09:35,21.6
10/05/06 09:40,21.8
10/05/06 09:45,22.1
10/05/06 09:50,22.3
10/05/06 09:55,22.7
10/05/06 10:00,23.1
10/05/06 10:05,23.4
10/05/06 10:10,23.7
10/05/06 10:15,23.9
10/05/06 10:20,23.9
10/05/06 10:25,24.0
10/05/06 10:30,24.2
10/05/06 10:35,24.4
10/05/06 10:40,24.6
10/05/06 10:45,24.7
10/05/06 10:50,24.8
10/05/06 10:55,25.0
10/05/06 11:00,25.2
10/05/06 11:05,25.4
10/05/06 11:10,25.5
10/05/06 11:15,25.3
10/05/06 11:20,24.9
10/05/06 11:25,24.6
10/05/06 11:30,24.3
10/05/06 11:35,24.2
10/05/06 11:40,24.2
10/05/06 11:45,24.3
10/05/06 11:50,24.4
10/05/06 11:55,24.2
10/05/06 12:00,24.0
10/05/06 12:05,23.9
10/05/06 12:10,23.1
10/05/06 12:15,21.7
10/05/06 12:20,20.9
10/05/06 12:25,20.0
10/05/06 12:30,19.1
10/05/06 12:35,19.0
10/05/06 12:40,19.2
10/05/06 12:45,19.4
10/05/06 12:50,20.2
10/05/06 12:55,21.3
10/05/06 13:00,21.6
10/05/06 13:05,22.5
10/05/06 13:10,23.7
10/05/06 13:15,23.3
10/05/06 13:20,22.2
10/05/06 13:25,21.5
10/05/06 13:30,21.0
10/05/06 13:35,20.6
10/05/06 13:40,20.3
10/05/06 13:45,19.8
10/05/06 13:50,19.4
10/05/06 13:55,19.0
10/05/06 14:00,18.6
10/05/06 14:05,18.4
10/05/06 14:10,18.2
10/05/06 14:15,18.0
10/05/06 14:20,17.7
10/05/06 14:25,17.3
10/05/06 14:30,16.9
10/05/06 14:35,16.5
10/05/06 14:40,16.2
10/05/06 14:45,15.8
10/05/06 14:50,15.3
10/05/06 14:55,14.9
10/05/06 15:00,14.4
10/05/06 15:05,14.0
10/05/06 15:10,13.6
10/05/06 15:15,13.1
10/05/06 15:20,12.4
10/05/06 15:25,11.8
10/05/06 15:30,11.2
10/05/06 15:35,10.7
10/05/06 15:40,10.2
10/05/06 15:45,9.6
10/05/06 15:50,9.0
10/05/06 15:55,8.3
10/05/06 16:00,7.7
10/05/06 16:05,7.1
10/05/06 16:10,6.4
10/05/06 16:15,5.8
10/05/06 16:20,5.2
10/05/06 16:25,4.6
10/05/06 16:30,4.0
10/05/06 16:35,3.4
10/05/06 16:40,1.9
10/05/06 16:45,1.0
10/05/06 16:50,0.5
10/05/06 16:55,0.2
10/05/06 17:00,0.1
10/05/06 17:05,0.0
10/05/06 17:10,0.0
10/05/06 17:15,0.0
10/05/06 17:20,0.0
10/05/06 17:25,0.0
10/05/06 17:30,0.0
10/05/06 17:35,0.0
10/05/06 17:40,0.0
10/05/06 17:45,0.0
10/05/06 17:50,0.0
10/05/06 17:55,0.0
10/05/06 18:00,0.0
10/05/06 18:05,0.0
10/05/06 18:10,0.0
10/05/06 18:15,0.0
10/05/06 18:20,0.0
10/05/06 18:25,0.0
10/05/06 18:30,0.0
10/05/06 18:35,0.0
10/05/06 18:40,0.0
10/05/06 18:45,0.0
10/05/06 18:50,0.0
10/05/06 18:55,0.0
10/05/06 19:00,0.0
10/05/06 19:05,0.0
10/05/06 19:10,0.0
10/05/06 19:15,0.0
10/05/06 19:20,0.0
10/05/06 19:25,0.0
10/05/06 19:30,0.0
10/05/06 19:35,0.0
10/05/06 19:40,0.0
10/05/06 19:45,0.0
10/05/06 19:50,0.0
10/05/06 19:55,0.0
10/05/06 20:00,0.0
10/05/06 20:05,0.0
10/05/06 20:10,0.0
10/05/06 20:15,0.0
10/05/06 20:20,0.0
10/05/06 20:25,0.0
10/05/06 20:30,0.0
10/05/06 20:35,0.0
10/05/06 20:40,0.0
10/05/06 20:45,0.0
10/05/06 20:50,0.0
10/05/06 20:55,0.0
10/05/06 21:00,0.0
10/05/06 21:05,0.0
10/05/06 21:10,0.0
10/05/06 21:15,0.0
10/05/06 21:20,0.0
10/05/06 21:25,0.0
10/05/06 21:30,0.0
10/05/06 21:35,0.0
10/05/06 21:40,0.0
10/05/06 21:45,0.0
10/05/06 21:50,0.0
10/05/06 21:55,0.0
10/05/06 22:00,0.0
10/05/06 22:05,0.0
10/05/06 22:10,0.0
10/05/06 22:15,0.0
10/05/06 22:20,0.0
10/05/06 22:25,0.0
10/05/06 22:30,0.0
10/05/06 22:35,0.0
10/05/06 22:40,0.0
10/05/06 22:45,0.0
10/05/06 22:50,0.0
10/05/06 22:55,0.0
10/05/06 23:00,0.0
10/05/06 23:05,0.0
10/05/06 23:10,0.0
10/05/06 23:15,0.0
10/05/06 23:20,0.0
10/05/06 23:25,0.0
10/05/06 23:30,0.0
10/05/06 23:35,0.0
10/05/06 23:40,0.0
10/05/06 23:45,0.0
10/05/06 23:50,0.0
10/05/06 23:55,0.0
10/06/06 00:00,0.0
10/06/06 00:05,0.0
10/06/06 00:10,0.0
10/06/06 00:15,0.0
10/06/06 00:20,0.0
10/06/06 00:25,0.0
10/06/06 00:30,0.0
10/06/06 00:35,0.0
10/06/06 00:40,0.0
10/06/06 00:45,0.0
10/06/06 00:50,0.0
10/06/06 00:55,0.0
10/06/06 01:00,0.0
10/06/06 01:05,0.0
10/06/06 01:10,0.0
10/06/06 01:15,0.0
10/06/06 01:20,0.0
10/06/06 01:25,0.0
10/06/06 01:30,0.0
10/06/06 01:35,0.0
10/06/06 01:40,0.0
10/06/06 01:45,0.0
10/06/06 01:50,0.0
10/06/06 01:55,0.0
10/06/06 02:00,0.0
10/06/06 02:05,0.0
10/06/06 02:10,0.0
10/06/06 02:15,0.0
10/06/06 02:20,0.0
10/06/06 02:25,0.0
10/06/06 02:30,0.0
10/06/06 02:35,0.0
10/06/06 02:40,0.0
10/06/06 02:45,0.0
10/06/06 02:50,0.0
10/06/06 02:55,0.0
10/06/06 03:00,0.0
10/06/06 03:05,0.0
10/06/06 03:10,0.0
10/06/06 03:15,0.0
10/06/06 03:20,0.0
10/06/06 03:25,0.0
10/06/06 03:30,0.0
10/06/06 03:35,0.0
10/06/06 03:40,0.0
10/06/06 03:45,0.0
10/06/06 03:50,0.0
10/06/06 03:55,0.0
10/06/06 04:00,0.0
10/06/06 04:05,0.0
10/06/06 04:10,0.0
10/06/06 04:15,0.0
10/06/06 04:20,0.0
10/06/06 04:25,0.0
10/06/06 04:30,0.0
10/06/06 04:35,0.0
10/06/06 04:40,0.0
10/06/06 04:45,0.0
10/06/06 04:50,0.0
10/06/06 04:55,0.0
10/06/06 05:00,0.0
10/06/06 05:05,0.0
10/06/06 05:10,0.0
10/06/06 05:15,0.0
10/06/06 05:20,0.0
10/06/06 05:25,0.0
10/06/06 05:30,0.0
10/06/06 05:35,0.0
10/06/06 05:40,0.0
10/06/06 05:45,0.0
10/06/06 05:50,0.0
10/06/06 05:55,0.0
10/06/06 06:00,0.0
10/06/06 06:05,0.0
10/06/06 06:10,0.0
10/06/06 06:15,0.0
10/06/06 06:20,0.1
10/06/06 06:25,0.2
10/06/06 06:30,0.5
10/06/06 06:35,1.2
10/06/06 06:40,2.4
10/06/06 06:45,3.8
10/06/06 06:50,4.3
10/06/06 06:55,5.0
10/06/06 07:00,5.6
10/06/06 07:05,6.2
10/06/06 07:10,6.8
10/06/06 07:15,7.4
10/06/06 07:20,8.0
10/06/06 07:25,8.7
10/06/06 07:30,9.4
10/06/06 07:35,10.1
10/06/06 07:40,10.8
10/06/06 07:45,11.5
10/06/06 07:50,12.1
10/06/06 07:55,12.8
10/06/06 08:00,13.5
10/06/06 08:05,14.2
10/06/06 08:10,14.9
10/06/06 08:15,15.5
10/06/06 08:20,15.9
10/06/06 08:25,16.4
10/06/06 08:30,16.9
10/06/06 08:35,17.4
10/06/06 08:40,17.8
10/06/06 08:45,18.1
10/06/06 08:50,18.4
10/06/06 08:55,18.8
10/06/06 09:00,19.0
10/06/06 09:05,19.1
10/06/06 09:10,19.4
10/06/06 09:15,20.0
10/06/06 09:20,20.6
10/06/06 09:25,21.1
10/06/06 09:30,21.4
10/06/06 09:35,21.8
10/06/06 09:40,22.3
10/06/06 09:45,22.7
10/06/06 09:50,22.9
10/06/06 09:55,23.2
10/06/06 10:00,23.3
10/06/06 10:05,23.6
10/06/06 10:10,23.9
10/06/06 10:15,24.1
10/06/06 10:20,24.4
10/06/06 10:25,24.6
10/06/06 10:30,24.8
10/06/06 10:35,25.0
10/06/06 10:40,25.1
10/06/06 10:45,25.1
10/06/06 10:50,25.3
10/06/06 10:55,25.4
10/06/06 11:00,25.5
10/06/06 11:05,25.6
10/06/06 11:10,25.6
10/06/06 11:15,25.7
10/06/06 11:20,26.0
10/06/06 11:25,26.0
10/06/06 11:30,26.0
10/06/06 11:35,26.4
10/06/06 11:40,26.9
10/06/06 11:45,26.9
10/06/06 11:50,26.8
10/06/06 11:55,26.6
10/06/06 12:00,26.4
10/06/06 12:05,26.4
10/06/06 12:10,26.3
10/06/06 12:15,26.0
10/06/06 12:20,25.4
10/06/06 12:25,24.0
10/06/06 12:30,22.9
10/06/06 12:35,22.8
10/06/06 12:40,22.7
10/06/06 12:45,22.6
10/06/06 12:50,22.3
10/06/06 12:55,22.1
10/06/06 13:00,21.8
10/06/06 13:05,21.6
10/06/06 13:10,21.4
10/06/06 13:15,21.8
10/06/06 13:20,21.6
10/06/06 13:25,21.2
10/06/06 13:30,21.8
10/06/06 13:35,20.4
10/06/06 13:40,16.5
10/06/06 13:45,16.0
10/06/06 13:50,17.8
10/06/06 13:55,18.6
10/06/06 14:00,19.4
10/06/06 14:05,18.5
10/06/06 14:10,16.6
10/06/06 14:15,14.3
10/06/06 14:20,12.3
10/06/06 14:25,11.5
10/06/06 14:30,11.2
10/06/06 14:35,11.4
10/06/06 14:40,11.5
10/06/06 14:45,11.6
10/06/06 14:50,11.8
10/06/06 14:55,12.0
10/06/06 15:00,12.1
10/06/06 15:05,12.2
10/06/06 15:10,12.3
10/06/06 15:15,12.4
10/06/06 15:20,12.2
10/06/06 15:25,12.0
10/06/06 15:30,11.6
10/06/06 15:35,11.1
10/06/06 15:40,10.5
10/06/06 15:45,9.8
10/06/06 15:50,9.1
10/06/06 15:55,8.4
10/06/06 16:00,7.7
10/06/06 16:05,7.0
10/06/06 16:10,6.4
10/06/06 16:15,5.7
10/06/06 16:20,5.2
10/06/06 16:25,4.6
10/06/06 16:30,4.1
10/06/06 16:35,3.6
10/06/06 16:40,2.2
10/06/06 16:45,1.1
10/06/06 16:50,0.5
10/06/06 16:55,0.2
10/06/06 17:00,0.1
10/06/06 17:05,0.0
10/06/06 17:10,0.0
10/06/06 17:15,0.0
10/06/06 17:20,0.0
10/06/06 17:25,0.0
10/06/06 17:30,0.0
10/06/06 17:35,0.0
10/06/06 17:40,0.0
10/06/06 17:45,0.0
10/06/06 17:50,0.0
10/06/06 17:55,0.0
10/06/06 18:00,0.0
10/06/06 18:05,0.0
10/06/06 18:10,0.0
10/06/06 18:15,0.0
10/06/06 18:20,0.0
10/06/06 18:25,0.0
10/06/06 18:30,0.0
10/06/06 18:35,0.0
10/06/06 18:40,0.0
10/06/06 18:45,0.0
10/06/06 18:50,0.0
10/06/06 18:55,0.0
10/06/06 19:00,0.0
10/06/06 19:05,0.0
10/06/06 19:10,0.0
10/06/06 19:15,0.0
10/06/06 19:20,0.0
10/06/06 19:25,0.0
10/06/06 19:30,0.0
10/06/06 19:35,0.0
10/06/06 19:40,0.0
10/06/06 19:45,0.0
10/06/06 19:50,0.0
10/06/06 19:55,0.0
10/06/06 20:00,0.0
10/06/06 20:05,0.0
10/06/06 20:10,0.0
10/06/06 20:15,0.0
10/06/06 20:20,0.0
10/06/06 20:25,0.0
10/06/06 20:30,0.0
10/06/06 20:35,0.0
10/06/06 20:40,0.0
10/06/06 20:45,0.0
10/06/06 20:50,0.0
10/06/06 20:55,0.0
10/06/06 21:00,0.0
10/06/06 21:05,0.0
10/06/06 21:10,0.0
10/06/06 21:15,0.0
10/06/06 21:20,0.0
10/06/06 21:25,0.0
10/06/06 21:30,0.0
10/06/06 21:35,0.0
10/06/06 21:40,0.0
10/06/06 21:45,0.0
10/06/06 21:50,0.0
10/06/06 21:55,0.0
10/06/06 22:00,0.0
10/06/06 22:05,0.0
10/06/06 22:10,0.0
10/06/06 22:15,0.0
10/06/06 22:20,0.0
10/06/06 22:25,0.0
10/06/06 22:30,0.0
10/06/06 22:35,0.0
10/06/06 22:40,0.0
10/06/06 22:45,0.0
10/06/06 22:50,0.0
10/06/06 22:55,0.0
10/06/06 23:00,0.0
10/06/06 23:05,0.0
10/06/06 23:10,0.0
10/06/06 23:15,0.0
10/06/06 23:20,0.0
10/06/06 23:25,0.0
10/06/06 23:30,0.0
10/06/06 23:35,0.0
10/06/06 23:40,0.0
10/06/06 23:45,0.0
10/06/06 23:50,0.0
10/06/06 23:55,0.0
10/07/06 00:00,0.0
10/07/06 00:05,0.0
10/07/06 00:10,0.0
10/07/06 00:15,0.0
10/07/06 00:20,0.0
10/07/06 00:25,0.0
10/07/06 00:30,0.0
10/07/06 00:35,0.0
10/07/06 00:40,0.0
10/07/06 00:45,0.0
10/07/06 00:50,0.0
10/07/06 00:55,0.0
10/07/06 01:00,0.0
10/07/06 01:05,0.0
10/07/06 01:10,0.0
10/07/06 01:15,0.0
10/07/06 01:20,0.0
10/07/06 01:25,0.0
10/07/06 01:30,0.0
10/07/06 01:35,0.0
10/07/06 01:40,0.0
10/07/06 01:45,0.0
10/07/06 01:50,0.0
10/07/06 01:55,0.0
10/07/06 02:00,0.0
10/07/06 02:05,0.0
10/07/06 02:10,0.0
10/07/06 02:15,0.0
10/07/06 02:20,0.0
10/07/06 02:25,0.0
10/07/06 02:30,0.0
10/07/06 02:35,0.0
10/07/06 02:40,0.0
10/07/06 02:45,0.0
10/07/06 02:50,0.0
10/07/06 02:55,0.0
10/07/06 03:00,0.0
10/07/06 03:05,0.0
10/07/06 03:10,0.0
10/07/06 03:15,0.0
10/07/06 03:20,0.0
10/07/06 03:25,0.0
10/07/06 03:30,0.0
10/07/06 03:35,0.0
10/07/06 03:40,0.0
10/07/06 03:45,0.0
10/07/06 03:50,0.0
10/07/06 03:55,0.0
10/07/06 04:00,0.0
10/07/06 04:05,0.0
10/07/06 04:10,0.0
10/07/06 04:15,0.0
10/07/06 04:20,0.0
10/07/06 04:25,0.0
10/07/06 04:30,0.0
10/07/06 04:35,0.0
10/07/06 04:40,0.0
10/07/06 04:45,0.0
10/07/06 04:50,0.0
10/07/06 04:55,0.0
10/07/06 05:00,0.0
10/07/06 05:05,0.0
10/07/06 05:10,0.0
10/07/06 05:15,0.0
10/07/06 05:20,0.0
10/07/06 05:25,0.0
10/07/06 05:30,0.0
10/07/06 05:35,0.0
10/07/06 05:40,0.0
10/07/06 05:45,0.0
10/07/06 05:50,0.0
10/07/06 05:55,0.0
10/07/06 06:00,0.0
10/07/06 06:05,0.0
10/07/06 06:10,0.0
10/07/06 06:15,0.0
10/07/06 06:20,0.1
10/07/06 06:25,0.2
10/07/06 06:30,0.6
10/07/06 06:35,1.4
10/07/06 06:40,2.9
10/07/06 06:45,4.0
10/07/06 06:50,4.6
10/07/06 06:55,5.2
10/07/06 07:00,5.9
10/07/06 07:05,6.6
10/07/06 07:10,7.3
10/07/06 07:15,7.9
10/07/06 07:20,8.5
10/07/06 07:25,9.2
10/07/06 07:30,9.8
10/07/06 07:35,10.5
10/07/06 07:40,11.2
10/07/06 07:45,11.9
10/07/06 07:50,12.5
10/07/06 07:55,13.1
10/07/06 08:00,13.7
10/07/06 08:05,14.5
10/07/06 08:10,15.1
10/07/06 08:15,15.6
10/07/06 08:20,16.1
10/07/06 08:25,16.7
10/07/06 08:30,17.3
10/07/06 08:35,17.7
10/07/06 08:40,18.3
10/07/06 08:45,18.9
10/07/06 08:50,19.6
10/07/06 08:55,20.3
10/07/06 09:00,20.7
10/07/06 09:05,20.9
10/07/06 09:10,21.2
10/07/06 09:15,21.6
10/07/06 09:20,22.0
10/07/06 09:25,22.3
10/07/06 09:30,22.6
10/07/06 09:35,22.9
10/07/06 09:40,23.3
10/07/06 09:45,23.6
10/07/06 09:50,23.9
10/07/06 09:55,24.1
10/07/06 10:00,24.3
10/07/06 10:05,24.6
10/07/06 10:10,24.7
10/07/06 10:15,24.8
10/07/06 10:20,25.0
10/07/06 10:25,25.2
10/07/06 10:30,25.4
10/07/06 10:35,25.6
10/07/06 10:40,25.9
10/07/06 10:45,26.0
10/07/06 10:50,26.0
10/07/06 10:55,26.0
10/07/06 11:00,26.0
10/07/06 11:05,26.1
10/07/06 11:10,26.2
10/07/06 11:15,26.2
10/07/06 11:20,26.2
10/07/06 11:25,26.0
10/07/06 11:30,25.7
10/07/06 11:35,25.5
10/07/06 11:40,25.5
10/07/06 11:45,25.5
10/07/06 11:50,25.5
10/07/06 11:55,25.8
10/07/06 12:00,25.8
10/07/06 12:05,25.8
10/07/06 12:10,25.9
10/07/06 12:15,25.8
10/07/06 12:20,25.8
10/07/06 12:25,25.7
10/07/06 12:30,25.5
10/07/06 12:35,25.3
10/07/06 12:40,25.1
10/07/06 12:45,24.9
10/07/06 12:50,24.6
10/07/06 12:55,24.3
10/07/06 13:00,24.0
10/07/06 13:05,23.6
10/07/06 13:10,22.9
10/07/06 13:15,22.8
10/07/06 13:20,23.0
10/07/06 13:25,23.1
10/07/06 13:30,23.0
10/07/06 13:35,22.7
10/07/06 13:40,22.3
10/07/06 13:45,21.8
10/07/06 13:50,21.3
10/07/06 13:55,20.6
10/07/06 14:00,20.1
10/07/06 14:05,19.6
10/07/06 14:10,19.0
10/07/06 14:15,18.8
10/07/06 14:20,18.8
10/07/06 14:25,18.7
10/07/06 14:30,18.4
10/07/06 14:35,18.0
10/07/06 14:40,17.6
10/07/06 14:45,17.0
10/07/06 14:50,16.5
10/07/06 14:55,16.0
10/07/06 15:00,15.5
10/07/06 15:05,14.9
10/07/06 15:10,14.3
10/07/06 15:15,13.6
10/07/06 15:20,12.9
10/07/06 15:25,12.2
10/07/06 15:30,11.5
10/07/06 15:35,10.9
10/07/06 15:40,10.3
10/07/06 15:45,9.6
10/07/06 15:50,9.0
10/07/06 15:55,8.4
10/07/06 16:00,7.8
10/07/06 16:05,7.0
10/07/06 16:10,6.4
10/07/06 16:15,5.7
10/07/06 16:20,5.1
10/07/06 16:25,4.5
10/07/06 16:30,3.9
10/07/06 16:35,3.1
10/07/06 16:40,1.6
10/07/06 16:45,0.7
10/07/06 16:50,0.3
10/07/06 16:55,0.1
10/07/06 17:00,0.0
10/07/06 17:05,0.0
10/07/06 17:10,0.0
10/07/06 17:15,0.0
10/07/06 17:20,0.0
10/07/06 17:25,0.0
10/07/06 17:30,0.0
10/07/06 17:35,0.0
10/07/06 17:40,0.0
10/07/06 17:45,0.0
10/07/06 17:50,0.0
10/07/06 17:55,0.0
10/07/06 18:00,0.0
10/07/06 18:05,0.0
10/07/06 18:10,0.0
10/07/06 18:15,0.0
10/07/06 18:20,0.0
10/07/06 18:25,0.0
10/07/06 18:30,0.0
10/07/06 18:35,0.0
10/07/06 18:40,0.0
10/07/06 18:45,0.0
10/07/06 18:50,0.0
10/07/06 18:55,0.0
10/07/06 19:00,0.0
10/07/06 19:05,0.0
10/07/06 19:10,0.0
10/07/06 19:15,0.0
10/07/06 19:20,0.0
10/07/06 19:25,0.0
10/07/06 19:30,0.0
10/07/06 19:35,0.0
10/07/06 19:40,0.0
10/07/06 19:45,0.0
10/07/06 19:50,0.0
10/07/06 19:55,0.0
10/07/06 20:00,0.0
10/07/06 20:05,0.0
10/07/06 20:10,0.0
10/07/06 20:15,0.0
10/07/06 20:20,0.0
10/07/06 20:25,0.0
10/07/06 20:30,0.0
10/07/06 20:35,0.0
10/07/06 20:40,0.0
10/07/06 20:45,0.0
10/07/06 20:50,0.0
10/07/06 20:55,0.0
10/07/06 21:00,0.0
10/07/06 21:05,0.0
10/07/06 21:10,0.0
10/07/06 21:15,0.0
10/07/06 21:20,0.0
10/07/06 21:25,0.0
10/07/06 21:30,0.0
10/07/06 21:35,0.0
10/07/06 21:40,0.0
10/07/06 21:45,0.0
10/07/06 21:50,0.0
10/07/06 21:55,0.0
10/07/06 22:00,0.0
10/07/06 22:05,0.0
10/07/06 22:10,0.0
10/07/06 22:15,0.0
10/07/06 22:20,0.0
10/07/06 22:25,0.0
10/07/06 22:30,0.0
10/07/06 22:35,0.0
10/07/06 22:40,0.0
10/07/06 22:45,0.0
10/07/06 22:50,0.0
10/07/06 22:55,0.0
10/07/06 23:00,0.0
10/07/06 23:05,0.0
10/07/06 23:10,0.0
10/07/06 23:15,0.0
10/07/06 23:20,0.0
10/07/06 23:25,0.0
10/07/06 23:30,0.0
10/07/06 23:35,0.0
10/07/06 23:40,0.0
10/07/06 23:45,0.0
10/07/06 23:50,0.0
10/07/06 23:55,0.0
10/08/06 00:00,0.0
10/08/06 00:05,0.0
10/08/06 00:10,0.0
10/08/06 00:15,0.0
10/08/06 00:20,0.0
10/08/06 00:25,0.0
10/08/06 00:30,0.0
10/08/06 00:35,0.0
10/08/06 00:40,0.0
10/08/06 00:45,0.0
10/08/06 00:50,0.0
10/08/06 00:55,0.0
10/08/06 01:00,0.0
10/08/06 01:05,0.0
10/08/06 01:10,0.0
10/08/06 01:15,0.0
10/08/06 01:20,0.0
10/08/06 01:25,0.0
10/08/06 01:30,0.0
10/08/06 01:35,0.0
10/08/06 01:40,0.0
10/08/06 01:45,0.0
10/08/06 01:50,0.0
10/08/06 01:55,0.0
10/08/06 02:00,0.0
10/08/06 02:05,0.0
10/08/06 02:10,0.0
10/08/06 02:15,0.0
10/08/06 02:20,0.0
10/08/06 02:25,0.0
10/08/06 02:30,0.0
10/08/06 02:35,0.0
10/08/06 02:40,0.0
10/08/06 02:45,0.0
10/08/06 02:50,0.0
10/08/06 02:55,0.0
10/08/06 03:00,0.0
10/08/06 03:05,0.0
10/08/06 03:10,0.0
10/08/06 03:15,0.0
10/08/06 03:20,0.0
10/08/06 03:25,0.0
10/08/06 03:30,0.0
10/08/06 03:35,0.0
10/08/06 03:40,0.0
10/08/06 03:45,0.0
10/08/06 03:50,0.0
10/08/06 03:55,0.0
10/08/06 04:00,0.0
10/08/06 04:05,0.0
10/08/06 04:10,0.0
10/08/06 04:15,0.0
10/08/06 04:20,0.0
10/08/06 04:25,0.0
10/08/06 04:30,0.0
10/08/06 04:35,0.0
10/08/06 04:40,0.0
10/08/06 04:45,0.0
10/08/06 04:50,0.0
10/08/06 04:55,0.0
10/08/06 05:00,0.0
10/08/06 05:05,0.0
10/08/06 05:10,0.0
10/08/06 05:15,0.0
10/08/06 05:20,0.0
10/08/06 05:25,0.0
10/08/06 05:30,0.0
10/08/06 05:35,0.0
10/08/06 05:40,0.0
10/08/06 05:45,0.0
10/08/06 05:50,0.0
10/08/06 05:55,0.0
10/08/06 06:00,0.0
10/08/06 06:05,0.0
10/08/06 06:10,0.0
10/08/06 06:15,0.0
10/08/06 06:20,0.1
10/08/06 06:25,0.2
10/08/06 06:30,0.5
10/08/06 06:35,1.1
10/08/06 06:40,2.3
10/08/06 06:45,3.7
10/08/06 06:50,4.4
10/08/06 06:55,5.0
10/08/06 07:00,5.6
10/08/06 07:05,6.1
10/08/06 07:10,6.8
10/08/06 07:15,7.4
10/08/06 07:20,8.1
10/08/06 07:25,8.7
10/08/06 07:30,9.3
10/08/06 07:35,9.8
10/08/06 07:40,10.5
10/08/06 07:45,11.1
10/08/06 07:50,11.8
10/08/06 07:55,12.4
10/08/06 08:00,13.0
10/08/06 08:05,13.5
10/08/06 08:10,14.0
10/08/06 08:15,14.6
10/08/06 08:20,15.4
10/08/06 08:25,16.1
10/08/06 08:30,16.8
10/08/06 08:35,17.4
10/08/06 08:40,18.0
10/08/06 08:45,18.4
10/08/06 08:50,18.8
10/08/06 08:55,19.1
10/08/06 09:00,19.4
10/08/06 09:05,19.8
10/08/06 09:10,20.1
10/08/06 09:15,20.6
10/08/06 09:20,21.1
10/08/06 09:25,21.6
10/08/06 09:30,22.0
10/08/06 09:35,22.3
10/08/06 09:40,22.6
10/08/06 09:45,22.7
10/08/06 09:50,23.0
10/08/06 09:55,23.2
10/08/06 10:00,23.6
10/08/06 10:05,24.1
10/08/06 10:10,24.4
10/08/06 10:15,24.8
10/08/06 10:20,25.5
10/08/06 10:25,26.2
10/08/06 10:30,26.7
10/08/06 10:35,26.9
10/08/06 10:40,27.1
10/08/06 10:45,27.2
10/08/06 10:50,27.5
10/08/06 10:55,27.6
10/08/06 11:00,27.7
10/08/06 11:05,27.7
10/08/06 11:10,27.6
10/08/06 11:15,27.3
10/08/06 11:20,26.6
10/08/06 11:25,26.3
10/08/06 11:30,26.0
10/08/06 11:35,25.8
10/08/06 11:40,25.6
10/08/06 11:45,25.4
10/08/06 11:50,25.3
10/08/06 11:55,25.3
10/08/06 12:00,25.3
10/08/06 12:05,25.4
10/08/06 12:10,25.5
10/08/06 12:15,25.4
10/08/06 12:20,26.1
10/08/06 12:25,26.7
10/08/06 12:30,26.5
10/08/06 12:35,26.4
10/08/06 12:40,25.9
10/08/06 12:45,25.2
10/08/06 12:50,24.9
10/08/06 12:55,25.0
10/08/06 13:00,25.5
10/08/06 13:05,25.9
10/08/06 13:10,25.7
10/08/06 13:15,25.3
10/08/06 13:20,24.4
10/08/06 13:25,23.7
10/08/06 13:30,23.0
10/08/06 13:35,22.5
10/08/06 13:40,22.0
10/08/06 13:45,21.7
10/08/06 13:50,21.4
10/08/06 13:55,21.1
10/08/06 14:00,20.8
10/08/06 14:05,20.6
10/08/06 14:10,20.2
10/08/06 14:15,19.8
10/08/06 14:20,19.3
10/08/06 14:25,18.8
10/08/06 14:30,18.3
10/08/06 14:35,17.9
10/08/06 14:40,17.3
10/08/06 14:45,16.8
10/08/06 14:50,16.2
10/08/06 14:55,15.7
10/08/06 15:00,15.2
10/08/06 15:05,14.8
10/08/06 15:10,14.2
10/08/06 15:15,13.6
10/08/06 15:20,12.9
10/08/06 15:25,12.2
10/08/06 15:30,11.5
10/08/06 15:35,10.9
10/08/06 15:40,10.3
10/08/06 15:45,9.7
10/08/06 15:50,9.0
10/08/06 15:55,8.4
10/08/06 16:00,7.8
10/08/06 16:05,7.1
10/08/06 16:10,6.4
10/08/06 16:15,5.7
10/08/06 16:20,5.1
10/08/06 16:25,4.5
10/08/06 16:30,3.8
10/08/06 16:35,2.7
10/08/06 16:40,1.4
10/08/06 16:45,0.7
10/08/06 16:50,0.3
10/08/06 16:55,0.1
10/08/06 17:00,0.0
10/08/06 17:05,0.0
10/08/06 17:10,0.0
10/08/06 17:15,0.0
10/08/06 17:20,0.0
10/08/06 17:25,0.0
10/08/06 17:30,0.0
10/08/06 17:35,0.0
10/08/06 17:40,0.0
10/08/06 17:45,0.0
10/08/06 17:50,0.0
10/08/06 17:55,0.0
10/08/06 18:00,0.0
10/08/06 18:05,0.0
10/08/06 18:10,0.0
10/08/06 18:15,0.0
10/08/06 18:20,0.0
10/08/06 18:25,0.0
10/08/06 18:30,0.0
10/08/06 18:35,0.0
10/08/06 18:40,0.0
10/08/06 18:45,0.0
10/08/06 18:50,0.0
10/08/06 18:55,0.0
10/08/06 19:00,0.0
10/08/06 19:05,0.0
10/08/06 19:10,0.0
10/08/06 19:15,0.0
10/08/06 19:20,0.0
10/08/06 19:25,0.0
10/08/06 19:30,0.0
10/08/06 19:35,0.0
10/08/06 19:40,0.0
10/08/06 19:45,0.0
10/08/06 19:50,0.0
10/08/06 19:55,0.0
10/08/06 20:00,0.0
10/08/06 20:05,0.0
10/08/06 20:10,0.0
10/08/06 20:15,0.0
10/08/06 20:20,0.0
10/08/06 20:25,0.0
10/08/06 20:30,0.0
10/08/06 20:35,0.0
10/08/06 20:40,0.0
10/08/06 20:45,0.0
10/08/06 20:50,0.0
10/08/06 20:55,0.0
10/08/06 21:00,0.0
10/08/06 21:05,0.0
10/08/06 21:10,0.0
10/08/06 21:15,0.0
10/08/06 21:20,0.0
10/08/06 21:25,0.0
10/08/06 21:30,0.0
10/08/06 21:35,0.0
10/08/06 21:40,0.0
10/08/06 21:45,0.0
10/08/06 21:50,0.0
10/08/06 21:55,0.0
10/08/06 22:00,0.0
10/08/06 22:05,0.0
10/08/06 22:10,0.0
10/08/06 22:15,0.0
10/08/06 22:20,0.0
10/08/06 22:25,0.0
10/08/06 22:30,0.0
10/08/06 22:35,0.0
10/08/06 22:40,0.0
10/08/06 22:45,0.0
10/08/06 22:50,0.0
10/08/06 22:55,0.0
10/08/06 23:00,0.0
10/08/06 23:05,0.0
10/08/06 23:10,0.0
10/08/06 23:15,0.0
10/08/06 23:20,0.0
10/08/06 23:25,0.0
10/08/06 23:30,0.0
10/08/06 23:35,0.0
10/08/06 23:40,0.0
10/08/06 23:45,0.0
10/08/06 23:50,0.0
10/08/06 23:55,0.0
10/09/06 00:00,0.0
10/09/06 00:05,0.0
10/09/06 00:10,0.0
10/09/06 00:15,0.0
10/09/06 00:20,0.0
10/09/06 00:25,0.0
10/09/06 00:30,0.0
10/09/06 00:35,0.0
10/09/06 00:40,0.0
10/09/06 00:45,0.0
10/09/06 00:50,0.0
10/09/06 00:55,0.0
10/09/06 01:00,0.0
10/09/06 01:05,0.0
10/09/06 01:10,0.0
10/09/06 01:15,0.0
10/09/06 01:20,0.0
10/09/06 01:25,0.0
10/09/06 01:30,0.0
10/09/06 01:35,0.0
10/09/06 01:40,0.0
10/09/06 01:45,0.0
10/09/06 01:50,0.0
10/09/06 01:55,0.0
10/09/06 02:00,0.0
10/09/06 02:05,0.0
10/09/06 02:10,0.0
10/09/06 02:15,0.0
10/09/06 02:20,0.0
10/09/06 02:25,0.0
10/09/06 02:30,0.0
10/09/06 02:35,0.0
10/09/06 02:40,0.0
10/09/06 02:45,0.0
10/09/06 02:50,0.0
10/09/06 02:55,0.0
10/09/06 03:00,0.0
10/09/06 03:05,0.0
10/09/06 03:10,0.0
10/09/06 03:15,0.0
10/09/06 03:20,0.0
10/09/06 03:25,0.0
10/09/06 03:30,0.0
10/09/06 03:35,0.0
10/09/06 03:40,0.0
10/09/06 03:45,0.0
10/09/06 03:50,0.0
10/09/06 03:55,0.0
10/09/06 04:00,0.0
10/09/06 04:05,0.0
10/09/06 04:10,0.0
10/09/06 04:15,0.0
10/09/06 04:20,0.0
10/09/06 04:25,0.0
10/09/06 04:30,0.0
10/09/06 04:35,0.0
10/09/06 04:40,0.0
10/09/06 04:45,0.0
10/09/06 04:50,0.0
10/09/06 04:55,0.0
10/09/06 05:00,0.0
10/09/06 05:05,0.0
10/09/06 05:10,0.0
10/09/06 05:15,0.0
10/09/06 05:20,0.0
10/09/06 05:25,0.0
10/09/06 05:30,0.0
10/09/06 05:35,0.0
10/09/06 05:40,0.0
10/09/06 05:45,0.0
10/09/06 05:50,0.0
10/09/06 05:55,0.0
10/09/06 06:00,0.0
10/09/06 06:05,0.0
10/09/06 06:10,0.0
10/09/06 06:15,0.0
10/09/06 06:20,0.1
10/09/06 06:25,0.2
10/09/06 06:30,0.5
10/09/06 06:35,1.2
10/09/06 06:40,2.4
10/09/06 06:45,3.8
10/09/06 06:50,4.4
10/09/06 06:55,5.0
10/09/06 07:00,5.7
10/09/06 07:05,6.3
10/09/06 07:10,7.0
10/09/06 07:15,7.7
10/09/06 07:20,8.3
10/09/06 07:25,9.0
10/09/06 07:30,9.7
10/09/06 07:35,10.4
10/09/06 07:40,11.2
10/09/06 07:45,12.0
10/09/06 07:50,12.7
10/09/06 07:55,13.5
10/09/06 08:00,14.3
10/09/06 08:05,14.9
10/09/06 08:10,15.5
10/09/06 08:15,15.9
10/09/06 08:20,16.1
10/09/06 08:25,16.4
10/09/06 08:30,16.8
10/09/06 08:35,17.3
10/09/06 08:40,17.9
10/09/06 08:45,18.2
10/09/06 08:50,18.4
10/09/06 08:55,18.8
10/09/06 09:00,19.2
10/09/06 09:05,19.7
10/09/06 09:10,20.1
10/09/06 09:15,20.7
10/09/06 09:20,21.2
10/09/06 09:25,21.7
10/09/06 09:30,22.1
10/09/06 09:35,22.4
10/09/06 09:40,22.8
10/09/06 09:45,23.0
10/09/06 09:50,23.3
10/09/06 09:55,23.7
10/09/06 10:00,24.0
10/09/06 10:05,24.3
10/09/06 10:10,24.5
10/09/06 10:15,24.6
10/09/06 10:20,24.7
10/09/06 10:25,24.9
10/09/06 10:30,25.0
10/09/06 10:35,25.1
10/09/06 10:40,25.1
10/09/06 10:45,25.1
10/09/06 10:50,25.2
10/09/06 10:55,25.4
10/09/06 11:00,25.5
10/09/06 11:05,25.8
10/09/06 11:10,26.1
10/09/06 11:15,26.1
10/09/06 11:20,25.9
10/09/06 11:25,25.8
10/09/06 11:30,25.7
10/09/06 11:35,25.7
10/09/06 11:40,25.7
10/09/06 11:45,25.5
10/09/06 11:50,25.1
10/09/06 11:55,24.9
10/09/06 12:00,24.9
10/09/06 12:05,24.8
10/09/06 12:10,24.7
10/09/06 12:15,24.7
10/09/06 12:20,24.8
10/09/06 12:25,24.5
10/09/06 12:30,24.2
10/09/06 12:35,23.9
10/09/06 12:40,23.7
10/09/06 12:45,23.6
10/09/06 12:50,23.3
10/09/06 12:55,23.0
10/09/06 13:00,22.8
10/09/06 13:05,22.7
10/09/06 13:10,22.4
10/09/06 13:15,22.4
10/09/06 13:20,22.5
10/09/06 13:25,22.4
10/09/06 13:30,22.2
10/09/06 13:35,22.0
10/09/06 13:40,21.7
10/09/06 13:45,21.4
10/09/06 13:50,21.1
10/09/06 13:55,20.8
10/09/06 14:00,20.5
10/09/06 14:05,20.2
10/09/06 14:10,19.9
10/09/06 14:15,19.5
10/09/06 14:20,19.1
10/09/06 14:25,18.7
10/09/06 14:30,18.1
10/09/06 14:35,17.6
10/09/06 14:40,17.0
10/09/06 14:45,16.5
10/09/06 14:50,16.1
10/09/06 14:55,15.6
10/09/06 15:00,15.0
10/09/06 15:05,14.5
10/09/06 15:10,13.9
10/09/06 15:15,13.3
10/09/06 15:20,12.7
10/09/06 15:25,12.0
10/09/06 15:30,11.4
10/09/06 15:35,10.7
10/09/06 15:40,10.1
10/09/06 15:45,9.5
10/09/06 15:50,8.9
10/09/06 15:55,8.3
10/09/06 16:00,7.6
10/09/06 16:05,7.0
10/09/06 16:10,6.5
10/09/06 16:15,5.8
10/09/06 16:20,5.1
10/09/06 16:25,4.5
10/09/06 16:30,3.9
10/09/06 16:35,2.8
10/09/06 16:40,1.4
10/09/06 16:45,0.7
10/09/06 16:50,0.3
10/09/06 16:55,0.1
10/09/06 17:00,0.0
10/09/06 17:05,0.0
10/09/06 17:10,0.0
10/09/06 17:15,0.0
10/09/06 17:20,0.0
10/09/06 17:25,0.0
10/09/06 17:30,0.0
10/09/06 17:35,0.0
10/09/06 17:40,0.0
10/09/06 17:45,0.0
10/09/06 17:50,0.0
10/09/06 17:55,0.0
10/09/06 18:00,0.0
10/09/06 18:05,0.0
10/09/06 18:10,0.0
10/09/06 18:15,0.0
10/09/06 18:20,0.0
10/09/06 18:25,0.0
10/09/06 18:30,0.0
10/09/06 18:35,0.0
10/09/06 18:40,0.0
10/09/06 18:45,0.0
10/09/06 18:50,0.0
10/09/06 18:55,0.0
10/09/06 19:00,0.0
10/09/06 19:05,0.0
10/09/06 19:10,0.0
10/09/06 19:15,0.0
10/09/06 19:20,0.0
10/09/06 19:25,0.0
10/09/06 19:30,0.0
10/09/06 19:35,0.0
10/09/06 19:40,0.0
10/09/06 19:45,0.0
10/09/06 19:50,0.0
10/09/06 19:55,0.0
10/09/06 20:00,0.0
10/09/06 20:05,0.0
10/09/06 20:10,0.0
10/09/06 20:15,0.0
10/09/06 20:20,0.0
10/09/06 20:25,0.0
10/09/06 20:30,0.0
10/09/06 20:35,0.0
10/09/06 20:40,0.0
10/09/06 20:45,0.0
10/09/06 20:50,0.0
10/09/06 20:55,0.0
10/09/06 21:00,0.0
10/09/06 21:05,0.0
10/09/06 21:10,0.0
10/09/06 21:15,0.0
10/09/06 21:20,0.0
10/09/06 21:25,0.0
10/09/06 21:30,0.0
10/09/06 21:35,0.0
10/09/06 21:40,0.0
10/09/06 21:45,0.0
10/09/06 21:50,0.0
10/09/06 21:55,0.0
10/09/06 22:00,0.0
10/09/06 22:05,0.0
10/09/06 22:10,0.0
10/09/06 22:15,0.0
10/09/06 22:20,0.0
10/09/06 22:25,0.0
10/09/06 22:30,0.0
10/09/06 22:35,0.0
10/09/06 22:40,0.0
10/09/06 22:45,0.0
10/09/06 22:50,0.0
10/09/06 22:55,0.0
10/09/06 23:00,0.0
10/09/06 23:05,0.0
10/09/06 23:10,0.0
10/09/06 23:15,0.0
10/09/06 23:20,0.0
10/09/06 23:25,0.0
10/09/06 23:30,0.0
10/09/06 23:35,0.0
10/09/06 23:40,0.0
10/09/06 23:45,0.0
10/09/06 23:50,0.0
10/09/06 23:55,0.0
10/10/06 00:00,0.0
10/10/06 00:05,0.0
10/10/06 00:10,0.0
10/10/06 00:15,0.0
10/10/06 00:20,0.0
10/10/06 00:25,0.0
10/10/06 00:30,0.0
10/10/06 00:35,0.0
10/10/06 00:40,0.0
10/10/06 00:45,0.0
10/10/06 00:50,0.0
10/10/06 00:55,0.0
10/10/06 01:00,0.0
10/10/06 01:05,0.0
10/10/06 01:10,0.0
10/10/06 01:15,0.0
10/10/06 01:20,0.0
10/10/06 01:25,0.0
10/10/06 01:30,0.0
10/10/06 01:35,0.0
10/10/06 01:40,0.0
10/10/06 01:45,0.0
10/10/06 01:50,0.0
10/10/06 01:55,0.0
10/10/06 02:00,0.0
10/10/06 02:05,0.0
10/10/06 02:10,0.0
10/10/06 02:15,0.0
10/10/06 02:20,0.0
10/10/06 02:25,0.0
10/10/06 02:30,0.0
10/10/06 02:35,0.0
10/10/06 02:40,0.0
10/10/06 02:45,0.0
10/10/06 02:50,0.0
10/10/06 02:55,0.0
10/10/06 03:00,0.0
10/10/06 03:05,0.0
10/10/06 03:10,0.0
10/10/06 03:15,0.0
10/10/06 03:20,0.0
10/10/06 03:25,0.0
10/10/06 03:30,0.0
10/10/06 03:35,0.0
10/10/06 03:40,0.0
10/10/06 03:45,0.0
10/10/06 03:50,0.0
10/10/06 03:55,0.0
10/10/06 04:00,0.0
10/10/06 04:05,0.0
10/10/06 04:10,0.0
10/10/06 04:15,0.0
10/10/06 04:20,0.0
10/10/06 04:25,0.0
10/10/06 04:30,0.0
10/10/06 04:35,0.0
10/10/06 04:40,0.0
10/10/06 04:45,0.0
10/10/06 04:50,0.0
10/10/06 04:55,0.0
10/10/06 05:00,0.0
10/10/06 05:05,0.0
10/10/06 05:10,0.0
10/10/06 05:15,0.0
10/10/06 05:20,0.0
10/10/06 05:25,0.0
10/10/06 05:30,0.0
10/10/06 05:35,0.0
10/10/06 05:40,0.0
10/10/06 05:45,0.0
10/10/06 05:50,0.0
10/10/06 05:55,0.0
10/10/06 06:00,0.0
10/10/06 06:05,0.0
10/10/06 06:10,0.0
10/10/06 06:15,0.0
10/10/06 06:20,0.0
10/10/06 06:25,0.1
10/10/06 06:30,0.4
10/10/06 06:35,0.8
10/10/06 06:40,1.6
10/10/06 06:45,3.2
10/10/06 06:50,4.1
10/10/06 06:55,4.7
10/10/06 07:00,5.2
10/10/06 07:05,5.8
10/10/06 07:10,6.4
10/10/06 07:15,6.8
10/10/06 07:20,7.0
10/10/06 07:25,7.2
10/10/06 07:30,7.4
10/10/06 07:35,7.7
10/10/06 07:40,8.0
10/10/06 07:45,8.4
10/10/06 07:50,8.8
10/10/06 07:55,9.3
10/10/06 08:00,9.9
10/10/06 08:05,10.4
10/10/06 08:10,11.2
10/10/06 08:15,11.4
10/10/06 08:20,10.9
10/10/06 08:25,11.0
10/10/06 08:30,10.8
10/10/06 08:35,10.4
10/10/06 08:40,10.9
10/10/06 08:45,11.1
10/10/06 08:50,10.7
10/10/06 08:55,9.6
10/10/06 09:00,9.6
10/10/06 09:05,11.0
10/10/06 09:10,10.5
10/10/06 09:15,9.9
10/10/06 09:20,12.2
10/10/06 09:25,12.6
10/10/06 09:30,14.3
10/10/06 09:35,16.9
10/10/06 09:40,19.9
10/10/06 09:45,21.2
10/10/06 09:50,21.3
10/10/06 09:55,20.8
10/10/06 10:00,20.2
10/10/06 10:05,19.7
10/10/06 10:10,20.6
10/10/06 10:15,20.5
10/10/06 10:20,20.5
10/10/06 10:25,21.5
10/10/06 10:30,21.8
10/10/06 10:35,20.8
10/10/06 10:40,21.5
10/10/06 10:45,21.9
10/10/06 10:50,21.9
10/10/06 10:55,21.9
10/10/06 11:00,22.2
10/10/06 11:05,21.6
10/10/06 11:10,21.9
10/10/06 11:15,21.5
10/10/06 11:20,20.1
10/10/06 11:25,21.2
10/10/06 11:30,21.8
10/10/06 11:35,20.1
10/10/06 11:40,16.7
10/10/06 11:45,16.8
10/10/06 11:50,17.6
10/10/06 11:55,16.8
10/10/06 12:00,13.7
10/10/06 12:05,13.8
10/10/06 12:10,16.6
10/10/06 12:15,19.0
10/10/06 12:20,20.0
10/10/06 12:25,20.7
10/10/06 12:30,20.4
10/10/06 12:35,20.2
10/10/06 12:40,21.1
10/10/06 12:45,20.1
10/10/06 12:50,17.4
10/10/06 12:55,19.0
10/10/06 13:00,20.6
10/10/06 13:05,20.7
10/10/06 13:10,19.8
10/10/06 13:15,18.4
10/10/06 13:20,16.9
10/10/06 13:25,17.2
10/10/06 13:30,17.8
10/10/06 13:35,17.1
10/10/06 13:40,17.8
10/10/06 13:45,17.4
10/10/06 13:50,16.2
10/10/06 13:55,16.1
10/10/06 14:00,17.0
10/10/06 14:05,17.9
10/10/06 14:10,17.5
10/10/06 14:15,17.4
10/10/06 14:20,17.4
10/10/06 14:25,16.4
10/10/06 14:30,15.6
10/10/06 14:35,13.2
10/10/06 14:40,13.3
10/10/06 14:45,13.4
10/10/06 14:50,13.3
10/10/06 14:55,12.5
10/10/06 15:00,12.8
10/10/06 15:05,12.5
10/10/06 15:10,12.4
10/10/06 15:15,12.0
10/10/06 15:20,11.4
10/10/06 15:25,10.8
10/10/06 15:30,10.2
10/10/06 15:35,9.6
10/10/06 15:40,9.1
10/10/06 15:45,8.7
10/10/06 15:50,8.3
10/10/06 15:55,7.8
10/10/06 16:00,7.2
10/10/06 16:05,6.5
10/10/06 16:10,5.8
10/10/06 16:15,5.1
10/10/06 16:20,4.4
10/10/06 16:25,3.7
10/10/06 16:30,2.2
10/10/06 16:35,1.1
10/10/06 16:40,0.8
10/10/06 16:45,0.5
10/10/06 16:50,0.3
10/10/06 16:55,0.1
10/10/06 17:00,0.0
10/10/06 17:05,0.0
10/10/06 17:10,0.0
10/10/06 17:15,0.0
10/10/06 17:20,0.0
10/10/06 17:25,0.0
10/10/06 17:30,0.0
10/10/06 17:35,0.0
10/10/06 17:40,0.0
10/10/06 17:45,0.0
10/10/06 17:50,0.0
10/10/06 17:55,0.0
10/10/06 18:00,0.0
10/10/06 18:05,0.0
10/10/06 18:10,0.0
10/10/06 18:15,0.0
10/10/06 18:20,0.0
10/10/06 18:25,0.0
10/10/06 18:30,0.0
10/10/06 18:35,0.0
10/10/06 18:40,0.0
10/10/06 18:45,0.0
10/10/06 18:50,0.0
10/10/06 18:55,0.0
10/10/06 19:00,0.0
10/10/06 19:05,0.0
10/10/06 19:10,0.0
10/10/06 19:15,0.0
10/10/06 19:20,0.0
10/10/06 19:25,0.0
10/10/06 19:30,0.0
10/10/06 19:35,0.0
10/10/06 19:40,0.0
10/10/06 19:45,0.0
10/10/06 19:50,0.0
10/10/06 19:55,0.0
10/10/06 20:00,0.0
10/10/06 20:05,0.0
10/10/06 20:10,0.0
10/10/06 20:15,0.0
10/10/06 20:20,0.0
10/10/06 20:25,0.0
10/10/06 20:30,0.0
10/10/06 20:35,0.0
10/10/06 20:40,0.0
10/10/06 20:45,0.0
10/10/06 20:50,0.0
10/10/06 20:55,0.0
10/10/06 21:00,0.0
10/10/06 21:05,0.0
10/10/06 21:10,0.0
10/10/06 21:15,0.0
10/10/06 21:20,0.0
10/10/06 21:25,0.0
10/10/06 21:30,0.0
10/10/06 21:35,0.0
10/10/06 21:40,0.0
10/10/06 21:45,0.0
10/10/06 21:50,0.0
10/10/06 21:55,0.0
10/10/06 22:00,0.0
10/10/06 22:05,0.0
10/10/06 22:10,0.0
10/10/06 22:15,0.0
10/10/06 22:20,0.0
10/10/06 22:25,0.0
10/10/06 22:30,0.0
10/10/06 22:35,0.0
10/10/06 22:40,0.0
10/10/06 22:45,0.0
10/10/06 22:50,0.0
10/10/06 22:55,0.0
10/10/06 23:00,0.0
10/10/06 23:05,0.0
10/10/06 23:10,0.0
10/10/06 23:15,0.0
10/10/06 23:20,0.0
10/10/06 23:25,0.0
10/10/06 23:30,0.0
10/10/06 23:35,0.0
10/10/06 23:40,0.0
10/10/06 23:45,0.0
10/10/06 23:50,0.0
10/10/06 23:55,0.0
10/11/06 00:00,0.0
10/11/06 00:05,0.0
10/11/06 00:10,0.0
10/11/06 00:15,0.0
10/11/06 00:20,0.0
10/11/06 00:25,0.0
10/11/06 00:30,0.0
10/11/06 00:35,0.0
10/11/06 00:40,0.0
10/11/06 00:45,0.0
10/11/06 00:50,0.0
10/11/06 00:55,0.0
10/11/06 01:00,0.0
10/11/06 01:05,0.0
10/11/06 01:10,0.0
10/11/06 01:15,0.0
10/11/06 01:20,0.0
10/11/06 01:25,0.0
10/11/06 01:30,0.0
10/11/06 01:35,0.0
10/11/06 01:40,0.0
10/11/06 01:45,0.0
10/11/06 01:50,0.0
10/11/06 01:55,0.0
10/11/06 02:00,0.0
10/11/06 02:05,0.0
10/11/06 02:10,0.0
10/11/06 02:15,0.0
10/11/06 02:20,0.0
10/11/06 02:25,0.0
10/11/06 02:30,0.0
10/11/06 02:35,0.0
10/11/06 02:40,0.0
10/11/06 02:45,0.0
10/11/06 02:50,0.0
10/11/06 02:55,0.0
10/11/06 03:00,0.0
10/11/06 03:05,0.0
10/11/06 03:10,0.0
10/11/06 03:15,0.0
10/11/06 03:20,0.0
10/11/06 03:25,0.0
10/11/06 03:30,0.0
10/11/06 03:35,0.0
10/11/06 03:40,0.0
10/11/06 03:45,0.0
10/11/06 03:50,0.0
10/11/06 03:55,0.0
10/11/06 04:00,0.0
10/11/06 04:05,0.0
10/11/06 04:10,0.0
10/11/06 04:15,0.0
10/11/06 04:20,0.0
10/11/06 04:25,0.0
10/11/06 04:30,0.0
10/11/06 04:35,0.0
10/11/06 04:40,0.0
10/11/06 04:45,0.0
10/11/06 04:50,0.0
10/11/06 04:55,0.0
10/11/06 05:00,0.0
10/11/06 05:05,0.0
10/11/06 05:10,0.0
10/11/06 05:15,0.0
10/11/06 05:20,0.0
10/11/06 05:25,0.0
10/11/06 05:30,0.0
10/11/06 05:35,0.0
10/11/06 05:40,0.0
10/11/06 05:45,0.0
10/11/06 05:50,0.0
10/11/06 05:55,0.0
10/11/06 06:00,0.0
10/11/06 06:05,0.0
10/11/06 06:10,0.0
10/11/06 06:15,0.0
10/11/06 06:20,0.0
10/11/06 06:25,0.0
10/11/06 06:30,0.0
10/11/06 06:35,0.1
10/11/06 06:40,0.4
10/11/06 06:45,0.9
10/11/06 06:50,1.5
10/11/06 06:55,1.4
10/11/06 07:00,1.9
10/11/06 07:05,3.8
10/11/06 07:10,4.2
10/11/06 07:15,4.2
10/11/06 07:20,4.9
10/11/06 07:25,5.3
10/11/06 07:30,6.6
10/11/06 07:35,6.3
10/11/06 07:40,7.6
10/11/06 07:45,8.1
10/11/06 07:50,8.8
10/11/06 07:55,9.3
10/11/06 08:00,9.5
10/11/06 08:05,9.3
10/11/06 08:10,9.2
10/11/06 08:15,9.5
10/11/06 08:20,10.4
10/11/06 08:25,11.2
10/11/06 08:30,11.9
10/11/06 08:35,12.5
10/11/06 08:40,13.2
10/11/06 08:45,13.9
10/11/06 08:50,14.8
10/11/06 08:55,15.6
10/11/06 09:00,16.4
10/11/06 09:05,17.3
10/11/06 09:10,18.2
10/11/06 09:15,19.0
10/11/06 09:20,19.5
10/11/06 09:25,19.4
10/11/06 09:30,18.7
10/11/06 09:35,17.9
10/11/06 09:40,17.1
10/11/06 09:45,15.8
10/11/06 09:50,14.6
10/11/06 09:55,13.7
10/11/06 10:00,12.9
10/11/06 10:05,11.7
10/11/06 10:10,10.6
10/11/06 10:15,9.9
10/11/06 10:20,10.1
10/11/06 10:25,10.2
10/11/06 10:30,10.6
10/11/06 10:35,10.9
10/11/06 10:40,11.8
10/11/06 10:45,13.9
10/11/06 10:50,17.1
10/11/06 10:55,19.9
10/11/06 11:00,22.0
10/11/06 11:05,23.8
10/11/06 11:10,25.6
10/11/06 11:15,26.3
10/11/06 11:20,26.1
10/11/06 11:25,25.8
10/11/06 11:30,25.8
10/11/06 11:35,26.9
10/11/06 11:40,27.6
10/11/06 11:45,28.2
10/11/06 11:50,28.3
10/11/06 11:55,28.3
10/11/06 12:00,27.8
10/11/06 12:05,27.4
10/11/06 12:10,27.1
10/11/06 12:15,25.5
10/11/06 12:20,19.2
10/11/06 12:25,13.7
10/11/06 12:30,13.9
10/11/06 12:35,15.4
10/11/06 12:40,11.7
10/11/06 12:45,8.9
10/11/06 12:50,9.0
10/11/06 12:55,10.6
10/11/06 13:00,13.2
10/11/06 13:05,18.0
10/11/06 13:10,21.2
10/11/06 13:15,21.8
10/11/06 13:20,19.2
10/11/06 13:25,14.5
10/11/06 13:30,13.1
10/11/06 13:35,13.4
10/11/06 13:40,16.8
10/11/06 13:45,18.2
10/11/06 13:50,17.9
10/11/06 13:55,17.8
10/11/06 14:00,17.5
10/11/06 14:05,17.5
10/11/06 14:10,15.6
10/11/06 14:15,15.4
10/11/06 14:20,15.2
10/11/06 14:25,14.5
10/11/06 14:30,14.4
10/11/06 14:35,12.1
10/11/06 14:40,9.6
10/11/06 14:45,10.8
10/11/06 14:50,11.3
10/11/06 14:55,10.5
10/11/06 15:00,10.3
10/11/06 15:05,10.0
10/11/06 15:10,9.9
10/11/06 15:15,9.3
10/11/06 15:20,9.6
10/11/06 15:25,10.2
10/11/06 15:30,10.5
10/11/06 15:35,10.4
10/11/06 15:40,10.0
10/11/06 15:45,9.5
10/11/06 15:50,9.0
10/11/06 15:55,8.3
10/11/06 16:00,7.7
10/11/06 16:05,7.1
10/11/06 16:10,6.4
10/11/06 16:15,4.6
10/11/06 16:20,2.1
10/11/06 16:25,0.6
10/11/06 16:30,0.2
10/11/06 16:35,0.1
10/11/06 16:40,0.1
10/11/06 16:45,0.0
10/11/06 16:50,0.0
10/11/06 16:55,0.0
10/11/06 17:00,0.0
10/11/06 17:05,0.0
10/11/06 17:10,0.0
10/11/06 17:15,0.0
10/11/06 17:20,0.0
10/11/06 17:25,0.0
10/11/06 17:30,0.0
10/11/06 17:35,0.0
10/11/06 17:40,0.0
10/11/06 17:45,0.0
10/11/06 17:50,0.0
10/11/06 17:55,0.0
10/11/06 18:00,0.0
10/11/06 18:05,0.0
10/11/06 18:10,0.0
10/11/06 18:15,0.0
10/11/06 18:20,0.0
10/11/06 18:25,0.0
10/11/06 18:30,0.0
10/11/06 18:35,0.0
10/11/06 18:40,0.0
10/11/06 18:45,0.0
10/11/06 18:50,0.0
10/11/06 18:55,0.0
10/11/06 19:00,0.0
10/11/06 19:05,0.0
10/11/06 19:10,0.0
10/11/06 19:15,0.0
10/11/06 19:20,0.0
10/11/06 19:25,0.0
10/11/06 19:30,0.0
10/11/06 19:35,0.0
10/11/06 19:40,0.0
10/11/06 19:45,0.0
10/11/06 19:50,0.0
10/11/06 19:55,0.0
10/11/06 20:00,0.0
10/11/06 20:05,0.0
10/11/06 20:10,0.0
10/11/06 20:15,0.0
10/11/06 20:20,0.0
10/11/06 20:25,0.0
10/11/06 20:30,0.0
10/11/06 20:35,0.0
10/11/06 20:40,0.0
10/11/06 20:45,0.0
10/11/06 20:50,0.0
10/11/06 20:55,0.0
10/11/06 21:00,0.0
10/11/06 21:05,0.0
10/11/06 21:10,0.0
10/11/06 21:15,0.0
10/11/06 21:20,0.0
10/11/06 21:25,0.0
10/11/06 21:30,0.0
10/11/06 21:35,0.0
10/11/06 21:40,0.0
10/11/06 21:45,0.0
10/11/06 21:50,0.0
10/11/06 21:55,0.0
10/11/06 22:00,0.0
10/11/06 22:05,0.0
10/11/06 22:10,0.0
10/11/06 22:15,0.0
10/11/06 22:20,0.0
10/11/06 22:25,0.0
10/11/06 22:30,0.0
10/11/06 22:35,0.0
10/11/06 22:40,0.0
10/11/06 22:45,0.0
10/11/06 22:50,0.0
10/11/06 22:55,0.0
10/11/06 23:00,0.0
10/11/06 23:05,0.0
10/11/06 23:10,0.0
10/11/06 23:15,0.0
10/11/06 23:20,0.0
10/11/06 23:25,0.0
10/11/06 23:30,0.0
10/11/06 23:35,0.0
10/11/06 23:40,0.0
10/11/06 23:45,0.0
10/11/06 23:50,0.0
10/11/06 23:55,0.0
10/12/06 00:00,0.0
10/12/06 00:05,0.0
10/12/06 00:10,0.0
10/12/06 00:15,0.0
10/12/06 00:20,0.0
10/12/06 00:25,0.0
10/12/06 00:30,0.0
10/12/06 00:35,0.0
10/12/06 00:40,0.0
10/12/06 00:45,0.0
10/12/06 00:50,0.0
10/12/06 00:55,0.0
10/12/06 01:00,0.0
10/12/06 01:05,0.0
10/12/06 01:10,0.0
10/12/06 01:15,0.0
10/12/06 01:20,0.0
10/12/06 01:25,0.0
10/12/06 01:30,0.0
10/12/06 01:35,0.0
10/12/06 01:40,0.0
10/12/06 01:45,0.0
10/12/06 01:50,0.0
10/12/06 01:55,0.0
10/12/06 02:00,0.0
10/12/06 02:05,0.0
10/12/06 02:10,0.0
10/12/06 02:15,0.0
10/12/06 02:20,0.0
10/12/06 02:25,0.0
10/12/06 02:30,0.0
10/12/06 02:35,0.0
10/12/06 02:40,0.0
10/12/06 02:45,0.0
10/12/06 02:50,0.0
10/12/06 02:55,0.0
10/12/06 03:00,0.0
10/12/06 03:05,0.0
10/12/06 03:10,0.0
10/12/06 03:15,0.0
10/12/06 03:20,0.0
10/12/06 03:25,0.0
10/12/06 03:30,0.0
10/12/06 03:35,0.0
10/12/06 03:40,0.0
10/12/06 03:45,0.0
10/12/06 03:50,0.0
10/12/06 03:55,0.0
10/12/06 04:00,0.0
10/12/06 04:05,0.0
10/12/06 04:10,0.0
10/12/06 04:15,0.0
10/12/06 04:20,0.0
10/12/06 04:25,0.0
10/12/06 04:30,0.0
10/12/06 04:35,0.0
10/12/06 04:40,0.0
10/12/06 04:45,0.0
10/12/06 04:50,0.0
10/12/06 04:55,0.0
10/12/06 05:00,0.0
10/12/06 05:05,0.0
10/12/06 05:10,0.0
10/12/06 05:15,0.0
10/12/06 05:20,0.0
10/12/06 05:25,0.0
10/12/06 05:30,0.0
10/12/06 05:35,0.0
10/12/06 05:40,0.0
10/12/06 05:45,0.0
10/12/06 05:50,0.0
10/12/06 05:55,0.0
10/12/06 06:00,0.0
10/12/06 06:05,0.0
10/12/06 06:10,0.0
10/12/06 06:15,0.0
10/12/06 06:20,0.0
10/12/06 06:25,0.1
10/12/06 06:30,0.4
10/12/06 06:35,0.9
10/12/06 06:40,1.9
10/12/06 06:45,3.6
10/12/06 06:50,4.2
10/12/06 06:55,4.8
10/12/06 07:00,5.4
10/12/06 07:05,6.1
10/12/06 07:10,6.8
10/12/06 07:15,7.4
10/12/06 07:20,8.0
10/12/06 07:25,8.6
10/12/06 07:30,9.1
10/12/06 07:35,9.6
10/12/06 07:40,9.3
10/12/06 07:45,9.0
10/12/06 07:50,9.4
10/12/06 07:55,8.8
10/12/06 08:00,10.4
10/12/06 08:05,13.0
10/12/06 08:10,14.5
10/12/06 08:15,15.3
10/12/06 08:20,15.7
10/12/06 08:25,16.1
10/12/06 08:30,16.8
10/12/06 08:35,17.4
10/12/06 08:40,18.1
10/12/06 08:45,18.7
10/12/06 08:50,19.2
10/12/06 08:55,19.7
10/12/06 09:00,20.3
10/12/06 09:05,20.9
10/12/06 09:10,21.4
10/12/06 09:15,21.5
10/12/06 09:20,21.3
10/12/06 09:25,21.3
10/12/06 09:30,21.2
10/12/06 09:35,21.3
10/12/06 09:40,21.6
10/12/06 09:45,21.8
10/12/06 09:50,21.9
10/12/06 09:55,22.0
10/12/06 10:00,22.1
10/12/06 10:05,22.2
10/12/06 10:10,22.5
10/12/06 10:15,22.7
10/12/06 10:20,23.0
10/12/06 10:25,23.2
10/12/06 10:30,23.4
10/12/06 10:35,23.4
10/12/06 10:40,23.3
10/12/06 10:45,23.3
10/12/06 10:50,23.2
10/12/06 10:55,23.0
10/12/06 11:00,23.0
10/12/06 11:05,23.2
10/12/06 11:10,23.5
10/12/06 11:15,23.4
10/12/06 11:20,22.7
10/12/06 11:25,21.1
10/12/06 11:30,19.8
10/12/06 11:35,15.2
10/12/06 11:40,13.2
10/12/06 11:45,14.1
10/12/06 11:50,17.8
10/12/06 11:55,18.4
10/12/06 12:00,17.7
10/12/06 12:05,19.0
10/12/06 12:10,14.9
10/12/06 12:15,16.1
10/12/06 12:20,18.8
10/12/06 12:25,20.0
10/12/06 12:30,20.1
10/12/06 12:35,20.0
10/12/06 12:40,20.2
10/12/06 12:45,20.5
10/12/06 12:50,20.4
10/12/06 12:55,20.0
10/12/06 13:00,19.6
10/12/06 13:05,19.2
10/12/06 13:10,19.0
10/12/06 13:15,18.2
10/12/06 13:20,16.8
10/12/06 13:25,15.5
10/12/06 13:30,14.0
10/12/06 13:35,12.9
10/12/06 13:40,11.5
10/12/06 13:45,10.2
10/12/06 13:50,8.9
10/12/06 13:55,7.7
10/12/06 14:00,6.5
10/12/06 14:05,5.7
10/12/06 14:10,4.8
10/12/06 14:15,4.4
10/12/06 14:20,8.2
10/12/06 14:25,11.9
10/12/06 14:30,13.6
10/12/06 14:35,14.7
10/12/06 14:40,15.2
10/12/06 14:45,14.8
10/12/06 14:50,11.3
10/12/06 14:55,8.6
10/12/06 15:00,7.1
10/12/06 15:05,6.0
10/12/06 15:10,5.3
10/12/06 15:15,7.1
10/12/06 15:20,8.7
10/12/06 15:25,8.9
10/12/06 15:30,8.2
10/12/06 15:35,8.4
10/12/06 15:40,8.1
10/12/06 15:45,8.5
10/12/06 15:50,7.5
10/12/06 15:55,6.9
10/12/06 16:00,5.6
10/12/06 16:05,5.3
10/12/06 16:10,4.9
10/12/06 16:15,4.6
10/12/06 16:20,4.3
10/12/06 16:25,3.8
10/12/06 16:30,3.1
10/12/06 16:35,1.6
10/12/06 16:40,0.8
10/12/06 16:45,0.3
10/12/06 16:50,0.1
10/12/06 16:55,0.0
10/12/06 17:00,0.0
10/12/06 17:05,0.0
10/12/06 17:10,0.0
10/12/06 17:15,0.0
10/12/06 17:20,0.0
10/12/06 17:25,0.0
10/12/06 17:30,0.0
10/12/06 17:35,0.0
10/12/06 17:40,0.0
10/12/06 17:45,0.0
10/12/06 17:50,0.0
10/12/06 17:55,0.0
10/12/06 18:00,0.0
10/12/06 18:05,0.0
10/12/06 18:10,0.0
10/12/06 18:15,0.0
10/12/06 18:20,0.0
10/12/06 18:25,0.0
10/12/06 18:30,0.0
10/12/06 18:35,0.0
10/12/06 18:40,0.0
10/12/06 18:45,0.0
10/12/06 18:50,0.0
10/12/06 18:55,0.0
10/12/06 19:00,0.0
10/12/06 19:05,0.0
10/12/06 19:10,0.0
10/12/06 19:15,0.0
10/12/06 19:20,0.0
10/12/06 19:25,0.0
10/12/06 19:30,0.0
10/12/06 19:35,0.0
10/12/06 19:40,0.0
10/12/06 19:45,0.0
10/12/06 19:50,0.0
10/12/06 19:55,0.0
10/12/06 20:00,0.0
10/12/06 20:05,0.0
10/12/06 20:10,0.0
10/12/06 20:15,0.0
10/12/06 20:20,0.0
10/12/06 20:25,0.0
10/12/06 20:30,0.0
10/12/06 20:35,0.0
10/12/06 20:40,0.0
10/12/06 20:45,0.0
10/12/06 20:50,0.0
10/12/06 20:55,0.0
10/12/06 21:00,0.0
10/12/06 21:05,0.0
10/12/06 21:10,0.0
10/12/06 21:15,0.0
10/12/06 21:20,0.0
10/12/06 21:25,0.0
10/12/06 21:30,0.0
10/12/06 21:35,0.0
10/12/06 21:40,0.0
10/12/06 21:45,0.0
10/12/06 21:50,0.0
10/12/06 21:55,0.0
10/12/06 22:00,0.0
10/12/06 22:05,0.0
10/12/06 22:10,0.0
10/12/06 22:15,0.0
10/12/06 22:20,0.0
10/12/06 22:25,0.0
10/12/06 22:30,0.0
10/12/06 22:35,0.0
10/12/06 22:40,0.0
10/12/06 22:45,0.0
10/12/06 22:50,0.0
10/12/06 22:55,0.0
10/12/06 23:00,0.0
10/12/06 23:05,0.0
10/12/06 23:10,0.0
10/12/06 23:15,0.0
10/12/06 23:20,0.0
10/12/06 23:25,0.0
10/12/06 23:30,0.0
10/12/06 23:35,0.0
10/12/06 23:40,0.0
10/12/06 23:45,0.0
10/12/06 23:50,0.0
10/12/06 23:55,0.0
10/13/06 00:00,0.0
10/13/06 00:05,0.0
10/13/06 00:10,0.0
10/13/06 00:15,0.0
10/13/06 00:20,0.0
10/13/06 00:25,0.0
10/13/06 00:30,0.0
10/13/06 00:35,0.0
10/13/06 00:40,0.0
10/13/06 00:45,0.0
10/13/06 00:50,0.0
10/13/06 00:55,0.0
10/13/06 01:00,0.0
10/13/06 01:05,0.0
10/13/06 01:10,0.0
10/13/06 01:15,0.0
10/13/06 01:20,0.0
10/13/06 01:25,0.0
10/13/06 01:30,0.0
10/13/06 01:35,0.0
10/13/06 01:40,0.0
10/13/06 01:45,0.0
10/13/06 01:50,0.0
10/13/06 01:55,0.0
10/13/06 02:00,0.0
10/13/06 02:05,0.0
10/13/06 02:10,0.0
10/13/06 02:15,0.0
10/13/06 02:20,0.0
10/13/06 02:25,0.0
10/13/06 02:30,0.0
10/13/06 02:35,0.0
10/13/06 02:40,0.0
10/13/06 02:45,0.0
10/13/06 02:50,0.0
10/13/06 02:55,0.0
10/13/06 03:00,0.0
10/13/06 03:05,0.0
10/13/06 03:10,0.0
10/13/06 03:15,0.0
10/13/06 03:20,0.0
10/13/06 03:25,0.0
10/13/06 03:30,0.0
10/13/06 03:35,0.0
10/13/06 03:40,0.0
10/13/06 03:45,0.0
10/13/06 03:50,0.0
10/13/06 03:55,0.0
10/13/06 04:00,0.0
10/13/06 04:05,0.0
10/13/06 04:10,0.0
10/13/06 04:15,0.0
10/13/06 04:20,0.0
10/13/06 04:25,0.0
10/13/06 04:30,0.0
10/13/06 04:35,0.0
10/13/06 04:40,0.0
10/13/06 04:45,0.0
10/13/06 04:50,0.0
10/13/06 04:55,0.0
10/13/06 05:00,0.0
10/13/06 05:05,0.0
10/13/06 05:10,0.0
10/13/06 05:15,0.0
10/13/06 05:20,0.0
10/13/06 05:25,0.0
10/13/06 05:30,0.0
10/13/06 05:35,0.0
10/13/06 05:40,0.0
10/13/06 05:45,0.0
10/13/06 05:50,0.0
10/13/06 05:55,0.0
10/13/06 06:00,0.0
10/13/06 06:05,0.0
10/13/06 06:10,0.0
10/13/06 06:15,0.0
10/13/06 06:20,0.0
10/13/06 06:25,0.0
10/13/06 06:30,0.1
10/13/06 06:35,0.1
10/13/06 06:40,0.1
10/13/06 06:45,0.2
10/13/06 06:50,0.1
10/13/06 06:55,0.5
10/13/06 07:00,1.2
10/13/06 07:05,0.7
10/13/06 07:10,0.6
10/13/06 07:15,1.2
10/13/06 07:20,2.7
10/13/06 07:25,3.7
10/13/06 07:30,3.9
10/13/06 07:35,4.0
10/13/06 07:40,4.1
10/13/06 07:45,4.2
10/13/06 07:50,4.2
10/13/06 07:55,4.1
10/13/06 08:00,4.1
10/13/06 08:05,4.1
10/13/06 08:10,4.2
10/13/06 08:15,4.2
10/13/06 08:20,4.3
10/13/06 08:25,4.0
10/13/06 08:30,3.6
10/13/06 08:35,1.9
10/13/06 08:40,1.5
10/13/06 08:45,1.1
10/13/06 08:50,1.6
10/13/06 08:55,3.8
10/13/06 09:00,3.7
10/13/06 09:05,1.9
10/13/06 09:10,1.7
10/13/06 09:15,1.4
10/13/06 09:20,1.4
10/13/06 09:25,1.1
10/13/06 09:30,0.8
10/13/06 09:35,0.5
10/13/06 09:40,0.4
10/13/06 09:45,0.6
10/13/06 09:50,0.9
10/13/06 09:55,1.6
10/13/06 10:00,2.3
10/13/06 10:05,2.0
10/13/06 10:10,1.4
10/13/06 10:15,1.4
10/13/06 10:20,1.9
10/13/06 10:25,2.6
10/13/06 10:30,2.7
10/13/06 10:35,2.8
10/13/06 10:40,3.2
10/13/06 10:45,3.6
10/13/06 10:50,3.7
10/13/06 10:55,3.8
10/13/06 11:00,3.9
10/13/06 11:05,4.0
10/13/06 11:10,4.1
10/13/06 11:15,4.5
10/13/06 11:20,7.3
10/13/06 11:25,10.9
10/13/06 11:30,14.8
10/13/06 11:35,14.3
10/13/06 11:40,13.6
10/13/06 11:45,12.7
10/13/06 11:50,10.7
10/13/06 11:55,7.5
10/13/06 12:00,7.4
10/13/06 12:05,11.5
10/13/06 12:10,13.3
10/13/06 12:15,13.3
10/13/06 12:20,13.6
10/13/06 12:25,13.9
10/13/06 12:30,14.4
10/13/06 12:35,14.8
10/13/06 12:40,15.5
10/13/06 12:45,16.5
10/13/06 12:50,17.1
10/13/06 12:55,17.4
10/13/06 13:00,17.6
10/13/06 13:05,17.8
10/13/06 13:10,17.8
10/13/06 13:15,18.7
10/13/06 13:20,18.9
10/13/06 13:25,18.2
10/13/06 13:30,17.2
10/13/06 13:35,14.7
10/13/06 13:40,14.3
10/13/06 13:45,16.0
10/13/06 13:50,16.3
10/13/06 13:55,15.2
10/13/06 14:00,16.1
10/13/06 14:05,17.7
10/13/06 14:10,15.2
10/13/06 14:15,14.9
10/13/06 14:20,16.1
10/13/06 14:25,16.7
10/13/06 14:30,16.9
10/13/06 14:35,16.6
10/13/06 14:40,16.3
10/13/06 14:45,15.9
10/13/06 14:50,15.5
10/13/06 14:55,15.0
10/13/06 15:00,14.6
10/13/06 15:05,14.3
10/13/06 15:10,13.8
10/13/06 15:15,13.2
10/13/06 15:20,12.6
10/13/06 15:25,12.0
10/13/06 15:30,11.4
10/13/06 15:35,10.7
10/13/06 15:40,10.0
10/13/06 15:45,9.3
10/13/06 15:50,8.6
10/13/06 15:55,7.9
10/13/06 16:00,7.1
10/13/06 16:05,6.4
10/13/06 16:10,5.7
10/13/06 16:15,5.1
10/13/06 16:20,4.5
10/13/06 16:25,3.9
10/13/06 16:30,2.2
10/13/06 16:35,1.2
10/13/06 16:40,0.6
10/13/06 16:45,0.3
10/13/06 16:50,0.1
10/13/06 16:55,0.0
10/13/06 17:00,0.0
10/13/06 17:05,0.0
10/13/06 17:10,0.0
10/13/06 17:15,0.0
10/13/06 17:20,0.0
10/13/06 17:25,0.0
10/13/06 17:30,0.0
10/13/06 17:35,0.0
10/13/06 17:40,0.0
10/13/06 17:45,0.0
10/13/06 17:50,0.0
10/13/06 17:55,0.0
10/13/06 18:00,0.0
10/13/06 18:05,0.0
10/13/06 18:10,0.0
10/13/06 18:15,0.0
10/13/06 18:20,0.0
10/13/06 18:25,0.0
10/13/06 18:30,0.0
10/13/06 18:35,0.0
10/13/06 18:40,0.0
10/13/06 18:45,0.0
10/13/06 18:50,0.0
10/13/06 18:55,0.0
10/13/06 19:00,0.0
10/13/06 19:05,0.0
10/13/06 19:10,0.0
10/13/06 19:15,0.0
10/13/06 19:20,0.0
10/13/06 19:25,0.0
10/13/06 19:30,0.0
10/13/06 19:35,0.0
10/13/06 19:40,0.0
10/13/06 19:45,0.0
10/13/06 19:50,0.0
10/13/06 19:55,0.0
10/13/06 20:00,0.0
10/13/06 20:05,0.0
10/13/06 20:10,0.0
10/13/06 20:15,0.0
10/13/06 20:20,0.0
10/13/06 20:25,0.0
10/13/06 20:30,0.0
10/13/06 20:35,0.0
10/13/06 20:40,0.0
10/13/06 20:45,0.0
10/13/06 20:50,0.0
10/13/06 20:55,0.0
10/13/06 21:00,0.0
10/13/06 21:05,0.0
10/13/06 21:10,0.0
10/13/06 21:15,0.0
10/13/06 21:20,0.0
10/13/06 21:25,0.0
10/13/06 21:30,0.0
10/13/06 21:35,0.0
10/13/06 21:40,0.0
10/13/06 21:45,0.0
10/13/06 21:50,0.0
10/13/06 21:55,0.0
10/13/06 22:00,0.0
10/13/06 22:05,0.0
10/13/06 22:10,0.0
10/13/06 22:15,0.0
10/13/06 22:20,0.0
10/13/06 22:25,0.0
10/13/06 22:30,0.0
10/13/06 22:35,0.0
10/13/06 22:40,0.0
10/13/06 22:45,0.0
10/13/06 22:50,0.0
10/13/06 22:55,0.0
10/13/06 23:00,0.0
10/13/06 23:05,0.0
10/13/06 23:10,0.0
10/13/06 23:15,0.0
10/13/06 23:20,0.0
10/13/06 23:25,0.0
10/13/06 23:30,0.0
10/13/06 23:35,0.0
10/13/06 23:40,0.0
10/13/06 23:45,0.0
10/13/06 23:50,0.0
10/13/06 23:55,0.0
10/14/06 00:00,0.0
10/14/06 00:05,0.0
10/14/06 00:10,0.0
10/14/06 00:15,0.0
10/14/06 00:20,0.0
10/14/06 00:25,0.0
10/14/06 00:30,0.0
10/14/06 00:35,0.0
10/14/06 00:40,0.0
10/14/06 00:45,0.0
10/14/06 00:50,0.0
10/14/06 00:55,0.0
10/14/06 01:00,0.0
10/14/06 01:05,0.0
10/14/06 01:10,0.0
10/14/06 01:15,0.0
10/14/06 01:20,0.0
10/14/06 01:25,0.0
10/14/06 01:30,0.0
10/14/06 01:35,0.0
10/14/06 01:40,0.0
10/14/06 01:45,0.0
10/14/06 01:50,0.0
10/14/06 01:55,0.0
10/14/06 02:00,0.0
10/14/06 02:05,0.0
10/14/06 02:10,0.0
10/14/06 02:15,0.0
10/14/06 02:20,0.0
10/14/06 02:25,0.0
10/14/06 02:30,0.0
10/14/06 02:35,0.0
10/14/06 02:40,0.0
10/14/06 02:45,0.0
10/14/06 02:50,0.0
10/14/06 02:55,0.0
10/14/06 03:00,0.0
10/14/06 03:05,0.0
10/14/06 03:10,0.0
10/14/06 03:15,0.0
10/14/06 03:20,0.0
10/14/06 03:25,0.0
10/14/06 03:30,0.0
10/14/06 03:35,0.0
10/14/06 03:40,0.0
10/14/06 03:45,0.0
10/14/06 03:50,0.0
10/14/06 03:55,0.0
10/14/06 04:00,0.0
10/14/06 04:05,0.0
10/14/06 04:10,0.0
10/14/06 04:15,0.0
10/14/06 04:20,0.0
10/14/06 04:25,0.0
10/14/06 04:30,0.0
10/14/06 04:35,0.0
10/14/06 04:40,0.0
10/14/06 04:45,0.0
10/14/06 04:50,0.0
10/14/06 04:55,0.0
10/14/06 05:00,0.0
10/14/06 05:05,0.0
10/14/06 05:10,0.0
10/14/06 05:15,0.0
10/14/06 05:20,0.0
10/14/06 05:25,0.0
10/14/06 05:30,0.0
10/14/06 05:35,0.0
10/14/06 05:40,0.0
10/14/06 05:45,0.0
10/14/06 05:50,0.0
10/14/06 05:55,0.0
10/14/06 06:00,0.0
10/14/06 06:05,0.0
10/14/06 06:10,0.0
10/14/06 06:15,0.0
10/14/06 06:20,0.0
10/14/06 06:25,0.1
10/14/06 06:30,0.3
10/14/06 06:35,0.7
10/14/06 06:40,1.5
10/14/06 06:45,2.8
10/14/06 06:50,4.0
10/14/06 06:55,4.7
10/14/06 07:00,5.4
10/14/06 07:05,6.1
10/14/06 07:10,6.8
10/14/06 07:15,7.4
10/14/06 07:20,8.1
10/14/06 07:25,8.8
10/14/06 07:30,9.5
10/14/06 07:35,10.3
10/14/06 07:40,11.0
10/14/06 07:45,11.8
10/14/06 07:50,12.5
10/14/06 07:55,13.3
10/14/06 08:00,14.1
10/14/06 08:05,14.8
10/14/06 08:10,15.6
10/14/06 08:15,16.1
10/14/06 08:20,16.4
10/14/06 08:25,16.8
10/14/06 08:30,17.3
10/14/06 08:35,17.7
10/14/06 08:40,18.3
10/14/06 08:45,18.9
10/14/06 08:50,19.4
10/14/06 08:55,19.9
10/14/06 09:00,20.4
10/14/06 09:05,20.9
10/14/06 09:10,21.4
10/14/06 09:15,21.7
10/14/06 09:20,22.0
10/14/06 09:25,22.1
10/14/06 09:30,22.4
10/14/06 09:35,22.6
10/14/06 09:40,22.8
10/14/06 09:45,23.1
10/14/06 09:50,23.3
10/14/06 09:55,23.5
10/14/06 10:00,23.5
10/14/06 10:05,23.5
10/14/06 10:10,23.6
10/14/06 10:15,24.0
10/14/06 10:20,24.4
10/14/06 10:25,24.7
10/14/06 10:30,24.9
10/14/06 10:35,24.9
10/14/06 10:40,24.8
10/14/06 10:45,24.6
10/14/06 10:50,24.6
10/14/06 10:55,24.7
10/14/06 11:00,24.9
10/14/06 11:05,25.0
10/14/06 11:10,24.9
10/14/06 11:15,25.1
10/14/06 11:20,25.5
10/14/06 11:25,25.9
10/14/06 11:30,26.1
10/14/06 11:35,26.2
10/14/06 11:40,26.3
10/14/06 11:45,26.2
10/14/06 11:50,26.3
10/14/06 11:55,26.3
10/14/06 12:00,26.3
10/14/06 12:05,26.1
10/14/06 12:10,25.9
10/14/06 12:15,25.7
10/14/06 12:20,25.4
10/14/06 12:25,25.0
10/14/06 12:30,24.8
10/14/06 12:35,24.7
10/14/06 12:40,24.4
10/14/06 12:45,24.2
10/14/06 12:50,23.9
10/14/06 12:55,23.6
10/14/06 13:00,23.4
10/14/06 13:05,23.1
10/14/06 13:10,22.8
10/14/06 13:15,22.5
10/14/06 13:20,22.4
10/14/06 13:25,22.2
10/14/06 13:30,22.0
10/14/06 13:35,21.6
10/14/06 13:40,21.2
10/14/06 13:45,20.7
10/14/06 13:50,20.2
10/14/06 13:55,19.8
10/14/06 14:00,19.3
10/14/06 14:05,19.0
10/14/06 14:10,18.6
10/14/06 14:15,18.3
10/14/06 14:20,18.2
10/14/06 14:25,17.9
10/14/06 14:30,17.7
10/14/06 14:35,17.3
10/14/06 14:40,16.6
10/14/06 14:45,16.1
10/14/06 14:50,15.6
10/14/06 14:55,15.2
10/14/06 15:00,14.7
10/14/06 15:05,14.0
10/14/06 15:10,13.3
10/14/06 15:15,12.7
10/14/06 15:20,12.1
10/14/06 15:25,11.4
10/14/06 15:30,10.8
10/14/06 15:35,10.1
10/14/06 15:40,9.4
10/14/06 15:45,8.8
10/14/06 15:50,8.1
10/14/06 15:55,7.4
10/14/06 16:00,6.6
10/14/06 16:05,5.9
10/14/06 16:10,5.3
10/14/06 16:15,4.8
10/14/06 16:20,4.3
10/14/06 16:25,3.8
10/14/06 16:30,2.6
10/14/06 16:35,1.4
10/14/06 16:40,0.6
10/14/06 16:45,0.3
10/14/06 16:50,0.1
10/14/06 16:55,0.0
10/14/06 17:00,0.0
10/14/06 17:05,0.0
10/14/06 17:10,0.0
10/14/06 17:15,0.0
10/14/06 17:20,0.0
10/14/06 17:25,0.0
10/14/06 17:30,0.0
10/14/06 17:35,0.0
10/14/06 17:40,0.0
10/14/06 17:45,0.0
10/14/06 17:50,0.0
10/14/06 17:55,0.0
10/14/06 18:00,0.0
10/14/06 18:05,0.0
10/14/06 18:10,0.0
10/14/06 18:15,0.0
10/14/06 18:20,0.0
10/14/06 18:25,0.0
10/14/06 18:30,0.0
10/14/06 18:35,0.0
10/14/06 18:40,0.0
10/14/06 18:45,0.0
10/14/06 18:50,0.0
10/14/06 18:55,0.0
10/14/06 19:00,0.0
10/14/06 19:05,0.0
10/14/06 19:10,0.0
10/14/06 19:15,0.0
10/14/06 19:20,0.0
10/14/06 19:25,0.0
10/14/06 19:30,0.0
10/14/06 19:35,0.0
10/14/06 19:40,0.0
10/14/06 19:45,0.0
10/14/06 19:50,0.0
10/14/06 19:55,0.0
10/14/06 20:00,0.0
10/14/06 20:05,0.0
10/14/06 20:10,0.0
10/14/06 20:15,0.0
10/14/06 20:20,0.0
10/14/06 20:25,0.0
10/14/06 20:30,0.0
10/14/06 20:35,0.0
10/14/06 20:40,0.0
10/14/06 20:45,0.0
10/14/06 20:50,0.0
10/14/06 20:55,0.0
10/14/06 21:00,0.0
10/14/06 21:05,0.0
10/14/06 21:10,0.0
10/14/06 21:15,0.0
10/14/06 21:20,0.0
10/14/06 21:25,0.0
10/14/06 21:30,0.0
10/14/06 21:35,0.0
10/14/06 21:40,0.0
10/14/06 21:45,0.0
10/14/06 21:50,0.0
10/14/06 21:55,0.0
10/14/06 22:00,0.0
10/14/06 22:05,0.0
10/14/06 22:10,0.0
10/14/06 22:15,0.0
10/14/06 22:20,0.0
10/14/06 22:25,0.0
10/14/06 22:30,0.0
10/14/06 22:35,0.0
10/14/06 22:40,0.0
10/14/06 22:45,0.0
10/14/06 22:50,0.0
10/14/06 22:55,0.0
10/14/06 23:00,0.0
10/14/06 23:05,0.0
10/14/06 23:10,0.0
10/14/06 23:15,0.0
10/14/06 23:20,0.0
10/14/06 23:25,0.0
10/14/06 23:30,0.0
10/14/06 23:35,0.0
10/14/06 23:40,0.0
10/14/06 23:45,0.0
10/14/06 23:50,0.0
10/14/06 23:55,0.0
10/15/06 00:00,0.0
10/15/06 00:05,0.0
10/15/06 00:10,0.0
10/15/06 00:15,0.0
10/15/06 00:20,0.0
10/15/06 00:25,0.0
10/15/06 00:30,0.0
10/15/06 00:35,0.0
10/15/06 00:40,0.0
10/15/06 00:45,0.0
10/15/06 00:50,0.0
10/15/06 00:55,0.0
10/15/06 01:00,0.0
10/15/06 01:05,0.0
10/15/06 01:10,0.0
10/15/06 01:15,0.0
10/15/06 01:20,0.0
10/15/06 01:25,0.0
10/15/06 01:30,0.0
10/15/06 01:35,0.0
10/15/06 01:40,0.0
10/15/06 01:45,0.0
10/15/06 01:50,0.0
10/15/06 01:55,0.0
10/15/06 02:00,0.0
10/15/06 02:05,0.0
10/15/06 02:10,0.0
10/15/06 02:15,0.0
10/15/06 02:20,0.0
10/15/06 02:25,0.0
10/15/06 02:30,0.0
10/15/06 02:35,0.0
10/15/06 02:40,0.0
10/15/06 02:45,0.0
10/15/06 02:50,0.0
10/15/06 02:55,0.0
10/15/06 03:00,0.0
10/15/06 03:05,0.0
10/15/06 03:10,0.0
10/15/06 03:15,0.0
10/15/06 03:20,0.0
10/15/06 03:25,0.0
10/15/06 03:30,0.0
10/15/06 03:35,0.0
10/15/06 03:40,0.0
10/15/06 03:45,0.0
10/15/06 03:50,0.0
10/15/06 03:55,0.0
10/15/06 04:00,0.0
10/15/06 04:05,0.0
10/15/06 04:10,0.0
10/15/06 04:15,0.0
10/15/06 04:20,0.0
10/15/06 04:25,0.0
10/15/06 04:30,0.0
10/15/06 04:35,0.0
10/15/06 04:40,0.0
10/15/06 04:45,0.0
10/15/06 04:50,0.0
10/15/06 04:55,0.0
10/15/06 05:00,0.0
10/15/06 05:05,0.0
10/15/06 05:10,0.0
10/15/06 05:15,0.0
10/15/06 05:20,0.0
10/15/06 05:25,0.0
10/15/06 05:30,0.0
10/15/06 05:35,0.0
10/15/06 05:40,0.0
10/15/06 05:45,0.0
10/15/06 05:50,0.0
10/15/06 05:55,0.0
10/15/06 06:00,0.0
10/15/06 06:05,0.0
10/15/06 06:10,0.0
10/15/06 06:15,0.0
10/15/06 06:20,0.0
10/15/06 06:25,0.0
10/15/06 06:30,0.0
10/15/06 06:35,0.2
10/15/06 06:40,0.5
10/15/06 06:45,0.6
10/15/06 06:50,0.9
10/15/06 06:55,1.3
10/15/06 07:00,2.1
10/15/06 07:05,3.0
10/15/06 07:10,3.7
10/15/06 07:15,4.9
10/15/06 07:20,6.3
10/15/06 07:25,7.6
10/15/06 07:30,7.0
10/15/06 07:35,5.4
10/15/06 07:40,4.3
10/15/06 07:45,5.4
10/15/06 07:50,7.4
10/15/06 07:55,7.3
10/15/06 08:00,9.4
10/15/06 08:05,10.6
10/15/06 08:10,8.4
10/15/06 08:15,7.8
10/15/06 08:20,6.2
10/15/06 08:25,4.9
10/15/06 08:30,4.3
10/15/06 08:35,4.1
10/15/06 08:40,4.0
10/15/06 08:45,3.9
10/15/06 08:50,4.6
10/15/06 08:55,5.9
10/15/06 09:00,7.1
10/15/06 09:05,7.5
10/15/06 09:10,8.3
10/15/06 09:15,8.9
10/15/06 09:20,13.4
10/15/06 09:25,16.3
10/15/06 09:30,17.3
10/15/06 09:35,18.8
10/15/06 09:40,20.2
10/15/06 09:45,21.2
10/15/06 09:50,22.0
10/15/06 09:55,22.6
10/15/06 10:00,23.0
10/15/06 10:05,23.4
10/15/06 10:10,23.4
10/15/06 10:15,23.5
10/15/06 10:20,22.8
10/15/06 10:25,23.2
10/15/06 10:30,23.3
10/15/06 10:35,22.9
10/15/06 10:40,22.9
10/15/06 10:45,21.3
10/15/06 10:50,22.3
10/15/06 10:55,21.8
10/15/06 11:00,18.3
10/15/06 11:05,17.1
10/15/06 11:10,18.8
10/15/06 11:15,20.9
10/15/06 11:20,23.0
10/15/06 11:25,25.0
10/15/06 11:30,26.9
10/15/06 11:35,28.0
10/15/06 11:40,28.4
10/15/06 11:45,28.2
10/15/06 11:50,28.3
10/15/06 11:55,28.9
10/15/06 12:00,29.1
10/15/06 12:05,29.2
10/15/06 12:10,28.9
10/15/06 12:15,27.7
10/15/06 12:20,26.0
10/15/06 12:25,24.9
10/15/06 12:30,24.5
10/15/06 12:35,23.9
10/15/06 12:40,22.1
10/15/06 12:45,20.9
10/15/06 12:50,20.1
10/15/06 12:55,19.9
10/15/06 13:00,19.9
10/15/06 13:05,20.4
10/15/06 13:10,20.7
10/15/06 13:15,20.7
10/15/06 13:20,22.3
10/15/06 13:25,22.7
10/15/06 13:30,18.2
10/15/06 13:35,17.4
10/15/06 13:40,19.1
10/15/06 13:45,20.2
10/15/06 13:50,18.6
10/15/06 13:55,17.2
10/15/06 14:00,13.5
10/15/06 14:05,10.4
10/15/06 14:10,9.9
10/15/06 14:15,9.3
10/15/06 14:20,9.9
10/15/06 14:25,11.3
10/15/06 14:30,12.4
10/15/06 14:35,11.8
10/15/06 14:40,11.7
10/15/06 14:45,13.4
10/15/06 14:50,13.7
10/15/06 14:55,11.8
10/15/06 15:00,9.2
10/15/06 15:05,8.7
10/15/06 15:10,8.3
10/15/06 15:15,6.9
10/15/06 15:20,5.2
10/15/06 15:25,5.1
10/15/06 15:30,4.3
10/15/06 15:35,3.6
10/15/06 15:40,3.7
10/15/06 15:45,4.0
10/15/06 15:50,3.6
10/15/06 15:55,2.8
10/15/06 16:00,2.1
10/15/06 16:05,1.6
10/15/06 16:10,1.0
10/15/06 16:15,0.5
10/15/06 16:20,0.2
10/15/06 16:25,0.1
10/15/06 16:30,0.1
10/15/06 16:35,0.0
10/15/06 16:40,0.0
10/15/06 16:45,0.0
10/15/06 16:50,0.0
10/15/06 16:55,0.0
10/15/06 17:00,0.0
10/15/06 17:05,0.0
10/15/06 17:10,0.0
10/15/06 17:15,0.0
10/15/06 17:20,0.0
10/15/06 17:25,0.0
10/15/06 17:30,0.0
10/15/06 17:35,0.0
10/15/06 17:40,0.0
10/15/06 17:45,0.0
10/15/06 17:50,0.0
10/15/06 17:55,0.0
10/15/06 18:00,0.0
10/15/06 18:05,0.0
10/15/06 18:10,0.0
10/15/06 18:15,0.0
10/15/06 18:20,0.0
10/15/06 18:25,0.0
10/15/06 18:30,0.0
10/15/06 18:35,0.0
10/15/06 18:40,0.0
10/15/06 18:45,0.0
10/15/06 18:50,0.0
10/15/06 18:55,0.0
10/15/06 19:00,0.0
10/15/06 19:05,0.0
10/15/06 19:10,0.0
10/15/06 19:15,0.0
10/15/06 19:20,0.0
10/15/06 19:25,0.0
10/15/06 19:30,0.0
10/15/06 19:35,0.0
10/15/06 19:40,0.0
10/15/06 19:45,0.0
10/15/06 19:50,0.0
10/15/06 19:55,0.0
10/15/06 20:00,0.0
10/15/06 20:05,0.0
10/15/06 20:10,0.0
10/15/06 20:15,0.0
10/15/06 20:20,0.0
10/15/06 20:25,0.0
10/15/06 20:30,0.0
10/15/06 20:35,0.0
10/15/06 20:40,0.0
10/15/06 20:45,0.0
10/15/06 20:50,0.0
10/15/06 20:55,0.0
10/15/06 21:00,0.0
10/15/06 21:05,0.0
10/15/06 21:10,0.0
10/15/06 21:15,0.0
10/15/06 21:20,0.0
10/15/06 21:25,0.0
10/15/06 21:30,0.0
10/15/06 21:35,0.0
10/15/06 21:40,0.0
10/15/06 21:45,0.0
10/15/06 21:50,0.0
10/15/06 21:55,0.0
10/15/06 22:00,0.0
10/15/06 22:05,0.0
10/15/06 22:10,0.0
10/15/06 22:15,0.0
10/15/06 22:20,0.0
10/15/06 22:25,0.0
10/15/06 22:30,0.0
10/15/06 22:35,0.0
10/15/06 22:40,0.0
10/15/06 22:45,0.0
10/15/06 22:50,0.0
10/15/06 22:55,0.0
10/15/06 23:00,0.0
10/15/06 23:05,0.0
10/15/06 23:10,0.0
10/15/06 23:15,0.0
10/15/06 23:20,0.0
10/15/06 23:25,0.0
10/15/06 23:30,0.0
10/15/06 23:35,0.0
10/15/06 23:40,0.0
10/15/06 23:45,0.0
10/15/06 23:50,0.0
10/15/06 23:55,0.0
10/16/06 00:00,0.0
10/16/06 00:05,0.0
10/16/06 00:10,0.0
10/16/06 00:15,0.0
10/16/06 00:20,0.0
10/16/06 00:25,0.0
10/16/06 00:30,0.0
10/16/06 00:35,0.0
10/16/06 00:40,0.0
10/16/06 00:45,0.0
10/16/06 00:50,0.0
10/16/06 00:55,0.0
10/16/06 01:00,0.0
10/16/06 01:05,0.0
10/16/06 01:10,0.0
10/16/06 01:15,0.0
10/16/06 01:20,0.0
10/16/06 01:25,0.0
10/16/06 01:30,0.0
10/16/06 01:35,0.0
10/16/06 01:40,0.0
10/16/06 01:45,0.0
10/16/06 01:50,0.0
10/16/06 01:55,0.0
10/16/06 02:00,0.0
10/16/06 02:05,0.0
10/16/06 02:10,0.0
10/16/06 02:15,0.0
10/16/06 02:20,0.0
10/16/06 02:25,0.0
10/16/06 02:30,0.0
10/16/06 02:35,0.0
10/16/06 02:40,0.0
10/16/06 02:45,0.0
10/16/06 02:50,0.0
10/16/06 02:55,0.0
10/16/06 03:00,0.0
10/16/06 03:05,0.0
10/16/06 03:10,0.0
10/16/06 03:15,0.0
10/16/06 03:20,0.0
10/16/06 03:25,0.0
10/16/06 03:30,0.0
10/16/06 03:35,0.0
10/16/06 03:40,0.0
10/16/06 03:45,0.0
10/16/06 03:50,0.0
10/16/06 03:55,0.0
10/16/06 04:00,0.0
10/16/06 04:05,0.0
10/16/06 04:10,0.0
10/16/06 04:15,0.0
10/16/06 04:20,0.0
10/16/06 04:25,0.0
10/16/06 04:30,0.0
10/16/06 04:35,0.0
10/16/06 04:40,0.0
10/16/06 04:45,0.0
10/16/06 04:50,0.0
10/16/06 04:55,0.0
10/16/06 05:00,0.0
10/16/06 05:05,0.0
10/16/06 05:10,0.0
10/16/06 05:15,0.0
10/16/06 05:20,0.0
10/16/06 05:25,0.0
10/16/06 05:30,0.0
10/16/06 05:35,0.0
10/16/06 05:40,0.0
10/16/06 05:45,0.0
10/16/06 05:50,0.0
10/16/06 05:55,0.0
10/16/06 06:00,0.0
10/16/06 06:05,0.0
10/16/06 06:10,0.0
10/16/06 06:15,0.0
10/16/06 06:20,0.0
10/16/06 06:25,0.0
10/16/06 06:30,0.0
10/16/06 06:35,0.0
10/16/06 06:40,0.0
10/16/06 06:45,0.0
10/16/06 06:50,0.0
10/16/06 06:55,0.0
10/16/06 07:00,0.0
10/16/06 07:05,0.0
10/16/06 07:10,0.0
10/16/06 07:15,0.0
10/16/06 07:20,0.1
10/16/06 07:25,0.1
10/16/06 07:30,0.2
10/16/06 07:35,0.2
10/16/06 07:40,0.3
10/16/06 07:45,0.5
10/16/06 07:50,0.7
10/16/06 07:55,1.2
10/16/06 08:00,1.7
10/16/06 08:05,2.1
10/16/06 08:10,2.8
10/16/06 08:15,3.6
10/16/06 08:20,2.3
10/16/06 08:25,1.4
10/16/06 08:30,0.7
10/16/06 08:35,0.3
10/16/06 08:40,0.2
10/16/06 08:45,0.1
10/16/06 08:50,0.2
10/16/06 08:55,0.2
10/16/06 09:00,0.5
10/16/06 09:05,0.9
10/16/06 09:10,1.1
10/16/06 09:15,1.2
10/16/06 09:20,1.3
10/16/06 09:25,1.8
10/16/06 09:30,3.0
10/16/06 09:35,3.7
10/16/06 09:40,3.9
10/16/06 09:45,4.1
10/16/06 09:50,4.2
10/16/06 09:55,4.4
10/16/06 10:00,4.3
10/16/06 10:05,4.2
10/16/06 10:10,4.1
10/16/06 10:15,3.9
10/16/06 10:20,3.6
10/16/06 10:25,3.4
10/16/06 10:30,3.0
10/16/06 10:35,2.8
10/16/06 10:40,3.0
10/16/06 10:45,3.4
10/16/06 10:50,3.6
10/16/06 10:55,3.6
10/16/06 11:00,3.4
10/16/06 11:05,2.9
10/16/06 11:10,2.5
10/16/06 11:15,2.7
10/16/06 11:20,3.4
10/16/06 11:25,3.6
10/16/06 11:30,3.7
10/16/06 11:35,3.8
10/16/06 11:40,3.9
10/16/06 11:45,4.2
10/16/06 11:50,4.4
10/16/06 11:55,4.5
10/16/06 12:00,4.6
10/16/06 12:05,5.0
10/16/06 12:10,5.3
10/16/06 12:15,5.2
10/16/06 12:20,4.5
10/16/06 12:25,4.0
10/16/06 12:30,3.7
10/16/06 12:35,3.5
10/16/06 12:40,3.1
10/16/06 12:45,2.6
10/16/06 12:50,2.3
10/16/06 12:55,2.4
10/16/06 13:00,2.4
10/16/06 13:05,2.7
10/16/06 13:10,3.0
10/16/06 13:15,2.9
10/16/06 13:20,2.2
10/16/06 13:25,2.2
10/16/06 13:30,3.5
10/16/06 13:35,3.8
10/16/06 13:40,4.2
10/16/06 13:45,4.7
10/16/06 13:50,4.8
10/16/06 13:55,5.1
10/16/06 14:00,5.3
10/16/06 14:05,5.6
10/16/06 14:10,5.8
10/16/06 14:15,5.6
10/16/06 14:20,5.0
10/16/06 14:25,4.3
10/16/06 14:30,3.8
10/16/06 14:35,2.9
10/16/06 14:40,1.9
10/16/06 14:45,1.1
10/16/06 14:50,0.8
10/16/06 14:55,0.7
10/16/06 15:00,0.6
10/16/06 15:05,0.5
10/16/06 15:10,0.4
10/16/06 15:15,0.3
10/16/06 15:20,0.2
10/16/06 15:25,0.2
10/16/06 15:30,0.2
10/16/06 15:35,0.2
10/16/06 15:40,0.1
10/16/06 15:45,0.1
10/16/06 15:50,0.1
10/16/06 15:55,0.1
10/16/06 16:00,0.1
10/16/06 16:05,0.1
10/16/06 16:10,0.1
10/16/06 16:15,0.0
10/16/06 16:20,0.0
10/16/06 16:25,0.0
10/16/06 16:30,0.0
10/16/06 16:35,0.0
10/16/06 16:40,0.0
10/16/06 16:45,0.0
10/16/06 16:50,0.0
10/16/06 16:55,0.0
10/16/06 17:00,0.0
10/16/06 17:05,0.0
10/16/06 17:10,0.0
10/16/06 17:15,0.0
10/16/06 17:20,0.0
10/16/06 17:25,0.0
10/16/06 17:30,0.0
10/16/06 17:35,0.0
10/16/06 17:40,0.0
10/16/06 17:45,0.0
10/16/06 17:50,0.0
10/16/06 17:55,0.0
10/16/06 18:00,0.0
10/16/06 18:05,0.0
10/16/06 18:10,0.0
10/16/06 18:15,0.0
10/16/06 18:20,0.0
10/16/06 18:25,0.0
10/16/06 18:30,0.0
10/16/06 18:35,0.0
10/16/06 18:40,0.0
10/16/06 18:45,0.0
10/16/06 18:50,0.0
10/16/06 18:55,0.0
10/16/06 19:00,0.0
10/16/06 19:05,0.0
10/16/06 19:10,0.0
10/16/06 19:15,0.0
10/16/06 19:20,0.0
10/16/06 19:25,0.0
10/16/06 19:30,0.0
10/16/06 19:35,0.0
10/16/06 19:40,0.0
10/16/06 19:45,0.0
10/16/06 19:50,0.0
10/16/06 19:55,0.0
10/16/06 20:00,0.0
10/16/06 20:05,0.0
10/16/06 20:10,0.0
10/16/06 20:15,0.0
10/16/06 20:20,0.0
10/16/06 20:25,0.0
10/16/06 20:30,0.0
10/16/06 20:35,0.0
10/16/06 20:40,0.0
10/16/06 20:45,0.0
10/16/06 20:50,0.0
10/16/06 20:55,0.0
10/16/06 21:00,0.0
10/16/06 21:05,0.0
10/16/06 21:10,0.0
10/16/06 21:15,0.0
10/16/06 21:20,0.0
10/16/06 21:25,0.0
10/16/06 21:30,0.0
10/16/06 21:35,0.0
10/16/06 21:40,0.0
10/16/06 21:45,0.0
10/16/06 21:50,0.0
10/16/06 21:55,0.0
10/16/06 22:00,0.0
10/16/06 22:05,0.0
10/16/06 22:10,0.0
10/16/06 22:15,0.0
10/16/06 22:20,0.0
10/16/06 22:25,0.0
10/16/06 22:30,0.0
10/16/06 22:35,0.0
10/16/06 22:40,0.0
10/16/06 22:45,0.0
10/16/06 22:50,0.0
10/16/06 22:55,0.0
10/16/06 23:00,0.0
10/16/06 23:05,0.0
10/16/06 23:10,0.0
10/16/06 23:15,0.0
10/16/06 23:20,0.0
10/16/06 23:25,0.0
10/16/06 23:30,0.0
10/16/06 23:35,0.0
10/16/06 23:40,0.0
10/16/06 23:45,0.0
10/16/06 23:50,0.0
10/16/06 23:55,0.0
10/17/06 00:00,0.0
10/17/06 00:05,0.0
10/17/06 00:10,0.0
10/17/06 00:15,0.0
10/17/06 00:20,0.0
10/17/06 00:25,0.0
10/17/06 00:30,0.0
10/17/06 00:35,0.0
10/17/06 00:40,0.0
10/17/06 00:45,0.0
10/17/06 00:50,0.0
10/17/06 00:55,0.0
10/17/06 01:00,0.0
10/17/06 01:05,0.0
10/17/06 01:10,0.0
10/17/06 01:15,0.0
10/17/06 01:20,0.0
10/17/06 01:25,0.0
10/17/06 01:30,0.0
10/17/06 01:35,0.0
10/17/06 01:40,0.0
10/17/06 01:45,0.0
10/17/06 01:50,0.0
10/17/06 01:55,0.0
10/17/06 02:00,0.0
10/17/06 02:05,0.0
10/17/06 02:10,0.0
10/17/06 02:15,0.0
10/17/06 02:20,0.0
10/17/06 02:25,0.0
10/17/06 02:30,0.0
10/17/06 02:35,0.0
10/17/06 02:40,0.0
10/17/06 02:45,0.0
10/17/06 02:50,0.0
10/17/06 02:55,0.0
10/17/06 03:00,0.0
10/17/06 03:05,0.0
10/17/06 03:10,0.0
10/17/06 03:15,0.0
10/17/06 03:20,0.0
10/17/06 03:25,0.0
10/17/06 03:30,0.0
10/17/06 03:35,0.0
10/17/06 03:40,0.0
10/17/06 03:45,0.0
10/17/06 03:50,0.0
10/17/06 03:55,0.0
10/17/06 04:00,0.0
10/17/06 04:05,0.0
10/17/06 04:10,0.0
10/17/06 04:15,0.0
10/17/06 04:20,0.0
10/17/06 04:25,0.0
10/17/06 04:30,0.0
10/17/06 04:35,0.0
10/17/06 04:40,0.0
10/17/06 04:45,0.0
10/17/06 04:50,0.0
10/17/06 04:55,0.0
10/17/06 05:00,0.0
10/17/06 05:05,0.0
10/17/06 05:10,0.0
10/17/06 05:15,0.0
10/17/06 05:20,0.0
10/17/06 05:25,0.0
10/17/06 05:30,0.0
10/17/06 05:35,0.0
10/17/06 05:40,0.0
10/17/06 05:45,0.0
10/17/06 05:50,0.0
10/17/06 05:55,0.0
10/17/06 06:00,0.0
10/17/06 06:05,0.0
10/17/06 06:10,0.0
10/17/06 06:15,0.0
10/17/06 06:20,0.0
10/17/06 06:25,0.0
10/17/06 06:30,0.1
10/17/06 06:35,0.1
10/17/06 06:40,0.2
10/17/06 06:45,0.3
10/17/06 06:50,0.5
10/17/06 06:55,1.7
10/17/06 07:00,3.2
10/17/06 07:05,4.2
10/17/06 07:10,5.0
10/17/06 07:15,5.9
10/17/06 07:20,6.5
10/17/06 07:25,6.9
10/17/06 07:30,7.1
10/17/06 07:35,7.2
10/17/06 07:40,7.1
10/17/06 07:45,7.0
10/17/06 07:50,6.8
10/17/06 07:55,6.7
10/17/06 08:00,6.5
10/17/06 08:05,6.2
10/17/06 08:10,5.9
10/17/06 08:15,5.6
10/17/06 08:20,5.5
10/17/06 08:25,5.2
10/17/06 08:30,5.2
10/17/06 08:35,5.7
10/17/06 08:40,6.1
10/17/06 08:45,6.6
10/17/06 08:50,7.1
10/17/06 08:55,7.6
10/17/06 09:00,8.2
10/17/06 09:05,8.5
10/17/06 09:10,8.9
10/17/06 09:15,8.2
10/17/06 09:20,6.7
10/17/06 09:25,5.6
10/17/06 09:30,5.0
10/17/06 09:35,5.3
10/17/06 09:40,6.4
10/17/06 09:45,7.6
10/17/06 09:50,8.2
10/17/06 09:55,8.1
10/17/06 10:00,7.4
10/17/06 10:05,7.2
10/17/06 10:10,7.1
10/17/06 10:15,6.6
10/17/06 10:20,6.1
10/17/06 10:25,6.1
10/17/06 10:30,6.4
10/17/06 10:35,7.1
10/17/06 10:40,7.7
10/17/06 10:45,8.3
10/17/06 10:50,8.5
10/17/06 10:55,8.7
10/17/06 11:00,8.7
10/17/06 11:05,8.9
10/17/06 11:10,9.5
10/17/06 11:15,9.7
10/17/06 11:20,10.0
10/17/06 11:25,11.5
10/17/06 11:30,11.1
10/17/06 11:35,9.7
10/17/06 11:40,9.1
10/17/06 11:45,9.4
10/17/06 11:50,9.5
10/17/06 11:55,9.1
10/17/06 12:00,9.1
10/17/06 12:05,10.1
10/17/06 12:10,10.9
10/17/06 12:15,10.6
10/17/06 12:20,10.4
10/17/06 12:25,11.0
10/17/06 12:30,11.7
10/17/06 12:35,11.9
10/17/06 12:40,10.7
10/17/06 12:45,9.3
10/17/06 12:50,9.3
10/17/06 12:55,9.8
10/17/06 13:00,11.0
10/17/06 13:05,12.1
10/17/06 13:10,13.7
10/17/06 13:15,14.2
10/17/06 13:20,13.8
10/17/06 13:25,12.6
10/17/06 13:30,11.3
10/17/06 13:35,10.2
10/17/06 13:40,8.9
10/17/06 13:45,8.0
10/17/06 13:50,7.3
10/17/06 13:55,6.6
10/17/06 14:00,6.3
10/17/06 14:05,5.9
10/17/06 14:10,5.4
10/17/06 14:15,5.4
10/17/06 14:20,5.7
10/17/06 14:25,5.8
10/17/06 14:30,5.9
10/17/06 14:35,6.1
10/17/06 14:40,6.2
10/17/06 14:45,6.2
10/17/06 14:50,6.3
10/17/06 14:55,6.5
10/17/06 15:00,6.5
10/17/06 15:05,6.4
10/17/06 15:10,6.4
10/17/06 15:15,6.7
10/17/06 15:20,6.7
10/17/06 15:25,6.4
10/17/06 15:30,5.8
10/17/06 15:35,5.3
10/17/06 15:40,4.6
10/17/06 15:45,4.2
10/17/06 15:50,3.8
10/17/06 15:55,3.0
10/17/06 16:00,2.6
10/17/06 16:05,2.1
10/17/06 16:10,1.2
10/17/06 16:15,1.3
10/17/06 16:20,1.5
10/17/06 16:25,1.1
10/17/06 16:30,0.7
10/17/06 16:35,0.4
10/17/06 16:40,0.2
10/17/06 16:45,0.1
10/17/06 16:50,0.0
10/17/06 16:55,0.0
10/17/06 17:00,0.0
10/17/06 17:05,0.0
10/17/06 17:10,0.0
10/17/06 17:15,0.0
10/17/06 17:20,0.0
10/17/06 17:25,0.0
10/17/06 17:30,0.0
10/17/06 17:35,0.0
10/17/06 17:40,0.0
10/17/06 17:45,0.0
10/17/06 17:50,0.0
10/17/06 17:55,0.0
10/17/06 18:00,0.0
10/17/06 18:05,0.0
10/17/06 18:10,0.0
10/17/06 18:15,0.0
10/17/06 18:20,0.0
10/17/06 18:25,0.0
10/17/06 18:30,0.0
10/17/06 18:35,0.0
10/17/06 18:40,0.0
10/17/06 18:45,0.0
10/17/06 18:50,0.0
10/17/06 18:55,0.0
10/17/06 19:00,0.0
10/17/06 19:05,0.0
10/17/06 19:10,0.0
10/17/06 19:15,0.0
10/17/06 19:20,0.0
10/17/06 19:25,0.0
10/17/06 19:30,0.0
10/17/06 19:35,0.0
10/17/06 19:40,0.0
10/17/06 19:45,0.0
10/17/06 19:50,0.0
10/17/06 19:55,0.0
10/17/06 20:00,0.0
10/17/06 20:05,0.0
10/17/06 20:10,0.0
10/17/06 20:15,0.0
10/17/06 20:20,0.0
10/17/06 20:25,0.0
10/17/06 20:30,0.0
10/17/06 20:35,0.0
10/17/06 20:40,0.0
10/17/06 20:45,0.0
10/17/06 20:50,0.0
10/17/06 20:55,0.0
10/17/06 21:00,0.0
10/17/06 21:05,0.0
10/17/06 21:10,0.0
10/17/06 21:15,0.0
10/17/06 21:20,0.0
10/17/06 21:25,0.0
10/17/06 21:30,0.0
10/17/06 21:35,0.0
10/17/06 21:40,0.0
10/17/06 21:45,0.0
10/17/06 21:50,0.0
10/17/06 21:55,0.0
10/17/06 22:00,0.0
10/17/06 22:05,0.0
10/17/06 22:10,0.0
10/17/06 22:15,0.0
10/17/06 22:20,0.0
10/17/06 22:25,0.0
10/17/06 22:30,0.0
10/17/06 22:35,0.0
10/17/06 22:40,0.0
10/17/06 22:45,0.0
10/17/06 22:50,0.0
10/17/06 22:55,0.0
10/17/06 23:00,0.0
10/17/06 23:05,0.0
10/17/06 23:10,0.0
10/17/06 23:15,0.0
10/17/06 23:20,0.0
10/17/06 23:25,0.0
10/17/06 23:30,0.0
10/17/06 23:35,0.0
10/17/06 23:40,0.0
10/17/06 23:45,0.0
10/17/06 23:50,0.0
10/17/06 23:55,0.0
10/18/06 00:00,0.0
10/18/06 00:05,0.0
10/18/06 00:10,0.0
10/18/06 00:15,0.0
10/18/06 00:20,0.0
10/18/06 00:25,0.0
10/18/06 00:30,0.0
10/18/06 00:35,0.0
10/18/06 00:40,0.0
10/18/06 00:45,0.0
10/18/06 00:50,0.0
10/18/06 00:55,0.0
10/18/06 01:00,0.0
10/18/06 01:05,0.0
10/18/06 01:10,0.0
10/18/06 01:15,0.0
10/18/06 01:20,0.0
10/18/06 01:25,0.0
10/18/06 01:30,0.0
10/18/06 01:35,0.0
10/18/06 01:40,0.0
10/18/06 01:45,0.0
10/18/06 01:50,0.0
10/18/06 01:55,0.0
10/18/06 02:00,0.0
10/18/06 02:05,0.0
10/18/06 02:10,0.0
10/18/06 02:15,0.0
10/18/06 02:20,0.0
10/18/06 02:25,0.0
10/18/06 02:30,0.0
10/18/06 02:35,0.0
10/18/06 02:40,0.0
10/18/06 02:45,0.0
10/18/06 02:50,0.0
10/18/06 02:55,0.0
10/18/06 03:00,0.0
10/18/06 03:05,0.0
10/18/06 03:10,0.0
10/18/06 03:15,0.0
10/18/06 03:20,0.0
10/18/06 03:25,0.0
10/18/06 03:30,0.0
10/18/06 03:35,0.0
10/18/06 03:40,0.0
10/18/06 03:45,0.0
10/18/06 03:50,0.0
10/18/06 03:55,0.0
10/18/06 04:00,0.0
10/18/06 04:05,0.0
10/18/06 04:10,0.0
10/18/06 04:15,0.0
10/18/06 04:20,0.0
10/18/06 04:25,0.0
10/18/06 04:30,0.0
10/18/06 04:35,0.0
10/18/06 04:40,0.0
10/18/06 04:45,0.0
10/18/06 04:50,0.0
10/18/06 04:55,0.0
10/18/06 05:00,0.0
10/18/06 05:05,0.0
10/18/06 05:10,0.0
10/18/06 05:15,0.0
10/18/06 05:20,0.0
10/18/06 05:25,0.0
10/18/06 05:30,0.0
10/18/06 05:35,0.0
10/18/06 05:40,0.0
10/18/06 05:45,0.0
10/18/06 05:50,0.0
10/18/06 05:55,0.0
10/18/06 06:00,0.0
10/18/06 06:05,0.0
10/18/06 06:10,0.0
10/18/06 06:15,0.0
10/18/06 06:20,0.0
10/18/06 06:25,0.0
10/18/06 06:30,0.2
10/18/06 06:35,0.7
10/18/06 06:40,1.7
10/18/06 06:45,3.0
10/18/06 06:50,2.9
10/18/06 06:55,2.9
10/18/06 07:00,3.7
10/18/06 07:05,3.9
10/18/06 07:10,4.0
10/18/06 07:15,4.6
10/18/06 07:20,5.2
10/18/06 07:25,6.0
10/18/06 07:30,6.7
10/18/06 07:35,7.3
10/18/06 07:40,8.1
10/18/06 07:45,8.9
10/18/06 07:50,9.3
10/18/06 07:55,9.1
10/18/06 08:00,7.7
10/18/06 08:05,8.6
10/18/06 08:10,8.9
10/18/06 08:15,10.1
10/18/06 08:20,9.9
10/18/06 08:25,9.9
10/18/06 08:30,9.5
10/18/06 08:35,8.9
10/18/06 08:40,9.1
10/18/06 08:45,10.0
10/18/06 08:50,10.5
10/18/06 08:55,12.2
10/18/06 09:00,13.3
10/18/06 09:05,13.8
10/18/06 09:10,14.3
10/18/06 09:15,15.0
10/18/06 09:20,15.2
10/18/06 09:25,16.3
10/18/06 09:30,17.5
10/18/06 09:35,17.6
10/18/06 09:40,18.9
10/18/06 09:45,20.2
10/18/06 09:50,20.9
10/18/06 09:55,21.0
10/18/06 10:00,20.6
10/18/06 10:05,19.9
10/18/06 10:10,19.6
10/18/06 10:15,20.0
10/18/06 10:20,20.4
10/18/06 10:25,20.7
10/18/06 10:30,20.8
10/18/06 10:35,20.9
10/18/06 10:40,21.1
10/18/06 10:45,21.3
10/18/06 10:50,21.3
10/18/06 10:55,21.3
10/18/06 11:00,21.4
10/18/06 11:05,21.4
10/18/06 11:10,21.5
10/18/06 11:15,21.7
10/18/06 11:20,22.1
10/18/06 11:25,22.5
10/18/06 11:30,22.8
10/18/06 11:35,23.0
10/18/06 11:40,23.0
10/18/06 11:45,23.0
10/18/06 11:50,23.0
10/18/06 11:55,23.0
10/18/06 12:00,22.9
10/18/06 12:05,22.8
10/18/06 12:10,22.9
10/18/06 12:15,22.7
10/18/06 12:20,22.4
10/18/06 12:25,21.8
10/18/06 12:30,21.3
10/18/06 12:35,20.9
10/18/06 12:40,20.9
10/18/06 12:45,20.7
10/18/06 12:50,20.5
10/18/06 12:55,20.2
10/18/06 13:00,19.8
10/18/06 13:05,19.8
10/18/06 13:10,20.5
10/18/06 13:15,20.8
10/18/06 13:20,20.9
10/18/06 13:25,21.0
10/18/06 13:30,20.9
10/18/06 13:35,20.6
10/18/06 13:40,20.2
10/18/06 13:45,19.7
10/18/06 13:50,19.3
10/18/06 13:55,18.9
10/18/06 14:00,18.4
10/18/06 14:05,17.9
10/18/06 14:10,17.3
10/18/06 14:15,16.9
10/18/06 14:20,16.6
10/18/06 14:25,16.2
10/18/06 14:30,15.8
10/18/06 14:35,15.5
10/18/06 14:40,15.1
10/18/06 14:45,14.5
10/18/06 14:50,13.9
10/18/06 14:55,13.3
10/18/06 15:00,12.8
10/18/06 15:05,12.2
10/18/06 15:10,11.6
10/18/06 15:15,11.0
10/18/06 15:20,10.4
10/18/06 15:25,9.8
10/18/06 15:30,9.2
10/18/06 15:35,8.6
10/18/06 15:40,8.1
10/18/06 15:45,7.6
10/18/06 15:50,7.1
10/18/06 15:55,6.5
10/18/06 16:00,6.0
10/18/06 16:05,5.4
10/18/06 16:10,4.9
10/18/06 16:15,4.2
10/18/06 16:20,1.8
10/18/06 16:25,0.5
10/18/06 16:30,0.1
10/18/06 16:35,0.0
10/18/06 16:40,0.0
10/18/06 16:45,0.0
10/18/06 16:50,0.0
10/18/06 16:55,0.0
10/18/06 17:00,0.0
10/18/06 17:05,0.0
10/18/06 17:10,0.0
10/18/06 17:15,0.0
10/18/06 17:20,0.0
10/18/06 17:25,0.0
10/18/06 17:30,0.0
10/18/06 17:35,0.0
10/18/06 17:40,0.0
10/18/06 17:45,0.0
10/18/06 17:50,0.0
10/18/06 17:55,0.0
10/18/06 18:00,0.0
10/18/06 18:05,0.0
10/18/06 18:10,0.0
10/18/06 18:15,0.0
10/18/06 18:20,0.0
10/18/06 18:25,0.0
10/18/06 18:30,0.0
10/18/06 18:35,0.0
10/18/06 18:40,0.0
10/18/06 18:45,0.0
10/18/06 18:50,0.0
10/18/06 18:55,0.0
10/18/06 19:00,0.0
10/18/06 19:05,0.0
10/18/06 19:10,0.0
10/18/06 19:15,0.0
10/18/06 19:20,0.0
10/18/06 19:25,0.0
10/18/06 19:30,0.0
10/18/06 19:35,0.0
10/18/06 19:40,0.0
10/18/06 19:45,0.0
10/18/06 19:50,0.0
10/18/06 19:55,0.0
10/18/06 20:00,0.0
10/18/06 20:05,0.0
10/18/06 20:10,0.0
10/18/06 20:15,0.0
10/18/06 20:20,0.0
10/18/06 20:25,0.0
10/18/06 20:30,0.0
10/18/06 20:35,0.0
10/18/06 20:40,0.0
10/18/06 20:45,0.0
10/18/06 20:50,0.0
10/18/06 20:55,0.0
10/18/06 21:00,0.0
10/18/06 21:05,0.0
10/18/06 21:10,0.0
10/18/06 21:15,0.0
10/18/06 21:20,0.0
10/18/06 21:25,0.0
10/18/06 21:30,0.0
10/18/06 21:35,0.0
10/18/06 21:40,0.0
10/18/06 21:45,0.0
10/18/06 21:50,0.0
10/18/06 21:55,0.0
10/18/06 22:00,0.0
10/18/06 22:05,0.0
10/18/06 22:10,0.0
10/18/06 22:15,0.0
10/18/06 22:20,0.0
10/18/06 22:25,0.0
10/18/06 22:30,0.0
10/18/06 22:35,0.0
10/18/06 22:40,0.0
10/18/06 22:45,0.0
10/18/06 22:50,0.0
10/18/06 22:55,0.0
10/18/06 23:00,0.0
10/18/06 23:05,0.0
10/18/06 23:10,0.0
10/18/06 23:15,0.0
10/18/06 23:20,0.0
10/18/06 23:25,0.0
10/18/06 23:30,0.0
10/18/06 23:35,0.0
10/18/06 23:40,0.0
10/18/06 23:45,0.0
10/18/06 23:50,0.0
10/18/06 23:55,0.0
10/19/06 00:00,0.0
10/19/06 00:05,0.0
10/19/06 00:10,0.0
10/19/06 00:15,0.0
10/19/06 00:20,0.0
10/19/06 00:25,0.0
10/19/06 00:30,0.0
10/19/06 00:35,0.0
10/19/06 00:40,0.0
10/19/06 00:45,0.0
10/19/06 00:50,0.0
10/19/06 00:55,0.0
10/19/06 01:00,0.0
10/19/06 01:05,0.0
10/19/06 01:10,0.0
10/19/06 01:15,0.0
10/19/06 01:20,0.0
10/19/06 01:25,0.0
10/19/06 01:30,0.0
10/19/06 01:35,0.0
10/19/06 01:40,0.0
10/19/06 01:45,0.0
10/19/06 01:50,0.0
10/19/06 01:55,0.0
10/19/06 02:00,0.0
10/19/06 02:05,0.0
10/19/06 02:10,0.0
10/19/06 02:15,0.0
10/19/06 02:20,0.0
10/19/06 02:25,0.0
10/19/06 02:30,0.0
10/19/06 02:35,0.0
10/19/06 02:40,0.0
10/19/06 02:45,0.0
10/19/06 02:50,0.0
10/19/06 02:55,0.0
10/19/06 03:00,0.0
10/19/06 03:05,0.0
10/19/06 03:10,0.0
10/19/06 03:15,0.0
10/19/06 03:20,0.0
10/19/06 03:25,0.0
10/19/06 03:30,0.0
10/19/06 03:35,0.0
10/19/06 03:40,0.0
10/19/06 03:45,0.0
10/19/06 03:50,0.0
10/19/06 03:55,0.0
10/19/06 04:00,0.0
10/19/06 04:05,0.0
10/19/06 04:10,0.0
10/19/06 04:15,0.0
10/19/06 04:20,0.0
10/19/06 04:25,0.0
10/19/06 04:30,0.0
10/19/06 04:35,0.0
10/19/06 04:40,0.0
10/19/06 04:45,0.0
10/19/06 04:50,0.0
10/19/06 04:55,0.0
10/19/06 05:00,0.0
10/19/06 05:05,0.0
10/19/06 05:10,0.0
10/19/06 05:15,0.0
10/19/06 05:20,0.0
10/19/06 05:25,0.0
10/19/06 05:30,0.0
10/19/06 05:35,0.0
10/19/06 05:40,0.0
10/19/06 05:45,0.0
10/19/06 05:50,0.0
10/19/06 05:55,0.0
10/19/06 06:00,0.0
10/19/06 06:05,0.0
10/19/06 06:10,0.0
10/19/06 06:15,0.0
10/19/06 06:20,0.0
10/19/06 06:25,0.0
10/19/06 06:30,0.0
10/19/06 06:35,0.0
10/19/06 06:40,0.1
10/19/06 06:45,0.1
10/19/06 06:50,0.2
10/19/06 06:55,0.5
10/19/06 07:00,0.6
10/19/06 07:05,0.3
10/19/06 07:10,0.3
10/19/06 07:15,0.6
10/19/06 07:20,0.8
10/19/06 07:25,1.2
10/19/06 07:30,1.7
10/19/06 07:35,2.6
10/19/06 07:40,3.5
10/19/06 07:45,3.9
10/19/06 07:50,4.3
10/19/06 07:55,4.7
10/19/06 08:00,5.2
10/19/06 08:05,5.8
10/19/06 08:10,6.4
10/19/06 08:15,7.1
10/19/06 08:20,8.0
10/19/06 08:25,9.0
10/19/06 08:30,10.0
10/19/06 08:35,11.0
10/19/06 08:40,11.4
10/19/06 08:45,11.7
10/19/06 08:50,11.8
10/19/06 08:55,12.1
10/19/06 09:00,12.9
10/19/06 09:05,13.5
10/19/06 09:10,14.5
10/19/06 09:15,14.4
10/19/06 09:20,13.2
10/19/06 09:25,12.0
10/19/06 09:30,10.8
10/19/06 09:35,10.2
10/19/06 09:40,9.4
10/19/06 09:45,8.7
10/19/06 09:50,7.7
10/19/06 09:55,6.8
10/19/06 10:00,6.3
10/19/06 10:05,5.5
10/19/06 10:10,4.9
10/19/06 10:15,4.8
10/19/06 10:20,5.9
10/19/06 10:25,5.9
10/19/06 10:30,5.5
10/19/06 10:35,9.1
10/19/06 10:40,12.8
10/19/06 10:45,15.3
10/19/06 10:50,16.4
10/19/06 10:55,16.9
10/19/06 11:00,17.2
10/19/06 11:05,18.1
10/19/06 11:10,18.3
10/19/06 11:15,17.6
10/19/06 11:20,17.3
10/19/06 11:25,15.1
10/19/06 11:30,12.1
10/19/06 11:35,13.0
10/19/06 11:40,16.3
10/19/06 11:45,17.6
10/19/06 11:50,18.6
10/19/06 11:55,19.7
10/19/06 12:00,20.7
10/19/06 12:05,19.0
10/19/06 12:10,16.5
10/19/06 12:15,17.5
10/19/06 12:20,18.0
10/19/06 12:25,15.3
10/19/06 12:30,16.3
10/19/06 12:35,12.1
10/19/06 12:40,11.6
10/19/06 12:45,11.9
10/19/06 12:50,9.3
10/19/06 12:55,8.3
10/19/06 13:00,8.4
10/19/06 13:05,9.6
10/19/06 13:10,13.1
10/19/06 13:15,16.2
10/19/06 13:20,17.6
10/19/06 13:25,17.7
10/19/06 13:30,16.9
10/19/06 13:35,15.4
10/19/06 13:40,14.0
10/19/06 13:45,12.5
10/19/06 13:50,11.0
10/19/06 13:55,9.4
10/19/06 14:00,7.8
10/19/06 14:05,6.6
10/19/06 14:10,5.6
10/19/06 14:15,5.2
10/19/06 14:20,5.1
10/19/06 14:25,5.1
10/19/06 14:30,5.1
10/19/06 14:35,5.1
10/19/06 14:40,5.1
10/19/06 14:45,5.1
10/19/06 14:50,5.0
10/19/06 14:55,5.0
10/19/06 15:00,5.0
10/19/06 15:05,5.0
10/19/06 15:10,5.1
10/19/06 15:15,5.0
10/19/06 15:20,5.0
10/19/06 15:25,5.0
10/19/06 15:30,5.0
10/19/06 15:35,4.9
10/19/06 15:40,4.9
10/19/06 15:45,4.6
10/19/06 15:50,4.3
10/19/06 15:55,3.9
10/19/06 16:00,3.3
10/19/06 16:05,2.2
10/19/06 16:10,1.6
10/19/06 16:15,0.8
10/19/06 16:20,0.3
10/19/06 16:25,0.1
10/19/06 16:30,0.0
10/19/06 16:35,0.0
10/19/06 16:40,0.0
10/19/06 16:45,0.0
10/19/06 16:50,0.0
10/19/06 16:55,0.0
10/19/06 17:00,0.0
10/19/06 17:05,0.0
10/19/06 17:10,0.0
10/19/06 17:15,0.0
10/19/06 17:20,0.0
10/19/06 17:25,0.0
10/19/06 17:30,0.0
10/19/06 17:35,0.0
10/19/06 17:40,0.0
10/19/06 17:45,0.0
10/19/06 17:50,0.0
10/19/06 17:55,0.0
10/19/06 18:00,0.0
10/19/06 18:05,0.0
10/19/06 18:10,0.0
10/19/06 18:15,0.0
10/19/06 18:20,0.0
10/19/06 18:25,0.0
10/19/06 18:30,0.0
10/19/06 18:35,0.0
10/19/06 18:40,0.0
10/19/06 18:45,0.0
10/19/06 18:50,0.0
10/19/06 18:55,0.0
10/19/06 19:00,0.0
10/19/06 19:05,0.0
10/19/06 19:10,0.0
10/19/06 19:15,0.0
10/19/06 19:20,0.0
10/19/06 19:25,0.0
10/19/06 19:30,0.0
10/19/06 19:35,0.0
10/19/06 19:40,0.0
10/19/06 19:45,0.0
10/19/06 19:50,0.0
10/19/06 19:55,0.0
10/19/06 20:00,0.0
10/19/06 20:05,0.0
10/19/06 20:10,0.0
10/19/06 20:15,0.0
10/19/06 20:20,0.0
10/19/06 20:25,0.0
10/19/06 20:30,0.0
10/19/06 20:35,0.0
10/19/06 20:40,0.0
10/19/06 20:45,0.0
10/19/06 20:50,0.0
10/19/06 20:55,0.0
10/19/06 21:00,0.0
10/19/06 21:05,0.0
10/19/06 21:10,0.0
10/19/06 21:15,0.0
10/19/06 21:20,0.0
10/19/06 21:25,0.0
10/19/06 21:30,0.0
10/19/06 21:35,0.0
10/19/06 21:40,0.0
10/19/06 21:45,0.0
10/19/06 21:50,0.0
10/19/06 21:55,0.0
10/19/06 22:00,0.0
10/19/06 22:05,0.0
10/19/06 22:10,0.0
10/19/06 22:15,0.0
10/19/06 22:20,0.0
10/19/06 22:25,0.0
10/19/06 22:30,0.0
10/19/06 22:35,0.0
10/19/06 22:40,0.0
10/19/06 22:45,0.0
10/19/06 22:50,0.0
10/19/06 22:55,0.0
10/19/06 23:00,0.0
10/19/06 23:05,0.0
10/19/06 23:10,0.0
10/19/06 23:15,0.0
10/19/06 23:20,0.0
10/19/06 23:25,0.0
10/19/06 23:30,0.0
10/19/06 23:35,0.0
10/19/06 23:40,0.0
10/19/06 23:45,0.0
10/19/06 23:50,0.0
10/19/06 23:55,0.0
10/20/06 00:00,0.0
10/20/06 00:05,0.0
10/20/06 00:10,0.0
10/20/06 00:15,0.0
10/20/06 00:20,0.0
10/20/06 00:25,0.0
10/20/06 00:30,0.0
10/20/06 00:35,0.0
10/20/06 00:40,0.0
10/20/06 00:45,0.0
10/20/06 00:50,0.0
10/20/06 00:55,0.0
10/20/06 01:00,0.0
10/20/06 01:05,0.0
10/20/06 01:10,0.0
10/20/06 01:15,0.0
10/20/06 01:20,0.0
10/20/06 01:25,0.0
10/20/06 01:30,0.0
10/20/06 01:35,0.0
10/20/06 01:40,0.0
10/20/06 01:45,0.0
10/20/06 01:50,0.0
10/20/06 01:55,0.0
10/20/06 02:00,0.0
10/20/06 02:05,0.0
10/20/06 02:10,0.0
10/20/06 02:15,0.0
10/20/06 02:20,0.0
10/20/06 02:25,0.0
10/20/06 02:30,0.0
10/20/06 02:35,0.0
10/20/06 02:40,0.0
10/20/06 02:45,0.0
10/20/06 02:50,0.0
10/20/06 02:55,0.0
10/20/06 03:00,0.0
10/20/06 03:05,0.0
10/20/06 03:10,0.0
10/20/06 03:15,0.0
10/20/06 03:20,0.0
10/20/06 03:25,0.0
10/20/06 03:30,0.0
10/20/06 03:35,0.0
10/20/06 03:40,0.0
10/20/06 03:45,0.0
10/20/06 03:50,0.0
10/20/06 03:55,0.0
10/20/06 04:00,0.0
10/20/06 04:05,0.0
10/20/06 04:10,0.0
10/20/06 04:15,0.0
10/20/06 04:20,0.0
10/20/06 04:25,0.0
10/20/06 04:30,0.0
10/20/06 04:35,0.0
10/20/06 04:40,0.0
10/20/06 04:45,0.0
10/20/06 04:50,0.0
10/20/06 04:55,0.0
10/20/06 05:00,0.0
10/20/06 05:05,0.0
10/20/06 05:10,0.0
10/20/06 05:15,0.0
10/20/06 05:20,0.0
10/20/06 05:25,0.0
10/20/06 05:30,0.0
10/20/06 05:35,0.0
10/20/06 05:40,0.0
10/20/06 05:45,0.0
10/20/06 05:50,0.0
10/20/06 05:55,0.0
10/20/06 06:00,0.0
10/20/06 06:05,0.0
10/20/06 06:10,0.0
10/20/06 06:15,0.0
10/20/06 06:20,0.0
10/20/06 06:25,0.0
10/20/06 06:30,0.0
10/20/06 06:35,0.0
10/20/06 06:40,0.0
10/20/06 06:45,0.0
10/20/06 06:50,0.1
10/20/06 06:55,0.1
10/20/06 07:00,0.2
10/20/06 07:05,0.3
10/20/06 07:10,0.6
10/20/06 07:15,0.7
10/20/06 07:20,0.8
10/20/06 07:25,0.9
10/20/06 07:30,1.1
10/20/06 07:35,1.5
10/20/06 07:40,2.1
10/20/06 07:45,2.8
10/20/06 07:50,3.6
10/20/06 07:55,3.9
10/20/06 08:00,4.2
10/20/06 08:05,4.4
10/20/06 08:10,4.5
10/20/06 08:15,4.7
10/20/06 08:20,5.1
10/20/06 08:25,5.5
10/20/06 08:30,5.9
10/20/06 08:35,6.5
10/20/06 08:40,6.9
10/20/06 08:45,7.3
10/20/06 08:50,7.8
10/20/06 08:55,8.7
10/20/06 09:00,9.4
10/20/06 09:05,9.8
10/20/06 09:10,10.0
10/20/06 09:15,10.0
10/20/06 09:20,9.7
10/20/06 09:25,9.7
10/20/06 09:30,10.0
10/20/06 09:35,10.6
10/20/06 09:40,11.4
10/20/06 09:45,12.1
10/20/06 09:50,12.7
10/20/06 09:55,14.4
10/20/06 10:00,18.6
10/20/06 10:05,21.3
10/20/06 10:10,22.8
10/20/06 10:15,23.5
10/20/06 10:20,23.9
10/20/06 10:25,23.7
10/20/06 10:30,23.9
10/20/06 10:35,24.3
10/20/06 10:40,24.3
10/20/06 10:45,24.0
10/20/06 10:50,22.8
10/20/06 10:55,23.4
10/20/06 11:00,24.2
10/20/06 11:05,25.1
10/20/06 11:10,25.3
10/20/06 11:15,25.3
10/20/06 11:20,25.7
10/20/06 11:25,25.6
10/20/06 11:30,25.5
10/20/06 11:35,25.4
10/20/06 11:40,25.3
10/20/06 11:45,25.6
10/20/06 11:50,25.8
10/20/06 11:55,25.9
10/20/06 12:00,26.2
10/20/06 12:05,26.8
10/20/06 12:10,27.1
10/20/06 12:15,26.8
10/20/06 12:20,26.4
10/20/06 12:25,26.0
10/20/06 12:30,25.6
10/20/06 12:35,25.0
10/20/06 12:40,24.3
10/20/06 12:45,23.9
10/20/06 12:50,23.7
10/20/06 12:55,23.6
10/20/06 13:00,23.4
10/20/06 13:05,23.5
10/20/06 13:10,23.4
10/20/06 13:15,23.2
10/20/06 13:20,22.9
10/20/06 13:25,22.7
10/20/06 13:30,22.4
10/20/06 13:35,22.0
10/20/06 13:40,21.6
10/20/06 13:45,21.2
10/20/06 13:50,20.9
10/20/06 13:55,20.6
10/20/06 14:00,20.2
10/20/06 14:05,19.8
10/20/06 14:10,19.6
10/20/06 14:15,19.2
10/20/06 14:20,18.7
10/20/06 14:25,18.2
10/20/06 14:30,17.5
10/20/06 14:35,16.9
10/20/06 14:40,16.4
10/20/06 14:45,15.8
10/20/06 14:50,15.1
10/20/06 14:55,14.5
10/20/06 15:00,14.0
10/20/06 15:05,13.4
10/20/06 15:10,12.8
10/20/06 15:15,12.2
10/20/06 15:20,11.7
10/20/06 15:25,11.0
10/20/06 15:30,10.4
10/20/06 15:35,9.7
10/20/06 15:40,8.9
10/20/06 15:45,8.2
10/20/06 15:50,7.5
10/20/06 15:55,6.9
10/20/06 16:00,6.2
10/20/06 16:05,5.6
10/20/06 16:10,5.1
10/20/06 16:15,4.5
10/20/06 16:20,3.9
10/20/06 16:25,2.6
10/20/06 16:30,1.1
10/20/06 16:35,0.4
10/20/06 16:40,0.1
10/20/06 16:45,0.0
10/20/06 16:50,0.0
10/20/06 16:55,0.0
10/20/06 17:00,0.0
10/20/06 17:05,0.0
10/20/06 17:10,0.0
10/20/06 17:15,0.0
10/20/06 17:20,0.0
10/20/06 17:25,0.0
10/20/06 17:30,0.0
10/20/06 17:35,0.0
10/20/06 17:40,0.0
10/20/06 17:45,0.0
10/20/06 17:50,0.0
10/20/06 17:55,0.0
10/20/06 18:00,0.0
10/20/06 18:05,0.0
10/20/06 18:10,0.0
10/20/06 18:15,0.0
10/20/06 18:20,0.0
10/20/06 18:25,0.0
10/20/06 18:30,0.0
10/20/06 18:35,0.0
10/20/06 18:40,0.0
10/20/06 18:45,0.0
10/20/06 18:50,0.0
10/20/06 18:55,0.0
10/20/06 19:00,0.0
10/20/06 19:05,0.0
10/20/06 19:10,0.0
10/20/06 19:15,0.0
10/20/06 19:20,0.0
10/20/06 19:25,0.0
10/20/06 19:30,0.0
10/20/06 19:35,0.0
10/20/06 19:40,0.0
10/20/06 19:45,0.0
10/20/06 19:50,0.0
10/20/06 19:55,0.0
10/20/06 20:00,0.0
10/20/06 20:05,0.0
10/20/06 20:10,0.0
10/20/06 20:15,0.0
10/20/06 20:20,0.0
10/20/06 20:25,0.0
10/20/06 20:30,0.0
10/20/06 20:35,0.0
10/20/06 20:40,0.0
10/20/06 20:45,0.0
10/20/06 20:50,0.0
10/20/06 20:55,0.0
10/20/06 21:00,0.0
10/20/06 21:05,0.0
10/20/06 21:10,0.0
10/20/06 21:15,0.0
10/20/06 21:20,0.0
10/20/06 21:25,0.0
10/20/06 21:30,0.0
10/20/06 21:35,0.0
10/20/06 21:40,0.0
10/20/06 21:45,0.0
10/20/06 21:50,0.0
10/20/06 21:55,0.0
10/20/06 22:00,0.0
10/20/06 22:05,0.0
10/20/06 22:10,0.0
10/20/06 22:15,0.0
10/20/06 22:20,0.0
10/20/06 22:25,0.0
10/20/06 22:30,0.0
10/20/06 22:35,0.0
10/20/06 22:40,0.0
10/20/06 22:45,0.0
10/20/06 22:50,0.0
10/20/06 22:55,0.0
10/20/06 23:00,0.0
10/20/06 23:05,0.0
10/20/06 23:10,0.0
10/20/06 23:15,0.0
10/20/06 23:20,0.0
10/20/06 23:25,0.0
10/20/06 23:30,0.0
10/20/06 23:35,0.0
10/20/06 23:40,0.0
10/20/06 23:45,0.0
10/20/06 23:50,0.0
10/20/06 23:55,0.0
10/21/06 00:00,0.0
10/21/06 00:05,0.0
10/21/06 00:10,0.0
10/21/06 00:15,0.0
10/21/06 00:20,0.0
10/21/06 00:25,0.0
10/21/06 00:30,0.0
10/21/06 00:35,0.0
10/21/06 00:40,0.0
10/21/06 00:45,0.0
10/21/06 00:50,0.0
10/21/06 00:55,0.0
10/21/06 01:00,0.0
10/21/06 01:05,0.0
10/21/06 01:10,0.0
10/21/06 01:15,0.0
10/21/06 01:20,0.0
10/21/06 01:25,0.0
10/21/06 01:30,0.0
10/21/06 01:35,0.0
10/21/06 01:40,0.0
10/21/06 01:45,0.0
10/21/06 01:50,0.0
10/21/06 01:55,0.0
10/21/06 02:00,0.0
10/21/06 02:05,0.0
10/21/06 02:10,0.0
10/21/06 02:15,0.0
10/21/06 02:20,0.0
10/21/06 02:25,0.0
10/21/06 02:30,0.0
10/21/06 02:35,0.0
10/21/06 02:40,0.0
10/21/06 02:45,0.0
10/21/06 02:50,0.0
10/21/06 02:55,0.0
10/21/06 03:00,0.0
10/21/06 03:05,0.0
10/21/06 03:10,0.0
10/21/06 03:15,0.0
10/21/06 03:20,0.0
10/21/06 03:25,0.0
10/21/06 03:30,0.0
10/21/06 03:35,0.0
10/21/06 03:40,0.0
10/21/06 03:45,0.0
10/21/06 03:50,0.0
10/21/06 03:55,0.0
10/21/06 04:00,0.0
10/21/06 04:05,0.0
10/21/06 04:10,0.0
10/21/06 04:15,0.0
10/21/06 04:20,0.0
10/21/06 04:25,0.0
10/21/06 04:30,0.0
10/21/06 04:35,0.0
10/21/06 04:40,0.0
10/21/06 04:45,0.0
10/21/06 04:50,0.0
10/21/06 04:55,0.0
10/21/06 05:00,0.0
10/21/06 05:05,0.0
10/21/06 05:10,0.0
10/21/06 05:15,0.0
10/21/06 05:20,0.0
10/21/06 05:25,0.0
10/21/06 05:30,0.0
10/21/06 05:35,0.0
10/21/06 05:40,0.0
10/21/06 05:45,0.0
10/21/06 05:50,0.0
10/21/06 05:55,0.0
10/21/06 06:00,0.0
10/21/06 06:05,0.0
10/21/06 06:10,0.0
10/21/06 06:15,0.0
10/21/06 06:20,0.0
10/21/06 06:25,0.0
10/21/06 06:30,0.1
10/21/06 06:35,0.4
10/21/06 06:40,1.0
10/21/06 06:45,1.9
10/21/06 06:50,3.2
10/21/06 06:55,4.0
10/21/06 07:00,4.6
10/21/06 07:05,5.3
10/21/06 07:10,6.1
10/21/06 07:15,6.7
10/21/06 07:20,7.2
10/21/06 07:25,7.8
10/21/06 07:30,8.3
10/21/06 07:35,8.8
10/21/06 07:40,9.3
10/21/06 07:45,9.7
10/21/06 07:50,10.2
10/21/06 07:55,10.7
10/21/06 08:00,11.1
10/21/06 08:05,11.5
10/21/06 08:10,11.9
10/21/06 08:15,12.3
10/21/06 08:20,12.7
10/21/06 08:25,9.9
10/21/06 08:30,7.7
10/21/06 08:35,9.7
10/21/06 08:40,9.4
10/21/06 08:45,11.1
10/21/06 08:50,11.9
10/21/06 08:55,13.4
10/21/06 09:00,15.4
10/21/06 09:05,15.7
10/21/06 09:10,17.2
10/21/06 09:15,18.5
10/21/06 09:20,19.8
10/21/06 09:25,20.6
10/21/06 09:30,21.1
10/21/06 09:35,21.5
10/21/06 09:40,21.9
10/21/06 09:45,22.5
10/21/06 09:50,23.3
10/21/06 09:55,23.9
10/21/06 10:00,24.4
10/21/06 10:05,24.5
10/21/06 10:10,24.6
10/21/06 10:15,24.5
10/21/06 10:20,23.9
10/21/06 10:25,20.2
10/21/06 10:30,17.1
10/21/06 10:35,18.6
10/21/06 10:40,18.7
10/21/06 10:45,20.0
10/21/06 10:50,21.7
10/21/06 10:55,22.7
10/21/06 11:00,23.2
10/21/06 11:05,21.2
10/21/06 11:10,20.7
10/21/06 11:15,22.1
10/21/06 11:20,22.7
10/21/06 11:25,22.9
10/21/06 11:30,23.1
10/21/06 11:35,23.0
10/21/06 11:40,22.9
10/21/06 11:45,22.8
10/21/06 11:50,22.6
10/21/06 11:55,22.3
10/21/06 12:00,22.2
10/21/06 12:05,22.3
10/21/06 12:10,22.4
10/21/06 12:15,22.8
10/21/06 12:20,23.2
10/21/06 12:25,23.4
10/21/06 12:30,23.6
10/21/06 12:35,23.5
10/21/06 12:40,23.3
10/21/06 12:45,23.3
10/21/06 12:50,23.1
10/21/06 12:55,22.9
10/21/06 13:00,22.6
10/21/06 13:05,22.3
10/21/06 13:10,22.0
10/21/06 13:15,21.8
10/21/06 13:20,21.6
10/21/06 13:25,20.8
10/21/06 13:30,19.2
10/21/06 13:35,18.6
10/21/06 13:40,18.1
10/21/06 13:45,17.8
10/21/06 13:50,17.8
10/21/06 13:55,17.6
10/21/06 14:00,17.3
10/21/06 14:05,16.8
10/21/06 14:10,16.3
10/21/06 14:15,16.4
10/21/06 14:20,16.4
10/21/06 14:25,16.2
10/21/06 14:30,15.6
10/21/06 14:35,14.9
10/21/06 14:40,14.2
10/21/06 14:45,13.5
10/21/06 14:50,12.8
10/21/06 14:55,12.0
10/21/06 15:00,11.3
10/21/06 15:05,10.6
10/21/06 15:10,10.1
10/21/06 15:15,9.6
10/21/06 15:20,9.2
10/21/06 15:25,8.7
10/21/06 15:30,8.1
10/21/06 15:35,7.9
10/21/06 15:40,8.3
10/21/06 15:45,7.1
10/21/06 15:50,5.1
10/21/06 15:55,3.7
10/21/06 16:00,1.9
10/21/06 16:05,1.7
10/21/06 16:10,1.2
10/21/06 16:15,0.8
10/21/06 16:20,0.4
10/21/06 16:25,0.2
10/21/06 16:30,0.1
10/21/06 16:35,0.0
10/21/06 16:40,0.0
10/21/06 16:45,0.0
10/21/06 16:50,0.0
10/21/06 16:55,0.0
10/21/06 17:00,0.0
10/21/06 17:05,0.0
10/21/06 17:10,0.0
10/21/06 17:15,0.0
10/21/06 17:20,0.0
10/21/06 17:25,0.0
10/21/06 17:30,0.0
10/21/06 17:35,0.0
10/21/06 17:40,0.0
10/21/06 17:45,0.0
10/21/06 17:50,0.0
10/21/06 17:55,0.0
10/21/06 18:00,0.0
10/21/06 18:05,0.0
10/21/06 18:10,0.0
10/21/06 18:15,0.0
10/21/06 18:20,0.0
10/21/06 18:25,0.0
10/21/06 18:30,0.0
10/21/06 18:35,0.0
10/21/06 18:40,0.0
10/21/06 18:45,0.0
10/21/06 18:50,0.0
10/21/06 18:55,0.0
10/21/06 19:00,0.0
10/21/06 19:05,0.0
10/21/06 19:10,0.0
10/21/06 19:15,0.0
10/21/06 19:20,0.0
10/21/06 19:25,0.0
10/21/06 19:30,0.0
10/21/06 19:35,0.0
10/21/06 19:40,0.0
10/21/06 19:45,0.0
10/21/06 19:50,0.0
10/21/06 19:55,0.0
10/21/06 20:00,0.0
10/21/06 20:05,0.0
10/21/06 20:10,0.0
10/21/06 20:15,0.0
10/21/06 20:20,0.0
10/21/06 20:25,0.0
10/21/06 20:30,0.0
10/21/06 20:35,0.0
10/21/06 20:40,0.0
10/21/06 20:45,0.0
10/21/06 20:50,0.0
10/21/06 20:55,0.0
10/21/06 21:00,0.0
10/21/06 21:05,0.0
10/21/06 21:10,0.0
10/21/06 21:15,0.0
10/21/06 21:20,0.0
10/21/06 21:25,0.0
10/21/06 21:30,0.0
10/21/06 21:35,0.0
10/21/06 21:40,0.0
10/21/06 21:45,0.0
10/21/06 21:50,0.0
10/21/06 21:55,0.0
10/21/06 22:00,0.0
10/21/06 22:05,0.0
10/21/06 22:10,0.0
10/21/06 22:15,0.0
10/21/06 22:20,0.0
10/21/06 22:25,0.0
10/21/06 22:30,0.0
10/21/06 22:35,0.0
10/21/06 22:40,0.0
10/21/06 22:45,0.0
10/21/06 22:50,0.0
10/21/06 22:55,0.0
10/21/06 23:00,0.0
10/21/06 23:05,0.0
10/21/06 23:10,0.0
10/21/06 23:15,0.0
10/21/06 23:20,0.0
10/21/06 23:25,0.0
10/21/06 23:30,0.0
10/21/06 23:35,0.0
10/21/06 23:40,0.0
10/21/06 23:45,0.0
10/21/06 23:50,0.0
10/21/06 23:55,0.0
10/22/06 00:00,0.0
10/22/06 00:05,0.0
10/22/06 00:10,0.0
10/22/06 00:15,0.0
10/22/06 00:20,0.0
10/22/06 00:25,0.0
10/22/06 00:30,0.0
10/22/06 00:35,0.0
10/22/06 00:40,0.0
10/22/06 00:45,0.0
10/22/06 00:50,0.0
10/22/06 00:55,0.0
10/22/06 01:00,0.0
10/22/06 01:05,0.0
10/22/06 01:10,0.0
10/22/06 01:15,0.0
10/22/06 01:20,0.0
10/22/06 01:25,0.0
10/22/06 01:30,0.0
10/22/06 01:35,0.0
10/22/06 01:40,0.0
10/22/06 01:45,0.0
10/22/06 01:50,0.0
10/22/06 01:55,0.0
10/22/06 02:00,0.0
10/22/06 02:05,0.0
10/22/06 02:10,0.0
10/22/06 02:15,0.0
10/22/06 02:20,0.0
10/22/06 02:25,0.0
10/22/06 02:30,0.0
10/22/06 02:35,0.0
10/22/06 02:40,0.0
10/22/06 02:45,0.0
10/22/06 02:50,0.0
10/22/06 02:55,0.0
10/22/06 03:00,0.0
10/22/06 03:05,0.0
10/22/06 03:10,0.0
10/22/06 03:15,0.0
10/22/06 03:20,0.0
10/22/06 03:25,0.0
10/22/06 03:30,0.0
10/22/06 03:35,0.0
10/22/06 03:40,0.0
10/22/06 03:45,0.0
10/22/06 03:50,0.0
10/22/06 03:55,0.0
10/22/06 04:00,0.0
10/22/06 04:05,0.0
10/22/06 04:10,0.0
10/22/06 04:15,0.0
10/22/06 04:20,0.0
10/22/06 04:25,0.0
10/22/06 04:30,0.0
10/22/06 04:35,0.0
10/22/06 04:40,0.0
10/22/06 04:45,0.0
10/22/06 04:50,0.0
10/22/06 04:55,0.0
10/22/06 05:00,0.0
10/22/06 05:05,0.0
10/22/06 05:10,0.0
10/22/06 05:15,0.0
10/22/06 05:20,0.0
10/22/06 05:25,0.0
10/22/06 05:30,0.0
10/22/06 05:35,0.0
10/22/06 05:40,0.0
10/22/06 05:45,0.0
10/22/06 05:50,0.0
10/22/06 05:55,0.0
10/22/06 06:00,0.0
10/22/06 06:05,0.0
10/22/06 06:10,0.0
10/22/06 06:15,0.0
10/22/06 06:20,0.0
10/22/06 06:25,0.0
10/22/06 06:30,0.1
10/22/06 06:35,0.3
10/22/06 06:40,0.7
10/22/06 06:45,1.5
10/22/06 06:50,2.9
10/22/06 06:55,3.9
10/22/06 07:00,4.5
10/22/06 07:05,5.0
10/22/06 07:10,5.6
10/22/06 07:15,6.0
10/22/06 07:20,6.1
10/22/06 07:25,6.2
10/22/06 07:30,5.5
10/22/06 07:35,5.4
10/22/06 07:40,5.2
10/22/06 07:45,5.8
10/22/06 07:50,6.5
10/22/06 07:55,5.6
10/22/06 08:00,5.4
10/22/06 08:05,5.6
10/22/06 08:10,6.6
10/22/06 08:15,6.1
10/22/06 08:20,5.5
10/22/06 08:25,4.9
10/22/06 08:30,4.7
10/22/06 08:35,4.9
10/22/06 08:40,4.7
10/22/06 08:45,4.5
10/22/06 08:50,4.3
10/22/06 08:55,3.3
10/22/06 09:00,1.8
10/22/06 09:05,1.1
10/22/06 09:10,0.4
10/22/06 09:15,1.1
10/22/06 09:20,3.9
10/22/06 09:25,5.2
10/22/06 09:30,6.7
10/22/06 09:35,7.7
10/22/06 09:40,8.2
10/22/06 09:45,8.5
10/22/06 09:50,8.5
10/22/06 09:55,9.2
10/22/06 10:00,9.8
10/22/06 10:05,10.8
10/22/06 10:10,11.5
10/22/06 10:15,13.7
10/22/06 10:20,15.7
10/22/06 10:25,16.9
10/22/06 10:30,17.7
10/22/06 10:35,18.1
10/22/06 10:40,18.7
10/22/06 10:45,18.9
10/22/06 10:50,19.0
10/22/06 10:55,19.0
10/22/06 11:00,19.0
10/22/06 11:05,19.0
10/22/06 11:10,19.0
10/22/06 11:15,19.3
10/22/06 11:20,19.8
10/22/06 11:25,20.5
10/22/06 11:30,20.9
10/22/06 11:35,21.4
10/22/06 11:40,21.9
10/22/06 11:45,22.5
10/22/06 11:50,22.9
10/22/06 11:55,23.2
10/22/06 12:00,23.4
10/22/06 12:05,23.7
10/22/06 12:10,24.1
10/22/06 12:15,24.4
10/22/06 12:20,24.5
10/22/06 12:25,24.5
10/22/06 12:30,24.5
10/22/06 12:35,24.5
10/22/06 12:40,24.5
10/22/06 12:45,24.6
10/22/06 12:50,24.7
10/22/06 12:55,24.8
10/22/06 13:00,24.7
10/22/06 13:05,24.6
10/22/06 13:10,24.3
10/22/06 13:15,23.9
10/22/06 13:20,23.6
10/22/06 13:25,23.1
10/22/06 13:30,22.3
10/22/06 13:35,21.8
10/22/06 13:40,21.9
10/22/06 13:45,22.0
10/22/06 13:50,21.8
10/22/06 13:55,21.4
10/22/06 14:00,20.9
10/22/06 14:05,20.8
10/22/06 14:10,20.5
10/22/06 14:15,19.4
10/22/06 14:20,18.1
10/22/06 14:25,17.2
10/22/06 14:30,16.3
10/22/06 14:35,15.7
10/22/06 14:40,14.8
10/22/06 14:45,13.6
10/22/06 14:50,13.0
10/22/06 14:55,13.3
10/22/06 15:00,13.4
10/22/06 15:05,13.1
10/22/06 15:10,12.7
10/22/06 15:15,11.9
10/22/06 15:20,10.7
10/22/06 15:25,9.1
10/22/06 15:30,7.9
10/22/06 15:35,6.6
10/22/06 15:40,5.5
10/22/06 15:45,4.4
10/22/06 15:50,1.8
10/22/06 15:55,0.2
10/22/06 16:00,0.0
10/22/06 16:05,0.0
10/22/06 16:10,0.1
10/22/06 16:15,0.1
10/22/06 16:20,0.1
10/22/06 16:25,0.1
10/22/06 16:30,0.0
10/22/06 16:35,0.0
10/22/06 16:40,0.0
10/22/06 16:45,0.0
10/22/06 16:50,0.0
10/22/06 16:55,0.0
10/22/06 17:00,0.0
10/22/06 17:05,0.0
10/22/06 17:10,0.0
10/22/06 17:15,0.0
10/22/06 17:20,0.0
10/22/06 17:25,0.0
10/22/06 17:30,0.0
10/22/06 17:35,0.0
10/22/06 17:40,0.0
10/22/06 17:45,0.0
10/22/06 17:50,0.0
10/22/06 17:55,0.0
10/22/06 18:00,0.0
10/22/06 18:05,0.0
10/22/06 18:10,0.0
10/22/06 18:15,0.0
10/22/06 18:20,0.0
10/22/06 18:25,0.0
10/22/06 18:30,0.0
10/22/06 18:35,0.0
10/22/06 18:40,0.0
10/22/06 18:45,0.0
10/22/06 18:50,0.0
10/22/06 18:55,0.0
10/22/06 19:00,0.0
10/22/06 19:05,0.0
10/22/06 19:10,0.0
10/22/06 19:15,0.0
10/22/06 19:20,0.0
10/22/06 19:25,0.0
10/22/06 19:30,0.0
10/22/06 19:35,0.0
10/22/06 19:40,0.0
10/22/06 19:45,0.0
10/22/06 19:50,0.0
10/22/06 19:55,0.0
10/22/06 20:00,0.0
10/22/06 20:05,0.0
10/22/06 20:10,0.0
10/22/06 20:15,0.0
10/22/06 20:20,0.0
10/22/06 20:25,0.0
10/22/06 20:30,0.0
10/22/06 20:35,0.0
10/22/06 20:40,0.0
10/22/06 20:45,0.0
10/22/06 20:50,0.0
10/22/06 20:55,0.0
10/22/06 21:00,0.0
10/22/06 21:05,0.0
10/22/06 21:10,0.0
10/22/06 21:15,0.0
10/22/06 21:20,0.0
10/22/06 21:25,0.0
10/22/06 21:30,0.0
10/22/06 21:35,0.0
10/22/06 21:40,0.0
10/22/06 21:45,0.0
10/22/06 21:50,0.0
10/22/06 21:55,0.0
10/22/06 22:00,0.0
10/22/06 22:05,0.0
10/22/06 22:10,0.0
10/22/06 22:15,0.0
10/22/06 22:20,0.0
10/22/06 22:25,0.0
10/22/06 22:30,0.0
10/22/06 22:35,0.0
10/22/06 22:40,0.0
10/22/06 22:45,0.0
10/22/06 22:50,0.0
10/22/06 22:55,0.0
10/22/06 23:00,0.0
10/22/06 23:05,0.0
10/22/06 23:10,0.0
10/22/06 23:15,0.0
10/22/06 23:20,0.0
10/22/06 23:25,0.0
10/22/06 23:30,0.0
10/22/06 23:35,0.0
10/22/06 23:40,0.0
10/22/06 23:45,0.0
10/22/06 23:50,0.0
10/22/06 23:55,0.0
10/23/06 00:00,0.0
10/23/06 00:05,0.0
10/23/06 00:10,0.0
10/23/06 00:15,0.0
10/23/06 00:20,0.0
10/23/06 00:25,0.0
10/23/06 00:30,0.0
10/23/06 00:35,0.0
10/23/06 00:40,0.0
10/23/06 00:45,0.0
10/23/06 00:50,0.0
10/23/06 00:55,0.0
10/23/06 01:00,0.0
10/23/06 01:05,0.0
10/23/06 01:10,0.0
10/23/06 01:15,0.0
10/23/06 01:20,0.0
10/23/06 01:25,0.0
10/23/06 01:30,0.0
10/23/06 01:35,0.0
10/23/06 01:40,0.0
10/23/06 01:45,0.0
10/23/06 01:50,0.0
10/23/06 01:55,0.0
10/23/06 02:00,0.0
10/23/06 02:05,0.0
10/23/06 02:10,0.0
10/23/06 02:15,0.0
10/23/06 02:20,0.0
10/23/06 02:25,0.0
10/23/06 02:30,0.0
10/23/06 02:35,0.0
10/23/06 02:40,0.0
10/23/06 02:45,0.0
10/23/06 02:50,0.0
10/23/06 02:55,0.0
10/23/06 03:00,0.0
10/23/06 03:05,0.0
10/23/06 03:10,0.0
10/23/06 03:15,0.0
10/23/06 03:20,0.0
10/23/06 03:25,0.0
10/23/06 03:30,0.0
10/23/06 03:35,0.0
10/23/06 03:40,0.0
10/23/06 03:45,0.0
10/23/06 03:50,0.0
10/23/06 03:55,0.0
10/23/06 04:00,0.0
10/23/06 04:05,0.0
10/23/06 04:10,0.0
10/23/06 04:15,0.0
10/23/06 04:20,0.0
10/23/06 04:25,0.0
10/23/06 04:30,0.0
10/23/06 04:35,0.0
10/23/06 04:40,0.0
10/23/06 04:45,0.0
10/23/06 04:50,0.0
10/23/06 04:55,0.0
10/23/06 05:00,0.0
10/23/06 05:05,0.0
10/23/06 05:10,0.0
10/23/06 05:15,0.0
10/23/06 05:20,0.0
10/23/06 05:25,0.0
10/23/06 05:30,0.0
10/23/06 05:35,0.0
10/23/06 05:40,0.0
10/23/06 05:45,0.0
10/23/06 05:50,0.0
10/23/06 05:55,0.0
10/23/06 06:00,0.0
10/23/06 06:05,0.0
10/23/06 06:10,0.0
10/23/06 06:15,0.0
10/23/06 06:20,0.0
10/23/06 06:25,0.0
10/23/06 06:30,0.1
10/23/06 06:35,0.2
10/23/06 06:40,0.5
10/23/06 06:45,0.8
10/23/06 06:50,1.5
10/23/06 06:55,3.2
10/23/06 07:00,4.1
10/23/06 07:05,4.8
10/23/06 07:10,5.6
10/23/06 07:15,6.4
10/23/06 07:20,6.1
10/23/06 07:25,6.6
10/23/06 07:30,7.6
10/23/06 07:35,8.4
10/23/06 07:40,8.5
10/23/06 07:45,8.5
10/23/06 07:50,8.7
10/23/06 07:55,9.5
10/23/06 08:00,9.3
10/23/06 08:05,9.2
10/23/06 08:10,9.6
10/23/06 08:15,11.1
10/23/06 08:20,12.8
10/23/06 08:25,14.3
10/23/06 08:30,15.4
10/23/06 08:35,16.1
10/23/06 08:40,16.8
10/23/06 08:45,17.3
10/23/06 08:50,17.9
10/23/06 08:55,18.5
10/23/06 09:00,19.1
10/23/06 09:05,19.7
10/23/06 09:10,20.4
10/23/06 09:15,21.1
10/23/06 09:20,21.6
10/23/06 09:25,22.0
10/23/06 09:30,22.4
10/23/06 09:35,22.9
10/23/06 09:40,23.2
10/23/06 09:45,23.5
10/23/06 09:50,23.7
10/23/06 09:55,23.7
10/23/06 10:00,23.6
10/23/06 10:05,23.5
10/23/06 10:10,23.6
10/23/06 10:15,23.9
10/23/06 10:20,24.3
10/23/06 10:25,24.5
10/23/06 10:30,24.7
10/23/06 10:35,24.8
10/23/06 10:40,25.1
10/23/06 10:45,25.3
10/23/06 10:50,25.5
10/23/06 10:55,25.7
10/23/06 11:00,25.9
10/23/06 11:05,26.0
10/23/06 11:10,26.2
10/23/06 11:15,26.3
10/23/06 11:20,26.5
10/23/06 11:25,26.6
10/23/06 11:30,26.6
10/23/06 11:35,26.7
10/23/06 11:40,26.8
10/23/06 11:45,26.7
10/23/06 11:50,26.7
10/23/06 11:55,26.5
10/23/06 12:00,26.4
10/23/06 12:05,26.0
10/23/06 12:10,25.6
10/23/06 12:15,25.4
10/23/06 12:20,25.1
10/23/06 12:25,24.9
10/23/06 12:30,24.9
10/23/06 12:35,24.8
10/23/06 12:40,24.7
10/23/06 12:45,24.7
10/23/06 12:50,24.6
10/23/06 12:55,24.4
10/23/06 13:00,24.3
10/23/06 13:05,24.3
10/23/06 13:10,24.3
10/23/06 13:15,24.0
10/23/06 13:20,23.7
10/23/06 13:25,23.6
10/23/06 13:30,23.3
10/23/06 13:35,22.8
10/23/06 13:40,22.5
10/23/06 13:45,22.2
10/23/06 13:50,21.8
10/23/06 13:55,21.4
10/23/06 14:00,20.9
10/23/06 14:05,20.3
10/23/06 14:10,19.8
10/23/06 14:15,19.3
10/23/06 14:20,18.7
10/23/06 14:25,18.0
10/23/06 14:30,17.5
10/23/06 14:35,16.9
10/23/06 14:40,16.3
10/23/06 14:45,15.6
10/23/06 14:50,14.9
10/23/06 14:55,14.1
10/23/06 15:00,13.4
10/23/06 15:05,12.7
10/23/06 15:10,12.0
10/23/06 15:15,11.5
10/23/06 15:20,11.1
10/23/06 15:25,10.6
10/23/06 15:30,10.0
10/23/06 15:35,9.4
10/23/06 15:40,8.8
10/23/06 15:45,8.1
10/23/06 15:50,7.4
10/23/06 15:55,6.8
10/23/06 16:00,6.1
10/23/06 16:05,5.5
10/23/06 16:10,5.0
10/23/06 16:15,4.4
10/23/06 16:20,3.7
10/23/06 16:25,1.9
10/23/06 16:30,0.7
10/23/06 16:35,0.2
10/23/06 16:40,0.1
10/23/06 16:45,0.0
10/23/06 16:50,0.0
10/23/06 16:55,0.0
10/23/06 17:00,0.0
10/23/06 17:05,0.0
10/23/06 17:10,0.0
10/23/06 17:15,0.0
10/23/06 17:20,0.0
10/23/06 17:25,0.0
10/23/06 17:30,0.0
10/23/06 17:35,0.0
10/23/06 17:40,0.0
10/23/06 17:45,0.0
10/23/06 17:50,0.0
10/23/06 17:55,0.0
10/23/06 18:00,0.0
10/23/06 18:05,0.0
10/23/06 18:10,0.0
10/23/06 18:15,0.0
10/23/06 18:20,0.0
10/23/06 18:25,0.0
10/23/06 18:30,0.0
10/23/06 18:35,0.0
10/23/06 18:40,0.0
10/23/06 18:45,0.0
10/23/06 18:50,0.0
10/23/06 18:55,0.0
10/23/06 19:00,0.0
10/23/06 19:05,0.0
10/23/06 19:10,0.0
10/23/06 19:15,0.0
10/23/06 19:20,0.0
10/23/06 19:25,0.0
10/23/06 19:30,0.0
10/23/06 19:35,0.0
10/23/06 19:40,0.0
10/23/06 19:45,0.0
10/23/06 19:50,0.0
10/23/06 19:55,0.0
10/23/06 20:00,0.0
10/23/06 20:05,0.0
10/23/06 20:10,0.0
10/23/06 20:15,0.0
10/23/06 20:20,0.0
10/23/06 20:25,0.0
10/23/06 20:30,0.0
10/23/06 20:35,0.0
10/23/06 20:40,0.0
10/23/06 20:45,0.0
10/23/06 20:50,0.0
10/23/06 20:55,0.0
10/23/06 21:00,0.0
10/23/06 21:05,0.0
10/23/06 21:10,0.0
10/23/06 21:15,0.0
10/23/06 21:20,0.0
10/23/06 21:25,0.0
10/23/06 21:30,0.0
10/23/06 21:35,0.0
10/23/06 21:40,0.0
10/23/06 21:45,0.0
10/23/06 21:50,0.0
10/23/06 21:55,0.0
10/23/06 22:00,0.0
10/23/06 22:05,0.0
10/23/06 22:10,0.0
10/23/06 22:15,0.0
10/23/06 22:20,0.0
10/23/06 22:25,0.0
10/23/06 22:30,0.0
10/23/06 22:35,0.0
10/23/06 22:40,0.0
10/23/06 22:45,0.0
10/23/06 22:50,0.0
10/23/06 22:55,0.0
10/23/06 23:00,0.0
10/23/06 23:05,0.0
10/23/06 23:10,0.0
10/23/06 23:15,0.0
10/23/06 23:20,0.0
10/23/06 23:25,0.0
10/23/06 23:30,0.0
10/23/06 23:35,0.0
10/23/06 23:40,0.0
10/23/06 23:45,0.0
10/23/06 23:50,0.0
10/23/06 23:55,0.0
10/24/06 00:00,0.0
10/24/06 00:05,0.0
10/24/06 00:10,0.0
10/24/06 00:15,0.0
10/24/06 00:20,0.0
10/24/06 00:25,0.0
10/24/06 00:30,0.0
10/24/06 00:35,0.0
10/24/06 00:40,0.0
10/24/06 00:45,0.0
10/24/06 00:50,0.0
10/24/06 00:55,0.0
10/24/06 01:00,0.0
10/24/06 01:05,0.0
10/24/06 01:10,0.0
10/24/06 01:15,0.0
10/24/06 01:20,0.0
10/24/06 01:25,0.0
10/24/06 01:30,0.0
10/24/06 01:35,0.0
10/24/06 01:40,0.0
10/24/06 01:45,0.0
10/24/06 01:50,0.0
10/24/06 01:55,0.0
10/24/06 02:00,0.0
10/24/06 02:05,0.0
10/24/06 02:10,0.0
10/24/06 02:15,0.0
10/24/06 02:20,0.0
10/24/06 02:25,0.0
10/24/06 02:30,0.0
10/24/06 02:35,0.0
10/24/06 02:40,0.0
10/24/06 02:45,0.0
10/24/06 02:50,0.0
10/24/06 02:55,0.0
10/24/06 03:00,0.0
10/24/06 03:05,0.0
10/24/06 03:10,0.0
10/24/06 03:15,0.0
10/24/06 03:20,0.0
10/24/06 03:25,0.0
10/24/06 03:30,0.0
10/24/06 03:35,0.0
10/24/06 03:40,0.0
10/24/06 03:45,0.0
10/24/06 03:50,0.0
10/24/06 03:55,0.0
10/24/06 04:00,0.0
10/24/06 04:05,0.0
10/24/06 04:10,0.0
10/24/06 04:15,0.0
10/24/06 04:20,0.0
10/24/06 04:25,0.0
10/24/06 04:30,0.0
10/24/06 04:35,0.0
10/24/06 04:40,0.0
10/24/06 04:45,0.0
10/24/06 04:50,0.0
10/24/06 04:55,0.0
10/24/06 05:00,0.0
10/24/06 05:05,0.0
10/24/06 05:10,0.0
10/24/06 05:15,0.0
10/24/06 05:20,0.0
10/24/06 05:25,0.0
10/24/06 05:30,0.0
10/24/06 05:35,0.0
10/24/06 05:40,0.0
10/24/06 05:45,0.0
10/24/06 05:50,0.0
10/24/06 05:55,0.0
10/24/06 06:00,0.0
10/24/06 06:05,0.0
10/24/06 06:10,0.0
10/24/06 06:15,0.0
10/24/06 06:20,0.0
10/24/06 06:25,0.0
10/24/06 06:30,0.0
10/24/06 06:35,0.1
10/24/06 06:40,0.3
10/24/06 06:45,1.0
10/24/06 06:50,2.1
10/24/06 06:55,2.1
10/24/06 07:00,1.9
10/24/06 07:05,2.8
10/24/06 07:10,3.8
10/24/06 07:15,5.0
10/24/06 07:20,6.2
10/24/06 07:25,7.4
10/24/06 07:30,8.5
10/24/06 07:35,9.4
10/24/06 07:40,10.1
10/24/06 07:45,10.9
10/24/06 07:50,11.6
10/24/06 07:55,12.4
10/24/06 08:00,13.1
10/24/06 08:05,13.8
10/24/06 08:10,14.5
10/24/06 08:15,15.1
10/24/06 08:20,15.6
10/24/06 08:25,16.1
10/24/06 08:30,16.6
10/24/06 08:35,17.1
10/24/06 08:40,18.0
10/24/06 08:45,18.6
10/24/06 08:50,19.2
10/24/06 08:55,19.7
10/24/06 09:00,20.1
10/24/06 09:05,20.3
10/24/06 09:10,20.6
10/24/06 09:15,20.9
10/24/06 09:20,21.2
10/24/06 09:25,21.5
10/24/06 09:30,21.8
10/24/06 09:35,22.0
10/24/06 09:40,22.3
10/24/06 09:45,22.5
10/24/06 09:50,22.8
10/24/06 09:55,23.1
10/24/06 10:00,23.4
10/24/06 10:05,23.8
10/24/06 10:10,24.2
10/24/06 10:15,24.3
10/24/06 10:20,24.3
10/24/06 10:25,24.2
10/24/06 10:30,24.3
10/24/06 10:35,24.3
10/24/06 10:40,24.4
10/24/06 10:45,24.5
10/24/06 10:50,24.7
10/24/06 10:55,24.8
10/24/06 11:00,25.0
10/24/06 11:05,25.2
10/24/06 11:10,25.5
10/24/06 11:15,25.6
10/24/06 11:20,25.7
10/24/06 11:25,25.6
10/24/06 11:30,25.6
10/24/06 11:35,25.6
10/24/06 11:40,25.5
10/24/06 11:45,25.5
10/24/06 11:50,25.4
10/24/06 11:55,25.3
10/24/06 12:00,25.1
10/24/06 12:05,24.8
10/24/06 12:10,24.6
10/24/06 12:15,24.6
10/24/06 12:20,24.7
10/24/06 12:25,24.5
10/24/06 12:30,24.2
10/24/06 12:35,24.0
10/24/06 12:40,23.9
10/24/06 12:45,23.6
10/24/06 12:50,23.6
10/24/06 12:55,23.5
10/24/06 13:00,23.4
10/24/06 13:05,23.0
10/24/06 13:10,22.5
10/24/06 13:15,22.2
10/24/06 13:20,22.0
10/24/06 13:25,21.7
10/24/06 13:30,21.3
10/24/06 13:35,20.9
10/24/06 13:40,20.6
10/24/06 13:45,20.4
10/24/06 13:50,20.2
10/24/06 13:55,19.9
10/24/06 14:00,19.6
10/24/06 14:05,19.3
10/24/06 14:10,18.9
10/24/06 14:15,18.4
10/24/06 14:20,17.9
10/24/06 14:25,17.2
10/24/06 14:30,16.7
10/24/06 14:35,16.0
10/24/06 14:40,15.5
10/24/06 14:45,15.0
10/24/06 14:50,14.6
10/24/06 14:55,14.2
10/24/06 15:00,13.6
10/24/06 15:05,13.0
10/24/06 15:10,12.4
10/24/06 15:15,11.7
10/24/06 15:20,11.0
10/24/06 15:25,10.3
10/24/06 15:30,9.6
10/24/06 15:35,8.9
10/24/06 15:40,8.2
10/24/06 15:45,7.5
10/24/06 15:50,6.7
10/24/06 15:55,6.0
10/24/06 16:00,5.3
10/24/06 16:05,4.7
10/24/06 16:10,4.2
10/24/06 16:15,3.8
10/24/06 16:20,2.6
10/24/06 16:25,1.2
10/24/06 16:30,0.4
10/24/06 16:35,0.1
10/24/06 16:40,0.0
10/24/06 16:45,0.0
10/24/06 16:50,0.0
10/24/06 16:55,0.0
10/24/06 17:00,0.0
10/24/06 17:05,0.0
10/24/06 17:10,0.0
10/24/06 17:15,0.0
10/24/06 17:20,0.0
10/24/06 17:25,0.0
10/24/06 17:30,0.0
10/24/06 17:35,0.0
10/24/06 17:40,0.0
10/24/06 17:45,0.0
10/24/06 17:50,0.0
10/24/06 17:55,0.0
10/24/06 18:00,0.0
10/24/06 18:05,0.0
10/24/06 18:10,0.0
10/24/06 18:15,0.0
10/24/06 18:20,0.0
10/24/06 18:25,0.0
10/24/06 18:30,0.0
10/24/06 18:35,0.0
10/24/06 18:40,0.0
10/24/06 18:45,0.0
10/24/06 18:50,0.0
10/24/06 18:55,0.0
10/24/06 19:00,0.0
10/24/06 19:05,0.0
10/24/06 19:10,0.0
10/24/06 19:15,0.0
10/24/06 19:20,0.0
10/24/06 19:25,0.0
10/24/06 19:30,0.0
10/24/06 19:35,0.0
10/24/06 19:40,0.0
10/24/06 19:45,0.0
10/24/06 19:50,0.0
10/24/06 19:55,0.0
10/24/06 20:00,0.0
10/24/06 20:05,0.0
10/24/06 20:10,0.0
10/24/06 20:15,0.0
10/24/06 20:20,0.0
10/24/06 20:25,0.0
10/24/06 20:30,0.0
10/24/06 20:35,0.0
10/24/06 20:40,0.0
10/24/06 20:45,0.0
10/24/06 20:50,0.0
10/24/06 20:55,0.0
10/24/06 21:00,0.0
10/24/06 21:05,0.0
10/24/06 21:10,0.0
10/24/06 21:15,0.0
10/24/06 21:20,0.0
10/24/06 21:25,0.0
10/24/06 21:30,0.0
10/24/06 21:35,0.0
10/24/06 21:40,0.0
10/24/06 21:45,0.0
10/24/06 21:50,0.0
10/24/06 21:55,0.0
10/24/06 22:00,0.0
10/24/06 22:05,0.0
10/24/06 22:10,0.0
10/24/06 22:15,0.0
10/24/06 22:20,0.0
10/24/06 22:25,0.0
10/24/06 22:30,0.0
10/24/06 22:35,0.0
10/24/06 22:40,0.0
10/24/06 22:45,0.0
10/24/06 22:50,0.0
10/24/06 22:55,0.0
10/24/06 23:00,0.0
10/24/06 23:05,0.0
10/24/06 23:10,0.0
10/24/06 23:15,0.0
10/24/06 23:20,0.0
10/24/06 23:25,0.0
10/24/06 23:30,0.0
10/24/06 23:35,0.0
10/24/06 23:40,0.0
10/24/06 23:45,0.0
10/24/06 23:50,0.0
10/24/06 23:55,0.0
10/25/06 00:00,0.0
10/25/06 00:05,0.0
10/25/06 00:10,0.0
10/25/06 00:15,0.0
10/25/06 00:20,0.0
10/25/06 00:25,0.0
10/25/06 00:30,0.0
10/25/06 00:35,0.0
10/25/06 00:40,0.0
10/25/06 00:45,0.0
10/25/06 00:50,0.0
10/25/06 00:55,0.0
10/25/06 01:00,0.0
10/25/06 01:05,0.0
10/25/06 01:10,0.0
10/25/06 01:15,0.0
10/25/06 01:20,0.0
10/25/06 01:25,0.0
10/25/06 01:30,0.0
10/25/06 01:35,0.0
10/25/06 01:40,0.0
10/25/06 01:45,0.0
10/25/06 01:50,0.0
10/25/06 01:55,0.0
10/25/06 02:00,0.0
10/25/06 02:05,0.0
10/25/06 02:10,0.0
10/25/06 02:15,0.0
10/25/06 02:20,0.0
10/25/06 02:25,0.0
10/25/06 02:30,0.0
10/25/06 02:35,0.0
10/25/06 02:40,0.0
10/25/06 02:45,0.0
10/25/06 02:50,0.0
10/25/06 02:55,0.0
10/25/06 03:00,0.0
10/25/06 03:05,0.0
10/25/06 03:10,0.0
10/25/06 03:15,0.0
10/25/06 03:20,0.0
10/25/06 03:25,0.0
10/25/06 03:30,0.0
10/25/06 03:35,0.0
10/25/06 03:40,0.0
10/25/06 03:45,0.0
10/25/06 03:50,0.0
10/25/06 03:55,0.0
10/25/06 04:00,0.0
10/25/06 04:05,0.0
10/25/06 04:10,0.0
10/25/06 04:15,0.0
10/25/06 04:20,0.0
10/25/06 04:25,0.0
10/25/06 04:30,0.0
10/25/06 04:35,0.0
10/25/06 04:40,0.0
10/25/06 04:45,0.0
10/25/06 04:50,0.0
10/25/06 04:55,0.0
10/25/06 05:00,0.0
10/25/06 05:05,0.0
10/25/06 05:10,0.0
10/25/06 05:15,0.0
10/25/06 05:20,0.0
10/25/06 05:25,0.0
10/25/06 05:30,0.0
10/25/06 05:35,0.0
10/25/06 05:40,0.0
10/25/06 05:45,0.0
10/25/06 05:50,0.0
10/25/06 05:55,0.0
10/25/06 06:00,0.0
10/25/06 06:05,0.0
10/25/06 06:10,0.0
10/25/06 06:15,0.0
10/25/06 06:20,0.0
10/25/06 06:25,0.0
10/25/06 06:30,0.0
10/25/06 06:35,0.0
10/25/06 06:40,0.0
10/25/06 06:45,0.0
10/25/06 06:50,0.1
10/25/06 06:55,0.4
10/25/06 07:00,1.1
10/25/06 07:05,1.3
10/25/06 07:10,2.1
10/25/06 07:15,3.5
10/25/06 07:20,4.3
10/25/06 07:25,5.6
10/25/06 07:30,6.7
10/25/06 07:35,7.3
10/25/06 07:40,7.9
10/25/06 07:45,7.6
10/25/06 07:50,7.7
10/25/06 07:55,7.0
10/25/06 08:00,7.4
10/25/06 08:05,7.5
10/25/06 08:10,8.7
10/25/06 08:15,8.3
10/25/06 08:20,7.4
10/25/06 08:25,6.6
10/25/06 08:30,6.2
10/25/06 08:35,5.8
10/25/06 08:40,6.0
10/25/06 08:45,6.1
10/25/06 08:50,6.0
10/25/06 08:55,5.4
10/25/06 09:00,4.9
10/25/06 09:05,5.1
10/25/06 09:10,5.0
10/25/06 09:15,5.8
10/25/06 09:20,7.4
10/25/06 09:25,8.0
10/25/06 09:30,8.2
10/25/06 09:35,8.1
10/25/06 09:40,7.8
10/25/06 09:45,7.4
10/25/06 09:50,7.0
10/25/06 09:55,6.3
10/25/06 10:00,5.8
10/25/06 10:05,5.1
10/25/06 10:10,4.7
10/25/06 10:15,4.6
10/25/06 10:20,4.4
10/25/06 10:25,4.4
10/25/06 10:30,4.6
10/25/06 10:35,4.8
10/25/06 10:40,5.0
10/25/06 10:45,5.3
10/25/06 10:50,5.7
10/25/06 10:55,6.0
10/25/06 11:00,5.7
10/25/06 11:05,5.6
10/25/06 11:10,5.5
10/25/06 11:15,5.6
10/25/06 11:20,5.6
10/25/06 11:25,5.4
10/25/06 11:30,5.5
10/25/06 11:35,5.7
10/25/06 11:40,6.1
10/25/06 11:45,6.4
10/25/06 11:50,6.3
10/25/06 11:55,5.9
10/25/06 12:00,5.7
10/25/06 12:05,5.6
10/25/06 12:10,5.7
10/25/06 12:15,6.6
10/25/06 12:20,7.6
10/25/06 12:25,7.4
10/25/06 12:30,11.3
10/25/06 12:35,11.5
10/25/06 12:40,10.9
10/25/06 12:45,9.7
10/25/06 12:50,9.1
10/25/06 12:55,8.7
10/25/06 13:00,10.5
10/25/06 13:05,14.9
10/25/06 13:10,17.3
10/25/06 13:15,18.6
10/25/06 13:20,18.6
10/25/06 13:25,18.1
10/25/06 13:30,17.7
10/25/06 13:35,17.2
10/25/06 13:40,16.5
10/25/06 13:45,15.3
10/25/06 13:50,13.7
10/25/06 13:55,12.2
10/25/06 14:00,11.1
10/25/06 14:05,10.3
10/25/06 14:10,9.4
10/25/06 14:15,8.3
10/25/06 14:20,7.8
10/25/06 14:25,7.6
10/25/06 14:30,7.0
10/25/06 14:35,6.2
10/25/06 14:40,6.3
10/25/06 14:45,6.3
10/25/06 14:50,6.4
10/25/06 14:55,5.5
10/25/06 15:00,4.0
10/25/06 15:05,3.5
10/25/06 15:10,2.7
10/25/06 15:15,1.5
10/25/06 15:20,0.9
10/25/06 15:25,0.7
10/25/06 15:30,0.6
10/25/06 15:35,0.6
10/25/06 15:40,0.7
10/25/06 15:45,0.7
10/25/06 15:50,0.7
10/25/06 15:55,0.9
10/25/06 16:00,1.5
10/25/06 16:05,1.8
10/25/06 16:10,1.7
10/25/06 16:15,1.1
10/25/06 16:20,0.5
10/25/06 16:25,0.2
10/25/06 16:30,0.0
10/25/06 16:35,0.0
10/25/06 16:40,0.0
10/25/06 16:45,0.0
10/25/06 16:50,0.0
10/25/06 16:55,0.0
10/25/06 17:00,0.0
10/25/06 17:05,0.0
10/25/06 17:10,0.0
10/25/06 17:15,0.0
10/25/06 17:20,0.0
10/25/06 17:25,0.0
10/25/06 17:30,0.0
10/25/06 17:35,0.0
10/25/06 17:40,0.0
10/25/06 17:45,0.0
10/25/06 17:50,0.0
10/25/06 17:55,0.0
10/25/06 18:00,0.0
10/25/06 18:05,0.0
10/25/06 18:10,0.0
10/25/06 18:15,0.0
10/25/06 18:20,0.0
10/25/06 18:25,0.0
10/25/06 18:30,0.0
10/25/06 18:35,0.0
10/25/06 18:40,0.0
10/25/06 18:45,0.0
10/25/06 18:50,0.0
10/25/06 18:55,0.0
10/25/06 19:00,0.0
10/25/06 19:05,0.0
10/25/06 19:10,0.0
10/25/06 19:15,0.0
10/25/06 19:20,0.0
10/25/06 19:25,0.0
10/25/06 19:30,0.0
10/25/06 19:35,0.0
10/25/06 19:40,0.0
10/25/06 19:45,0.0
10/25/06 19:50,0.0
10/25/06 19:55,0.0
10/25/06 20:00,0.0
10/25/06 20:05,0.0
10/25/06 20:10,0.0
10/25/06 20:15,0.0
10/25/06 20:20,0.0
10/25/06 20:25,0.0
10/25/06 20:30,0.0
10/25/06 20:35,0.0
10/25/06 20:40,0.0
10/25/06 20:45,0.0
10/25/06 20:50,0.0
10/25/06 20:55,0.0
10/25/06 21:00,0.0
10/25/06 21:05,0.0
10/25/06 21:10,0.0
10/25/06 21:15,0.0
10/25/06 21:20,0.0
10/25/06 21:25,0.0
10/25/06 21:30,0.0
10/25/06 21:35,0.0
10/25/06 21:40,0.0
10/25/06 21:45,0.0
10/25/06 21:50,0.0
10/25/06 21:55,0.0
10/25/06 22:00,0.0
10/25/06 22:05,0.0
10/25/06 22:10,0.0
10/25/06 22:15,0.0
10/25/06 22:20,0.0
10/25/06 22:25,0.0
10/25/06 22:30,0.0
10/25/06 22:35,0.0
10/25/06 22:40,0.0
10/25/06 22:45,0.0
10/25/06 22:50,0.0
10/25/06 22:55,0.0
10/25/06 23:00,0.0
10/25/06 23:05,0.0
10/25/06 23:10,0.0
10/25/06 23:15,0.0
10/25/06 23:20,0.0
10/25/06 23:25,0.0
10/25/06 23:30,0.0
10/25/06 23:35,0.0
10/25/06 23:40,0.0
10/25/06 23:45,0.0
10/25/06 23:50,0.0
10/25/06 23:55,0.0
10/26/06 00:00,0.0
10/26/06 00:05,0.0
10/26/06 00:10,0.0
10/26/06 00:15,0.0
10/26/06 00:20,0.0
10/26/06 00:25,0.0
10/26/06 00:30,0.0
10/26/06 00:35,0.0
10/26/06 00:40,0.0
10/26/06 00:45,0.0
10/26/06 00:50,0.0
10/26/06 00:55,0.0
10/26/06 01:00,0.0
10/26/06 01:05,0.0
10/26/06 01:10,0.0
10/26/06 01:15,0.0
10/26/06 01:20,0.0
10/26/06 01:25,0.0
10/26/06 01:30,0.0
10/26/06 01:35,0.0
10/26/06 01:40,0.0
10/26/06 01:45,0.0
10/26/06 01:50,0.0
10/26/06 01:55,0.0
10/26/06 02:00,0.0
10/26/06 02:05,0.0
10/26/06 02:10,0.0
10/26/06 02:15,0.0
10/26/06 02:20,0.0
10/26/06 02:25,0.0
10/26/06 02:30,0.0
10/26/06 02:35,0.0
10/26/06 02:40,0.0
10/26/06 02:45,0.0
10/26/06 02:50,0.0
10/26/06 02:55,0.0
10/26/06 03:00,0.0
10/26/06 03:05,0.0
10/26/06 03:10,0.0
10/26/06 03:15,0.0
10/26/06 03:20,0.0
10/26/06 03:25,0.0
10/26/06 03:30,0.0
10/26/06 03:35,0.0
10/26/06 03:40,0.0
10/26/06 03:45,0.0
10/26/06 03:50,0.0
10/26/06 03:55,0.0
10/26/06 04:00,0.0
10/26/06 04:05,0.0
10/26/06 04:10,0.0
10/26/06 04:15,0.0
10/26/06 04:20,0.0
10/26/06 04:25,0.0
10/26/06 04:30,0.0
10/26/06 04:35,0.0
10/26/06 04:40,0.0
10/26/06 04:45,0.0
10/26/06 04:50,0.0
10/26/06 04:55,0.0
10/26/06 05:00,0.0
10/26/06 05:05,0.0
10/26/06 05:10,0.0
10/26/06 05:15,0.0
10/26/06 05:20,0.0
10/26/06 05:25,0.0
10/26/06 05:30,0.0
10/26/06 05:35,0.0
10/26/06 05:40,0.0
10/26/06 05:45,0.0
10/26/06 05:50,0.0
10/26/06 05:55,0.0
10/26/06 06:00,0.0
10/26/06 06:05,0.0
10/26/06 06:10,0.0
10/26/06 06:15,0.0
10/26/06 06:20,0.0
10/26/06 06:25,0.0
10/26/06 06:30,0.0
10/26/06 06:35,0.0
10/26/06 06:40,0.0
10/26/06 06:45,0.1
10/26/06 06:50,0.2
10/26/06 06:55,0.2
10/26/06 07:00,0.3
10/26/06 07:05,0.4
10/26/06 07:10,0.5
10/26/06 07:15,0.8
10/26/06 07:20,1.9
10/26/06 07:25,3.8
10/26/06 07:30,4.1
10/26/06 07:35,3.9
10/26/06 07:40,3.7
10/26/06 07:45,3.6
10/26/06 07:50,3.1
10/26/06 07:55,3.0
10/26/06 08:00,3.7
10/26/06 08:05,4.4
10/26/06 08:10,4.1
10/26/06 08:15,3.3
10/26/06 08:20,2.2
10/26/06 08:25,2.2
10/26/06 08:30,2.3
10/26/06 08:35,2.2
10/26/06 08:40,1.8
10/26/06 08:45,1.8
10/26/06 08:50,1.8
10/26/06 08:55,1.9
10/26/06 09:00,2.2
10/26/06 09:05,2.7
10/26/06 09:10,3.1
10/26/06 09:15,2.9
10/26/06 09:20,1.7
10/26/06 09:25,1.3
10/26/06 09:30,1.1
10/26/06 09:35,1.4
10/26/06 09:40,1.9
10/26/06 09:45,2.2
10/26/06 09:50,2.4
10/26/06 09:55,2.4
10/26/06 10:00,2.3
10/26/06 10:05,2.1
10/26/06 10:10,1.9
10/26/06 10:15,1.8
10/26/06 10:20,1.5
10/26/06 10:25,1.5
10/26/06 10:30,1.6
10/26/06 10:35,1.4
10/26/06 10:40,0.7
10/26/06 10:45,0.5
10/26/06 10:50,0.5
10/26/06 10:55,0.7
10/26/06 11:00,0.9
10/26/06 11:05,1.2
10/26/06 11:10,1.7
10/26/06 11:15,2.3
10/26/06 11:20,2.6
10/26/06 11:25,2.6
10/26/06 11:30,2.9
10/26/06 11:35,3.1
10/26/06 11:40,3.6
10/26/06 11:45,3.5
10/26/06 11:50,2.2
10/26/06 11:55,2.1
10/26/06 12:00,2.6
10/26/06 12:05,3.4
10/26/06 12:10,3.8
10/26/06 12:15,4.1
10/26/06 12:20,4.4
10/26/06 12:25,4.8
10/26/06 12:30,5.0
10/26/06 12:35,5.0
10/26/06 12:40,5.1
10/26/06 12:45,5.0
10/26/06 12:50,4.9
10/26/06 12:55,4.9
10/26/06 13:00,4.7
10/26/06 13:05,4.5
10/26/06 13:10,4.4
10/26/06 13:15,4.3
10/26/06 13:20,4.2
10/26/06 13:25,4.1
10/26/06 13:30,3.7
10/26/06 13:35,2.9
10/26/06 13:40,1.8
10/26/06 13:45,1.2
10/26/06 13:50,0.9
10/26/06 13:55,0.7
10/26/06 14:00,0.5
10/26/06 14:05,0.4
10/26/06 14:10,0.2
10/26/06 14:15,0.2
10/26/06 14:20,0.3
10/26/06 14:25,0.6
10/26/06 14:30,1.2
10/26/06 14:35,3.1
10/26/06 14:40,3.7
10/26/06 14:45,3.7
10/26/06 14:50,2.6
10/26/06 14:55,0.9
10/26/06 15:00,0.5
10/26/06 15:05,0.3
10/26/06 15:10,0.1
10/26/06 15:15,0.1
10/26/06 15:20,0.1
10/26/06 15:25,0.1
10/26/06 15:30,0.1
10/26/06 15:35,0.1
10/26/06 15:40,0.0
10/26/06 15:45,0.0
10/26/06 15:50,0.0
10/26/06 15:55,0.0
10/26/06 16:00,0.0
10/26/06 16:05,0.0
10/26/06 16:10,0.0
10/26/06 16:15,0.0
10/26/06 16:20,0.0
10/26/06 16:25,0.0
10/26/06 16:30,0.0
10/26/06 16:35,0.0
10/26/06 16:40,0.0
10/26/06 16:45,0.0
10/26/06 16:50,0.0
10/26/06 16:55,0.0
10/26/06 17:00,0.0
10/26/06 17:05,0.0
10/26/06 17:10,0.0
10/26/06 17:15,0.0
10/26/06 17:20,0.0
10/26/06 17:25,0.0
10/26/06 17:30,0.0
10/26/06 17:35,0.0
10/26/06 17:40,0.0
10/26/06 17:45,0.0
10/26/06 17:50,0.0
10/26/06 17:55,0.0
10/26/06 18:00,0.0
10/26/06 18:05,0.0
10/26/06 18:10,0.0
10/26/06 18:15,0.0
10/26/06 18:20,0.0
10/26/06 18:25,0.0
10/26/06 18:30,0.0
10/26/06 18:35,0.0
10/26/06 18:40,0.0
10/26/06 18:45,0.0
10/26/06 18:50,0.0
10/26/06 18:55,0.0
10/26/06 19:00,0.0
10/26/06 19:05,0.0
10/26/06 19:10,0.0
10/26/06 19:15,0.0
10/26/06 19:20,0.0
10/26/06 19:25,0.0
10/26/06 19:30,0.0
10/26/06 19:35,0.0
10/26/06 19:40,0.0
10/26/06 19:45,0.0
10/26/06 19:50,0.0
10/26/06 19:55,0.0
10/26/06 20:00,0.0
10/26/06 20:05,0.0
10/26/06 20:10,0.0
10/26/06 20:15,0.0
10/26/06 20:20,0.0
10/26/06 20:25,0.0
10/26/06 20:30,0.0
10/26/06 20:35,0.0
10/26/06 20:40,0.0
10/26/06 20:45,0.0
10/26/06 20:50,0.0
10/26/06 20:55,0.0
10/26/06 21:00,0.0
10/26/06 21:05,0.0
10/26/06 21:10,0.0
10/26/06 21:15,0.0
10/26/06 21:20,0.0
10/26/06 21:25,0.0
10/26/06 21:30,0.0
10/26/06 21:35,0.0
10/26/06 21:40,0.0
10/26/06 21:45,0.0
10/26/06 21:50,0.0
10/26/06 21:55,0.0
10/26/06 22:00,0.0
10/26/06 22:05,0.0
10/26/06 22:10,0.0
10/26/06 22:15,0.0
10/26/06 22:20,0.0
10/26/06 22:25,0.0
10/26/06 22:30,0.0
10/26/06 22:35,0.0
10/26/06 22:40,0.0
10/26/06 22:45,0.0
10/26/06 22:50,0.0
10/26/06 22:55,0.0
10/26/06 23:00,0.0
10/26/06 23:05,0.0
10/26/06 23:10,0.0
10/26/06 23:15,0.0
10/26/06 23:20,0.0
10/26/06 23:25,0.0
10/26/06 23:30,0.0
10/26/06 23:35,0.0
10/26/06 23:40,0.0
10/26/06 23:45,0.0
10/26/06 23:50,0.0
10/26/06 23:55,0.0
10/27/06 00:00,0.0
10/27/06 00:05,0.0
10/27/06 00:10,0.0
10/27/06 00:15,0.0
10/27/06 00:20,0.0
10/27/06 00:25,0.0
10/27/06 00:30,0.0
10/27/06 00:35,0.0
10/27/06 00:40,0.0
10/27/06 00:45,0.0
10/27/06 00:50,0.0
10/27/06 00:55,0.0
10/27/06 01:00,0.0
10/27/06 01:05,0.0
10/27/06 01:10,0.0
10/27/06 01:15,0.0
10/27/06 01:20,0.0
10/27/06 01:25,0.0
10/27/06 01:30,0.0
10/27/06 01:35,0.0
10/27/06 01:40,0.0
10/27/06 01:45,0.0
10/27/06 01:50,0.0
10/27/06 01:55,0.0
10/27/06 02:00,0.0
10/27/06 02:05,0.0
10/27/06 02:10,0.0
10/27/06 02:15,0.0
10/27/06 02:20,0.0
10/27/06 02:25,0.0
10/27/06 02:30,0.0
10/27/06 02:35,0.0
10/27/06 02:40,0.0
10/27/06 02:45,0.0
10/27/06 02:50,0.0
10/27/06 02:55,0.0
10/27/06 03:00,0.0
10/27/06 03:05,0.0
10/27/06 03:10,0.0
10/27/06 03:15,0.0
10/27/06 03:20,0.0
10/27/06 03:25,0.0
10/27/06 03:30,0.0
10/27/06 03:35,0.0
10/27/06 03:40,0.0
10/27/06 03:45,0.0
10/27/06 03:50,0.0
10/27/06 03:55,0.0
10/27/06 04:00,0.0
10/27/06 04:05,0.0
10/27/06 04:10,0.0
10/27/06 04:15,0.0
10/27/06 04:20,0.0
10/27/06 04:25,0.0
10/27/06 04:30,0.0
10/27/06 04:35,0.0
10/27/06 04:40,0.0
10/27/06 04:45,0.0
10/27/06 04:50,0.0
10/27/06 04:55,0.0
10/27/06 05:00,0.0
10/27/06 05:05,0.0
10/27/06 05:10,0.0
10/27/06 05:15,0.0
10/27/06 05:20,0.0
10/27/06 05:25,0.0
10/27/06 05:30,0.0
10/27/06 05:35,0.0
10/27/06 05:40,0.0
10/27/06 05:45,0.0
10/27/06 05:50,0.0
10/27/06 05:55,0.0
10/27/06 06:00,0.0
10/27/06 06:05,0.0
10/27/06 06:10,0.0
10/27/06 06:15,0.0
10/27/06 06:20,0.0
10/27/06 06:25,0.0
10/27/06 06:30,0.0
10/27/06 06:35,0.0
10/27/06 06:40,0.0
10/27/06 06:45,0.0
10/27/06 06:50,0.0
10/27/06 06:55,0.0
10/27/06 07:00,0.0
10/27/06 07:05,0.0
10/27/06 07:10,0.0
10/27/06 07:15,0.0
10/27/06 07:20,0.0
10/27/06 07:25,0.0
10/27/06 07:30,0.0
10/27/06 07:35,0.1
10/27/06 07:40,0.1
10/27/06 07:45,0.1
10/27/06 07:50,0.2
10/27/06 07:55,0.2
10/27/06 08:00,0.2
10/27/06 08:05,0.2
10/27/06 08:10,0.2
10/27/06 08:15,0.4
10/27/06 08:20,0.5
10/27/06 08:25,0.8
10/27/06 08:30,1.5
10/27/06 08:35,2.0
10/27/06 08:40,2.9
10/27/06 08:45,3.2
10/27/06 08:50,3.8
10/27/06 08:55,3.9
10/27/06 09:00,4.0
10/27/06 09:05,4.6
10/27/06 09:10,4.7
10/27/06 09:15,4.3
10/27/06 09:20,3.9
10/27/06 09:25,3.5
10/27/06 09:30,3.5
10/27/06 09:35,3.6
10/27/06 09:40,3.6
10/27/06 09:45,3.7
10/27/06 09:50,3.8
10/27/06 09:55,3.9
10/27/06 10:00,4.2
10/27/06 10:05,4.4
10/27/06 10:10,4.6
10/27/06 10:15,4.3
10/27/06 10:20,3.9
10/27/06 10:25,3.7
10/27/06 10:30,3.6
10/27/06 10:35,3.9
10/27/06 10:40,4.1
10/27/06 10:45,4.0
10/27/06 10:50,3.6
10/27/06 10:55,3.4
10/27/06 11:00,3.3
10/27/06 11:05,3.3
10/27/06 11:10,3.3
10/27/06 11:15,3.4
10/27/06 11:20,3.6
10/27/06 11:25,3.6
10/27/06 11:30,3.7
10/27/06 11:35,3.8
10/27/06 11:40,3.9
10/27/06 11:45,4.0
10/27/06 11:50,4.1
10/27/06 11:55,4.1
10/27/06 12:00,4.3
10/27/06 12:05,4.4
10/27/06 12:10,4.4
10/27/06 12:15,4.5
10/27/06 12:20,4.6
10/27/06 12:25,4.7
10/27/06 12:30,4.6
10/27/06 12:35,4.6
10/27/06 12:40,4.6
10/27/06 12:45,4.8
10/27/06 12:50,4.9
10/27/06 12:55,5.0
10/27/06 13:00,5.2
10/27/06 13:05,5.3
10/27/06 13:10,5.3
10/27/06 13:15,5.5
10/27/06 13:20,5.4
10/27/06 13:25,5.4
10/27/06 13:30,4.9
10/27/06 13:35,4.3
10/27/06 13:40,3.9
10/27/06 13:45,3.9
10/27/06 13:50,3.7
10/27/06 13:55,3.1
10/27/06 14:00,4.3
10/27/06 14:05,5.5
10/27/06 14:10,4.8
10/27/06 14:15,5.3
10/27/06 14:20,6.1
10/27/06 14:25,6.2
10/27/06 14:30,6.1
10/27/06 14:35,5.6
10/27/06 14:40,5.2
10/27/06 14:45,4.6
10/27/06 14:50,4.0
10/27/06 14:55,3.5
10/27/06 15:00,1.7
10/27/06 15:05,0.7
10/27/06 15:10,0.3
10/27/06 15:15,0.4
10/27/06 15:20,2.8
10/27/06 15:25,4.5
10/27/06 15:30,5.3
10/27/06 15:35,5.5
10/27/06 15:40,4.0
10/27/06 15:45,0.8
10/27/06 15:50,0.3
10/27/06 15:55,0.2
10/27/06 16:00,0.3
10/27/06 16:05,0.1
10/27/06 16:10,0.0
10/27/06 16:15,0.0
10/27/06 16:20,0.1
10/27/06 16:25,0.1
10/27/06 16:30,0.0
10/27/06 16:35,0.0
10/27/06 16:40,0.0
10/27/06 16:45,0.0
10/27/06 16:50,0.0
10/27/06 16:55,0.0
10/27/06 17:00,0.0
10/27/06 17:05,0.0
10/27/06 17:10,0.0
10/27/06 17:15,0.0
10/27/06 17:20,0.0
10/27/06 17:25,0.0
10/27/06 17:30,0.0
10/27/06 17:35,0.0
10/27/06 17:40,0.0
10/27/06 17:45,0.0
10/27/06 17:50,0.0
10/27/06 17:55,0.0
10/27/06 18:00,0.0
10/27/06 18:05,0.0
10/27/06 18:10,0.0
10/27/06 18:15,0.0
10/27/06 18:20,0.0
10/27/06 18:25,0.0
10/27/06 18:30,0.0
10/27/06 18:35,0.0
10/27/06 18:40,0.0
10/27/06 18:45,0.0
10/27/06 18:50,0.0
10/27/06 18:55,0.0
10/27/06 19:00,0.0
10/27/06 19:05,0.0
10/27/06 19:10,0.0
10/27/06 19:15,0.0
10/27/06 19:20,0.0
10/27/06 19:25,0.0
10/27/06 19:30,0.0
10/27/06 19:35,0.0
10/27/06 19:40,0.0
10/27/06 19:45,0.0
10/27/06 19:50,0.0
10/27/06 19:55,0.0
10/27/06 20:00,0.0
10/27/06 20:05,0.0
10/27/06 20:10,0.0
10/27/06 20:15,0.0
10/27/06 20:20,0.0
10/27/06 20:25,0.0
10/27/06 20:30,0.0
10/27/06 20:35,0.0
10/27/06 20:40,0.0
10/27/06 20:45,0.0
10/27/06 20:50,0.0
10/27/06 20:55,0.0
10/27/06 21:00,0.0
10/27/06 21:05,0.0
10/27/06 21:10,0.0
10/27/06 21:15,0.0
10/27/06 21:20,0.0
10/27/06 21:25,0.0
10/27/06 21:30,0.0
10/27/06 21:35,0.0
10/27/06 21:40,0.0
10/27/06 21:45,0.0
10/27/06 21:50,0.0
10/27/06 21:55,0.0
10/27/06 22:00,0.0
10/27/06 22:05,0.0
10/27/06 22:10,0.0
10/27/06 22:15,0.0
10/27/06 22:20,0.0
10/27/06 22:25,0.0
10/27/06 22:30,0.0
10/27/06 22:35,0.0
10/27/06 22:40,0.0
10/27/06 22:45,0.0
10/27/06 22:50,0.0
10/27/06 22:55,0.0
10/27/06 23:00,0.0
10/27/06 23:05,0.0
10/27/06 23:10,0.0
10/27/06 23:15,0.0
10/27/06 23:20,0.0
10/27/06 23:25,0.0
10/27/06 23:30,0.0
10/27/06 23:35,0.0
10/27/06 23:40,0.0
10/27/06 23:45,0.0
10/27/06 23:50,0.0
10/27/06 23:55,0.0
10/28/06 00:00,0.0
10/28/06 00:05,0.0
10/28/06 00:10,0.0
10/28/06 00:15,0.0
10/28/06 00:20,0.0
10/28/06 00:25,0.0
10/28/06 00:30,0.0
10/28/06 00:35,0.0
10/28/06 00:40,0.0
10/28/06 00:45,0.0
10/28/06 00:50,0.0
10/28/06 00:55,0.0
10/28/06 01:00,0.0
10/28/06 01:05,0.0
10/28/06 01:10,0.0
10/28/06 01:15,0.0
10/28/06 01:20,0.0
10/28/06 01:25,0.0
10/28/06 01:30,0.0
10/28/06 01:35,0.0
10/28/06 01:40,0.0
10/28/06 01:45,0.0
10/28/06 01:50,0.0
10/28/06 01:55,0.0
10/28/06 02:00,0.0
10/28/06 02:05,0.0
10/28/06 02:10,0.0
10/28/06 02:15,0.0
10/28/06 02:20,0.0
10/28/06 02:25,0.0
10/28/06 02:30,0.0
10/28/06 02:35,0.0
10/28/06 02:40,0.0
10/28/06 02:45,0.0
10/28/06 02:50,0.0
10/28/06 02:55,0.0
10/28/06 03:00,0.0
10/28/06 03:05,0.0
10/28/06 03:10,0.0
10/28/06 03:15,0.0
10/28/06 03:20,0.0
10/28/06 03:25,0.0
10/28/06 03:30,0.0
10/28/06 03:35,0.0
10/28/06 03:40,0.0
10/28/06 03:45,0.0
10/28/06 03:50,0.0
10/28/06 03:55,0.0
10/28/06 04:00,0.0
10/28/06 04:05,0.0
10/28/06 04:10,0.0
10/28/06 04:15,0.0
10/28/06 04:20,0.0
10/28/06 04:25,0.0
10/28/06 04:30,0.0
10/28/06 04:35,0.0
10/28/06 04:40,0.0
10/28/06 04:45,0.0
10/28/06 04:50,0.0
10/28/06 04:55,0.0
10/28/06 05:00,0.0
10/28/06 05:05,0.0
10/28/06 05:10,0.0
10/28/06 05:15,0.0
10/28/06 05:20,0.0
10/28/06 05:25,0.0
10/28/06 05:30,0.0
10/28/06 05:35,0.0
10/28/06 05:40,0.0
10/28/06 05:45,0.0
10/28/06 05:50,0.0
10/28/06 05:55,0.0
10/28/06 06:00,0.0
10/28/06 06:05,0.0
10/28/06 06:10,0.0
10/28/06 06:15,0.0
10/28/06 06:20,0.0
10/28/06 06:25,0.0
10/28/06 06:30,0.0
10/28/06 06:35,0.0
10/28/06 06:40,0.0
10/28/06 06:45,0.0
10/28/06 06:50,0.0
10/28/06 06:55,0.0
10/28/06 07:00,0.0
10/28/06 07:05,0.0
10/28/06 07:10,0.0
10/28/06 07:15,0.1
10/28/06 07:20,0.7
10/28/06 07:25,2.7
10/28/06 07:30,4.4
10/28/06 07:35,6.2
10/28/06 07:40,6.5
10/28/06 07:45,6.5
10/28/06 07:50,7.1
10/28/06 07:55,6.7
10/28/06 08:00,5.9
10/28/06 08:05,5.2
10/28/06 08:10,4.8
10/28/06 08:15,6.8
10/28/06 08:20,9.4
10/28/06 08:25,11.0
10/28/06 08:30,12.5
10/28/06 08:35,13.6
10/28/06 08:40,14.5
10/28/06 08:45,15.1
10/28/06 08:50,15.7
10/28/06 08:55,16.2
10/28/06 09:00,16.6
10/28/06 09:05,17.0
10/28/06 09:10,17.3
10/28/06 09:15,17.7
10/28/06 09:20,18.0
10/28/06 09:25,18.3
10/28/06 09:30,18.4
10/28/06 09:35,18.6
10/28/06 09:40,18.9
10/28/06 09:45,19.4
10/28/06 09:50,20.1
10/28/06 09:55,20.7
10/28/06 10:00,21.2
10/28/06 10:05,21.7
10/28/06 10:10,22.4
10/28/06 10:15,23.0
10/28/06 10:20,23.7
10/28/06 10:25,24.4
10/28/06 10:30,24.9
10/28/06 10:35,25.3
10/28/06 10:40,25.5
10/28/06 10:45,25.6
10/28/06 10:50,25.7
10/28/06 10:55,25.8
10/28/06 11:00,25.7
10/28/06 11:05,25.8
10/28/06 11:10,26.0
10/28/06 11:15,26.0
10/28/06 11:20,25.8
10/28/06 11:25,25.8
10/28/06 11:30,25.7
10/28/06 11:35,25.5
10/28/06 11:40,25.2
10/28/06 11:45,25.1
10/28/06 11:50,25.0
10/28/06 11:55,25.0
10/28/06 12:00,25.1
10/28/06 12:05,25.1
10/28/06 12:10,25.1
10/28/06 12:15,25.0
10/28/06 12:20,25.0
10/28/06 12:25,25.1
10/28/06 12:30,25.2
10/28/06 12:35,25.2
10/28/06 12:40,25.2
10/28/06 12:45,25.3
10/28/06 12:50,25.3
10/28/06 12:55,25.3
10/28/06 13:00,25.1
10/28/06 13:05,24.8
10/28/06 13:10,24.4
10/28/06 13:15,23.8
10/28/06 13:20,23.1
10/28/06 13:25,22.4
10/28/06 13:30,21.8
10/28/06 13:35,21.3
10/28/06 13:40,20.9
10/28/06 13:45,20.6
10/28/06 13:50,20.3
10/28/06 13:55,20.2
10/28/06 14:00,20.0
10/28/06 14:05,19.8
10/28/06 14:10,19.5
10/28/06 14:15,19.0
10/28/06 14:20,18.3
10/28/06 14:25,17.7
10/28/06 14:30,17.3
10/28/06 14:35,16.8
10/28/06 14:40,16.4
10/28/06 14:45,15.8
10/28/06 14:50,15.2
10/28/06 14:55,14.5
10/28/06 15:00,13.9
10/28/06 15:05,13.3
10/28/06 15:10,12.5
10/28/06 15:15,11.8
10/28/06 15:20,11.0
10/28/06 15:25,10.3
10/28/06 15:30,9.6
10/28/06 15:35,8.9
10/28/06 15:40,8.1
10/28/06 15:45,7.4
10/28/06 15:50,6.6
10/28/06 15:55,5.9
10/28/06 16:00,5.2
10/28/06 16:05,4.6
10/28/06 16:10,4.1
10/28/06 16:15,3.5
10/28/06 16:20,1.9
10/28/06 16:25,0.8
10/28/06 16:30,0.3
10/28/06 16:35,0.1
10/28/06 16:40,0.0
10/28/06 16:45,0.0
10/28/06 16:50,0.0
10/28/06 16:55,0.0
10/28/06 17:00,0.0
10/28/06 17:05,0.0
10/28/06 17:10,0.0
10/28/06 17:15,0.0
10/28/06 17:20,0.0
10/28/06 17:25,0.0
10/28/06 17:30,0.0
10/28/06 17:35,0.0
10/28/06 17:40,0.0
10/28/06 17:45,0.0
10/28/06 17:50,0.0
10/28/06 17:55,0.0
10/28/06 18:00,0.0
10/28/06 18:05,0.0
10/28/06 18:10,0.0
10/28/06 18:15,0.0
10/28/06 18:20,0.0
10/28/06 18:25,0.0
10/28/06 18:30,0.0
10/28/06 18:35,0.0
10/28/06 18:40,0.0
10/28/06 18:45,0.0
10/28/06 18:50,0.0
10/28/06 18:55,0.0
10/28/06 19:00,0.0
10/28/06 19:05,0.0
10/28/06 19:10,0.0
10/28/06 19:15,0.0
10/28/06 19:20,0.0
10/28/06 19:25,0.0
10/28/06 19:30,0.0
10/28/06 19:35,0.0
10/28/06 19:40,0.0
10/28/06 19:45,0.0
10/28/06 19:50,0.0
10/28/06 19:55,0.0
10/28/06 20:00,0.0
10/28/06 20:05,0.0
10/28/06 20:10,0.0
10/28/06 20:15,0.0
10/28/06 20:20,0.0
10/28/06 20:25,0.0
10/28/06 20:30,0.0
10/28/06 20:35,0.0
10/28/06 20:40,0.0
10/28/06 20:45,0.0
10/28/06 20:50,0.0
10/28/06 20:55,0.0
10/28/06 21:00,0.0
10/28/06 21:05,0.0
10/28/06 21:10,0.0
10/28/06 21:15,0.0
10/28/06 21:20,0.0
10/28/06 21:25,0.0
10/28/06 21:30,0.0
10/28/06 21:35,0.0
10/28/06 21:40,0.0
10/28/06 21:45,0.0
10/28/06 21:50,0.0
10/28/06 21:55,0.0
10/28/06 22:00,0.0
10/28/06 22:05,0.0
10/28/06 22:10,0.0
10/28/06 22:15,0.0
10/28/06 22:20,0.0
10/28/06 22:25,0.0
10/28/06 22:30,0.0
10/28/06 22:35,0.0
10/28/06 22:40,0.0
10/28/06 22:45,0.0
10/28/06 22:50,0.0
10/28/06 22:55,0.0
10/28/06 23:00,0.0
10/28/06 23:05,0.0
10/28/06 23:10,0.0
10/28/06 23:15,0.0
10/28/06 23:20,0.0
10/28/06 23:25,0.0
10/28/06 23:30,0.0
10/28/06 23:35,0.0
10/28/06 23:40,0.0
10/28/06 23:45,0.0
10/28/06 23:50,0.0
10/28/06 23:55,0.0
10/29/06 00:00,0.0
10/29/06 00:05,0.0
10/29/06 00:10,0.0
10/29/06 00:15,0.0
10/29/06 00:20,0.0
10/29/06 00:25,0.0
10/29/06 00:30,0.0
10/29/06 00:35,0.0
10/29/06 00:40,0.0
10/29/06 00:45,0.0
10/29/06 00:50,0.0
10/29/06 00:55,0.0
10/29/06 01:00,0.0
10/29/06 01:05,0.0
10/29/06 01:10,0.0
10/29/06 01:15,0.0
10/29/06 01:20,0.0
10/29/06 01:25,0.0
10/29/06 01:30,0.0
10/29/06 01:35,0.0
10/29/06 01:40,0.0
10/29/06 01:45,0.0
10/29/06 01:50,0.0
10/29/06 01:55,0.0
10/29/06 02:00,0.0
10/29/06 02:05,0.0
10/29/06 02:10,0.0
10/29/06 02:15,0.0
10/29/06 02:20,0.0
10/29/06 02:25,0.0
10/29/06 02:30,0.0
10/29/06 02:35,0.0
10/29/06 02:40,0.0
10/29/06 02:45,0.0
10/29/06 02:50,0.0
10/29/06 02:55,0.0
10/29/06 03:00,0.0
10/29/06 03:05,0.0
10/29/06 03:10,0.0
10/29/06 03:15,0.0
10/29/06 03:20,0.0
10/29/06 03:25,0.0
10/29/06 03:30,0.0
10/29/06 03:35,0.0
10/29/06 03:40,0.0
10/29/06 03:45,0.0
10/29/06 03:50,0.0
10/29/06 03:55,0.0
10/29/06 04:00,0.0
10/29/06 04:05,0.0
10/29/06 04:10,0.0
10/29/06 04:15,0.0
10/29/06 04:20,0.0
10/29/06 04:25,0.0
10/29/06 04:30,0.0
10/29/06 04:35,0.0
10/29/06 04:40,0.0
10/29/06 04:45,0.0
10/29/06 04:50,0.0
10/29/06 04:55,0.0
10/29/06 05:00,0.0
10/29/06 05:05,0.0
10/29/06 05:10,0.0
10/29/06 05:15,0.0
10/29/06 05:20,0.0
10/29/06 05:25,0.0
10/29/06 05:30,0.0
10/29/06 05:35,0.0
10/29/06 05:40,0.0
10/29/06 05:45,0.0
10/29/06 05:50,0.0
10/29/06 05:55,0.0
10/29/06 06:00,0.0
10/29/06 06:05,0.0
10/29/06 06:10,0.0
10/29/06 06:15,0.0
10/29/06 06:20,0.0
10/29/06 06:25,0.0
10/29/06 06:30,0.0
10/29/06 06:35,0.1
10/29/06 06:40,0.4
10/29/06 06:45,1.0
10/29/06 06:50,2.2
10/29/06 06:55,3.7
10/29/06 07:00,4.3
10/29/06 07:05,4.9
10/29/06 07:10,5.5
10/29/06 07:15,6.1
10/29/06 07:20,6.8
10/29/06 07:25,7.6
10/29/06 07:30,8.3
10/29/06 07:35,9.0
10/29/06 07:40,9.8
10/29/06 07:45,10.8
10/29/06 07:50,11.5
10/29/06 07:55,12.1
10/29/06 08:00,12.5
10/29/06 08:05,12.9
10/29/06 08:10,13.4
10/29/06 08:15,14.0
10/29/06 08:20,14.6
10/29/06 08:25,15.1
10/29/06 08:30,15.7
10/29/06 08:35,16.2
10/29/06 08:40,16.7
10/29/06 08:45,17.2
10/29/06 08:50,17.7
10/29/06 08:55,18.3
10/29/06 09:00,18.6
10/29/06 09:05,19.0
10/29/06 09:10,19.3
10/29/06 09:15,19.5
10/29/06 09:20,19.8
10/29/06 09:25,20.1
10/29/06 09:30,20.4
10/29/06 09:35,20.8
10/29/06 09:40,21.1
10/29/06 09:45,21.5
10/29/06 09:50,21.9
10/29/06 09:55,22.2
10/29/06 10:00,22.4
10/29/06 10:05,22.7
10/29/06 10:10,23.0
10/29/06 10:15,23.0
10/29/06 10:20,22.8
10/29/06 10:25,22.9
10/29/06 10:30,23.2
10/29/06 10:35,23.4
10/29/06 10:40,23.5
10/29/06 10:45,23.6
10/29/06 10:50,23.7
10/29/06 10:55,23.7
10/29/06 11:00,23.8
10/29/06 11:05,23.8
10/29/06 11:10,23.8
10/29/06 11:15,23.8
10/29/06 11:20,23.9
10/29/06 11:25,23.7
10/29/06 11:30,23.6
10/29/06 11:35,23.6
10/29/06 11:40,23.6
10/29/06 11:45,23.4
10/29/06 11:50,23.3
10/29/06 11:55,23.2
10/29/06 12:00,23.1
10/29/06 12:05,22.9
10/29/06 12:10,22.8
10/29/06 12:15,23.0
10/29/06 12:20,23.3
10/29/06 12:25,23.4
10/29/06 12:30,23.5
10/29/06 12:35,23.6
10/29/06 12:40,23.5
10/29/06 12:45,23.4
10/29/06 12:50,23.4
10/29/06 12:55,23.4
10/29/06 13:00,23.3
10/29/06 13:05,23.0
10/29/06 13:10,22.6
10/29/06 13:15,22.2
10/29/06 13:20,21.7
10/29/06 13:25,21.3
10/29/06 13:30,21.0
10/29/06 13:35,20.7
10/29/06 13:40,20.3
10/29/06 13:45,20.0
10/29/06 13:50,19.6
10/29/06 13:55,19.2
10/29/06 14:00,18.8
10/29/06 14:05,18.6
10/29/06 14:10,18.4
10/29/06 14:15,18.0
10/29/06 14:20,17.4
10/29/06 14:25,16.8
10/29/06 14:30,16.3
10/29/06 14:35,15.8
10/29/06 14:40,15.4
10/29/06 14:45,14.9
10/29/06 14:50,14.4
10/29/06 14:55,14.0
10/29/06 15:00,13.4
10/29/06 15:05,12.8
10/29/06 15:10,12.1
10/29/06 15:15,11.5
10/29/06 15:20,10.8
10/29/06 15:25,10.0
10/29/06 15:30,9.2
10/29/06 15:35,8.4
10/29/06 15:40,7.8
10/29/06 15:45,7.1
10/29/06 15:50,6.3
10/29/06 15:55,5.6
10/29/06 16:00,5.0
10/29/06 16:05,4.6
10/29/06 16:10,4.1
10/29/06 16:15,3.6
10/29/06 16:20,2.0
10/29/06 16:25,0.8
10/29/06 16:30,0.3
10/29/06 16:35,0.1
10/29/06 16:40,0.0
10/29/06 16:45,0.0
10/29/06 16:50,0.0
10/29/06 16:55,0.0
10/29/06 17:00,0.0
10/29/06 17:05,0.0
10/29/06 17:10,0.0
10/29/06 17:15,0.0
10/29/06 17:20,0.0
10/29/06 17:25,0.0
10/29/06 17:30,0.0
10/29/06 17:35,0.0
10/29/06 17:40,0.0
10/29/06 17:45,0.0
10/29/06 17:50,0.0
10/29/06 17:55,0.0
10/29/06 18:00,0.0
10/29/06 18:05,0.0
10/29/06 18:10,0.0
10/29/06 18:15,0.0
10/29/06 18:20,0.0
10/29/06 18:25,0.0
10/29/06 18:30,0.0
10/29/06 18:35,0.0
10/29/06 18:40,0.0
10/29/06 18:45,0.0
10/29/06 18:50,0.0
10/29/06 18:55,0.0
10/29/06 19:00,0.0
10/29/06 19:05,0.0
10/29/06 19:10,0.0
10/29/06 19:15,0.0
10/29/06 19:20,0.0
10/29/06 19:25,0.0
10/29/06 19:30,0.0
10/29/06 19:35,0.0
10/29/06 19:40,0.0
10/29/06 19:45,0.0
10/29/06 19:50,0.0
10/29/06 19:55,0.0
10/29/06 20:00,0.0
10/29/06 20:05,0.0
10/29/06 20:10,0.0
10/29/06 20:15,0.0
10/29/06 20:20,0.0
10/29/06 20:25,0.0
10/29/06 20:30,0.0
10/29/06 20:35,0.0
10/29/06 20:40,0.0
10/29/06 20:45,0.0
10/29/06 20:50,0.0
10/29/06 20:55,0.0
10/29/06 21:00,0.0
10/29/06 21:05,0.0
10/29/06 21:10,0.0
10/29/06 21:15,0.0
10/29/06 21:20,0.0
10/29/06 21:25,0.0
10/29/06 21:30,0.0
10/29/06 21:35,0.0
10/29/06 21:40,0.0
10/29/06 21:45,0.0
10/29/06 21:50,0.0
10/29/06 21:55,0.0
10/29/06 22:00,0.0
10/29/06 22:05,0.0
10/29/06 22:10,0.0
10/29/06 22:15,0.0
10/29/06 22:20,0.0
10/29/06 22:25,0.0
10/29/06 22:30,0.0
10/29/06 22:35,0.0
10/29/06 22:40,0.0
10/29/06 22:45,0.0
10/29/06 22:50,0.0
10/29/06 22:55,0.0
10/29/06 23:00,0.0
10/29/06 23:05,0.0
10/29/06 23:10,0.0
10/29/06 23:15,0.0
10/29/06 23:20,0.0
10/29/06 23:25,0.0
10/29/06 23:30,0.0
10/29/06 23:35,0.0
10/29/06 23:40,0.0
10/29/06 23:45,0.0
10/29/06 23:50,0.0
10/29/06 23:55,0.0
10/30/06 00:00,0.0
10/30/06 00:05,0.0
10/30/06 00:10,0.0
10/30/06 00:15,0.0
10/30/06 00:20,0.0
10/30/06 00:25,0.0
10/30/06 00:30,0.0
10/30/06 00:35,0.0
10/30/06 00:40,0.0
10/30/06 00:45,0.0
10/30/06 00:50,0.0
10/30/06 00:55,0.0
10/30/06 01:00,0.0
10/30/06 01:05,0.0
10/30/06 01:10,0.0
10/30/06 01:15,0.0
10/30/06 01:20,0.0
10/30/06 01:25,0.0
10/30/06 01:30,0.0
10/30/06 01:35,0.0
10/30/06 01:40,0.0
10/30/06 01:45,0.0
10/30/06 01:50,0.0
10/30/06 01:55,0.0
10/30/06 02:00,0.0
10/30/06 02:05,0.0
10/30/06 02:10,0.0
10/30/06 02:15,0.0
10/30/06 02:20,0.0
10/30/06 02:25,0.0
10/30/06 02:30,0.0
10/30/06 02:35,0.0
10/30/06 02:40,0.0
10/30/06 02:45,0.0
10/30/06 02:50,0.0
10/30/06 02:55,0.0
10/30/06 03:00,0.0
10/30/06 03:05,0.0
10/30/06 03:10,0.0
10/30/06 03:15,0.0
10/30/06 03:20,0.0
10/30/06 03:25,0.0
10/30/06 03:30,0.0
10/30/06 03:35,0.0
10/30/06 03:40,0.0
10/30/06 03:45,0.0
10/30/06 03:50,0.0
10/30/06 03:55,0.0
10/30/06 04:00,0.0
10/30/06 04:05,0.0
10/30/06 04:10,0.0
10/30/06 04:15,0.0
10/30/06 04:20,0.0
10/30/06 04:25,0.0
10/30/06 04:30,0.0
10/30/06 04:35,0.0
10/30/06 04:40,0.0
10/30/06 04:45,0.0
10/30/06 04:50,0.0
10/30/06 04:55,0.0
10/30/06 05:00,0.0
10/30/06 05:05,0.0
10/30/06 05:10,0.0
10/30/06 05:15,0.0
10/30/06 05:20,0.0
10/30/06 05:25,0.0
10/30/06 05:30,0.0
10/30/06 05:35,0.0
10/30/06 05:40,0.0
10/30/06 05:45,0.0
10/30/06 05:50,0.0
10/30/06 05:55,0.0
10/30/06 06:00,0.0
10/30/06 06:05,0.0
10/30/06 06:10,0.0
10/30/06 06:15,0.0
10/30/06 06:20,0.0
10/30/06 06:25,0.0
10/30/06 06:30,0.0
10/30/06 06:35,0.0
10/30/06 06:40,0.2
10/30/06 06:45,0.8
10/30/06 06:50,1.0
10/30/06 06:55,0.9
10/30/06 07:00,1.9
10/30/06 07:05,3.1
10/30/06 07:10,3.8
10/30/06 07:15,4.1
10/30/06 07:20,4.4
10/30/06 07:25,4.8
10/30/06 07:30,5.3
10/30/06 07:35,5.9
10/30/06 07:40,6.6
10/30/06 07:45,7.2
10/30/06 07:50,8.0
10/30/06 07:55,8.9
10/30/06 08:00,9.9
10/30/06 08:05,10.8
10/30/06 08:10,11.8
10/30/06 08:15,12.7
10/30/06 08:20,13.3
10/30/06 08:25,13.5
10/30/06 08:30,13.7
10/30/06 08:35,14.8
10/30/06 08:40,15.8
10/30/06 08:45,16.7
10/30/06 08:50,17.5
10/30/06 08:55,18.5
10/30/06 09:00,19.0
10/30/06 09:05,19.1
10/30/06 09:10,18.8
10/30/06 09:15,19.0
10/30/06 09:20,19.4
10/30/06 09:25,19.8
10/30/06 09:30,20.7
10/30/06 09:35,20.7
10/30/06 09:40,20.6
10/30/06 09:45,20.9
10/30/06 09:50,21.7
10/30/06 09:55,22.3
10/30/06 10:00,22.4
10/30/06 10:05,22.2
10/30/06 10:10,21.0
10/30/06 10:15,21.2
10/30/06 10:20,22.1
10/30/06 10:25,22.7
10/30/06 10:30,23.2
10/30/06 10:35,23.4
10/30/06 10:40,23.5
10/30/06 10:45,23.4
10/30/06 10:50,23.4
10/30/06 10:55,23.6
10/30/06 11:00,23.7
10/30/06 11:05,24.0
10/30/06 11:10,24.1
10/30/06 11:15,24.3
10/30/06 11:20,24.4
10/30/06 11:25,24.6
10/30/06 11:30,24.6
10/30/06 11:35,24.6
10/30/06 11:40,24.6
10/30/06 11:45,24.7
10/30/06 11:50,24.6
10/30/06 11:55,24.4
10/30/06 12:00,24.2
10/30/06 12:05,24.1
10/30/06 12:10,24.1
10/30/06 12:15,24.1
10/30/06 12:20,24.4
10/30/06 12:25,24.8
10/30/06 12:30,24.9
10/30/06 12:35,24.5
10/30/06 12:40,23.6
10/30/06 12:45,21.8
10/30/06 12:50,19.6
10/30/06 12:55,18.2
10/30/06 13:00,17.5
10/30/06 13:05,16.9
10/30/06 13:10,16.3
10/30/06 13:15,17.1
10/30/06 13:20,19.0
10/30/06 13:25,20.0
10/30/06 13:30,19.8
10/30/06 13:35,19.1
10/30/06 13:40,17.8
10/30/06 13:45,14.7
10/30/06 13:50,14.1
10/30/06 13:55,15.4
10/30/06 14:00,15.3
10/30/06 14:05,14.8
10/30/06 14:10,14.9
10/30/06 14:15,15.5
10/30/06 14:20,15.8
10/30/06 14:25,15.8
10/30/06 14:30,15.6
10/30/06 14:35,15.2
10/30/06 14:40,15.0
10/30/06 14:45,14.6
10/30/06 14:50,13.9
10/30/06 14:55,13.3
10/30/06 15:00,12.6
10/30/06 15:05,11.9
10/30/06 15:10,11.5
10/30/06 15:15,10.9
10/30/06 15:20,10.2
10/30/06 15:25,9.6
10/30/06 15:30,8.9
10/30/06 15:35,8.3
10/30/06 15:40,7.7
10/30/06 15:45,7.0
10/30/06 15:50,6.4
10/30/06 15:55,5.8
10/30/06 16:00,5.3
10/30/06 16:05,4.7
10/30/06 16:10,4.2
10/30/06 16:15,3.6
10/30/06 16:20,1.8
10/30/06 16:25,0.7
10/30/06 16:30,0.2
10/30/06 16:35,0.0
10/30/06 16:40,0.0
10/30/06 16:45,0.0
10/30/06 16:50,0.0
10/30/06 16:55,0.0
10/30/06 17:00,0.0
10/30/06 17:05,0.0
10/30/06 17:10,0.0
10/30/06 17:15,0.0
10/30/06 17:20,0.0
10/30/06 17:25,0.0
10/30/06 17:30,0.0
10/30/06 17:35,0.0
10/30/06 17:40,0.0
10/30/06 17:45,0.0
10/30/06 17:50,0.0
10/30/06 17:55,0.0
10/30/06 18:00,0.0
10/30/06 18:05,0.0
10/30/06 18:10,0.0
10/30/06 18:15,0.0
10/30/06 18:20,0.0
10/30/06 18:25,0.0
10/30/06 18:30,0.0
10/30/06 18:35,0.0
10/30/06 18:40,0.0
10/30/06 18:45,0.0
10/30/06 18:50,0.0
10/30/06 18:55,0.0
10/30/06 19:00,0.0
10/30/06 19:05,0.0
10/30/06 19:10,0.0
10/30/06 19:15,0.0
10/30/06 19:20,0.0
10/30/06 19:25,0.0
10/30/06 19:30,0.0
10/30/06 19:35,0.0
10/30/06 19:40,0.0
10/30/06 19:45,0.0
10/30/06 19:50,0.0
10/30/06 19:55,0.0
10/30/06 20:00,0.0
10/30/06 20:05,0.0
10/30/06 20:10,0.0
10/30/06 20:15,0.0
10/30/06 20:20,0.0
10/30/06 20:25,0.0
10/30/06 20:30,0.0
10/30/06 20:35,0.0
10/30/06 20:40,0.0
10/30/06 20:45,0.0
10/30/06 20:50,0.0
10/30/06 20:55,0.0
10/30/06 21:00,0.0
10/30/06 21:05,0.0
10/30/06 21:10,0.0
10/30/06 21:15,0.0
10/30/06 21:20,0.0
10/30/06 21:25,0.0
10/30/06 21:30,0.0
10/30/06 21:35,0.0
10/30/06 21:40,0.0
10/30/06 21:45,0.0
10/30/06 21:50,0.0
10/30/06 21:55,0.0
10/30/06 22:00,0.0
10/30/06 22:05,0.0
10/30/06 22:10,0.0
10/30/06 22:15,0.0
10/30/06 22:20,0.0
10/30/06 22:25,0.0
10/30/06 22:30,0.0
10/30/06 22:35,0.0
10/30/06 22:40,0.0
10/30/06 22:45,0.0
10/30/06 22:50,0.0
10/30/06 22:55,0.0
10/30/06 23:00,0.0
10/30/06 23:05,0.0
10/30/06 23:10,0.0
10/30/06 23:15,0.0
10/30/06 23:20,0.0
10/30/06 23:25,0.0
10/30/06 23:30,0.0
10/30/06 23:35,0.0
10/30/06 23:40,0.0
10/30/06 23:45,0.0
10/30/06 23:50,0.0
10/30/06 23:55,0.0
10/31/06 00:00,0.0
10/31/06 00:05,0.0
10/31/06 00:10,0.0
10/31/06 00:15,0.0
10/31/06 00:20,0.0
10/31/06 00:25,0.0
10/31/06 00:30,0.0
10/31/06 00:35,0.0
10/31/06 00:40,0.0
10/31/06 00:45,0.0
10/31/06 00:50,0.0
10/31/06 00:55,0.0
10/31/06 01:00,0.0
10/31/06 01:05,0.0
10/31/06 01:10,0.0
10/31/06 01:15,0.0
10/31/06 01:20,0.0
10/31/06 01:25,0.0
10/31/06 01:30,0.0
10/31/06 01:35,0.0
10/31/06 01:40,0.0
10/31/06 01:45,0.0
10/31/06 01:50,0.0
10/31/06 01:55,0.0
10/31/06 02:00,0.0
10/31/06 02:05,0.0
10/31/06 02:10,0.0
10/31/06 02:15,0.0
10/31/06 02:20,0.0
10/31/06 02:25,0.0
10/31/06 02:30,0.0
10/31/06 02:35,0.0
10/31/06 02:40,0.0
10/31/06 02:45,0.0
10/31/06 02:50,0.0
10/31/06 02:55,0.0
10/31/06 03:00,0.0
10/31/06 03:05,0.0
10/31/06 03:10,0.0
10/31/06 03:15,0.0
10/31/06 03:20,0.0
10/31/06 03:25,0.0
10/31/06 03:30,0.0
10/31/06 03:35,0.0
10/31/06 03:40,0.0
10/31/06 03:45,0.0
10/31/06 03:50,0.0
10/31/06 03:55,0.0
10/31/06 04:00,0.0
10/31/06 04:05,0.0
10/31/06 04:10,0.0
10/31/06 04:15,0.0
10/31/06 04:20,0.0
10/31/06 04:25,0.0
10/31/06 04:30,0.0
10/31/06 04:35,0.0
10/31/06 04:40,0.0
10/31/06 04:45,0.0
10/31/06 04:50,0.0
10/31/06 04:55,0.0
10/31/06 05:00,0.0
10/31/06 05:05,0.0
10/31/06 05:10,0.0
10/31/06 05:15,0.0
10/31/06 05:20,0.0
10/31/06 05:25,0.0
10/31/06 05:30,0.0
10/31/06 05:35,0.0
10/31/06 05:40,0.0
10/31/06 05:45,0.0
10/31/06 05:50,0.0
10/31/06 05:55,0.0
10/31/06 06:00,0.0
10/31/06 06:05,0.0
10/31/06 06:10,0.0
10/31/06 06:15,0.0
10/31/06 06:20,0.0
10/31/06 06:25,0.0
10/31/06 06:30,0.0
10/31/06 06:35,0.0
10/31/06 06:40,0.0
10/31/06 06:45,0.0
10/31/06 06:50,0.0
10/31/06 06:55,0.0
10/31/06 07:00,0.0
10/31/06 07:05,0.0
10/31/06 07:10,0.0
10/31/06 07:15,0.0
10/31/06 07:20,0.0
10/31/06 07:25,0.0
10/31/06 07:30,0.0
10/31/06 07:35,0.0
10/31/06 07:40,0.0
10/31/06 07:45,0.0
10/31/06 07:50,0.0
10/31/06 07:55,0.0
10/31/06 08:00,0.0
10/31/06 08:05,0.0
10/31/06 08:10,0.0
10/31/06 08:15,0.0
10/31/06 08:20,0.0
10/31/06 08:25,0.0
10/31/06 08:30,0.0
10/31/06 08:35,0.1
10/31/06 08:40,0.3
10/31/06 08:45,1.2
10/31/06 08:50,4.3
10/31/06 08:55,6.6
10/31/06 09:00,9.0
10/31/06 09:05,11.0
10/31/06 09:10,12.9
10/31/06 09:15,14.5
10/31/06 09:20,14.8
10/31/06 09:25,14.4
10/31/06 09:30,15.5
10/31/06 09:35,14.3
10/31/06 09:40,13.5
10/31/06 09:45,11.1
10/31/06 09:50,10.6
10/31/06 09:55,12.4
10/31/06 10:00,14.9
10/31/06 10:05,16.6
10/31/06 10:10,14.8
10/31/06 10:15,13.6
10/31/06 10:20,12.5
10/31/06 10:25,11.6
10/31/06 10:30,11.0
10/31/06 10:35,10.8
10/31/06 10:40,10.3
10/31/06 10:45,10.4
10/31/06 10:50,11.6
10/31/06 10:55,13.1
10/31/06 11:00,14.9
10/31/06 11:05,16.5
10/31/06 11:10,17.6
10/31/06 11:15,19.3
10/31/06 11:20,21.0
10/31/06 11:25,22.0
10/31/06 11:30,22.5
10/31/06 11:35,22.7
10/31/06 11:40,22.7
10/31/06 11:45,22.6
10/31/06 11:50,22.5
10/31/06 11:55,22.3
10/31/06 12:00,22.1
10/31/06 12:05,21.8
10/31/06 12:10,21.6
10/31/06 12:15,21.4
10/31/06 12:20,20.3
10/31/06 12:25,18.6
10/31/06 12:30,17.0
10/31/06 12:35,15.8
10/31/06 12:40,15.1
10/31/06 12:45,14.7
10/31/06 12:50,14.7
10/31/06 12:55,15.1
10/31/06 13:00,15.9
10/31/06 13:05,16.4
10/31/06 13:10,16.4
10/31/06 13:15,16.7
10/31/06 13:20,17.5
10/31/06 13:25,17.2
10/31/06 13:30,17.5
10/31/06 13:35,17.9
10/31/06 13:40,18.1
10/31/06 13:45,17.6
10/31/06 13:50,15.3
10/31/06 13:55,12.6
10/31/06 14:00,12.7
10/31/06 14:05,14.4
10/31/06 14:10,15.9
10/31/06 14:15,12.9
10/31/06 14:20,12.7
10/31/06 14:25,13.0
10/31/06 14:30,13.1
10/31/06 14:35,12.8
10/31/06 14:40,13.1
10/31/06 14:45,11.8
10/31/06 14:50,11.4
10/31/06 14:55,11.5
10/31/06 15:00,11.4
10/31/06 15:05,10.7
10/31/06 15:10,10.0
10/31/06 15:15,9.4
10/31/06 15:20,9.0
10/31/06 15:25,8.7
10/31/06 15:30,8.2
10/31/06 15:35,7.7
10/31/06 15:40,7.1
10/31/06 15:45,6.6
10/31/06 15:50,6.0
10/31/06 15:55,5.5
10/31/06 16:00,5.0
10/31/06 16:05,4.6
10/31/06 16:10,4.1
10/31/06 16:15,3.5
10/31/06 16:20,1.7
10/31/06 16:25,0.7
10/31/06 16:30,0.3
10/31/06 16:35,0.1
10/31/06 16:40,0.0
10/31/06 16:45,0.0
10/31/06 16:50,0.0
10/31/06 16:55,0.0
10/31/06 17:00,0.0
10/31/06 17:05,0.0
10/31/06 17:10,0.0
10/31/06 17:15,0.0
10/31/06 17:20,0.0
10/31/06 17:25,0.0
10/31/06 17:30,0.0
10/31/06 17:35,0.0
10/31/06 17:40,0.0
10/31/06 17:45,0.0
10/31/06 17:50,0.0
10/31/06 17:55,0.0
10/31/06 18:00,0.0
10/31/06 18:05,0.0
10/31/06 18:10,0.0
10/31/06 18:15,0.0
10/31/06 18:20,0.0
10/31/06 18:25,0.0
10/31/06 18:30,0.0
10/31/06 18:35,0.0
10/31/06 18:40,0.0
10/31/06 18:45,0.0
10/31/06 18:50,0.0
10/31/06 18:55,0.0
10/31/06 19:00,0.0
10/31/06 19:05,0.0
10/31/06 19:10,0.0
10/31/06 19:15,0.0
10/31/06 19:20,0.0
10/31/06 19:25,0.0
10/31/06 19:30,0.0
10/31/06 19:35,0.0
10/31/06 19:40,0.0
10/31/06 19:45,0.0
10/31/06 19:50,0.0
10/31/06 19:55,0.0
10/31/06 20:00,0.0
10/31/06 20:05,0.0
10/31/06 20:10,0.0
10/31/06 20:15,0.0
10/31/06 20:20,0.0
10/31/06 20:25,0.0
10/31/06 20:30,0.0
10/31/06 20:35,0.0
10/31/06 20:40,0.0
10/31/06 20:45,0.0
10/31/06 20:50,0.0
10/31/06 20:55,0.0
10/31/06 21:00,0.0
10/31/06 21:05,0.0
10/31/06 21:10,0.0
10/31/06 21:15,0.0
10/31/06 21:20,0.0
10/31/06 21:25,0.0
10/31/06 21:30,0.0
10/31/06 21:35,0.0
10/31/06 21:40,0.0
10/31/06 21:45,0.0
10/31/06 21:50,0.0
10/31/06 21:55,0.0
10/31/06 22:00,0.0
10/31/06 22:05,0.0
10/31/06 22:10,0.0
10/31/06 22:15,0.0
10/31/06 22:20,0.0
10/31/06 22:25,0.0
10/31/06 22:30,0.0
10/31/06 22:35,0.0
10/31/06 22:40,0.0
10/31/06 22:45,0.0
10/31/06 22:50,0.0
10/31/06 22:55,0.0
10/31/06 23:00,0.0
10/31/06 23:05,0.0
10/31/06 23:10,0.0
10/31/06 23:15,0.0
10/31/06 23:20,0.0
10/31/06 23:25,0.0
10/31/06 23:30,0.0
10/31/06 23:35,0.0
10/31/06 23:40,0.0
10/31/06 23:45,0.0
10/31/06 23:50,0.0
10/31/06 23:55,0.0
11/01/06 00:00,0.0
11/01/06 00:05,0.0
11/01/06 00:10,0.0
11/01/06 00:15,0.0
11/01/06 00:20,0.0
11/01/06 00:25,0.0
11/01/06 00:30,0.0
11/01/06 00:35,0.0
11/01/06 00:40,0.0
11/01/06 00:45,0.0
11/01/06 00:50,0.0
11/01/06 00:55,0.0
11/01/06 01:00,0.0
11/01/06 01:05,0.0
11/01/06 01:10,0.0
11/01/06 01:15,0.0
11/01/06 01:20,0.0
11/01/06 01:25,0.0
11/01/06 01:30,0.0
11/01/06 01:35,0.0
11/01/06 01:40,0.0
11/01/06 01:45,0.0
11/01/06 01:50,0.0
11/01/06 01:55,0.0
11/01/06 02:00,0.0
11/01/06 02:05,0.0
11/01/06 02:10,0.0
11/01/06 02:15,0.0
11/01/06 02:20,0.0
11/01/06 02:25,0.0
11/01/06 02:30,0.0
11/01/06 02:35,0.0
11/01/06 02:40,0.0
11/01/06 02:45,0.0
11/01/06 02:50,0.0
11/01/06 02:55,0.0
11/01/06 03:00,0.0
11/01/06 03:05,0.0
11/01/06 03:10,0.0
11/01/06 03:15,0.0
11/01/06 03:20,0.0
11/01/06 03:25,0.0
11/01/06 03:30,0.0
11/01/06 03:35,0.0
11/01/06 03:40,0.0
11/01/06 03:45,0.0
11/01/06 03:50,0.0
11/01/06 03:55,0.0
11/01/06 04:00,0.0
11/01/06 04:05,0.0
11/01/06 04:10,0.0
11/01/06 04:15,0.0
11/01/06 04:20,0.0
11/01/06 04:25,0.0
11/01/06 04:30,0.0
11/01/06 04:35,0.0
11/01/06 04:40,0.0
11/01/06 04:45,0.0
11/01/06 04:50,0.0
11/01/06 04:55,0.0
11/01/06 05:00,0.0
11/01/06 05:05,0.0
11/01/06 05:10,0.0
11/01/06 05:15,0.0
11/01/06 05:20,0.0
11/01/06 05:25,0.0
11/01/06 05:30,0.0
11/01/06 05:35,0.0
11/01/06 05:40,0.0
11/01/06 05:45,0.0
11/01/06 05:50,0.0
11/01/06 05:55,0.0
11/01/06 06:00,0.0
11/01/06 06:05,0.0
11/01/06 06:10,0.0
11/01/06 06:15,0.0
11/01/06 06:20,0.0
11/01/06 06:25,0.0
11/01/06 06:30,0.0
11/01/06 06:35,0.0
11/01/06 06:40,0.0
11/01/06 06:45,0.0
11/01/06 06:50,0.0
11/01/06 06:55,0.1
11/01/06 07:00,0.6
11/01/06 07:05,2.0
11/01/06 07:10,4.0
11/01/06 07:15,4.8
11/01/06 07:20,5.7
11/01/06 07:25,6.5
11/01/06 07:30,7.2
11/01/06 07:35,7.9
11/01/06 07:40,8.6
11/01/06 07:45,9.3
11/01/06 07:50,10.0
11/01/06 07:55,10.7
11/01/06 08:00,11.4
11/01/06 08:05,12.0
11/01/06 08:10,12.6
11/01/06 08:15,13.2
11/01/06 08:20,13.8
11/01/06 08:25,14.3
11/01/06 08:30,14.8
11/01/06 08:35,15.3
11/01/06 08:40,15.9
11/01/06 08:45,16.4
11/01/06 08:50,16.8
11/01/06 08:55,17.1
11/01/06 09:00,17.4
11/01/06 09:05,17.7
11/01/06 09:10,18.0
11/01/06 09:15,18.4
11/01/06 09:20,18.9
11/01/06 09:25,19.4
11/01/06 09:30,19.8
11/01/06 09:35,20.1
11/01/06 09:40,20.2
11/01/06 09:45,20.3
11/01/06 09:50,20.4
11/01/06 09:55,20.4
11/01/06 10:00,20.5
11/01/06 10:05,20.5
11/01/06 10:10,20.4
11/01/06 10:15,20.6
11/01/06 10:20,20.8
11/01/06 10:25,20.9
11/01/06 10:30,20.9
11/01/06 10:35,21.0
11/01/06 10:40,21.2
11/01/06 10:45,21.4
11/01/06 10:50,21.6
11/01/06 10:55,21.7
11/01/06 11:00,21.8
11/01/06 11:05,21.8
11/01/06 11:10,22.0
11/01/06 11:15,22.1
11/01/06 11:20,21.9
11/01/06 11:25,21.0
11/01/06 11:30,18.6
11/01/06 11:35,18.9
11/01/06 11:40,19.4
11/01/06 11:45,20.1
11/01/06 11:50,20.9
11/01/06 11:55,20.9
11/01/06 12:00,21.3
11/01/06 12:05,20.0
11/01/06 12:10,19.2
11/01/06 12:15,19.5
11/01/06 12:20,19.6
11/01/06 12:25,19.2
11/01/06 12:30,18.7
11/01/06 12:35,16.5
11/01/06 12:40,13.4
11/01/06 12:45,13.9
11/01/06 12:50,15.3
11/01/06 12:55,15.8
11/01/06 13:00,16.0
11/01/06 13:05,18.7
11/01/06 13:10,20.4
11/01/06 13:15,20.5
11/01/06 13:20,19.8
11/01/06 13:25,18.4
11/01/06 13:30,16.4
11/01/06 13:35,17.0
11/01/06 13:40,17.6
11/01/06 13:45,17.9
11/01/06 13:50,17.6
11/01/06 13:55,17.2
11/01/06 14:00,16.6
11/01/06 14:05,16.6
11/01/06 14:10,16.6
11/01/06 14:15,15.6
11/01/06 14:20,14.8
11/01/06 14:25,14.2
11/01/06 14:30,13.8
11/01/06 14:35,13.4
11/01/06 14:40,13.1
11/01/06 14:45,12.7
11/01/06 14:50,12.4
11/01/06 14:55,12.0
11/01/06 15:00,11.6
11/01/06 15:05,11.0
11/01/06 15:10,10.5
11/01/06 15:15,10.1
11/01/06 15:20,9.8
11/01/06 15:25,9.3
11/01/06 15:30,8.7
11/01/06 15:35,8.0
11/01/06 15:40,7.4
11/01/06 15:45,6.8
11/01/06 15:50,6.1
11/01/06 15:55,5.5
11/01/06 16:00,4.9
11/01/06 16:05,4.4
11/01/06 16:10,3.8
11/01/06 16:15,2.7
11/01/06 16:20,1.0
11/01/06 16:25,0.4
11/01/06 16:30,0.1
11/01/06 16:35,0.0
11/01/06 16:40,0.0
11/01/06 16:45,0.0
11/01/06 16:50,0.0
11/01/06 16:55,0.0
11/01/06 17:00,0.0
11/01/06 17:05,0.0
11/01/06 17:10,0.0
11/01/06 17:15,0.0
11/01/06 17:20,0.0
11/01/06 17:25,0.0
11/01/06 17:30,0.0
11/01/06 17:35,0.0
11/01/06 17:40,0.0
11/01/06 17:45,0.0
11/01/06 17:50,0.0
11/01/06 17:55,0.0
11/01/06 18:00,0.0
11/01/06 18:05,0.0
11/01/06 18:10,0.0
11/01/06 18:15,0.0
11/01/06 18:20,0.0
11/01/06 18:25,0.0
11/01/06 18:30,0.0
11/01/06 18:35,0.0
11/01/06 18:40,0.0
11/01/06 18:45,0.0
11/01/06 18:50,0.0
11/01/06 18:55,0.0
11/01/06 19:00,0.0
11/01/06 19:05,0.0
11/01/06 19:10,0.0
11/01/06 19:15,0.0
11/01/06 19:20,0.0
11/01/06 19:25,0.0
11/01/06 19:30,0.0
11/01/06 19:35,0.0
11/01/06 19:40,0.0
11/01/06 19:45,0.0
11/01/06 19:50,0.0
11/01/06 19:55,0.0
11/01/06 20:00,0.0
11/01/06 20:05,0.0
11/01/06 20:10,0.0
11/01/06 20:15,0.0
11/01/06 20:20,0.0
11/01/06 20:25,0.0
11/01/06 20:30,0.0
11/01/06 20:35,0.0
11/01/06 20:40,0.0
11/01/06 20:45,0.0
11/01/06 20:50,0.0
11/01/06 20:55,0.0
11/01/06 21:00,0.0
11/01/06 21:05,0.0
11/01/06 21:10,0.0
11/01/06 21:15,0.0
11/01/06 21:20,0.0
11/01/06 21:25,0.0
11/01/06 21:30,0.0
11/01/06 21:35,0.0
11/01/06 21:40,0.0
11/01/06 21:45,0.0
11/01/06 21:50,0.0
11/01/06 21:55,0.0
11/01/06 22:00,0.0
11/01/06 22:05,0.0
11/01/06 22:10,0.0
11/01/06 22:15,0.0
11/01/06 22:20,0.0
11/01/06 22:25,0.0
11/01/06 22:30,0.0
11/01/06 22:35,0.0
11/01/06 22:40,0.0
11/01/06 22:45,0.0
11/01/06 22:50,0.0
11/01/06 22:55,0.0
11/01/06 23:00,0.0
11/01/06 23:05,0.0
11/01/06 23:10,0.0
11/01/06 23:15,0.0
11/01/06 23:20,0.0
11/01/06 23:25,0.0
11/01/06 23:30,0.0
11/01/06 23:35,0.0
11/01/06 23:40,0.0
11/01/06 23:45,0.0
11/01/06 23:50,0.0
11/01/06 23:55,0.0
11/02/06 00:00,0.0
11/02/06 00:05,0.0
11/02/06 00:10,0.0
11/02/06 00:15,0.0
11/02/06 00:20,0.0
11/02/06 00:25,0.0
11/02/06 00:30,0.0
11/02/06 00:35,0.0
11/02/06 00:40,0.0
11/02/06 00:45,0.0
11/02/06 00:50,0.0
11/02/06 00:55,0.0
11/02/06 01:00,0.0
11/02/06 01:05,0.0
11/02/06 01:10,0.0
11/02/06 01:15,0.0
11/02/06 01:20,0.0
11/02/06 01:25,0.0
11/02/06 01:30,0.0
11/02/06 01:35,0.0
11/02/06 01:40,0.0
11/02/06 01:45,0.0
11/02/06 01:50,0.0
11/02/06 01:55,0.0
11/02/06 02:00,0.0
11/02/06 02:05,0.0
11/02/06 02:10,0.0
11/02/06 02:15,0.0
11/02/06 02:20,0.0
11/02/06 02:25,0.0
11/02/06 02:30,0.0
11/02/06 02:35,0.0
11/02/06 02:40,0.0
11/02/06 02:45,0.0
11/02/06 02:50,0.0
11/02/06 02:55,0.0
11/02/06 03:00,0.0
11/02/06 03:05,0.0
11/02/06 03:10,0.0
11/02/06 03:15,0.0
11/02/06 03:20,0.0
11/02/06 03:25,0.0
11/02/06 03:30,0.0
11/02/06 03:35,0.0
11/02/06 03:40,0.0
11/02/06 03:45,0.0
11/02/06 03:50,0.0
11/02/06 03:55,0.0
11/02/06 04:00,0.0
11/02/06 04:05,0.0
11/02/06 04:10,0.0
11/02/06 04:15,0.0
11/02/06 04:20,0.0
11/02/06 04:25,0.0
11/02/06 04:30,0.0
11/02/06 04:35,0.0
11/02/06 04:40,0.0
11/02/06 04:45,0.0
11/02/06 04:50,0.0
11/02/06 04:55,0.0
11/02/06 05:00,0.0
11/02/06 05:05,0.0
11/02/06 05:10,0.0
11/02/06 05:15,0.0
11/02/06 05:20,0.0
11/02/06 05:25,0.0
11/02/06 05:30,0.0
11/02/06 05:35,0.0
11/02/06 05:40,0.0
11/02/06 05:45,0.0
11/02/06 05:50,0.0
11/02/06 05:55,0.0
11/02/06 06:00,0.0
11/02/06 06:05,0.0
11/02/06 06:10,0.0
11/02/06 06:15,0.0
11/02/06 06:20,0.0
11/02/06 06:25,0.0
11/02/06 06:30,0.0
11/02/06 06:35,0.0
11/02/06 06:40,0.0
11/02/06 06:45,0.0
11/02/06 06:50,0.0
11/02/06 06:55,0.0
11/02/06 07:00,0.0
11/02/06 07:05,0.1
11/02/06 07:10,0.3
11/02/06 07:15,0.7
11/02/06 07:20,1.9
11/02/06 07:25,3.4
11/02/06 07:30,4.0
11/02/06 07:35,4.3
11/02/06 07:40,4.7
11/02/06 07:45,5.3
11/02/06 07:50,5.7
11/02/06 07:55,6.3
11/02/06 08:00,7.0
11/02/06 08:05,7.6
11/02/06 08:10,8.2
11/02/06 08:15,8.6
11/02/06 08:20,8.9
11/02/06 08:25,9.0
11/02/06 08:30,8.8
11/02/06 08:35,8.6
11/02/06 08:40,8.4
11/02/06 08:45,8.1
11/02/06 08:50,7.7
11/02/06 08:55,7.1
11/02/06 09:00,6.7
11/02/06 09:05,6.3
11/02/06 09:10,6.0
11/02/06 09:15,5.6
11/02/06 09:20,5.6
11/02/06 09:25,5.6
11/02/06 09:30,5.7
11/02/06 09:35,6.0
11/02/06 09:40,6.1
11/02/06 09:45,6.2
11/02/06 09:50,6.3
11/02/06 09:55,6.6
11/02/06 10:00,6.9
11/02/06 10:05,7.1
11/02/06 10:10,7.5
11/02/06 10:15,7.1
11/02/06 10:20,6.6
11/02/06 10:25,6.3
11/02/06 10:30,5.9
11/02/06 10:35,5.8
11/02/06 10:40,5.6
11/02/06 10:45,5.6
11/02/06 10:50,5.6
11/02/06 10:55,5.6
11/02/06 11:00,5.5
11/02/06 11:05,5.2
11/02/06 11:10,5.0
11/02/06 11:15,4.8
11/02/06 11:20,4.8
11/02/06 11:25,5.2
11/02/06 11:30,6.0
11/02/06 11:35,6.8
11/02/06 11:40,7.7
11/02/06 11:45,9.3
11/02/06 11:50,11.0
11/02/06 11:55,12.6
11/02/06 12:00,13.9
11/02/06 12:05,15.4
11/02/06 12:10,16.5
11/02/06 12:15,17.7
11/02/06 12:20,18.9
11/02/06 12:25,19.9
11/02/06 12:30,20.6
11/02/06 12:35,21.2
11/02/06 12:40,21.7
11/02/06 12:45,22.0
11/02/06 12:50,22.3
11/02/06 12:55,22.4
11/02/06 13:00,22.7
11/02/06 13:05,23.0
11/02/06 13:10,23.3
11/02/06 13:15,23.4
11/02/06 13:20,23.2
11/02/06 13:25,22.9
11/02/06 13:30,22.5
11/02/06 13:35,22.1
11/02/06 13:40,21.6
11/02/06 13:45,21.1
11/02/06 13:50,20.6
11/02/06 13:55,20.3
11/02/06 14:00,19.9
11/02/06 14:05,19.5
11/02/06 14:10,19.0
11/02/06 14:15,18.5
11/02/06 14:20,18.3
11/02/06 14:25,17.9
11/02/06 14:30,17.5
11/02/06 14:35,17.1
11/02/06 14:40,16.6
11/02/06 14:45,16.1
11/02/06 14:50,15.6
11/02/06 14:55,15.1
11/02/06 15:00,14.5
11/02/06 15:05,13.9
11/02/06 15:10,13.2
11/02/06 15:15,12.3
11/02/06 15:20,11.4
11/02/06 15:25,10.6
11/02/06 15:30,9.8
11/02/06 15:35,9.0
11/02/06 15:40,8.2
11/02/06 15:45,7.5
11/02/06 15:50,6.7
11/02/06 15:55,6.0
11/02/06 16:00,5.3
11/02/06 16:05,4.6
11/02/06 16:10,4.0
11/02/06 16:15,3.0
11/02/06 16:20,1.5
11/02/06 16:25,0.6
11/02/06 16:30,0.1
11/02/06 16:35,0.0
11/02/06 16:40,0.0
11/02/06 16:45,0.0
11/02/06 16:50,0.0
11/02/06 16:55,0.0
11/02/06 17:00,0.0
11/02/06 17:05,0.0
11/02/06 17:10,0.0
11/02/06 17:15,0.0
11/02/06 17:20,0.0
11/02/06 17:25,0.0
11/02/06 17:30,0.0
11/02/06 17:35,0.0
11/02/06 17:40,0.0
11/02/06 17:45,0.0
11/02/06 17:50,0.0
11/02/06 17:55,0.0
11/02/06 18:00,0.0
11/02/06 18:05,0.0
11/02/06 18:10,0.0
11/02/06 18:15,0.0
11/02/06 18:20,0.0
11/02/06 18:25,0.0
11/02/06 18:30,0.0
11/02/06 18:35,0.0
11/02/06 18:40,0.0
11/02/06 18:45,0.0
11/02/06 18:50,0.0
11/02/06 18:55,0.0
11/02/06 19:00,0.0
11/02/06 19:05,0.0
11/02/06 19:10,0.0
11/02/06 19:15,0.0
11/02/06 19:20,0.0
11/02/06 19:25,0.0
11/02/06 19:30,0.0
11/02/06 19:35,0.0
11/02/06 19:40,0.0
11/02/06 19:45,0.0
11/02/06 19:50,0.0
11/02/06 19:55,0.0
11/02/06 20:00,0.0
11/02/06 20:05,0.0
11/02/06 20:10,0.0
11/02/06 20:15,0.0
11/02/06 20:20,0.0
11/02/06 20:25,0.0
11/02/06 20:30,0.0
11/02/06 20:35,0.0
11/02/06 20:40,0.0
11/02/06 20:45,0.0
11/02/06 20:50,0.0
11/02/06 20:55,0.0
11/02/06 21:00,0.0
11/02/06 21:05,0.0
11/02/06 21:10,0.0
11/02/06 21:15,0.0
11/02/06 21:20,0.0
11/02/06 21:25,0.0
11/02/06 21:30,0.0
11/02/06 21:35,0.0
11/02/06 21:40,0.0
11/02/06 21:45,0.0
11/02/06 21:50,0.0
11/02/06 21:55,0.0
11/02/06 22:00,0.0
11/02/06 22:05,0.0
11/02/06 22:10,0.0
11/02/06 22:15,0.0
11/02/06 22:20,0.0
11/02/06 22:25,0.0
11/02/06 22:30,0.0
11/02/06 22:35,0.0
11/02/06 22:40,0.0
11/02/06 22:45,0.0
11/02/06 22:50,0.0
11/02/06 22:55,0.0
11/02/06 23:00,0.0
11/02/06 23:05,0.0
11/02/06 23:10,0.0
11/02/06 23:15,0.0
11/02/06 23:20,0.0
11/02/06 23:25,0.0
11/02/06 23:30,0.0
11/02/06 23:35,0.0
11/02/06 23:40,0.0
11/02/06 23:45,0.0
11/02/06 23:50,0.0
11/02/06 23:55,0.0
11/03/06 00:00,0.0
11/03/06 00:05,0.0
11/03/06 00:10,0.0
11/03/06 00:15,0.0
11/03/06 00:20,0.0
11/03/06 00:25,0.0
11/03/06 00:30,0.0
11/03/06 00:35,0.0
11/03/06 00:40,0.0
11/03/06 00:45,0.0
11/03/06 00:50,0.0
11/03/06 00:55,0.0
11/03/06 01:00,0.0
11/03/06 01:05,0.0
11/03/06 01:10,0.0
11/03/06 01:15,0.0
11/03/06 01:20,0.0
11/03/06 01:25,0.0
11/03/06 01:30,0.0
11/03/06 01:35,0.0
11/03/06 01:40,0.0
11/03/06 01:45,0.0
11/03/06 01:50,0.0
11/03/06 01:55,0.0
11/03/06 02:00,0.0
11/03/06 02:05,0.0
11/03/06 02:10,0.0
11/03/06 02:15,0.0
11/03/06 02:20,0.0
11/03/06 02:25,0.0
11/03/06 02:30,0.0
11/03/06 02:35,0.0
11/03/06 02:40,0.0
11/03/06 02:45,0.0
11/03/06 02:50,0.0
11/03/06 02:55,0.0
11/03/06 03:00,0.0
11/03/06 03:05,0.0
11/03/06 03:10,0.0
11/03/06 03:15,0.0
11/03/06 03:20,0.0
11/03/06 03:25,0.0
11/03/06 03:30,0.0
11/03/06 03:35,0.0
11/03/06 03:40,0.0
11/03/06 03:45,0.0
11/03/06 03:50,0.0
11/03/06 03:55,0.0
11/03/06 04:00,0.0
11/03/06 04:05,0.0
11/03/06 04:10,0.0
11/03/06 04:15,0.0
11/03/06 04:20,0.0
11/03/06 04:25,0.0
11/03/06 04:30,0.0
11/03/06 04:35,0.0
11/03/06 04:40,0.0
11/03/06 04:45,0.0
11/03/06 04:50,0.0
11/03/06 04:55,0.0
11/03/06 05:00,0.0
11/03/06 05:05,0.0
11/03/06 05:10,0.0
11/03/06 05:15,0.0
11/03/06 05:20,0.0
11/03/06 05:25,0.0
11/03/06 05:30,0.0
11/03/06 05:35,0.0
11/03/06 05:40,0.0
11/03/06 05:45,0.0
11/03/06 05:50,0.0
11/03/06 05:55,0.0
11/03/06 06:00,0.0
11/03/06 06:05,0.0
11/03/06 06:10,0.0
11/03/06 06:15,0.0
11/03/06 06:20,0.0
11/03/06 06:25,0.0
11/03/06 06:30,0.0
11/03/06 06:35,0.0
11/03/06 06:40,0.0
11/03/06 06:45,0.0
11/03/06 06:50,0.0
11/03/06 06:55,0.2
11/03/06 07:00,0.8
11/03/06 07:05,2.4
11/03/06 07:10,4.1
11/03/06 07:15,4.9
11/03/06 07:20,5.9
11/03/06 07:25,6.8
11/03/06 07:30,7.5
11/03/06 07:35,8.3
11/03/06 07:40,9.1
11/03/06 07:45,9.9
11/03/06 07:50,10.5
11/03/06 07:55,11.1
11/03/06 08:00,11.9
11/03/06 08:05,12.6
11/03/06 08:10,13.3
11/03/06 08:15,14.1
11/03/06 08:20,14.9
11/03/06 08:25,15.5
11/03/06 08:30,16.2
11/03/06 08:35,16.7
11/03/06 08:40,17.3
11/03/06 08:45,17.9
11/03/06 08:50,18.4
11/03/06 08:55,18.9
11/03/06 09:00,19.5
11/03/06 09:05,19.9
11/03/06 09:10,20.4
11/03/06 09:15,20.8
11/03/06 09:20,21.4
11/03/06 09:25,21.8
11/03/06 09:30,22.3
11/03/06 09:35,22.7
11/03/06 09:40,23.1
11/03/06 09:45,23.3
11/03/06 09:50,23.4
11/03/06 09:55,23.6
11/03/06 10:00,24.0
11/03/06 10:05,24.5
11/03/06 10:10,24.9
11/03/06 10:15,25.1
11/03/06 10:20,25.1
11/03/06 10:25,25.2
11/03/06 10:30,25.1
11/03/06 10:35,25.1
11/03/06 10:40,25.0
11/03/06 10:45,25.0
11/03/06 10:50,24.9
11/03/06 10:55,24.7
11/03/06 11:00,24.5
11/03/06 11:05,24.2
11/03/06 11:10,23.8
11/03/06 11:15,24.3
11/03/06 11:20,25.2
11/03/06 11:25,25.8
11/03/06 11:30,26.2
11/03/06 11:35,26.5
11/03/06 11:40,26.6
11/03/06 11:45,26.6
11/03/06 11:50,26.5
11/03/06 11:55,26.5
11/03/06 12:00,26.3
11/03/06 12:05,26.1
11/03/06 12:10,25.7
11/03/06 12:15,25.5
11/03/06 12:20,25.3
11/03/06 12:25,25.3
11/03/06 12:30,25.3
11/03/06 12:35,25.4
11/03/06 12:40,25.6
11/03/06 12:45,25.8
11/03/06 12:50,25.9
11/03/06 12:55,25.7
11/03/06 13:00,25.6
11/03/06 13:05,25.4
11/03/06 13:10,25.1
11/03/06 13:15,24.6
11/03/06 13:20,23.7
11/03/06 13:25,23.1
11/03/06 13:30,22.5
11/03/06 13:35,21.8
11/03/06 13:40,21.4
11/03/06 13:45,21.2
11/03/06 13:50,20.9
11/03/06 13:55,20.7
11/03/06 14:00,20.7
11/03/06 14:05,20.6
11/03/06 14:10,20.1
11/03/06 14:15,19.5
11/03/06 14:20,18.8
11/03/06 14:25,18.1
11/03/06 14:30,17.5
11/03/06 14:35,16.9
11/03/06 14:40,16.2
11/03/06 14:45,15.7
11/03/06 14:50,15.1
11/03/06 14:55,14.4
11/03/06 15:00,13.7
11/03/06 15:05,13.0
11/03/06 15:10,12.3
11/03/06 15:15,11.6
11/03/06 15:20,10.9
11/03/06 15:25,10.1
11/03/06 15:30,9.4
11/03/06 15:35,8.7
11/03/06 15:40,8.0
11/03/06 15:45,7.2
11/03/06 15:50,6.5
11/03/06 15:55,5.8
11/03/06 16:00,5.1
11/03/06 16:05,4.5
11/03/06 16:10,4.0
11/03/06 16:15,2.9
11/03/06 16:20,1.5
11/03/06 16:25,0.6
11/03/06 16:30,0.2
11/03/06 16:35,0.0
11/03/06 16:40,0.0
11/03/06 16:45,0.0
11/03/06 16:50,0.0
11/03/06 16:55,0.0
11/03/06 17:00,0.0
11/03/06 17:05,0.0
11/03/06 17:10,0.0
11/03/06 17:15,0.0
11/03/06 17:20,0.0
11/03/06 17:25,0.0
11/03/06 17:30,0.0
11/03/06 17:35,0.0
11/03/06 17:40,0.0
11/03/06 17:45,0.0
11/03/06 17:50,0.0
11/03/06 17:55,0.0
11/03/06 18:00,0.0
11/03/06 18:05,0.0
11/03/06 18:10,0.0
11/03/06 18:15,0.0
11/03/06 18:20,0.0
11/03/06 18:25,0.0
11/03/06 18:30,0.0
11/03/06 18:35,0.0
11/03/06 18:40,0.0
11/03/06 18:45,0.0
11/03/06 18:50,0.0
11/03/06 18:55,0.0
11/03/06 19:00,0.0
11/03/06 19:05,0.0
11/03/06 19:10,0.0
11/03/06 19:15,0.0
11/03/06 19:20,0.0
11/03/06 19:25,0.0
11/03/06 19:30,0.0
11/03/06 19:35,0.0
11/03/06 19:40,0.0
11/03/06 19:45,0.0
11/03/06 19:50,0.0
11/03/06 19:55,0.0
11/03/06 20:00,0.0
11/03/06 20:05,0.0
11/03/06 20:10,0.0
11/03/06 20:15,0.0
11/03/06 20:20,0.0
11/03/06 20:25,0.0
11/03/06 20:30,0.0
11/03/06 20:35,0.0
11/03/06 20:40,0.0
11/03/06 20:45,0.0
11/03/06 20:50,0.0
11/03/06 20:55,0.0
11/03/06 21:00,0.0
11/03/06 21:05,0.0
11/03/06 21:10,0.0
11/03/06 21:15,0.0
11/03/06 21:20,0.0
11/03/06 21:25,0.0
11/03/06 21:30,0.0
11/03/06 21:35,0.0
11/03/06 21:40,0.0
11/03/06 21:45,0.0
11/03/06 21:50,0.0
11/03/06 21:55,0.0
11/03/06 22:00,0.0
11/03/06 22:05,0.0
11/03/06 22:10,0.0
11/03/06 22:15,0.0
11/03/06 22:20,0.0
11/03/06 22:25,0.0
11/03/06 22:30,0.0
11/03/06 22:35,0.0
11/03/06 22:40,0.0
11/03/06 22:45,0.0
11/03/06 22:50,0.0
11/03/06 22:55,0.0
11/03/06 23:00,0.0
11/03/06 23:05,0.0
11/03/06 23:10,0.0
11/03/06 23:15,0.0
11/03/06 23:20,0.0
11/03/06 23:25,0.0
11/03/06 23:30,0.0
11/03/06 23:35,0.0
11/03/06 23:40,0.0
11/03/06 23:45,0.0
11/03/06 23:50,0.0
11/03/06 23:55,0.0
11/04/06 00:00,0.0
11/04/06 00:05,0.0
11/04/06 00:10,0.0
11/04/06 00:15,0.0
11/04/06 00:20,0.0
11/04/06 00:25,0.0
11/04/06 00:30,0.0
11/04/06 00:35,0.0
11/04/06 00:40,0.0
11/04/06 00:45,0.0
11/04/06 00:50,0.0
11/04/06 00:55,0.0
11/04/06 01:00,0.0
11/04/06 01:05,0.0
11/04/06 01:10,0.0
11/04/06 01:15,0.0
11/04/06 01:20,0.0
11/04/06 01:25,0.0
11/04/06 01:30,0.0
11/04/06 01:35,0.0
11/04/06 01:40,0.0
11/04/06 01:45,0.0
11/04/06 01:50,0.0
11/04/06 01:55,0.0
11/04/06 02:00,0.0
11/04/06 02:05,0.0
11/04/06 02:10,0.0
11/04/06 02:15,0.0
11/04/06 02:20,0.0
11/04/06 02:25,0.0
11/04/06 02:30,0.0
11/04/06 02:35,0.0
11/04/06 02:40,0.0
11/04/06 02:45,0.0
11/04/06 02:50,0.0
11/04/06 02:55,0.0
11/04/06 03:00,0.0
11/04/06 03:05,0.0
11/04/06 03:10,0.0
11/04/06 03:15,0.0
11/04/06 03:20,0.0
11/04/06 03:25,0.0
11/04/06 03:30,0.0
11/04/06 03:35,0.0
11/04/06 03:40,0.0
11/04/06 03:45,0.0
11/04/06 03:50,0.0
11/04/06 03:55,0.0
11/04/06 04:00,0.0
11/04/06 04:05,0.0
11/04/06 04:10,0.0
11/04/06 04:15,0.0
11/04/06 04:20,0.0
11/04/06 04:25,0.0
11/04/06 04:30,0.0
11/04/06 04:35,0.0
11/04/06 04:40,0.0
11/04/06 04:45,0.0
11/04/06 04:50,0.0
11/04/06 04:55,0.0
11/04/06 05:00,0.0
11/04/06 05:05,0.0
11/04/06 05:10,0.0
11/04/06 05:15,0.0
11/04/06 05:20,0.0
11/04/06 05:25,0.0
11/04/06 05:30,0.0
11/04/06 05:35,0.0
11/04/06 05:40,0.0
11/04/06 05:45,0.0
11/04/06 05:50,0.0
11/04/06 05:55,0.0
11/04/06 06:00,0.0
11/04/06 06:05,0.0
11/04/06 06:10,0.0
11/04/06 06:15,0.0
11/04/06 06:20,0.0
11/04/06 06:25,0.0
11/04/06 06:30,0.0
11/04/06 06:35,0.0
11/04/06 06:40,0.0
11/04/06 06:45,0.0
11/04/06 06:50,0.0
11/04/06 06:55,0.1
11/04/06 07:00,0.3
11/04/06 07:05,1.2
11/04/06 07:10,3.6
11/04/06 07:15,4.7
11/04/06 07:20,5.7
11/04/06 07:25,6.7
11/04/06 07:30,7.6
11/04/06 07:35,8.4
11/04/06 07:40,9.1
11/04/06 07:45,9.9
11/04/06 07:50,10.7
11/04/06 07:55,11.5
11/04/06 08:00,12.3
11/04/06 08:05,12.9
11/04/06 08:10,13.6
11/04/06 08:15,14.2
11/04/06 08:20,14.8
11/04/06 08:25,15.4
11/04/06 08:30,16.1
11/04/06 08:35,16.7
11/04/06 08:40,17.2
11/04/06 08:45,17.7
11/04/06 08:50,18.3
11/04/06 08:55,18.8
11/04/06 09:00,19.5
11/04/06 09:05,20.0
11/04/06 09:10,20.7
11/04/06 09:15,21.0
11/04/06 09:20,21.1
11/04/06 09:25,21.3
11/04/06 09:30,21.4
11/04/06 09:35,21.6
11/04/06 09:40,21.9
11/04/06 09:45,22.2
11/04/06 09:50,22.4
11/04/06 09:55,22.8
11/04/06 10:00,23.1
11/04/06 10:05,23.5
11/04/06 10:10,23.8
11/04/06 10:15,24.0
11/04/06 10:20,24.0
11/04/06 10:25,24.0
11/04/06 10:30,23.9
11/04/06 10:35,23.8
11/04/06 10:40,23.9
11/04/06 10:45,24.0
11/04/06 10:50,24.0
11/04/06 10:55,24.0
11/04/06 11:00,23.9
11/04/06 11:05,24.0
11/04/06 11:10,24.2
11/04/06 11:15,24.5
11/04/06 11:20,24.8
11/04/06 11:25,24.9
11/04/06 11:30,24.9
11/04/06 11:35,24.9
11/04/06 11:40,24.9
11/04/06 11:45,25.1
11/04/06 11:50,25.3
11/04/06 11:55,25.3
11/04/06 12:00,25.4
11/04/06 12:05,25.6
11/04/06 12:10,25.6
11/04/06 12:15,25.5
11/04/06 12:20,25.3
11/04/06 12:25,25.1
11/04/06 12:30,25.0
11/04/06 12:35,24.9
11/04/06 12:40,24.8
11/04/06 12:45,24.6
11/04/06 12:50,24.5
11/04/06 12:55,24.3
11/04/06 13:00,24.0
11/04/06 13:05,23.6
11/04/06 13:10,23.3
11/04/06 13:15,22.9
11/04/06 13:20,22.6
11/04/06 13:25,22.3
11/04/06 13:30,22.0
11/04/06 13:35,21.7
11/04/06 13:40,21.3
11/04/06 13:45,21.1
11/04/06 13:50,20.8
11/04/06 13:55,20.5
11/04/06 14:00,20.0
11/04/06 14:05,19.6
11/04/06 14:10,19.1
11/04/06 14:15,18.4
11/04/06 14:20,17.7
11/04/06 14:25,17.0
11/04/06 14:30,16.5
11/04/06 14:35,16.0
11/04/06 14:40,15.5
11/04/06 14:45,15.1
11/04/06 14:50,14.6
11/04/06 14:55,14.0
11/04/06 15:00,13.5
11/04/06 15:05,12.9
11/04/06 15:10,12.2
11/04/06 15:15,11.5
11/04/06 15:20,10.7
11/04/06 15:25,10.0
11/04/06 15:30,9.2
11/04/06 15:35,8.5
11/04/06 15:40,7.8
11/04/06 15:45,7.1
11/04/06 15:50,6.4
11/04/06 15:55,5.7
11/04/06 16:00,5.1
11/04/06 16:05,4.4
11/04/06 16:10,3.8
11/04/06 16:15,2.6
11/04/06 16:20,1.4
11/04/06 16:25,0.7
11/04/06 16:30,0.3
11/04/06 16:35,0.1
11/04/06 16:40,0.0
11/04/06 16:45,0.0
11/04/06 16:50,0.0
11/04/06 16:55,0.0
11/04/06 17:00,0.0
11/04/06 17:05,0.0
11/04/06 17:10,0.0
11/04/06 17:15,0.0
11/04/06 17:20,0.0
11/04/06 17:25,0.0
11/04/06 17:30,0.0
11/04/06 17:35,0.0
11/04/06 17:40,0.0
11/04/06 17:45,0.0
11/04/06 17:50,0.0
11/04/06 17:55,0.0
11/04/06 18:00,0.0
11/04/06 18:05,0.0
11/04/06 18:10,0.0
11/04/06 18:15,0.0
11/04/06 18:20,0.0
11/04/06 18:25,0.0
11/04/06 18:30,0.0
11/04/06 18:35,0.0
11/04/06 18:40,0.0
11/04/06 18:45,0.0
11/04/06 18:50,0.0
11/04/06 18:55,0.0
11/04/06 19:00,0.0
11/04/06 19:05,0.0
11/04/06 19:10,0.0
11/04/06 19:15,0.0
11/04/06 19:20,0.0
11/04/06 19:25,0.0
11/04/06 19:30,0.0
11/04/06 19:35,0.0
11/04/06 19:40,0.0
11/04/06 19:45,0.0
11/04/06 19:50,0.0
11/04/06 19:55,0.0
11/04/06 20:00,0.0
11/04/06 20:05,0.0
11/04/06 20:10,0.0
11/04/06 20:15,0.0
11/04/06 20:20,0.0
11/04/06 20:25,0.0
11/04/06 20:30,0.0
11/04/06 20:35,0.0
11/04/06 20:40,0.0
11/04/06 20:45,0.0
11/04/06 20:50,0.0
11/04/06 20:55,0.0
11/04/06 21:00,0.0
11/04/06 21:05,0.0
11/04/06 21:10,0.0
11/04/06 21:15,0.0
11/04/06 21:20,0.0
11/04/06 21:25,0.0
11/04/06 21:30,0.0
11/04/06 21:35,0.0
11/04/06 21:40,0.0
11/04/06 21:45,0.0
11/04/06 21:50,0.0
11/04/06 21:55,0.0
11/04/06 22:00,0.0
11/04/06 22:05,0.0
11/04/06 22:10,0.0
11/04/06 22:15,0.0
11/04/06 22:20,0.0
11/04/06 22:25,0.0
11/04/06 22:30,0.0
11/04/06 22:35,0.0
11/04/06 22:40,0.0
11/04/06 22:45,0.0
11/04/06 22:50,0.0
11/04/06 22:55,0.0
11/04/06 23:00,0.0
11/04/06 23:05,0.0
11/04/06 23:10,0.0
11/04/06 23:15,0.0
11/04/06 23:20,0.0
11/04/06 23:25,0.0
11/04/06 23:30,0.0
11/04/06 23:35,0.0
11/04/06 23:40,0.0
11/04/06 23:45,0.0
11/04/06 23:50,0.0
11/04/06 23:55,0.0
11/05/06 00:00,0.0
11/05/06 00:05,0.0
11/05/06 00:10,0.0
11/05/06 00:15,0.0
11/05/06 00:20,0.0
11/05/06 00:25,0.0
11/05/06 00:30,0.0
11/05/06 00:35,0.0
11/05/06 00:40,0.0
11/05/06 00:45,0.0
11/05/06 00:50,0.0
11/05/06 00:55,0.0
11/05/06 01:00,0.0
11/05/06 01:05,0.0
11/05/06 01:10,0.0
11/05/06 01:15,0.0
11/05/06 01:20,0.0
11/05/06 01:25,0.0
11/05/06 01:30,0.0
11/05/06 01:35,0.0
11/05/06 01:40,0.0
11/05/06 01:45,0.0
11/05/06 01:50,0.0
11/05/06 01:55,0.0
11/05/06 02:00,0.0
11/05/06 02:05,0.0
11/05/06 02:10,0.0
11/05/06 02:15,0.0
11/05/06 02:20,0.0
11/05/06 02:25,0.0
11/05/06 02:30,0.0
11/05/06 02:35,0.0
11/05/06 02:40,0.0
11/05/06 02:45,0.0
11/05/06 02:50,0.0
11/05/06 02:55,0.0
11/05/06 03:00,0.0
11/05/06 03:05,0.0
11/05/06 03:10,0.0
11/05/06 03:15,0.0
11/05/06 03:20,0.0
11/05/06 03:25,0.0
11/05/06 03:30,0.0
11/05/06 03:35,0.0
11/05/06 03:40,0.0
11/05/06 03:45,0.0
11/05/06 03:50,0.0
11/05/06 03:55,0.0
11/05/06 04:00,0.0
11/05/06 04:05,0.0
11/05/06 04:10,0.0
11/05/06 04:15,0.0
11/05/06 04:20,0.0
11/05/06 04:25,0.0
11/05/06 04:30,0.0
11/05/06 04:35,0.0
11/05/06 04:40,0.0
11/05/06 04:45,0.0
11/05/06 04:50,0.0
11/05/06 04:55,0.0
11/05/06 05:00,0.0
11/05/06 05:05,0.0
11/05/06 05:10,0.0
11/05/06 05:15,0.0
11/05/06 05:20,0.0
11/05/06 05:25,0.0
11/05/06 05:30,0.0
11/05/06 05:35,0.0
11/05/06 05:40,0.0
11/05/06 05:45,0.0
11/05/06 05:50,0.0
11/05/06 05:55,0.0
11/05/06 06:00,0.0
11/05/06 06:05,0.0
11/05/06 06:10,0.0
11/05/06 06:15,0.0
11/05/06 06:20,0.0
11/05/06 06:25,0.0
11/05/06 06:30,0.0
11/05/06 06:35,0.0
11/05/06 06:40,0.0
11/05/06 06:45,0.0
11/05/06 06:50,0.0
11/05/06 06:55,0.1
11/05/06 07:00,0.3
11/05/06 07:05,1.1
11/05/06 07:10,3.0
11/05/06 07:15,4.5
11/05/06 07:20,5.5
11/05/06 07:25,6.4
11/05/06 07:30,7.2
11/05/06 07:35,8.2
11/05/06 07:40,9.0
11/05/06 07:45,9.7
11/05/06 07:50,10.5
11/05/06 07:55,11.2
11/05/06 08:00,11.9
11/05/06 08:05,12.6
11/05/06 08:10,13.2
11/05/06 08:15,13.8
11/05/06 08:20,14.4
11/05/06 08:25,15.0
11/05/06 08:30,15.4
11/05/06 08:35,15.8
11/05/06 08:40,16.4
11/05/06 08:45,17.1
11/05/06 08:50,17.8
11/05/06 08:55,18.1
11/05/06 09:00,18.4
11/05/06 09:05,18.7
11/05/06 09:10,19.3
11/05/06 09:15,19.7
11/05/06 09:20,20.2
11/05/06 09:25,20.5
11/05/06 09:30,20.9
11/05/06 09:35,21.2
11/05/06 09:40,21.5
11/05/06 09:45,21.7
11/05/06 09:50,22.0
11/05/06 09:55,22.3
11/05/06 10:00,22.6
11/05/06 10:05,22.8
11/05/06 10:10,23.1
11/05/06 10:15,23.4
11/05/06 10:20,24.1
11/05/06 10:25,24.6
11/05/06 10:30,25.3
11/05/06 10:35,26.0
11/05/06 10:40,26.8
11/05/06 10:45,27.5
11/05/06 10:50,27.8
11/05/06 10:55,28.2
11/05/06 11:00,28.5
11/05/06 11:05,28.4
11/05/06 11:10,28.3
11/05/06 11:15,27.4
11/05/06 11:20,25.8
11/05/06 11:25,24.7
11/05/06 11:30,23.8
11/05/06 11:35,23.3
11/05/06 11:40,23.1
11/05/06 11:45,23.5
11/05/06 11:50,23.9
11/05/06 11:55,23.7
11/05/06 12:00,22.9
11/05/06 12:05,22.4
11/05/06 12:10,22.1
11/05/06 12:15,22.9
11/05/06 12:20,23.7
11/05/06 12:25,24.1
11/05/06 12:30,24.5
11/05/06 12:35,24.5
11/05/06 12:40,24.4
11/05/06 12:45,24.3
11/05/06 12:50,24.2
11/05/06 12:55,24.1
11/05/06 13:00,23.9
11/05/06 13:05,23.6
11/05/06 13:10,23.4
11/05/06 13:15,23.0
11/05/06 13:20,22.5
11/05/06 13:25,22.1
11/05/06 13:30,21.7
11/05/06 13:35,21.2
11/05/06 13:40,20.8
11/05/06 13:45,20.4
11/05/06 13:50,20.0
11/05/06 13:55,19.6
11/05/06 14:00,19.3
11/05/06 14:05,18.9
11/05/06 14:10,18.5
11/05/06 14:15,17.9
11/05/06 14:20,17.3
11/05/06 14:25,16.8
11/05/06 14:30,16.3
11/05/06 14:35,15.9
11/05/06 14:40,15.3
11/05/06 14:45,14.8
11/05/06 14:50,14.3
11/05/06 14:55,13.6
11/05/06 15:00,13.0
11/05/06 15:05,12.4
11/05/06 15:10,11.7
11/05/06 15:15,11.1
11/05/06 15:20,10.5
11/05/06 15:25,9.9
11/05/06 15:30,9.2
11/05/06 15:35,8.5
11/05/06 15:40,7.8
11/05/06 15:45,7.1
11/05/06 15:50,6.4
11/05/06 15:55,5.7
11/05/06 16:00,5.1
11/05/06 16:05,4.5
11/05/06 16:10,3.9
11/05/06 16:15,2.8
11/05/06 16:20,1.3
11/05/06 16:25,0.5
11/05/06 16:30,0.1
11/05/06 16:35,0.0
11/05/06 16:40,0.0
11/05/06 16:45,0.0
11/05/06 16:50,0.0
11/05/06 16:55,0.0
11/05/06 17:00,0.0
11/05/06 17:05,0.0
11/05/06 17:10,0.0
11/05/06 17:15,0.0
11/05/06 17:20,0.0
11/05/06 17:25,0.0
11/05/06 17:30,0.0
11/05/06 17:35,0.0
11/05/06 17:40,0.0
11/05/06 17:45,0.0
11/05/06 17:50,0.0
11/05/06 17:55,0.0
11/05/06 18:00,0.0
11/05/06 18:05,0.0
11/05/06 18:10,0.0
11/05/06 18:15,0.0
11/05/06 18:20,0.0
11/05/06 18:25,0.0
11/05/06 18:30,0.0
11/05/06 18:35,0.0
11/05/06 18:40,0.0
11/05/06 18:45,0.0
11/05/06 18:50,0.0
11/05/06 18:55,0.0
11/05/06 19:00,0.0
11/05/06 19:05,0.0
11/05/06 19:10,0.0
11/05/06 19:15,0.0
11/05/06 19:20,0.0
11/05/06 19:25,0.0
11/05/06 19:30,0.0
11/05/06 19:35,0.0
11/05/06 19:40,0.0
11/05/06 19:45,0.0
11/05/06 19:50,0.0
11/05/06 19:55,0.0
11/05/06 20:00,0.0
11/05/06 20:05,0.0
11/05/06 20:10,0.0
11/05/06 20:15,0.0
11/05/06 20:20,0.0
11/05/06 20:25,0.0
11/05/06 20:30,0.0
11/05/06 20:35,0.0
11/05/06 20:40,0.0
11/05/06 20:45,0.0
11/05/06 20:50,0.0
11/05/06 20:55,0.0
11/05/06 21:00,0.0
11/05/06 21:05,0.0
11/05/06 21:10,0.0
11/05/06 21:15,0.0
11/05/06 21:20,0.0
11/05/06 21:25,0.0
11/05/06 21:30,0.0
11/05/06 21:35,0.0
11/05/06 21:40,0.0
11/05/06 21:45,0.0
11/05/06 21:50,0.0
11/05/06 21:55,0.0
11/05/06 22:00,0.0
11/05/06 22:05,0.0
11/05/06 22:10,0.0
11/05/06 22:15,0.0
11/05/06 22:20,0.0
11/05/06 22:25,0.0
11/05/06 22:30,0.0
11/05/06 22:35,0.0
11/05/06 22:40,0.0
11/05/06 22:45,0.0
11/05/06 22:50,0.0
11/05/06 22:55,0.0
11/05/06 23:00,0.0
11/05/06 23:05,0.0
11/05/06 23:10,0.0
11/05/06 23:15,0.0
11/05/06 23:20,0.0
11/05/06 23:25,0.0
11/05/06 23:30,0.0
11/05/06 23:35,0.0
11/05/06 23:40,0.0
11/05/06 23:45,0.0
11/05/06 23:50,0.0
11/05/06 23:55,0.0
11/06/06 00:00,0.0
11/06/06 00:05,0.0
11/06/06 00:10,0.0
11/06/06 00:15,0.0
11/06/06 00:20,0.0
11/06/06 00:25,0.0
11/06/06 00:30,0.0
11/06/06 00:35,0.0
11/06/06 00:40,0.0
11/06/06 00:45,0.0
11/06/06 00:50,0.0
11/06/06 00:55,0.0
11/06/06 01:00,0.0
11/06/06 01:05,0.0
11/06/06 01:10,0.0
11/06/06 01:15,0.0
11/06/06 01:20,0.0
11/06/06 01:25,0.0
11/06/06 01:30,0.0
11/06/06 01:35,0.0
11/06/06 01:40,0.0
11/06/06 01:45,0.0
11/06/06 01:50,0.0
11/06/06 01:55,0.0
11/06/06 02:00,0.0
11/06/06 02:05,0.0
11/06/06 02:10,0.0
11/06/06 02:15,0.0
11/06/06 02:20,0.0
11/06/06 02:25,0.0
11/06/06 02:30,0.0
11/06/06 02:35,0.0
11/06/06 02:40,0.0
11/06/06 02:45,0.0
11/06/06 02:50,0.0
11/06/06 02:55,0.0
11/06/06 03:00,0.0
11/06/06 03:05,0.0
11/06/06 03:10,0.0
11/06/06 03:15,0.0
11/06/06 03:20,0.0
11/06/06 03:25,0.0
11/06/06 03:30,0.0
11/06/06 03:35,0.0
11/06/06 03:40,0.0
11/06/06 03:45,0.0
11/06/06 03:50,0.0
11/06/06 03:55,0.0
11/06/06 04:00,0.0
11/06/06 04:05,0.0
11/06/06 04:10,0.0
11/06/06 04:15,0.0
11/06/06 04:20,0.0
11/06/06 04:25,0.0
11/06/06 04:30,0.0
11/06/06 04:35,0.0
11/06/06 04:40,0.0
11/06/06 04:45,0.0
11/06/06 04:50,0.0
11/06/06 04:55,0.0
11/06/06 05:00,0.0
11/06/06 05:05,0.0
11/06/06 05:10,0.0
11/06/06 05:15,0.0
11/06/06 05:20,0.0
11/06/06 05:25,0.0
11/06/06 05:30,0.0
11/06/06 05:35,0.0
11/06/06 05:40,0.0
11/06/06 05:45,0.0
11/06/06 05:50,0.0
11/06/06 05:55,0.0
11/06/06 06:00,0.0
11/06/06 06:05,0.0
11/06/06 06:10,0.0
11/06/06 06:15,0.0
11/06/06 06:20,0.0
11/06/06 06:25,0.0
11/06/06 06:30,0.0
11/06/06 06:35,0.0
11/06/06 06:40,0.0
11/06/06 06:45,0.2
11/06/06 06:50,0.7
11/06/06 06:55,1.8
11/06/06 07:00,3.7
11/06/06 07:05,4.3
11/06/06 07:10,4.8
11/06/06 07:15,5.3
11/06/06 07:20,5.7
11/06/06 07:25,6.1
11/06/06 07:30,6.5
11/06/06 07:35,7.8
11/06/06 07:40,9.0
11/06/06 07:45,10.0
11/06/06 07:50,10.4
11/06/06 07:55,10.6
11/06/06 08:00,10.4
11/06/06 08:05,9.4
11/06/06 08:10,8.0
11/06/06 08:15,8.7
11/06/06 08:20,7.3
11/06/06 08:25,5.4
11/06/06 08:30,5.1
11/06/06 08:35,7.6
11/06/06 08:40,9.7
11/06/06 08:45,13.6
11/06/06 08:50,16.6
11/06/06 08:55,18.6
11/06/06 09:00,19.1
11/06/06 09:05,18.8
11/06/06 09:10,18.6
11/06/06 09:15,18.6
11/06/06 09:20,18.5
11/06/06 09:25,18.1
11/06/06 09:30,17.8
11/06/06 09:35,17.6
11/06/06 09:40,17.2
11/06/06 09:45,16.6
11/06/06 09:50,15.6
11/06/06 09:55,14.8
11/06/06 10:00,13.9
11/06/06 10:05,13.0
11/06/06 10:10,12.1
11/06/06 10:15,10.5
11/06/06 10:20,8.6
11/06/06 10:25,7.6
11/06/06 10:30,6.4
11/06/06 10:35,5.5
11/06/06 10:40,4.6
11/06/06 10:45,3.8
11/06/06 10:50,3.1
11/06/06 10:55,2.4
11/06/06 11:00,2.1
11/06/06 11:05,2.5
11/06/06 11:10,3.1
11/06/06 11:15,3.4
11/06/06 11:20,3.2
11/06/06 11:25,2.7
11/06/06 11:30,2.2
11/06/06 11:35,1.6
11/06/06 11:40,0.9
11/06/06 11:45,1.4
11/06/06 11:50,2.9
11/06/06 11:55,3.9
11/06/06 12:00,4.3
11/06/06 12:05,4.8
11/06/06 12:10,5.1
11/06/06 12:15,4.7
11/06/06 12:20,4.0
11/06/06 12:25,3.6
11/06/06 12:30,2.6
11/06/06 12:35,1.9
11/06/06 12:40,1.6
11/06/06 12:45,1.3
11/06/06 12:50,1.1
11/06/06 12:55,1.0
11/06/06 13:00,0.9
11/06/06 13:05,0.9
11/06/06 13:10,0.9
11/06/06 13:15,1.0
11/06/06 13:20,1.1
11/06/06 13:25,1.1
11/06/06 13:30,1.2
11/06/06 13:35,1.3
11/06/06 13:40,1.5
11/06/06 13:45,1.4
11/06/06 13:50,1.4
11/06/06 13:55,1.4
11/06/06 14:00,1.5
11/06/06 14:05,1.6
11/06/06 14:10,1.7
11/06/06 14:15,1.7
11/06/06 14:20,1.8
11/06/06 14:25,1.8
11/06/06 14:30,1.7
11/06/06 14:35,1.7
11/06/06 14:40,1.6
11/06/06 14:45,1.7
11/06/06 14:50,1.7
11/06/06 14:55,1.6
11/06/06 15:00,1.2
11/06/06 15:05,0.9
11/06/06 15:10,0.7
11/06/06 15:15,0.6
11/06/06 15:20,0.5
11/06/06 15:25,0.4
11/06/06 15:30,0.3
11/06/06 15:35,0.3
11/06/06 15:40,0.2
11/06/06 15:45,0.2
11/06/06 15:50,0.1
11/06/06 15:55,0.1
11/06/06 16:00,0.1
11/06/06 16:05,0.1
11/06/06 16:10,0.0
11/06/06 16:15,0.0
11/06/06 16:20,0.0
11/06/06 16:25,0.0
11/06/06 16:30,0.0
11/06/06 16:35,0.0
11/06/06 16:40,0.0
11/06/06 16:45,0.0
11/06/06 16:50,0.0
11/06/06 16:55,0.0
11/06/06 17:00,0.0
11/06/06 17:05,0.0
11/06/06 17:10,0.0
11/06/06 17:15,0.0
11/06/06 17:20,0.0
11/06/06 17:25,0.0
11/06/06 17:30,0.0
11/06/06 17:35,0.0
11/06/06 17:40,0.0
11/06/06 17:45,0.0
11/06/06 17:50,0.0
11/06/06 17:55,0.0
11/06/06 18:00,0.0
11/06/06 18:05,0.0
11/06/06 18:10,0.0
11/06/06 18:15,0.0
11/06/06 18:20,0.0
11/06/06 18:25,0.0
11/06/06 18:30,0.0
11/06/06 18:35,0.0
11/06/06 18:40,0.0
11/06/06 18:45,0.0
11/06/06 18:50,0.0
11/06/06 18:55,0.0
11/06/06 19:00,0.0
11/06/06 19:05,0.0
11/06/06 19:10,0.0
11/06/06 19:15,0.0
11/06/06 19:20,0.0
11/06/06 19:25,0.0
11/06/06 19:30,0.0
11/06/06 19:35,0.0
11/06/06 19:40,0.0
11/06/06 19:45,0.0
11/06/06 19:50,0.0
11/06/06 19:55,0.0
11/06/06 20:00,0.0
11/06/06 20:05,0.0
11/06/06 20:10,0.0
11/06/06 20:15,0.0
11/06/06 20:20,0.0
11/06/06 20:25,0.0
11/06/06 20:30,0.0
11/06/06 20:35,0.0
11/06/06 20:40,0.0
11/06/06 20:45,0.0
11/06/06 20:50,0.0
11/06/06 20:55,0.0
11/06/06 21:00,0.0
11/06/06 21:05,0.0
11/06/06 21:10,0.0
11/06/06 21:15,0.0
11/06/06 21:20,0.0
11/06/06 21:25,0.0
11/06/06 21:30,0.0
11/06/06 21:35,0.0
11/06/06 21:40,0.0
11/06/06 21:45,0.0
11/06/06 21:50,0.0
11/06/06 21:55,0.0
11/06/06 22:00,0.0
11/06/06 22:05,0.0
11/06/06 22:10,0.0
11/06/06 22:15,0.0
11/06/06 22:20,0.0
11/06/06 22:25,0.0
11/06/06 22:30,0.0
11/06/06 22:35,0.0
11/06/06 22:40,0.0
11/06/06 22:45,0.0
11/06/06 22:50,0.0
11/06/06 22:55,0.0
11/06/06 23:00,0.0
11/06/06 23:05,0.0
11/06/06 23:10,0.0
11/06/06 23:15,0.0
11/06/06 23:20,0.0
11/06/06 23:25,0.0
11/06/06 23:30,0.0
11/06/06 23:35,0.0
11/06/06 23:40,0.0
11/06/06 23:45,0.0
11/06/06 23:50,0.0
11/06/06 23:55,0.0
11/07/06 00:00,0.0
11/07/06 00:05,0.0
11/07/06 00:10,0.0
11/07/06 00:15,0.0
11/07/06 00:20,0.0
11/07/06 00:25,0.0
11/07/06 00:30,0.0
11/07/06 00:35,0.0
11/07/06 00:40,0.0
11/07/06 00:45,0.0
11/07/06 00:50,0.0
11/07/06 00:55,0.0
11/07/06 01:00,0.0
11/07/06 01:05,0.0
11/07/06 01:10,0.0
11/07/06 01:15,0.0
11/07/06 01:20,0.0
11/07/06 01:25,0.0
11/07/06 01:30,0.0
11/07/06 01:35,0.0
11/07/06 01:40,0.0
11/07/06 01:45,0.0
11/07/06 01:50,0.0
11/07/06 01:55,0.0
11/07/06 02:00,0.0
11/07/06 02:05,0.0
11/07/06 02:10,0.0
11/07/06 02:15,0.0
11/07/06 02:20,0.0
11/07/06 02:25,0.0
11/07/06 02:30,0.0
11/07/06 02:35,0.0
11/07/06 02:40,0.0
11/07/06 02:45,0.0
11/07/06 02:50,0.0
11/07/06 02:55,0.0
11/07/06 03:00,0.0
11/07/06 03:05,0.0
11/07/06 03:10,0.0
11/07/06 03:15,0.0
11/07/06 03:20,0.0
11/07/06 03:25,0.0
11/07/06 03:30,0.0
11/07/06 03:35,0.0
11/07/06 03:40,0.0
11/07/06 03:45,0.0
11/07/06 03:50,0.0
11/07/06 03:55,0.0
11/07/06 04:00,0.0
11/07/06 04:05,0.0
11/07/06 04:10,0.0
11/07/06 04:15,0.0
11/07/06 04:20,0.0
11/07/06 04:25,0.0
11/07/06 04:30,0.0
11/07/06 04:35,0.0
11/07/06 04:40,0.0
11/07/06 04:45,0.0
11/07/06 04:50,0.0
11/07/06 04:55,0.0
11/07/06 05:00,0.0
11/07/06 05:05,0.0
11/07/06 05:10,0.0
11/07/06 05:15,0.0
11/07/06 05:20,0.0
11/07/06 05:25,0.0
11/07/06 05:30,0.0
11/07/06 05:35,0.0
11/07/06 05:40,0.0
11/07/06 05:45,0.0
11/07/06 05:50,0.0
11/07/06 05:55,0.0
11/07/06 06:00,0.0
11/07/06 06:05,0.0
11/07/06 06:10,0.0
11/07/06 06:15,0.0
11/07/06 06:20,0.0
11/07/06 06:25,0.0
11/07/06 06:30,0.0
11/07/06 06:35,0.0
11/07/06 06:40,0.0
11/07/06 06:45,0.0
11/07/06 06:50,0.0
11/07/06 06:55,0.0
11/07/06 07:00,0.0
11/07/06 07:05,0.1
11/07/06 07:10,0.4
11/07/06 07:15,0.9
11/07/06 07:20,1.6
11/07/06 07:25,3.0
11/07/06 07:30,3.8
11/07/06 07:35,4.2
11/07/06 07:40,4.7
11/07/06 07:45,4.9
11/07/06 07:50,5.3
11/07/06 07:55,5.8
11/07/06 08:00,6.0
11/07/06 08:05,6.2
11/07/06 08:10,6.6
11/07/06 08:15,6.8
11/07/06 08:20,6.9
11/07/06 08:25,6.7
11/07/06 08:30,6.5
11/07/06 08:35,6.1
11/07/06 08:40,5.6
11/07/06 08:45,5.3
11/07/06 08:50,4.9
11/07/06 08:55,4.6
11/07/06 09:00,4.3
11/07/06 09:05,4.0
11/07/06 09:10,3.7
11/07/06 09:15,2.6
11/07/06 09:20,3.6
11/07/06 09:25,4.7
11/07/06 09:30,5.3
11/07/06 09:35,5.7
11/07/06 09:40,5.8
11/07/06 09:45,9.1
11/07/06 09:50,9.9
11/07/06 09:55,8.7
11/07/06 10:00,8.1
11/07/06 10:05,7.9
11/07/06 10:10,7.3
11/07/06 10:15,9.5
11/07/06 10:20,13.5
11/07/06 10:25,18.1
11/07/06 10:30,17.8
11/07/06 10:35,14.6
11/07/06 10:40,12.2
11/07/06 10:45,11.0
11/07/06 10:50,10.4
11/07/06 10:55,9.4
11/07/06 11:00,12.9
11/07/06 11:05,14.2
11/07/06 11:10,11.7
11/07/06 11:15,8.8
11/07/06 11:20,9.8
11/07/06 11:25,11.3
11/07/06 11:30,12.6
11/07/06 11:35,11.3
11/07/06 11:40,8.6
11/07/06 11:45,6.5
11/07/06 11:50,5.8
11/07/06 11:55,7.5
11/07/06 12:00,9.7
11/07/06 12:05,11.1
11/07/06 12:10,11.7
11/07/06 12:15,10.9
11/07/06 12:20,8.9
11/07/06 12:25,6.2
11/07/06 12:30,4.7
11/07/06 12:35,4.0
11/07/06 12:40,1.3
11/07/06 12:45,0.3
11/07/06 12:50,0.2
11/07/06 12:55,0.4
11/07/06 13:00,0.5
11/07/06 13:05,0.5
11/07/06 13:10,0.5
11/07/06 13:15,1.1
11/07/06 13:20,3.7
11/07/06 13:25,4.9
11/07/06 13:30,5.8
11/07/06 13:35,6.9
11/07/06 13:40,7.8
11/07/06 13:45,8.6
11/07/06 13:50,9.9
11/07/06 13:55,11.0
11/07/06 14:00,12.2
11/07/06 14:05,13.0
11/07/06 14:10,13.7
11/07/06 14:15,14.2
11/07/06 14:20,13.7
11/07/06 14:25,13.7
11/07/06 14:30,13.6
11/07/06 14:35,13.2
11/07/06 14:40,12.5
11/07/06 14:45,11.1
11/07/06 14:50,9.9
11/07/06 14:55,8.9
11/07/06 15:00,8.0
11/07/06 15:05,7.1
11/07/06 15:10,5.8
11/07/06 15:15,6.4
11/07/06 15:20,7.3
11/07/06 15:25,7.8
11/07/06 15:30,8.0
11/07/06 15:35,6.5
11/07/06 15:40,5.9
11/07/06 15:45,5.9
11/07/06 15:50,5.4
11/07/06 15:55,4.5
11/07/06 16:00,3.6
11/07/06 16:05,2.6
11/07/06 16:10,2.2
11/07/06 16:15,1.4
11/07/06 16:20,0.7
11/07/06 16:25,0.2
11/07/06 16:30,0.0
11/07/06 16:35,0.0
11/07/06 16:40,0.0
11/07/06 16:45,0.0
11/07/06 16:50,0.0
11/07/06 16:55,0.0
11/07/06 17:00,0.0
11/07/06 17:05,0.0
11/07/06 17:10,0.0
11/07/06 17:15,0.0
11/07/06 17:20,0.0
11/07/06 17:25,0.0
11/07/06 17:30,0.0
11/07/06 17:35,0.0
11/07/06 17:40,0.0
11/07/06 17:45,0.0
11/07/06 17:50,0.0
11/07/06 17:55,0.0
11/07/06 18:00,0.0
11/07/06 18:05,0.0
11/07/06 18:10,0.0
11/07/06 18:15,0.0
11/07/06 18:20,0.0
11/07/06 18:25,0.0
11/07/06 18:30,0.0
11/07/06 18:35,0.0
11/07/06 18:40,0.0
11/07/06 18:45,0.0
11/07/06 18:50,0.0
11/07/06 18:55,0.0
11/07/06 19:00,0.0
11/07/06 19:05,0.0
11/07/06 19:10,0.0
11/07/06 19:15,0.0
11/07/06 19:20,0.0
11/07/06 19:25,0.0
11/07/06 19:30,0.0
11/07/06 19:35,0.0
11/07/06 19:40,0.0
11/07/06 19:45,0.0
11/07/06 19:50,0.0
11/07/06 19:55,0.0
11/07/06 20:00,0.0
11/07/06 20:05,0.0
11/07/06 20:10,0.0
11/07/06 20:15,0.0
11/07/06 20:20,0.0
11/07/06 20:25,0.0
11/07/06 20:30,0.0
11/07/06 20:35,0.0
11/07/06 20:40,0.0
11/07/06 20:45,0.0
11/07/06 20:50,0.0
11/07/06 20:55,0.0
11/07/06 21:00,0.0
11/07/06 21:05,0.0
11/07/06 21:10,0.0
11/07/06 21:15,0.0
11/07/06 21:20,0.0
11/07/06 21:25,0.0
11/07/06 21:30,0.0
11/07/06 21:35,0.0
11/07/06 21:40,0.0
11/07/06 21:45,0.0
11/07/06 21:50,0.0
11/07/06 21:55,0.0
11/07/06 22:00,0.0
11/07/06 22:05,0.0
11/07/06 22:10,0.0
11/07/06 22:15,0.0
11/07/06 22:20,0.0
11/07/06 22:25,0.0
11/07/06 22:30,0.0
11/07/06 22:35,0.0
11/07/06 22:40,0.0
11/07/06 22:45,0.0
11/07/06 22:50,0.0
11/07/06 22:55,0.0
11/07/06 23:00,0.0
11/07/06 23:05,0.0
11/07/06 23:10,0.0
11/07/06 23:15,0.0
11/07/06 23:20,0.0
11/07/06 23:25,0.0
11/07/06 23:30,0.0
11/07/06 23:35,0.0
11/07/06 23:40,0.0
11/07/06 23:45,0.0
11/07/06 23:50,0.0
11/07/06 23:55,0.0
11/08/06 00:00,0.0
11/08/06 00:05,0.0
11/08/06 00:10,0.0
11/08/06 00:15,0.0
11/08/06 00:20,0.0
11/08/06 00:25,0.0
11/08/06 00:30,0.0
11/08/06 00:35,0.0
11/08/06 00:40,0.0
11/08/06 00:45,0.0
11/08/06 00:50,0.0
11/08/06 00:55,0.0
11/08/06 01:00,0.0
11/08/06 01:05,0.0
11/08/06 01:10,0.0
11/08/06 01:15,0.0
11/08/06 01:20,0.0
11/08/06 01:25,0.0
11/08/06 01:30,0.0
11/08/06 01:35,0.0
11/08/06 01:40,0.0
11/08/06 01:45,0.0
11/08/06 01:50,0.0
11/08/06 01:55,0.0
11/08/06 02:00,0.0
11/08/06 02:05,0.0
11/08/06 02:10,0.0
11/08/06 02:15,0.0
11/08/06 02:20,0.0
11/08/06 02:25,0.0
11/08/06 02:30,0.0
11/08/06 02:35,0.0
11/08/06 02:40,0.0
11/08/06 02:45,0.0
11/08/06 02:50,0.0
11/08/06 02:55,0.0
11/08/06 03:00,0.0
11/08/06 03:05,0.0
11/08/06 03:10,0.0
11/08/06 03:15,0.0
11/08/06 03:20,0.0
11/08/06 03:25,0.0
11/08/06 03:30,0.0
11/08/06 03:35,0.0
11/08/06 03:40,0.0
11/08/06 03:45,0.0
11/08/06 03:50,0.0
11/08/06 03:55,0.0
11/08/06 04:00,0.0
11/08/06 04:05,0.0
11/08/06 04:10,0.0
11/08/06 04:15,0.0
11/08/06 04:20,0.0
11/08/06 04:25,0.0
11/08/06 04:30,0.0
11/08/06 04:35,0.0
11/08/06 04:40,0.0
11/08/06 04:45,0.0
11/08/06 04:50,0.0
11/08/06 04:55,0.0
11/08/06 05:00,0.0
11/08/06 05:05,0.0
11/08/06 05:10,0.0
11/08/06 05:15,0.0
11/08/06 05:20,0.0
11/08/06 05:25,0.0
11/08/06 05:30,0.0
11/08/06 05:35,0.0
11/08/06 05:40,0.0
11/08/06 05:45,0.0
11/08/06 05:50,0.0
11/08/06 05:55,0.0
11/08/06 06:00,0.0
11/08/06 06:05,0.0
11/08/06 06:10,0.0
11/08/06 06:15,0.0
11/08/06 06:20,0.0
11/08/06 06:25,0.0
11/08/06 06:30,0.0
11/08/06 06:35,0.0
11/08/06 06:40,0.0
11/08/06 06:45,0.0
11/08/06 06:50,0.0
11/08/06 06:55,0.0
11/08/06 07:00,0.1
11/08/06 07:05,0.3
11/08/06 07:10,1.0
11/08/06 07:15,2.9
11/08/06 07:20,4.3
11/08/06 07:25,5.1
11/08/06 07:30,5.8
11/08/06 07:35,6.6
11/08/06 07:40,7.3
11/08/06 07:45,8.0
11/08/06 07:50,8.7
11/08/06 07:55,9.4
11/08/06 08:00,10.2
11/08/06 08:05,10.9
11/08/06 08:10,11.7
11/08/06 08:15,12.2
11/08/06 08:20,12.8
11/08/06 08:25,13.4
11/08/06 08:30,14.0
11/08/06 08:35,14.6
11/08/06 08:40,15.3
11/08/06 08:45,16.0
11/08/06 08:50,16.8
11/08/06 08:55,17.6
11/08/06 09:00,18.2
11/08/06 09:05,18.9
11/08/06 09:10,19.4
11/08/06 09:15,19.9
11/08/06 09:20,20.2
11/08/06 09:25,20.4
11/08/06 09:30,20.7
11/08/06 09:35,20.8
11/08/06 09:40,20.9
11/08/06 09:45,21.2
11/08/06 09:50,21.5
11/08/06 09:55,21.5
11/08/06 10:00,21.6
11/08/06 10:05,21.8
11/08/06 10:10,22.1
11/08/06 10:15,22.6
11/08/06 10:20,23.1
11/08/06 10:25,23.5
11/08/06 10:30,23.7
11/08/06 10:35,23.9
11/08/06 10:40,24.0
11/08/06 10:45,24.1
11/08/06 10:50,24.0
11/08/06 10:55,24.1
11/08/06 11:00,24.1
11/08/06 11:05,24.1
11/08/06 11:10,24.1
11/08/06 11:15,24.0
11/08/06 11:20,24.1
11/08/06 11:25,24.4
11/08/06 11:30,24.3
11/08/06 11:35,24.4
11/08/06 11:40,24.5
11/08/06 11:45,24.5
11/08/06 11:50,24.4
11/08/06 11:55,24.2
11/08/06 12:00,24.3
11/08/06 12:05,24.3
11/08/06 12:10,24.6
11/08/06 12:15,24.6
11/08/06 12:20,24.4
11/08/06 12:25,24.0
11/08/06 12:30,23.6
11/08/06 12:35,23.3
11/08/06 12:40,23.1
11/08/06 12:45,22.9
11/08/06 12:50,22.6
11/08/06 12:55,22.2
11/08/06 13:00,21.7
11/08/06 13:05,21.3
11/08/06 13:10,21.0
11/08/06 13:15,21.0
11/08/06 13:20,21.2
11/08/06 13:25,21.2
11/08/06 13:30,21.1
11/08/06 13:35,20.8
11/08/06 13:40,20.6
11/08/06 13:45,20.2
11/08/06 13:50,19.9
11/08/06 13:55,19.5
11/08/06 14:00,19.1
11/08/06 14:05,18.7
11/08/06 14:10,18.1
11/08/06 14:15,17.6
11/08/06 14:20,17.2
11/08/06 14:25,16.7
11/08/06 14:30,16.2
11/08/06 14:35,15.6
11/08/06 14:40,15.0
11/08/06 14:45,14.5
11/08/06 14:50,14.0
11/08/06 14:55,13.4
11/08/06 15:00,12.9
11/08/06 15:05,12.3
11/08/06 15:10,11.7
11/08/06 15:15,11.0
11/08/06 15:20,10.2
11/08/06 15:25,9.5
11/08/06 15:30,8.9
11/08/06 15:35,8.2
11/08/06 15:40,7.5
11/08/06 15:45,6.8
11/08/06 15:50,6.1
11/08/06 15:55,5.5
11/08/06 16:00,4.8
11/08/06 16:05,4.3
11/08/06 16:10,3.7
11/08/06 16:15,2.0
11/08/06 16:20,0.8
11/08/06 16:25,0.2
11/08/06 16:30,0.0
11/08/06 16:35,0.0
11/08/06 16:40,0.0
11/08/06 16:45,0.0
11/08/06 16:50,0.0
11/08/06 16:55,0.0
11/08/06 17:00,0.0
11/08/06 17:05,0.0
11/08/06 17:10,0.0
11/08/06 17:15,0.0
11/08/06 17:20,0.0
11/08/06 17:25,0.0
11/08/06 17:30,0.0
11/08/06 17:35,0.0
11/08/06 17:40,0.0
11/08/06 17:45,0.0
11/08/06 17:50,0.0
11/08/06 17:55,0.0
11/08/06 18:00,0.0
11/08/06 18:05,0.0
11/08/06 18:10,0.0
11/08/06 18:15,0.0
11/08/06 18:20,0.0
11/08/06 18:25,0.0
11/08/06 18:30,0.0
11/08/06 18:35,0.0
11/08/06 18:40,0.0
11/08/06 18:45,0.0
11/08/06 18:50,0.0
11/08/06 18:55,0.0
11/08/06 19:00,0.0
11/08/06 19:05,0.0
11/08/06 19:10,0.0
11/08/06 19:15,0.0
11/08/06 19:20,0.0
11/08/06 19:25,0.0
11/08/06 19:30,0.0
11/08/06 19:35,0.0
11/08/06 19:40,0.0
11/08/06 19:45,0.0
11/08/06 19:50,0.0
11/08/06 19:55,0.0
11/08/06 20:00,0.0
11/08/06 20:05,0.0
11/08/06 20:10,0.0
11/08/06 20:15,0.0
11/08/06 20:20,0.0
11/08/06 20:25,0.0
11/08/06 20:30,0.0
11/08/06 20:35,0.0
11/08/06 20:40,0.0
11/08/06 20:45,0.0
11/08/06 20:50,0.0
11/08/06 20:55,0.0
11/08/06 21:00,0.0
11/08/06 21:05,0.0
11/08/06 21:10,0.0
11/08/06 21:15,0.0
11/08/06 21:20,0.0
11/08/06 21:25,0.0
11/08/06 21:30,0.0
11/08/06 21:35,0.0
11/08/06 21:40,0.0
11/08/06 21:45,0.0
11/08/06 21:50,0.0
11/08/06 21:55,0.0
11/08/06 22:00,0.0
11/08/06 22:05,0.0
11/08/06 22:10,0.0
11/08/06 22:15,0.0
11/08/06 22:20,0.0
11/08/06 22:25,0.0
11/08/06 22:30,0.0
11/08/06 22:35,0.0
11/08/06 22:40,0.0
11/08/06 22:45,0.0
11/08/06 22:50,0.0
11/08/06 22:55,0.0
11/08/06 23:00,0.0
11/08/06 23:05,0.0
11/08/06 23:10,0.0
11/08/06 23:15,0.0
11/08/06 23:20,0.0
11/08/06 23:25,0.0
11/08/06 23:30,0.0
11/08/06 23:35,0.0
11/08/06 23:40,0.0
11/08/06 23:45,0.0
11/08/06 23:50,0.0
11/08/06 23:55,0.0
11/09/06 00:00,0.0
11/09/06 00:05,0.0
11/09/06 00:10,0.0
11/09/06 00:15,0.0
11/09/06 00:20,0.0
11/09/06 00:25,0.0
11/09/06 00:30,0.0
11/09/06 00:35,0.0
11/09/06 00:40,0.0
11/09/06 00:45,0.0
11/09/06 00:50,0.0
11/09/06 00:55,0.0
11/09/06 01:00,0.0
11/09/06 01:05,0.0
11/09/06 01:10,0.0
11/09/06 01:15,0.0
11/09/06 01:20,0.0
11/09/06 01:25,0.0
11/09/06 01:30,0.0
11/09/06 01:35,0.0
11/09/06 01:40,0.0
11/09/06 01:45,0.0
11/09/06 01:50,0.0
11/09/06 01:55,0.0
11/09/06 02:00,0.0
11/09/06 02:05,0.0
11/09/06 02:10,0.0
11/09/06 02:15,0.0
11/09/06 02:20,0.0
11/09/06 02:25,0.0
11/09/06 02:30,0.0
11/09/06 02:35,0.0
11/09/06 02:40,0.0
11/09/06 02:45,0.0
11/09/06 02:50,0.0
11/09/06 02:55,0.0
11/09/06 03:00,0.0
11/09/06 03:05,0.0
11/09/06 03:10,0.0
11/09/06 03:15,0.0
11/09/06 03:20,0.0
11/09/06 03:25,0.0
11/09/06 03:30,0.0
11/09/06 03:35,0.0
11/09/06 03:40,0.0
11/09/06 03:45,0.0
11/09/06 03:50,0.0
11/09/06 03:55,0.0
11/09/06 04:00,0.0
11/09/06 04:05,0.0
11/09/06 04:10,0.0
11/09/06 04:15,0.0
11/09/06 04:20,0.0
11/09/06 04:25,0.0
11/09/06 04:30,0.0
11/09/06 04:35,0.0
11/09/06 04:40,0.0
11/09/06 04:45,0.0
11/09/06 04:50,0.0
11/09/06 04:55,0.0
11/09/06 05:00,0.0
11/09/06 05:05,0.0
11/09/06 05:10,0.0
11/09/06 05:15,0.0
11/09/06 05:20,0.0
11/09/06 05:25,0.0
11/09/06 05:30,0.0
11/09/06 05:35,0.0
11/09/06 05:40,0.0
11/09/06 05:45,0.0
11/09/06 05:50,0.0
11/09/06 05:55,0.0
11/09/06 06:00,0.0
11/09/06 06:05,0.0
11/09/06 06:10,0.0
11/09/06 06:15,0.0
11/09/06 06:20,0.0
11/09/06 06:25,0.0
11/09/06 06:30,0.0
11/09/06 06:35,0.0
11/09/06 06:40,0.0
11/09/06 06:45,0.0
11/09/06 06:50,0.0
11/09/06 06:55,0.0
11/09/06 07:00,0.2
11/09/06 07:05,1.1
11/09/06 07:10,2.9
11/09/06 07:15,4.3
11/09/06 07:20,5.1
11/09/06 07:25,5.7
11/09/06 07:30,6.4
11/09/06 07:35,7.2
11/09/06 07:40,7.8
11/09/06 07:45,8.4
11/09/06 07:50,9.1
11/09/06 07:55,9.7
11/09/06 08:00,10.3
11/09/06 08:05,10.9
11/09/06 08:10,11.5
11/09/06 08:15,12.3
11/09/06 08:20,13.1
11/09/06 08:25,13.8
11/09/06 08:30,14.6
11/09/06 08:35,15.3
11/09/06 08:40,15.9
11/09/06 08:45,16.5
11/09/06 08:50,17.0
11/09/06 08:55,17.5
11/09/06 09:00,18.1
11/09/06 09:05,18.5
11/09/06 09:10,18.9
11/09/06 09:15,19.2
11/09/06 09:20,19.5
11/09/06 09:25,19.8
11/09/06 09:30,20.1
11/09/06 09:35,20.5
11/09/06 09:40,20.9
11/09/06 09:45,21.3
11/09/06 09:50,21.8
11/09/06 09:55,22.1
11/09/06 10:00,22.3
11/09/06 10:05,22.6
11/09/06 10:10,22.9
11/09/06 10:15,23.1
11/09/06 10:20,23.1
11/09/06 10:25,23.2
11/09/06 10:30,23.2
11/09/06 10:35,23.2
11/09/06 10:40,23.4
11/09/06 10:45,23.3
11/09/06 10:50,23.4
11/09/06 10:55,23.5
11/09/06 11:00,23.7
11/09/06 11:05,24.0
11/09/06 11:10,24.1
11/09/06 11:15,24.1
11/09/06 11:20,24.1
11/09/06 11:25,24.1
11/09/06 11:30,24.0
11/09/06 11:35,23.9
11/09/06 11:40,23.7
11/09/06 11:45,23.8
11/09/06 11:50,23.7
11/09/06 11:55,23.5
11/09/06 12:00,23.5
11/09/06 12:05,23.7
11/09/06 12:10,23.7
11/09/06 12:15,23.7
11/09/06 12:20,23.5
11/09/06 12:25,23.3
11/09/06 12:30,23.2
11/09/06 12:35,23.1
11/09/06 12:40,22.9
11/09/06 12:45,22.6
11/09/06 12:50,22.2
11/09/06 12:55,21.9
11/09/06 13:00,21.5
11/09/06 13:05,21.1
11/09/06 13:10,20.8
11/09/06 13:15,20.8
11/09/06 13:20,20.8
11/09/06 13:25,20.7
11/09/06 13:30,20.4
11/09/06 13:35,20.3
11/09/06 13:40,20.2
11/09/06 13:45,20.0
11/09/06 13:50,19.8
11/09/06 13:55,19.4
11/09/06 14:00,19.1
11/09/06 14:05,18.7
11/09/06 14:10,18.1
11/09/06 14:15,17.5
11/09/06 14:20,16.9
11/09/06 14:25,16.3
11/09/06 14:30,15.7
11/09/06 14:35,15.2
11/09/06 14:40,14.5
11/09/06 14:45,14.0
11/09/06 14:50,13.4
11/09/06 14:55,12.9
11/09/06 15:00,12.4
11/09/06 15:05,11.8
11/09/06 15:10,11.2
11/09/06 15:15,10.5
11/09/06 15:20,9.9
11/09/06 15:25,9.3
11/09/06 15:30,8.7
11/09/06 15:35,8.0
11/09/06 15:40,7.3
11/09/06 15:45,6.7
11/09/06 15:50,6.0
11/09/06 15:55,5.3
11/09/06 16:00,4.7
11/09/06 16:05,4.2
11/09/06 16:10,3.6
11/09/06 16:15,2.0
11/09/06 16:20,0.8
11/09/06 16:25,0.3
11/09/06 16:30,0.0
11/09/06 16:35,0.0
11/09/06 16:40,0.0
11/09/06 16:45,0.0
11/09/06 16:50,0.0
11/09/06 16:55,0.0
11/09/06 17:00,0.0
11/09/06 17:05,0.0
11/09/06 17:10,0.0
11/09/06 17:15,0.0
11/09/06 17:20,0.0
11/09/06 17:25,0.0
11/09/06 17:30,0.0
11/09/06 17:35,0.0
11/09/06 17:40,0.0
11/09/06 17:45,0.0
11/09/06 17:50,0.0
11/09/06 17:55,0.0
11/09/06 18:00,0.0
11/09/06 18:05,0.0
11/09/06 18:10,0.0
11/09/06 18:15,0.0
11/09/06 18:20,0.0
11/09/06 18:25,0.0
11/09/06 18:30,0.0
11/09/06 18:35,0.0
11/09/06 18:40,0.0
11/09/06 18:45,0.0
11/09/06 18:50,0.0
11/09/06 18:55,0.0
11/09/06 19:00,0.0
11/09/06 19:05,0.0
11/09/06 19:10,0.0
11/09/06 19:15,0.0
11/09/06 19:20,0.0
11/09/06 19:25,0.0
11/09/06 19:30,0.0
11/09/06 19:35,0.0
11/09/06 19:40,0.0
11/09/06 19:45,0.0
11/09/06 19:50,0.0
11/09/06 19:55,0.0
11/09/06 20:00,0.0
11/09/06 20:05,0.0
11/09/06 20:10,0.0
11/09/06 20:15,0.0
11/09/06 20:20,0.0
11/09/06 20:25,0.0
11/09/06 20:30,0.0
11/09/06 20:35,0.0
11/09/06 20:40,0.0
11/09/06 20:45,0.0
11/09/06 20:50,0.0
11/09/06 20:55,0.0
11/09/06 21:00,0.0
11/09/06 21:05,0.0
11/09/06 21:10,0.0
11/09/06 21:15,0.0
11/09/06 21:20,0.0
11/09/06 21:25,0.0
11/09/06 21:30,0.0
11/09/06 21:35,0.0
11/09/06 21:40,0.0
11/09/06 21:45,0.0
11/09/06 21:50,0.0
11/09/06 21:55,0.0
11/09/06 22:00,0.0
11/09/06 22:05,0.0
11/09/06 22:10,0.0
11/09/06 22:15,0.0
11/09/06 22:20,0.0
11/09/06 22:25,0.0
11/09/06 22:30,0.0
11/09/06 22:35,0.0
11/09/06 22:40,0.0
11/09/06 22:45,0.0
11/09/06 22:50,0.0
11/09/06 22:55,0.0
11/09/06 23:00,0.0
11/09/06 23:05,0.0
11/09/06 23:10,0.0
11/09/06 23:15,0.0
11/09/06 23:20,0.0
11/09/06 23:25,0.0
11/09/06 23:30,0.0
11/09/06 23:35,0.0
11/09/06 23:40,0.0
11/09/06 23:45,0.0
11/09/06 23:50,0.0
11/09/06 23:55,0.0
11/10/06 00:00,0.0
11/10/06 00:05,0.0
11/10/06 00:10,0.0
11/10/06 00:15,0.0
11/10/06 00:20,0.0
11/10/06 00:25,0.0
11/10/06 00:30,0.0
11/10/06 00:35,0.0
11/10/06 00:40,0.0
11/10/06 00:45,0.0
11/10/06 00:50,0.0
11/10/06 00:55,0.0
11/10/06 01:00,0.0
11/10/06 01:05,0.0
11/10/06 01:10,0.0
11/10/06 01:15,0.0
11/10/06 01:20,0.0
11/10/06 01:25,0.0
11/10/06 01:30,0.0
11/10/06 01:35,0.0
11/10/06 01:40,0.0
11/10/06 01:45,0.0
11/10/06 01:50,0.0
11/10/06 01:55,0.0
11/10/06 02:00,0.0
11/10/06 02:05,0.0
11/10/06 02:10,0.0
11/10/06 02:15,0.0
11/10/06 02:20,0.0
11/10/06 02:25,0.0
11/10/06 02:30,0.0
11/10/06 02:35,0.0
11/10/06 02:40,0.0
11/10/06 02:45,0.0
11/10/06 02:50,0.0
11/10/06 02:55,0.0
11/10/06 03:00,0.0
11/10/06 03:05,0.0
11/10/06 03:10,0.0
11/10/06 03:15,0.0
11/10/06 03:20,0.0
11/10/06 03:25,0.0
11/10/06 03:30,0.0
11/10/06 03:35,0.0
11/10/06 03:40,0.0
11/10/06 03:45,0.0
11/10/06 03:50,0.0
11/10/06 03:55,0.0
11/10/06 04:00,0.0
11/10/06 04:05,0.0
11/10/06 04:10,0.0
11/10/06 04:15,0.0
11/10/06 04:20,0.0
11/10/06 04:25,0.0
11/10/06 04:30,0.0
11/10/06 04:35,0.0
11/10/06 04:40,0.0
11/10/06 04:45,0.0
11/10/06 04:50,0.0
11/10/06 04:55,0.0
11/10/06 05:00,0.0
11/10/06 05:05,0.0
11/10/06 05:10,0.0
11/10/06 05:15,0.0
11/10/06 05:20,0.0
11/10/06 05:25,0.0
11/10/06 05:30,0.0
11/10/06 05:35,0.0
11/10/06 05:40,0.0
11/10/06 05:45,0.0
11/10/06 05:50,0.0
11/10/06 05:55,0.0
11/10/06 06:00,0.0
11/10/06 06:05,0.0
11/10/06 06:10,0.0
11/10/06 06:15,0.0
11/10/06 06:20,0.0
11/10/06 06:25,0.0
11/10/06 06:30,0.0
11/10/06 06:35,0.0
11/10/06 06:40,0.0
11/10/06 06:45,0.0
11/10/06 06:50,0.0
11/10/06 06:55,0.0
11/10/06 07:00,0.2
11/10/06 07:05,0.7
11/10/06 07:10,2.1
11/10/06 07:15,4.0
11/10/06 07:20,4.9
11/10/06 07:25,5.6
11/10/06 07:30,6.3
11/10/06 07:35,7.0
11/10/06 07:40,7.7
11/10/06 07:45,8.4
11/10/06 07:50,9.0
11/10/06 07:55,9.7
11/10/06 08:00,10.4
11/10/06 08:05,11.0
11/10/06 08:10,11.4
11/10/06 08:15,11.9
11/10/06 08:20,12.2
11/10/06 08:25,12.3
11/10/06 08:30,13.0
11/10/06 08:35,13.5
11/10/06 08:40,14.3
11/10/06 08:45,14.9
11/10/06 08:50,15.5
11/10/06 08:55,14.9
11/10/06 09:00,11.9
11/10/06 09:05,10.2
11/10/06 09:10,10.8
11/10/06 09:15,12.8
11/10/06 09:20,13.8
11/10/06 09:25,13.8
11/10/06 09:30,14.6
11/10/06 09:35,15.2
11/10/06 09:40,14.3
11/10/06 09:45,15.7
11/10/06 09:50,16.9
11/10/06 09:55,17.8
11/10/06 10:00,18.4
11/10/06 10:05,18.2
11/10/06 10:10,20.1
11/10/06 10:15,20.2
11/10/06 10:20,19.7
11/10/06 10:25,19.8
11/10/06 10:30,19.6
11/10/06 10:35,19.2
11/10/06 10:40,19.1
11/10/06 10:45,19.3
11/10/06 10:50,19.7
11/10/06 10:55,20.2
11/10/06 11:00,20.8
11/10/06 11:05,21.4
11/10/06 11:10,21.7
11/10/06 11:15,21.0
11/10/06 11:20,18.6
11/10/06 11:25,17.8
11/10/06 11:30,17.3
11/10/06 11:35,15.0
11/10/06 11:40,16.6
11/10/06 11:45,18.2
11/10/06 11:50,19.7
11/10/06 11:55,20.1
11/10/06 12:00,20.5
11/10/06 12:05,21.5
11/10/06 12:10,20.0
11/10/06 12:15,19.4
11/10/06 12:20,19.7
11/10/06 12:25,18.7
11/10/06 12:30,18.3
11/10/06 12:35,19.2
11/10/06 12:40,20.5
11/10/06 12:45,20.1
11/10/06 12:50,19.9
11/10/06 12:55,19.4
11/10/06 13:00,18.9
11/10/06 13:05,19.5
11/10/06 13:10,18.9
11/10/06 13:15,18.0
11/10/06 13:20,17.6
11/10/06 13:25,18.4
11/10/06 13:30,18.3
11/10/06 13:35,18.0
11/10/06 13:40,18.0
11/10/06 13:45,16.7
11/10/06 13:50,16.1
11/10/06 13:55,16.2
11/10/06 14:00,13.0
11/10/06 14:05,10.6
11/10/06 14:10,8.2
11/10/06 14:15,9.3
11/10/06 14:20,11.2
11/10/06 14:25,12.0
11/10/06 14:30,12.5
11/10/06 14:35,11.5
11/10/06 14:40,10.9
11/10/06 14:45,10.3
11/10/06 14:50,9.4
11/10/06 14:55,9.5
11/10/06 15:00,9.7
11/10/06 15:05,9.0
11/10/06 15:10,7.5
11/10/06 15:15,7.1
11/10/06 15:20,6.9
11/10/06 15:25,6.8
11/10/06 15:30,6.5
11/10/06 15:35,5.9
11/10/06 15:40,5.7
11/10/06 15:45,5.8
11/10/06 15:50,5.2
11/10/06 15:55,4.5
11/10/06 16:00,3.0
11/10/06 16:05,1.8
11/10/06 16:10,0.9
11/10/06 16:15,0.4
11/10/06 16:20,0.1
11/10/06 16:25,0.0
11/10/06 16:30,0.0
11/10/06 16:35,0.0
11/10/06 16:40,0.0
11/10/06 16:45,0.0
11/10/06 16:50,0.0
11/10/06 16:55,0.0
11/10/06 17:00,0.0
11/10/06 17:05,0.0
11/10/06 17:10,0.0
11/10/06 17:15,0.0
11/10/06 17:20,0.0
11/10/06 17:25,0.0
11/10/06 17:30,0.0
11/10/06 17:35,0.0
11/10/06 17:40,0.0
11/10/06 17:45,0.0
11/10/06 17:50,0.0
11/10/06 17:55,0.0
11/10/06 18:00,0.0
11/10/06 18:05,0.0
11/10/06 18:10,0.0
11/10/06 18:15,0.0
11/10/06 18:20,0.0
11/10/06 18:25,0.0
11/10/06 18:30,0.0
11/10/06 18:35,0.0
11/10/06 18:40,0.0
11/10/06 18:45,0.0
11/10/06 18:50,0.0
11/10/06 18:55,0.0
11/10/06 19:00,0.0
11/10/06 19:05,0.0
11/10/06 19:10,0.0
11/10/06 19:15,0.0
11/10/06 19:20,0.0
11/10/06 19:25,0.0
11/10/06 19:30,0.0
11/10/06 19:35,0.0
11/10/06 19:40,0.0
11/10/06 19:45,0.0
11/10/06 19:50,0.0
11/10/06 19:55,0.0
11/10/06 20:00,0.0
11/10/06 20:05,0.0
11/10/06 20:10,0.0
11/10/06 20:15,0.0
11/10/06 20:20,0.0
11/10/06 20:25,0.0
11/10/06 20:30,0.0
11/10/06 20:35,0.0
11/10/06 20:40,0.0
11/10/06 20:45,0.0
11/10/06 20:50,0.0
11/10/06 20:55,0.0
11/10/06 21:00,0.0
11/10/06 21:05,0.0
11/10/06 21:10,0.0
11/10/06 21:15,0.0
11/10/06 21:20,0.0
11/10/06 21:25,0.0
11/10/06 21:30,0.0
11/10/06 21:35,0.0
11/10/06 21:40,0.0
11/10/06 21:45,0.0
11/10/06 21:50,0.0
11/10/06 21:55,0.0
11/10/06 22:00,0.0
11/10/06 22:05,0.0
11/10/06 22:10,0.0
11/10/06 22:15,0.0
11/10/06 22:20,0.0
11/10/06 22:25,0.0
11/10/06 22:30,0.0
11/10/06 22:35,0.0
11/10/06 22:40,0.0
11/10/06 22:45,0.0
11/10/06 22:50,0.0
11/10/06 22:55,0.0
11/10/06 23:00,0.0
11/10/06 23:05,0.0
11/10/06 23:10,0.0
11/10/06 23:15,0.0
11/10/06 23:20,0.0
11/10/06 23:25,0.0
11/10/06 23:30,0.0
11/10/06 23:35,0.0
11/10/06 23:40,0.0
11/10/06 23:45,0.0
11/10/06 23:50,0.0
11/10/06 23:55,0.0
11/11/06 00:00,0.0
11/11/06 00:05,0.0
11/11/06 00:10,0.0
11/11/06 00:15,0.0
11/11/06 00:20,0.0
11/11/06 00:25,0.0
11/11/06 00:30,0.0
11/11/06 00:35,0.0
11/11/06 00:40,0.0
11/11/06 00:45,0.0
11/11/06 00:50,0.0
11/11/06 00:55,0.0
11/11/06 01:00,0.0
11/11/06 01:05,0.0
11/11/06 01:10,0.0
11/11/06 01:15,0.0
11/11/06 01:20,0.0
11/11/06 01:25,0.0
11/11/06 01:30,0.0
11/11/06 01:35,0.0
11/11/06 01:40,0.0
11/11/06 01:45,0.0
11/11/06 01:50,0.0
11/11/06 01:55,0.0
11/11/06 02:00,0.0
11/11/06 02:05,0.0
11/11/06 02:10,0.0
11/11/06 02:15,0.0
11/11/06 02:20,0.0
11/11/06 02:25,0.0
11/11/06 02:30,0.0
11/11/06 02:35,0.0
11/11/06 02:40,0.0
11/11/06 02:45,0.0
11/11/06 02:50,0.0
11/11/06 02:55,0.0
11/11/06 03:00,0.0
11/11/06 03:05,0.0
11/11/06 03:10,0.0
11/11/06 03:15,0.0
11/11/06 03:20,0.0
11/11/06 03:25,0.0
11/11/06 03:30,0.0
11/11/06 03:35,0.0
11/11/06 03:40,0.0
11/11/06 03:45,0.0
11/11/06 03:50,0.0
11/11/06 03:55,0.0
11/11/06 04:00,0.0
11/11/06 04:05,0.0
11/11/06 04:10,0.0
11/11/06 04:15,0.0
11/11/06 04:20,0.0
11/11/06 04:25,0.0
11/11/06 04:30,0.0
11/11/06 04:35,0.0
11/11/06 04:40,0.0
11/11/06 04:45,0.0
11/11/06 04:50,0.0
11/11/06 04:55,0.0
11/11/06 05:00,0.0
11/11/06 05:05,0.0
11/11/06 05:10,0.0
11/11/06 05:15,0.0
11/11/06 05:20,0.0
11/11/06 05:25,0.0
11/11/06 05:30,0.0
11/11/06 05:35,0.0
11/11/06 05:40,0.0
11/11/06 05:45,0.0
11/11/06 05:50,0.0
11/11/06 05:55,0.0
11/11/06 06:00,0.0
11/11/06 06:05,0.0
11/11/06 06:10,0.0
11/11/06 06:15,0.0
11/11/06 06:20,0.0
11/11/06 06:25,0.0
11/11/06 06:30,0.0
11/11/06 06:35,0.0
11/11/06 06:40,0.0
11/11/06 06:45,0.0
11/11/06 06:50,0.0
11/11/06 06:55,0.0
11/11/06 07:00,0.0
11/11/06 07:05,0.0
11/11/06 07:10,0.1
11/11/06 07:15,0.3
11/11/06 07:20,0.8
11/11/06 07:25,1.6
11/11/06 07:30,2.0
11/11/06 07:35,2.2
11/11/06 07:40,1.9
11/11/06 07:45,2.7
11/11/06 07:50,2.4
11/11/06 07:55,2.4
11/11/06 08:00,3.2
11/11/06 08:05,3.2
11/11/06 08:10,3.3
11/11/06 08:15,4.2
11/11/06 08:20,5.1
11/11/06 08:25,5.6
11/11/06 08:30,5.8
11/11/06 08:35,5.7
11/11/06 08:40,5.6
11/11/06 08:45,5.4
11/11/06 08:50,5.2
11/11/06 08:55,5.1
11/11/06 09:00,4.9
11/11/06 09:05,4.7
11/11/06 09:10,4.3
11/11/06 09:15,4.3
11/11/06 09:20,4.6
11/11/06 09:25,4.6
11/11/06 09:30,4.9
11/11/06 09:35,5.0
11/11/06 09:40,5.1
11/11/06 09:45,5.0
11/11/06 09:50,5.1
11/11/06 09:55,5.1
11/11/06 10:00,5.1
11/11/06 10:05,5.3
11/11/06 10:10,5.3
11/11/06 10:15,7.9
11/11/06 10:20,10.0
11/11/06 10:25,12.0
11/11/06 10:30,12.9
11/11/06 10:35,10.7
11/11/06 10:40,8.0
11/11/06 10:45,8.5
11/11/06 10:50,8.8
11/11/06 10:55,8.1
11/11/06 11:00,8.6
11/11/06 11:05,10.9
11/11/06 11:10,9.7
11/11/06 11:15,7.8
11/11/06 11:20,9.4
11/11/06 11:25,8.2
11/11/06 11:30,7.9
11/11/06 11:35,10.7
11/11/06 11:40,13.3
11/11/06 11:45,11.7
11/11/06 11:50,10.7
11/11/06 11:55,11.4
11/11/06 12:00,12.6
11/11/06 12:05,14.1
11/11/06 12:10,13.5
11/11/06 12:15,9.6
11/11/06 12:20,7.5
11/11/06 12:25,6.2
11/11/06 12:30,5.9
11/11/06 12:35,6.3
11/11/06 12:40,6.3
11/11/06 12:45,6.4
11/11/06 12:50,7.0
11/11/06 12:55,7.3
11/11/06 13:00,7.6
11/11/06 13:05,8.1
11/11/06 13:10,9.1
11/11/06 13:15,8.3
11/11/06 13:20,6.4
11/11/06 13:25,5.1
11/11/06 13:30,4.2
11/11/06 13:35,3.9
11/11/06 13:40,3.7
11/11/06 13:45,3.5
11/11/06 13:50,3.0
11/11/06 13:55,2.6
11/11/06 14:00,2.4
11/11/06 14:05,2.0
11/11/06 14:10,1.6
11/11/06 14:15,1.2
11/11/06 14:20,1.3
11/11/06 14:25,5.4
11/11/06 14:30,6.9
11/11/06 14:35,7.4
11/11/06 14:40,8.5
11/11/06 14:45,6.2
11/11/06 14:50,4.5
11/11/06 14:55,4.1
11/11/06 15:00,3.9
11/11/06 15:05,3.5
11/11/06 15:10,3.2
11/11/06 15:15,3.9
11/11/06 15:20,3.9
11/11/06 15:25,3.8
11/11/06 15:30,3.9
11/11/06 15:35,3.6
11/11/06 15:40,2.7
11/11/06 15:45,1.9
11/11/06 15:50,0.8
11/11/06 15:55,0.4
11/11/06 16:00,0.2
11/11/06 16:05,0.1
11/11/06 16:10,0.0
11/11/06 16:15,0.0
11/11/06 16:20,0.0
11/11/06 16:25,0.0
11/11/06 16:30,0.0
11/11/06 16:35,0.0
11/11/06 16:40,0.0
11/11/06 16:45,0.0
11/11/06 16:50,0.0
11/11/06 16:55,0.0
11/11/06 17:00,0.0
11/11/06 17:05,0.0
11/11/06 17:10,0.0
11/11/06 17:15,0.0
11/11/06 17:20,0.0
11/11/06 17:25,0.0
11/11/06 17:30,0.0
11/11/06 17:35,0.0
11/11/06 17:40,0.0
11/11/06 17:45,0.0
11/11/06 17:50,0.0
11/11/06 17:55,0.0
11/11/06 18:00,0.0
11/11/06 18:05,0.0
11/11/06 18:10,0.0
11/11/06 18:15,0.0
11/11/06 18:20,0.0
11/11/06 18:25,0.0
11/11/06 18:30,0.0
11/11/06 18:35,0.0
11/11/06 18:40,0.0
11/11/06 18:45,0.0
11/11/06 18:50,0.0
11/11/06 18:55,0.0
11/11/06 19:00,0.0
11/11/06 19:05,0.0
11/11/06 19:10,0.0
11/11/06 19:15,0.0
11/11/06 19:20,0.0
11/11/06 19:25,0.0
11/11/06 19:30,0.0
11/11/06 19:35,0.0
11/11/06 19:40,0.0
11/11/06 19:45,0.0
11/11/06 19:50,0.0
11/11/06 19:55,0.0
11/11/06 20:00,0.0
11/11/06 20:05,0.0
11/11/06 20:10,0.0
11/11/06 20:15,0.0
11/11/06 20:20,0.0
11/11/06 20:25,0.0
11/11/06 20:30,0.0
11/11/06 20:35,0.0
11/11/06 20:40,0.0
11/11/06 20:45,0.0
11/11/06 20:50,0.0
11/11/06 20:55,0.0
11/11/06 21:00,0.0
11/11/06 21:05,0.0
11/11/06 21:10,0.0
11/11/06 21:15,0.0
11/11/06 21:20,0.0
11/11/06 21:25,0.0
11/11/06 21:30,0.0
11/11/06 21:35,0.0
11/11/06 21:40,0.0
11/11/06 21:45,0.0
11/11/06 21:50,0.0
11/11/06 21:55,0.0
11/11/06 22:00,0.0
11/11/06 22:05,0.0
11/11/06 22:10,0.0
11/11/06 22:15,0.0
11/11/06 22:20,0.0
11/11/06 22:25,0.0
11/11/06 22:30,0.0
11/11/06 22:35,0.0
11/11/06 22:40,0.0
11/11/06 22:45,0.0
11/11/06 22:50,0.0
11/11/06 22:55,0.0
11/11/06 23:00,0.0
11/11/06 23:05,0.0
11/11/06 23:10,0.0
11/11/06 23:15,0.0
11/11/06 23:20,0.0
11/11/06 23:25,0.0
11/11/06 23:30,0.0
11/11/06 23:35,0.0
11/11/06 23:40,0.0
11/11/06 23:45,0.0
11/11/06 23:50,0.0
11/11/06 23:55,0.0
11/12/06 00:00,0.0
11/12/06 00:05,0.0
11/12/06 00:10,0.0
11/12/06 00:15,0.0
11/12/06 00:20,0.0
11/12/06 00:25,0.0
11/12/06 00:30,0.0
11/12/06 00:35,0.0
11/12/06 00:40,0.0
11/12/06 00:45,0.0
11/12/06 00:50,0.0
11/12/06 00:55,0.0
11/12/06 01:00,0.0
11/12/06 01:05,0.0
11/12/06 01:10,0.0
11/12/06 01:15,0.0
11/12/06 01:20,0.0
11/12/06 01:25,0.0
11/12/06 01:30,0.0
11/12/06 01:35,0.0
11/12/06 01:40,0.0
11/12/06 01:45,0.0
11/12/06 01:50,0.0
11/12/06 01:55,0.0
11/12/06 02:00,0.0
11/12/06 02:05,0.0
11/12/06 02:10,0.0
11/12/06 02:15,0.0
11/12/06 02:20,0.0
11/12/06 02:25,0.0
11/12/06 02:30,0.0
11/12/06 02:35,0.0
11/12/06 02:40,0.0
11/12/06 02:45,0.0
11/12/06 02:50,0.0
11/12/06 02:55,0.0
11/12/06 03:00,0.0
11/12/06 03:05,0.0
11/12/06 03:10,0.0
11/12/06 03:15,0.0
11/12/06 03:20,0.0
11/12/06 03:25,0.0
11/12/06 03:30,0.0
11/12/06 03:35,0.0
11/12/06 03:40,0.0
11/12/06 03:45,0.0
11/12/06 03:50,0.0
11/12/06 03:55,0.0
11/12/06 04:00,0.0
11/12/06 04:05,0.0
11/12/06 04:10,0.0
11/12/06 04:15,0.0
11/12/06 04:20,0.0
11/12/06 04:25,0.0
11/12/06 04:30,0.0
11/12/06 04:35,0.0
11/12/06 04:40,0.0
11/12/06 04:45,0.0
11/12/06 04:50,0.0
11/12/06 04:55,0.0
11/12/06 05:00,0.0
11/12/06 05:05,0.0
11/12/06 05:10,0.0
11/12/06 05:15,0.0
11/12/06 05:20,0.0
11/12/06 05:25,0.0
11/12/06 05:30,0.0
11/12/06 05:35,0.0
11/12/06 05:40,0.0
11/12/06 05:45,0.0
11/12/06 05:50,0.0
11/12/06 05:55,0.0
11/12/06 06:00,0.0
11/12/06 06:05,0.0
11/12/06 06:10,0.0
11/12/06 06:15,0.0
11/12/06 06:20,0.0
11/12/06 06:25,0.0
11/12/06 06:30,0.0
11/12/06 06:35,0.0
11/12/06 06:40,0.0
11/12/06 06:45,0.0
11/12/06 06:50,0.0
11/12/06 06:55,0.0
11/12/06 07:00,0.1
11/12/06 07:05,0.6
11/12/06 07:10,2.1
11/12/06 07:15,4.2
11/12/06 07:20,5.1
11/12/06 07:25,5.9
11/12/06 07:30,6.8
11/12/06 07:35,7.7
11/12/06 07:40,8.4
11/12/06 07:45,9.1
11/12/06 07:50,9.8
11/12/06 07:55,10.4
11/12/06 08:00,11.0
11/12/06 08:05,11.5
11/12/06 08:10,12.0
11/12/06 08:15,12.7
11/12/06 08:20,13.5
11/12/06 08:25,14.1
11/12/06 08:30,14.7
11/12/06 08:35,15.3
11/12/06 08:40,15.8
11/12/06 08:45,16.4
11/12/06 08:50,17.0
11/12/06 08:55,17.4
11/12/06 09:00,17.8
11/12/06 09:05,18.4
11/12/06 09:10,19.0
11/12/06 09:15,19.4
11/12/06 09:20,19.8
11/12/06 09:25,20.2
11/12/06 09:30,20.4
11/12/06 09:35,20.8
11/12/06 09:40,21.0
11/12/06 09:45,21.3
11/12/06 09:50,21.7
11/12/06 09:55,22.0
11/12/06 10:00,22.2
11/12/06 10:05,22.5
11/12/06 10:10,22.8
11/12/06 10:15,23.1
11/12/06 10:20,23.3
11/12/06 10:25,23.5
11/12/06 10:30,23.7
11/12/06 10:35,24.0
11/12/06 10:40,24.2
11/12/06 10:45,24.4
11/12/06 10:50,24.6
11/12/06 10:55,24.8
11/12/06 11:00,24.9
11/12/06 11:05,25.0
11/12/06 11:10,25.0
11/12/06 11:15,25.0
11/12/06 11:20,24.8
11/12/06 11:25,24.5
11/12/06 11:30,24.3
11/12/06 11:35,24.0
11/12/06 11:40,23.8
11/12/06 11:45,23.6
11/12/06 11:50,23.4
11/12/06 11:55,23.3
11/12/06 12:00,23.3
11/12/06 12:05,23.2
11/12/06 12:10,23.1
11/12/06 12:15,23.0
11/12/06 12:20,22.9
11/12/06 12:25,22.7
11/12/06 12:30,22.5
11/12/06 12:35,22.3
11/12/06 12:40,22.0
11/12/06 12:45,21.7
11/12/06 12:50,21.5
11/12/06 12:55,21.2
11/12/06 13:00,21.0
11/12/06 13:05,21.0
11/12/06 13:10,21.0
11/12/06 13:15,20.9
11/12/06 13:20,20.6
11/12/06 13:25,20.2
11/12/06 13:30,19.8
11/12/06 13:35,19.6
11/12/06 13:40,19.5
11/12/06 13:45,19.3
11/12/06 13:50,18.9
11/12/06 13:55,18.6
11/12/06 14:00,18.3
11/12/06 14:05,18.0
11/12/06 14:10,17.5
11/12/06 14:15,17.2
11/12/06 14:20,16.8
11/12/06 14:25,16.3
11/12/06 14:30,15.8
11/12/06 14:35,15.3
11/12/06 14:40,14.8
11/12/06 14:45,14.2
11/12/06 14:50,13.6
11/12/06 14:55,12.9
11/12/06 15:00,12.2
11/12/06 15:05,11.4
11/12/06 15:10,10.6
11/12/06 15:15,10.0
11/12/06 15:20,9.5
11/12/06 15:25,8.9
11/12/06 15:30,8.3
11/12/06 15:35,7.6
11/12/06 15:40,7.0
11/12/06 15:45,6.4
11/12/06 15:50,5.8
11/12/06 15:55,5.1
11/12/06 16:00,4.6
11/12/06 16:05,4.0
11/12/06 16:10,3.2
11/12/06 16:15,1.6
11/12/06 16:20,0.3
11/12/06 16:25,0.0
11/12/06 16:30,0.0
11/12/06 16:35,0.0
11/12/06 16:40,0.0
11/12/06 16:45,0.0
11/12/06 16:50,0.0
11/12/06 16:55,0.0
11/12/06 17:00,0.0
11/12/06 17:05,0.0
11/12/06 17:10,0.0
11/12/06 17:15,0.0
11/12/06 17:20,0.0
11/12/06 17:25,0.0
11/12/06 17:30,0.0
11/12/06 17:35,0.0
11/12/06 17:40,0.0
11/12/06 17:45,0.0
11/12/06 17:50,0.0
11/12/06 17:55,0.0
11/12/06 18:00,0.0
11/12/06 18:05,0.0
11/12/06 18:10,0.0
11/12/06 18:15,0.0
11/12/06 18:20,0.0
11/12/06 18:25,0.0
11/12/06 18:30,0.0
11/12/06 18:35,0.0
11/12/06 18:40,0.0
11/12/06 18:45,0.0
11/12/06 18:50,0.0
11/12/06 18:55,0.0
11/12/06 19:00,0.0
11/12/06 19:05,0.0
11/12/06 19:10,0.0
11/12/06 19:15,0.0
11/12/06 19:20,0.0
11/12/06 19:25,0.0
11/12/06 19:30,0.0
11/12/06 19:35,0.0
11/12/06 19:40,0.0
11/12/06 19:45,0.0
11/12/06 19:50,0.0
11/12/06 19:55,0.0
11/12/06 20:00,0.0
11/12/06 20:05,0.0
11/12/06 20:10,0.0
11/12/06 20:15,0.0
11/12/06 20:20,0.0
11/12/06 20:25,0.0
11/12/06 20:30,0.0
11/12/06 20:35,0.0
11/12/06 20:40,0.0
11/12/06 20:45,0.0
11/12/06 20:50,0.0
11/12/06 20:55,0.0
11/12/06 21:00,0.0
11/12/06 21:05,0.0
11/12/06 21:10,0.0
11/12/06 21:15,0.0
11/12/06 21:20,0.0
11/12/06 21:25,0.0
11/12/06 21:30,0.0
11/12/06 21:35,0.0
11/12/06 21:40,0.0
11/12/06 21:45,0.0
11/12/06 21:50,0.0
11/12/06 21:55,0.0
11/12/06 22:00,0.0
11/12/06 22:05,0.0
11/12/06 22:10,0.0
11/12/06 22:15,0.0
11/12/06 22:20,0.0
11/12/06 22:25,0.0
11/12/06 22:30,0.0
11/12/06 22:35,0.0
11/12/06 22:40,0.0
11/12/06 22:45,0.0
11/12/06 22:50,0.0
11/12/06 22:55,0.0
11/12/06 23:00,0.0
11/12/06 23:05,0.0
11/12/06 23:10,0.0
11/12/06 23:15,0.0
11/12/06 23:20,0.0
11/12/06 23:25,0.0
11/12/06 23:30,0.0
11/12/06 23:35,0.0
11/12/06 23:40,0.0
11/12/06 23:45,0.0
11/12/06 23:50,0.0
11/12/06 23:55,0.0
11/13/06 00:00,0.0
11/13/06 00:05,0.0
11/13/06 00:10,0.0
11/13/06 00:15,0.0
11/13/06 00:20,0.0
11/13/06 00:25,0.0
11/13/06 00:30,0.0
11/13/06 00:35,0.0
11/13/06 00:40,0.0
11/13/06 00:45,0.0
11/13/06 00:50,0.0
11/13/06 00:55,0.0
11/13/06 01:00,0.0
11/13/06 01:05,0.0
11/13/06 01:10,0.0
11/13/06 01:15,0.0
11/13/06 01:20,0.0
11/13/06 01:25,0.0
11/13/06 01:30,0.0
11/13/06 01:35,0.0
11/13/06 01:40,0.0
11/13/06 01:45,0.0
11/13/06 01:50,0.0
11/13/06 01:55,0.0
11/13/06 02:00,0.0
11/13/06 02:05,0.0
11/13/06 02:10,0.0
11/13/06 02:15,0.0
11/13/06 02:20,0.0
11/13/06 02:25,0.0
11/13/06 02:30,0.0
11/13/06 02:35,0.0
11/13/06 02:40,0.0
11/13/06 02:45,0.0
11/13/06 02:50,0.0
11/13/06 02:55,0.0
11/13/06 03:00,0.0
11/13/06 03:05,0.0
11/13/06 03:10,0.0
11/13/06 03:15,0.0
11/13/06 03:20,0.0
11/13/06 03:25,0.0
11/13/06 03:30,0.0
11/13/06 03:35,0.0
11/13/06 03:40,0.0
11/13/06 03:45,0.0
11/13/06 03:50,0.0
11/13/06 03:55,0.0
11/13/06 04:00,0.0
11/13/06 04:05,0.0
11/13/06 04:10,0.0
11/13/06 04:15,0.0
11/13/06 04:20,0.0
11/13/06 04:25,0.0
11/13/06 04:30,0.0
11/13/06 04:35,0.0
11/13/06 04:40,0.0
11/13/06 04:45,0.0
11/13/06 04:50,0.0
11/13/06 04:55,0.0
11/13/06 05:00,0.0
11/13/06 05:05,0.0
11/13/06 05:10,0.0
11/13/06 05:15,0.0
11/13/06 05:20,0.0
11/13/06 05:25,0.0
11/13/06 05:30,0.0
11/13/06 05:35,0.0
11/13/06 05:40,0.0
11/13/06 05:45,0.0
11/13/06 05:50,0.0
11/13/06 05:55,0.0
11/13/06 06:00,0.0
11/13/06 06:05,0.0
11/13/06 06:10,0.0
11/13/06 06:15,0.0
11/13/06 06:20,0.0
11/13/06 06:25,0.0
11/13/06 06:30,0.0
11/13/06 06:35,0.0
11/13/06 06:40,0.0
11/13/06 06:45,0.0
11/13/06 06:50,0.1
11/13/06 06:55,0.2
11/13/06 07:00,0.8
11/13/06 07:05,1.8
11/13/06 07:10,3.5
11/13/06 07:15,4.4
11/13/06 07:20,5.1
11/13/06 07:25,5.8
11/13/06 07:30,6.5
11/13/06 07:35,7.1
11/13/06 07:40,7.7
11/13/06 07:45,8.3
11/13/06 07:50,8.9
11/13/06 07:55,9.6
11/13/06 08:00,10.0
11/13/06 08:05,10.5
11/13/06 08:10,11.2
11/13/06 08:15,12.0
11/13/06 08:20,12.6
11/13/06 08:25,13.1
11/13/06 08:30,13.5
11/13/06 08:35,13.7
11/13/06 08:40,13.9
11/13/06 08:45,13.9
11/13/06 08:50,13.8
11/13/06 08:55,13.6
11/13/06 09:00,13.3
11/13/06 09:05,12.7
11/13/06 09:10,12.2
11/13/06 09:15,11.6
11/13/06 09:20,11.5
11/13/06 09:25,11.8
11/13/06 09:30,12.8
11/13/06 09:35,13.7
11/13/06 09:40,14.7
11/13/06 09:45,15.9
11/13/06 09:50,16.9
11/13/06 09:55,18.0
11/13/06 10:00,19.2
11/13/06 10:05,20.4
11/13/06 10:10,21.5
11/13/06 10:15,22.2
11/13/06 10:20,22.6
11/13/06 10:25,23.0
11/13/06 10:30,23.3
11/13/06 10:35,23.7
11/13/06 10:40,24.1
11/13/06 10:45,24.4
11/13/06 10:50,24.6
11/13/06 10:55,24.9
11/13/06 11:00,25.1
11/13/06 11:05,25.4
11/13/06 11:10,25.6
11/13/06 11:15,25.5
11/13/06 11:20,25.0
11/13/06 11:25,24.8
11/13/06 11:30,24.6
11/13/06 11:35,24.5
11/13/06 11:40,24.4
11/13/06 11:45,24.3
11/13/06 11:50,24.2
11/13/06 11:55,24.1
11/13/06 12:00,23.8
11/13/06 12:05,23.5
11/13/06 12:10,23.2
11/13/06 12:15,23.1
11/13/06 12:20,23.1
11/13/06 12:25,23.0
11/13/06 12:30,22.9
11/13/06 12:35,22.9
11/13/06 12:40,22.7
11/13/06 12:45,22.6
11/13/06 12:50,22.4
11/13/06 12:55,22.1
11/13/06 13:00,21.8
11/13/06 13:05,21.4
11/13/06 13:10,20.8
11/13/06 13:15,20.5
11/13/06 13:20,20.1
11/13/06 13:25,19.7
11/13/06 13:30,19.3
11/13/06 13:35,18.9
11/13/06 13:40,18.5
11/13/06 13:45,17.9
11/13/06 13:50,17.3
11/13/06 13:55,16.6
11/13/06 14:00,16.1
11/13/06 14:05,15.4
11/13/06 14:10,14.9
11/13/06 14:15,14.6
11/13/06 14:20,14.1
11/13/06 14:25,13.3
11/13/06 14:30,12.7
11/13/06 14:35,11.6
11/13/06 14:40,10.8
11/13/06 14:45,10.5
11/13/06 14:50,10.1
11/13/06 14:55,9.7
11/13/06 15:00,9.4
11/13/06 15:05,8.8
11/13/06 15:10,8.6
11/13/06 15:15,8.4
11/13/06 15:20,8.4
11/13/06 15:25,8.5
11/13/06 15:30,7.9
11/13/06 15:35,6.8
11/13/06 15:40,6.1
11/13/06 15:45,5.4
11/13/06 15:50,4.4
11/13/06 15:55,3.7
11/13/06 16:00,3.4
11/13/06 16:05,3.2
11/13/06 16:10,2.3
11/13/06 16:15,0.8
11/13/06 16:20,0.0
11/13/06 16:25,0.0
11/13/06 16:30,0.0
11/13/06 16:35,0.0
11/13/06 16:40,0.0
11/13/06 16:45,0.0
11/13/06 16:50,0.0
11/13/06 16:55,0.0
11/13/06 17:00,0.0
11/13/06 17:05,0.0
11/13/06 17:10,0.0
11/13/06 17:15,0.0
11/13/06 17:20,0.0
11/13/06 17:25,0.0
11/13/06 17:30,0.0
11/13/06 17:35,0.0
11/13/06 17:40,0.0
11/13/06 17:45,0.0
11/13/06 17:50,0.0
11/13/06 17:55,0.0
11/13/06 18:00,0.0
11/13/06 18:05,0.0
11/13/06 18:10,0.0
11/13/06 18:15,0.0
11/13/06 18:20,0.0
11/13/06 18:25,0.0
11/13/06 18:30,0.0
11/13/06 18:35,0.0
11/13/06 18:40,0.0
11/13/06 18:45,0.0
11/13/06 18:50,0.0
11/13/06 18:55,0.0
11/13/06 19:00,0.0
11/13/06 19:05,0.0
11/13/06 19:10,0.0
11/13/06 19:15,0.0
11/13/06 19:20,0.0
11/13/06 19:25,0.0
11/13/06 19:30,0.0
11/13/06 19:35,0.0
11/13/06 19:40,0.0
11/13/06 19:45,0.0
11/13/06 19:50,0.0
11/13/06 19:55,0.0
11/13/06 20:00,0.0
11/13/06 20:05,0.0
11/13/06 20:10,0.0
11/13/06 20:15,0.0
11/13/06 20:20,0.0
11/13/06 20:25,0.0
11/13/06 20:30,0.0
11/13/06 20:35,0.0
11/13/06 20:40,0.0
11/13/06 20:45,0.0
11/13/06 20:50,0.0
11/13/06 20:55,0.0
11/13/06 21:00,0.0
11/13/06 21:05,0.0
11/13/06 21:10,0.0
11/13/06 21:15,0.0
11/13/06 21:20,0.0
11/13/06 21:25,0.0
11/13/06 21:30,0.0
11/13/06 21:35,0.0
11/13/06 21:40,0.0
11/13/06 21:45,0.0
11/13/06 21:50,0.0
11/13/06 21:55,0.0
11/13/06 22:00,0.0
11/13/06 22:05,0.0
11/13/06 22:10,0.0
11/13/06 22:15,0.0
11/13/06 22:20,0.0
11/13/06 22:25,0.0
11/13/06 22:30,0.0
11/13/06 22:35,0.0
11/13/06 22:40,0.0
11/13/06 22:45,0.0
11/13/06 22:50,0.0
11/13/06 22:55,0.0
11/13/06 23:00,0.0
11/13/06 23:05,0.0
11/13/06 23:10,0.0
11/13/06 23:15,0.0
11/13/06 23:20,0.0
11/13/06 23:25,0.0
11/13/06 23:30,0.0
11/13/06 23:35,0.0
11/13/06 23:40,0.0
11/13/06 23:45,0.0
11/13/06 23:50,0.0
11/13/06 23:55,0.0
11/14/06 00:00,0.0
11/14/06 00:05,0.0
11/14/06 00:10,0.0
11/14/06 00:15,0.0
11/14/06 00:20,0.0
11/14/06 00:25,0.0
11/14/06 00:30,0.0
11/14/06 00:35,0.0
11/14/06 00:40,0.0
11/14/06 00:45,0.0
11/14/06 00:50,0.0
11/14/06 00:55,0.0
11/14/06 01:00,0.0
11/14/06 01:05,0.0
11/14/06 01:10,0.0
11/14/06 01:15,0.0
11/14/06 01:20,0.0
11/14/06 01:25,0.0
11/14/06 01:30,0.0
11/14/06 01:35,0.0
11/14/06 01:40,0.0
11/14/06 01:45,0.0
11/14/06 01:50,0.0
11/14/06 01:55,0.0
11/14/06 02:00,0.0
11/14/06 02:05,0.0
11/14/06 02:10,0.0
11/14/06 02:15,0.0
11/14/06 02:20,0.0
11/14/06 02:25,0.0
11/14/06 02:30,0.0
11/14/06 02:35,0.0
11/14/06 02:40,0.0
11/14/06 02:45,0.0
11/14/06 02:50,0.0
11/14/06 02:55,0.0
11/14/06 03:00,0.0
11/14/06 03:05,0.0
11/14/06 03:10,0.0
11/14/06 03:15,0.0
11/14/06 03:20,0.0
11/14/06 03:25,0.0
11/14/06 03:30,0.0
11/14/06 03:35,0.0
11/14/06 03:40,0.0
11/14/06 03:45,0.0
11/14/06 03:50,0.0
11/14/06 03:55,0.0
11/14/06 04:00,0.0
11/14/06 04:05,0.0
11/14/06 04:10,0.0
11/14/06 04:15,0.0
11/14/06 04:20,0.0
11/14/06 04:25,0.0
11/14/06 04:30,0.0
11/14/06 04:35,0.0
11/14/06 04:40,0.0
11/14/06 04:45,0.0
11/14/06 04:50,0.0
11/14/06 04:55,0.0
11/14/06 05:00,0.0
11/14/06 05:05,0.0
11/14/06 05:10,0.0
11/14/06 05:15,0.0
11/14/06 05:20,0.0
11/14/06 05:25,0.0
11/14/06 05:30,0.0
11/14/06 05:35,0.0
11/14/06 05:40,0.0
11/14/06 05:45,0.0
11/14/06 05:50,0.0
11/14/06 05:55,0.0
11/14/06 06:00,0.0
11/14/06 06:05,0.0
11/14/06 06:10,0.0
11/14/06 06:15,0.0
11/14/06 06:20,0.0
11/14/06 06:25,0.0
11/14/06 06:30,0.0
11/14/06 06:35,0.0
11/14/06 06:40,0.0
11/14/06 06:45,0.0
11/14/06 06:50,0.0
11/14/06 06:55,0.0
11/14/06 07:00,0.2
11/14/06 07:05,0.9
11/14/06 07:10,3.1
11/14/06 07:15,4.3
11/14/06 07:20,5.0
11/14/06 07:25,5.8
11/14/06 07:30,6.5
11/14/06 07:35,7.2
11/14/06 07:40,8.0
11/14/06 07:45,8.7
11/14/06 07:50,9.4
11/14/06 07:55,10.1
11/14/06 08:00,10.8
11/14/06 08:05,11.4
11/14/06 08:10,12.0
11/14/06 08:15,12.7
11/14/06 08:20,13.3
11/14/06 08:25,14.0
11/14/06 08:30,14.6
11/14/06 08:35,15.2
11/14/06 08:40,15.7
11/14/06 08:45,16.4
11/14/06 08:50,17.0
11/14/06 08:55,17.5
11/14/06 09:00,17.9
11/14/06 09:05,18.4
11/14/06 09:10,19.0
11/14/06 09:15,19.2
11/14/06 09:20,19.3
11/14/06 09:25,19.5
11/14/06 09:30,19.6
11/14/06 09:35,19.7
11/14/06 09:40,19.7
11/14/06 09:45,19.8
11/14/06 09:50,19.8
11/14/06 09:55,19.8
11/14/06 10:00,20.0
11/14/06 10:05,20.3
11/14/06 10:10,20.7
11/14/06 10:15,21.1
11/14/06 10:20,21.5
11/14/06 10:25,21.9
11/14/06 10:30,22.2
11/14/06 10:35,21.8
11/14/06 10:40,21.5
11/14/06 10:45,21.7
11/14/06 10:50,21.6
11/14/06 10:55,21.7
11/14/06 11:00,20.1
11/14/06 11:05,18.3
11/14/06 11:10,19.9
11/14/06 11:15,21.2
11/14/06 11:20,22.0
11/14/06 11:25,22.6
11/14/06 11:30,22.8
11/14/06 11:35,21.7
11/14/06 11:40,20.3
11/14/06 11:45,18.6
11/14/06 11:50,16.6
11/14/06 11:55,15.2
11/14/06 12:00,13.5
11/14/06 12:05,11.6
11/14/06 12:10,9.5
11/14/06 12:15,7.3
11/14/06 12:20,6.1
11/14/06 12:25,5.6
11/14/06 12:30,5.3
11/14/06 12:35,5.2
11/14/06 12:40,5.1
11/14/06 12:45,5.0
11/14/06 12:50,4.8
11/14/06 12:55,4.3
11/14/06 13:00,3.2
11/14/06 13:05,1.8
11/14/06 13:10,1.4
11/14/06 13:15,1.5
11/14/06 13:20,2.1
11/14/06 13:25,2.1
11/14/06 13:30,1.9
11/14/06 13:35,1.9
11/14/06 13:40,1.6
11/14/06 13:45,1.3
11/14/06 13:50,1.1
11/14/06 13:55,0.6
11/14/06 14:00,0.4
11/14/06 14:05,0.3
11/14/06 14:10,0.3
11/14/06 14:15,0.3
11/14/06 14:20,1.0
11/14/06 14:25,1.1
11/14/06 14:30,0.7
11/14/06 14:35,0.5
11/14/06 14:40,0.3
11/14/06 14:45,0.3
11/14/06 14:50,0.3
11/14/06 14:55,0.2
11/14/06 15:00,0.1
11/14/06 15:05,0.1
11/14/06 15:10,0.1
11/14/06 15:15,0.1
11/14/06 15:20,0.0
11/14/06 15:25,0.0
11/14/06 15:30,0.0
11/14/06 15:35,0.0
11/14/06 15:40,0.0
11/14/06 15:45,0.0
11/14/06 15:50,0.0
11/14/06 15:55,0.0
11/14/06 16:00,0.0
11/14/06 16:05,0.0
11/14/06 16:10,0.0
11/14/06 16:15,0.0
11/14/06 16:20,0.0
11/14/06 16:25,0.0
11/14/06 16:30,0.0
11/14/06 16:35,0.0
11/14/06 16:40,0.0
11/14/06 16:45,0.0
11/14/06 16:50,0.0
11/14/06 16:55,0.0
11/14/06 17:00,0.0
11/14/06 17:05,0.0
11/14/06 17:10,0.0
11/14/06 17:15,0.0
11/14/06 17:20,0.0
11/14/06 17:25,0.0
11/14/06 17:30,0.0
11/14/06 17:35,0.0
11/14/06 17:40,0.0
11/14/06 17:45,0.0
11/14/06 17:50,0.0
11/14/06 17:55,0.0
11/14/06 18:00,0.0
11/14/06 18:05,0.0
11/14/06 18:10,0.0
11/14/06 18:15,0.0
11/14/06 18:20,0.0
11/14/06 18:25,0.0
11/14/06 18:30,0.0
11/14/06 18:35,0.0
11/14/06 18:40,0.0
11/14/06 18:45,0.0
11/14/06 18:50,0.0
11/14/06 18:55,0.0
11/14/06 19:00,0.0
11/14/06 19:05,0.0
11/14/06 19:10,0.0
11/14/06 19:15,0.0
11/14/06 19:20,0.0
11/14/06 19:25,0.0
11/14/06 19:30,0.0
11/14/06 19:35,0.0
11/14/06 19:40,0.0
11/14/06 19:45,0.0
11/14/06 19:50,0.0
11/14/06 19:55,0.0
11/14/06 20:00,0.0
11/14/06 20:05,0.0
11/14/06 20:10,0.0
11/14/06 20:15,0.0
11/14/06 20:20,0.0
11/14/06 20:25,0.0
11/14/06 20:30,0.0
11/14/06 20:35,0.0
11/14/06 20:40,0.0
11/14/06 20:45,0.0
11/14/06 20:50,0.0
11/14/06 20:55,0.0
11/14/06 21:00,0.0
11/14/06 21:05,0.0
11/14/06 21:10,0.0
11/14/06 21:15,0.0
11/14/06 21:20,0.0
11/14/06 21:25,0.0
11/14/06 21:30,0.0
11/14/06 21:35,0.0
11/14/06 21:40,0.0
11/14/06 21:45,0.0
11/14/06 21:50,0.0
11/14/06 21:55,0.0
11/14/06 22:00,0.0
11/14/06 22:05,0.0
11/14/06 22:10,0.0
11/14/06 22:15,0.0
11/14/06 22:20,0.0
11/14/06 22:25,0.0
11/14/06 22:30,0.0
11/14/06 22:35,0.0
11/14/06 22:40,0.0
11/14/06 22:45,0.0
11/14/06 22:50,0.0
11/14/06 22:55,0.0
11/14/06 23:00,0.0
11/14/06 23:05,0.0
11/14/06 23:10,0.0
11/14/06 23:15,0.0
11/14/06 23:20,0.0
11/14/06 23:25,0.0
11/14/06 23:30,0.0
11/14/06 23:35,0.0
11/14/06 23:40,0.0
11/14/06 23:45,0.0
11/14/06 23:50,0.0
11/14/06 23:55,0.0
11/15/06 00:00,0.0
11/15/06 00:05,0.0
11/15/06 00:10,0.0
11/15/06 00:15,0.0
11/15/06 00:20,0.0
11/15/06 00:25,0.0
11/15/06 00:30,0.0
11/15/06 00:35,0.0
11/15/06 00:40,0.0
11/15/06 00:45,0.0
11/15/06 00:50,0.0
11/15/06 00:55,0.0
11/15/06 01:00,0.0
11/15/06 01:05,0.0
11/15/06 01:10,0.0
11/15/06 01:15,0.0
11/15/06 01:20,0.0
11/15/06 01:25,0.0
11/15/06 01:30,0.0
11/15/06 01:35,0.0
11/15/06 01:40,0.0
11/15/06 01:45,0.0
11/15/06 01:50,0.0
11/15/06 01:55,0.0
11/15/06 02:00,0.0
11/15/06 02:05,0.0
11/15/06 02:10,0.0
11/15/06 02:15,0.0
11/15/06 02:20,0.0
11/15/06 02:25,0.0
11/15/06 02:30,0.0
11/15/06 02:35,0.0
11/15/06 02:40,0.0
11/15/06 02:45,0.0
11/15/06 02:50,0.0
11/15/06 02:55,0.0
11/15/06 03:00,0.0
11/15/06 03:05,0.0
11/15/06 03:10,0.0
11/15/06 03:15,0.0
11/15/06 03:20,0.0
11/15/06 03:25,0.0
11/15/06 03:30,0.0
11/15/06 03:35,0.0
11/15/06 03:40,0.0
11/15/06 03:45,0.0
11/15/06 03:50,0.0
11/15/06 03:55,0.0
11/15/06 04:00,0.0
11/15/06 04:05,0.0
11/15/06 04:10,0.0
11/15/06 04:15,0.0
11/15/06 04:20,0.0
11/15/06 04:25,0.0
11/15/06 04:30,0.0
11/15/06 04:35,0.0
11/15/06 04:40,0.0
11/15/06 04:45,0.0
11/15/06 04:50,0.0
11/15/06 04:55,0.0
11/15/06 05:00,0.0
11/15/06 05:05,0.0
11/15/06 05:10,0.0
11/15/06 05:15,0.0
11/15/06 05:20,0.0
11/15/06 05:25,0.0
11/15/06 05:30,0.0
11/15/06 05:35,0.0
11/15/06 05:40,0.0
11/15/06 05:45,0.0
11/15/06 05:50,0.0
11/15/06 05:55,0.0
11/15/06 06:00,0.0
11/15/06 06:05,0.0
11/15/06 06:10,0.0
11/15/06 06:15,0.0
11/15/06 06:20,0.0
11/15/06 06:25,0.0
11/15/06 06:30,0.0
11/15/06 06:35,0.0
11/15/06 06:40,0.0
11/15/06 06:45,0.0
11/15/06 06:50,0.0
11/15/06 06:55,0.0
11/15/06 07:00,0.0
11/15/06 07:05,0.1
11/15/06 07:10,0.3
11/15/06 07:15,1.2
11/15/06 07:20,0.5
11/15/06 07:25,1.0
11/15/06 07:30,2.0
11/15/06 07:35,2.6
11/15/06 07:40,3.5
11/15/06 07:45,3.8
11/15/06 07:50,2.2
11/15/06 07:55,3.3
11/15/06 08:00,5.3
11/15/06 08:05,5.7
11/15/06 08:10,5.6
11/15/06 08:15,7.8
11/15/06 08:20,9.5
11/15/06 08:25,10.5
11/15/06 08:30,11.0
11/15/06 08:35,11.1
11/15/06 08:40,10.8
11/15/06 08:45,10.3
11/15/06 08:50,9.6
11/15/06 08:55,8.8
11/15/06 09:00,8.0
11/15/06 09:05,7.0
11/15/06 09:10,5.7
11/15/06 09:15,4.8
11/15/06 09:20,4.2
11/15/06 09:25,4.0
11/15/06 09:30,3.8
11/15/06 09:35,3.2
11/15/06 09:40,2.8
11/15/06 09:45,2.4
11/15/06 09:50,2.1
11/15/06 09:55,2.1
11/15/06 10:00,1.8
11/15/06 10:05,1.9
11/15/06 10:10,2.0
11/15/06 10:15,2.0
11/15/06 10:20,1.8
11/15/06 10:25,1.7
11/15/06 10:30,1.9
11/15/06 10:35,2.2
11/15/06 10:40,3.0
11/15/06 10:45,3.1
11/15/06 10:50,2.6
11/15/06 10:55,2.5
11/15/06 11:00,2.5
11/15/06 11:05,2.6
11/15/06 11:10,2.8
11/15/06 11:15,2.8
11/15/06 11:20,3.5
11/15/06 11:25,3.0
11/15/06 11:30,4.6
11/15/06 11:35,5.4
11/15/06 11:40,5.4
11/15/06 11:45,5.6
11/15/06 11:50,5.4
11/15/06 11:55,4.2
11/15/06 12:00,2.6
11/15/06 12:05,1.1
11/15/06 12:10,0.5
11/15/06 12:15,0.5
11/15/06 12:20,1.0
11/15/06 12:25,1.8
11/15/06 12:30,3.2
11/15/06 12:35,3.7
11/15/06 12:40,3.8
11/15/06 12:45,3.9
11/15/06 12:50,4.1
11/15/06 12:55,4.2
11/15/06 13:00,4.2
11/15/06 13:05,4.2
11/15/06 13:10,4.1
11/15/06 13:15,3.9
11/15/06 13:20,2.5
11/15/06 13:25,1.8
11/15/06 13:30,1.6
11/15/06 13:35,1.5
11/15/06 13:40,1.0
11/15/06 13:45,0.8
11/15/06 13:50,0.6
11/15/06 13:55,0.4
11/15/06 14:00,0.3
11/15/06 14:05,0.2
11/15/06 14:10,0.2
11/15/06 14:15,0.2
11/15/06 14:20,0.3
11/15/06 14:25,0.3
11/15/06 14:30,0.2
11/15/06 14:35,0.1
11/15/06 14:40,0.1
11/15/06 14:45,0.0
11/15/06 14:50,0.0
11/15/06 14:55,0.0
11/15/06 15:00,0.0
11/15/06 15:05,0.0
11/15/06 15:10,0.0
11/15/06 15:15,0.0
11/15/06 15:20,0.0
11/15/06 15:25,0.0
11/15/06 15:30,0.0
11/15/06 15:35,0.1
11/15/06 15:40,0.1
11/15/06 15:45,0.1
11/15/06 15:50,0.0
11/15/06 15:55,0.0
11/15/06 16:00,0.0
11/15/06 16:05,0.0
11/15/06 16:10,0.0
11/15/06 16:15,0.0
11/15/06 16:20,0.0
11/15/06 16:25,0.0
11/15/06 16:30,0.0
11/15/06 16:35,0.0
11/15/06 16:40,0.0
11/15/06 16:45,0.0
11/15/06 16:50,0.0
11/15/06 16:55,0.0
11/15/06 17:00,0.0
11/15/06 17:05,0.0
11/15/06 17:10,0.0
11/15/06 17:15,0.0
11/15/06 17:20,0.0
11/15/06 17:25,0.0
11/15/06 17:30,0.0
11/15/06 17:35,0.0
11/15/06 17:40,0.0
11/15/06 17:45,0.0
11/15/06 17:50,0.0
11/15/06 17:55,0.0
11/15/06 18:00,0.0
11/15/06 18:05,0.0
11/15/06 18:10,0.0
11/15/06 18:15,0.0
11/15/06 18:20,0.0
11/15/06 18:25,0.0
11/15/06 18:30,0.0
11/15/06 18:35,0.0
11/15/06 18:40,0.0
11/15/06 18:45,0.0
11/15/06 18:50,0.0
11/15/06 18:55,0.0
11/15/06 19:00,0.0
11/15/06 19:05,0.0
11/15/06 19:10,0.0
11/15/06 19:15,0.0
11/15/06 19:20,0.0
11/15/06 19:25,0.0
11/15/06 19:30,0.0
11/15/06 19:35,0.0
11/15/06 19:40,0.0
11/15/06 19:45,0.0
11/15/06 19:50,0.0
11/15/06 19:55,0.0
11/15/06 20:00,0.0
11/15/06 20:05,0.0
11/15/06 20:10,0.0
11/15/06 20:15,0.0
11/15/06 20:20,0.0
11/15/06 20:25,0.0
11/15/06 20:30,0.0
11/15/06 20:35,0.0
11/15/06 20:40,0.0
11/15/06 20:45,0.0
11/15/06 20:50,0.0
11/15/06 20:55,0.0
11/15/06 21:00,0.0
11/15/06 21:05,0.0
11/15/06 21:10,0.0
11/15/06 21:15,0.0
11/15/06 21:20,0.0
11/15/06 21:25,0.0
11/15/06 21:30,0.0
11/15/06 21:35,0.0
11/15/06 21:40,0.0
11/15/06 21:45,0.0
11/15/06 21:50,0.0
11/15/06 21:55,0.0
11/15/06 22:00,0.0
11/15/06 22:05,0.0
11/15/06 22:10,0.0
11/15/06 22:15,0.0
11/15/06 22:20,0.0
11/15/06 22:25,0.0
11/15/06 22:30,0.0
11/15/06 22:35,0.0
11/15/06 22:40,0.0
11/15/06 22:45,0.0
11/15/06 22:50,0.0
11/15/06 22:55,0.0
11/15/06 23:00,0.0
11/15/06 23:05,0.0
11/15/06 23:10,0.0
11/15/06 23:15,0.0
11/15/06 23:20,0.0
11/15/06 23:25,0.0
11/15/06 23:30,0.0
11/15/06 23:35,0.0
11/15/06 23:40,0.0
11/15/06 23:45,0.0
11/15/06 23:50,0.0
11/15/06 23:55,0.0
11/16/06 00:00,0.0
11/16/06 00:05,0.0
11/16/06 00:10,0.0
11/16/06 00:15,0.0
11/16/06 00:20,0.0
11/16/06 00:25,0.0
11/16/06 00:30,0.0
11/16/06 00:35,0.0
11/16/06 00:40,0.0
11/16/06 00:45,0.0
11/16/06 00:50,0.0
11/16/06 00:55,0.0
11/16/06 01:00,0.0
11/16/06 01:05,0.0
11/16/06 01:10,0.0
11/16/06 01:15,0.0
11/16/06 01:20,0.0
11/16/06 01:25,0.0
11/16/06 01:30,0.0
11/16/06 01:35,0.0
11/16/06 01:40,0.0
11/16/06 01:45,0.0
11/16/06 01:50,0.0
11/16/06 01:55,0.0
11/16/06 02:00,0.0
11/16/06 02:05,0.0
11/16/06 02:10,0.0
11/16/06 02:15,0.0
11/16/06 02:20,0.0
11/16/06 02:25,0.0
11/16/06 02:30,0.0
11/16/06 02:35,0.0
11/16/06 02:40,0.0
11/16/06 02:45,0.0
11/16/06 02:50,0.0
11/16/06 02:55,0.0
11/16/06 03:00,0.0
11/16/06 03:05,0.0
11/16/06 03:10,0.0
11/16/06 03:15,0.0
11/16/06 03:20,0.0
11/16/06 03:25,0.0
11/16/06 03:30,0.0
11/16/06 03:35,0.0
11/16/06 03:40,0.0
11/16/06 03:45,0.0
11/16/06 03:50,0.0
11/16/06 03:55,0.0
11/16/06 04:00,0.0
11/16/06 04:05,0.0
11/16/06 04:10,0.0
11/16/06 04:15,0.0
11/16/06 04:20,0.0
11/16/06 04:25,0.0
11/16/06 04:30,0.0
11/16/06 04:35,0.0
11/16/06 04:40,0.0
11/16/06 04:45,0.0
11/16/06 04:50,0.0
11/16/06 04:55,0.0
11/16/06 05:00,0.0
11/16/06 05:05,0.0
11/16/06 05:10,0.0
11/16/06 05:15,0.0
11/16/06 05:20,0.0
11/16/06 05:25,0.0
11/16/06 05:30,0.0
11/16/06 05:35,0.0
11/16/06 05:40,0.0
11/16/06 05:45,0.0
11/16/06 05:50,0.0
11/16/06 05:55,0.0
11/16/06 06:00,0.0
11/16/06 06:05,0.0
11/16/06 06:10,0.0
11/16/06 06:15,0.0
11/16/06 06:20,0.0
11/16/06 06:25,0.0
11/16/06 06:30,0.0
11/16/06 06:35,0.0
11/16/06 06:40,0.0
11/16/06 06:45,0.0
11/16/06 06:50,0.0
11/16/06 06:55,0.0
11/16/06 07:00,0.0
11/16/06 07:05,0.1
11/16/06 07:10,0.1
11/16/06 07:15,0.2
11/16/06 07:20,0.5
11/16/06 07:25,0.7
11/16/06 07:30,1.0
11/16/06 07:35,1.7
11/16/06 07:40,2.6
11/16/06 07:45,3.5
11/16/06 07:50,3.7
11/16/06 07:55,4.3
11/16/06 08:00,4.8
11/16/06 08:05,5.8
11/16/06 08:10,5.9
11/16/06 08:15,6.0
11/16/06 08:20,6.1
11/16/06 08:25,6.2
11/16/06 08:30,6.1
11/16/06 08:35,5.9
11/16/06 08:40,5.8
11/16/06 08:45,5.6
11/16/06 08:50,5.4
11/16/06 08:55,5.0
11/16/06 09:00,4.6
11/16/06 09:05,4.4
11/16/06 09:10,4.1
11/16/06 09:15,4.0
11/16/06 09:20,4.2
11/16/06 09:25,4.5
11/16/06 09:30,4.8
11/16/06 09:35,5.1
11/16/06 09:40,5.2
11/16/06 09:45,5.2
11/16/06 09:50,5.6
11/16/06 09:55,6.0
11/16/06 10:00,6.4
11/16/06 10:05,6.9
11/16/06 10:10,7.5
11/16/06 10:15,6.6
11/16/06 10:20,5.1
11/16/06 10:25,4.4
11/16/06 10:30,4.2
11/16/06 10:35,5.0
11/16/06 10:40,5.6
11/16/06 10:45,5.9
11/16/06 10:50,6.1
11/16/06 10:55,6.0
11/16/06 11:00,5.9
11/16/06 11:05,6.0
11/16/06 11:10,6.4
11/16/06 11:15,5.9
11/16/06 11:20,6.1
11/16/06 11:25,8.3
11/16/06 11:30,7.0
11/16/06 11:35,5.8
11/16/06 11:40,5.4
11/16/06 11:45,5.4
11/16/06 11:50,5.4
11/16/06 11:55,5.1
11/16/06 12:00,4.9
11/16/06 12:05,4.8
11/16/06 12:10,5.6
11/16/06 12:15,6.8
11/16/06 12:20,7.6
11/16/06 12:25,8.4
11/16/06 12:30,9.7
11/16/06 12:35,10.3
11/16/06 12:40,11.1
11/16/06 12:45,11.2
11/16/06 12:50,11.2
11/16/06 12:55,11.1
11/16/06 13:00,11.0
11/16/06 13:05,10.8
11/16/06 13:10,11.2
11/16/06 13:15,12.0
11/16/06 13:20,9.6
11/16/06 13:25,6.8
11/16/06 13:30,4.8
11/16/06 13:35,7.4
11/16/06 13:40,10.2
11/16/06 13:45,13.6
11/16/06 13:50,15.6
11/16/06 13:55,17.8
11/16/06 14:00,18.0
11/16/06 14:05,14.7
11/16/06 14:10,13.6
11/16/06 14:15,14.6
11/16/06 14:20,13.0
11/16/06 14:25,10.5
11/16/06 14:30,10.4
11/16/06 14:35,10.0
11/16/06 14:40,10.0
11/16/06 14:45,8.3
11/16/06 14:50,9.4
11/16/06 14:55,9.8
11/16/06 15:00,10.3
11/16/06 15:05,9.1
11/16/06 15:10,7.8
11/16/06 15:15,8.4
11/16/06 15:20,8.6
11/16/06 15:25,8.3
11/16/06 15:30,7.9
11/16/06 15:35,7.5
11/16/06 15:40,7.0
11/16/06 15:45,6.5
11/16/06 15:50,5.9
11/16/06 15:55,5.3
11/16/06 16:00,4.7
11/16/06 16:05,4.1
11/16/06 16:10,3.0
11/16/06 16:15,1.3
11/16/06 16:20,0.5
11/16/06 16:25,0.1
11/16/06 16:30,0.0
11/16/06 16:35,0.0
11/16/06 16:40,0.0
11/16/06 16:45,0.0
11/16/06 16:50,0.0
11/16/06 16:55,0.0
11/16/06 17:00,0.0
11/16/06 17:05,0.0
11/16/06 17:10,0.0
11/16/06 17:15,0.0
11/16/06 17:20,0.0
11/16/06 17:25,0.0
11/16/06 17:30,0.0
11/16/06 17:35,0.0
11/16/06 17:40,0.0
11/16/06 17:45,0.0
11/16/06 17:50,0.0
11/16/06 17:55,0.0
11/16/06 18:00,0.0
11/16/06 18:05,0.0
11/16/06 18:10,0.0
11/16/06 18:15,0.0
11/16/06 18:20,0.0
11/16/06 18:25,0.0
11/16/06 18:30,0.0
11/16/06 18:35,0.0
11/16/06 18:40,0.0
11/16/06 18:45,0.0
11/16/06 18:50,0.0
11/16/06 18:55,0.0
11/16/06 19:00,0.0
11/16/06 19:05,0.0
11/16/06 19:10,0.0
11/16/06 19:15,0.0
11/16/06 19:20,0.0
11/16/06 19:25,0.0
11/16/06 19:30,0.0
11/16/06 19:35,0.0
11/16/06 19:40,0.0
11/16/06 19:45,0.0
11/16/06 19:50,0.0
11/16/06 19:55,0.0
11/16/06 20:00,0.0
11/16/06 20:05,0.0
11/16/06 20:10,0.0
11/16/06 20:15,0.0
11/16/06 20:20,0.0
11/16/06 20:25,0.0
11/16/06 20:30,0.0
11/16/06 20:35,0.0
11/16/06 20:40,0.0
11/16/06 20:45,0.0
11/16/06 20:50,0.0
11/16/06 20:55,0.0
11/16/06 21:00,0.0
11/16/06 21:05,0.0
11/16/06 21:10,0.0
11/16/06 21:15,0.0
11/16/06 21:20,0.0
11/16/06 21:25,0.0
11/16/06 21:30,0.0
11/16/06 21:35,0.0
11/16/06 21:40,0.0
11/16/06 21:45,0.0
11/16/06 21:50,0.0
11/16/06 21:55,0.0
11/16/06 22:00,0.0
11/16/06 22:05,0.0
11/16/06 22:10,0.0
11/16/06 22:15,0.0
11/16/06 22:20,0.0
11/16/06 22:25,0.0
11/16/06 22:30,0.0
11/16/06 22:35,0.0
11/16/06 22:40,0.0
11/16/06 22:45,0.0
11/16/06 22:50,0.0
11/16/06 22:55,0.0
11/16/06 23:00,0.0
11/16/06 23:05,0.0
11/16/06 23:10,0.0
11/16/06 23:15,0.0
11/16/06 23:20,0.0
11/16/06 23:25,0.0
11/16/06 23:30,0.0
11/16/06 23:35,0.0
11/16/06 23:40,0.0
11/16/06 23:45,0.0
11/16/06 23:50,0.0
11/16/06 23:55,0.0
11/17/06 00:00,0.0
11/17/06 00:05,0.0
11/17/06 00:10,0.0
11/17/06 00:15,0.0
11/17/06 00:20,0.0
11/17/06 00:25,0.0
11/17/06 00:30,0.0
11/17/06 00:35,0.0
11/17/06 00:40,0.0
11/17/06 00:45,0.0
11/17/06 00:50,0.0
11/17/06 00:55,0.0
11/17/06 01:00,0.0
11/17/06 01:05,0.0
11/17/06 01:10,0.0
11/17/06 01:15,0.0
11/17/06 01:20,0.0
11/17/06 01:25,0.0
11/17/06 01:30,0.0
11/17/06 01:35,0.0
11/17/06 01:40,0.0
11/17/06 01:45,0.0
11/17/06 01:50,0.0
11/17/06 01:55,0.0
11/17/06 02:00,0.0
11/17/06 02:05,0.0
11/17/06 02:10,0.0
11/17/06 02:15,0.0
11/17/06 02:20,0.0
11/17/06 02:25,0.0
11/17/06 02:30,0.0
11/17/06 02:35,0.0
11/17/06 02:40,0.0
11/17/06 02:45,0.0
11/17/06 02:50,0.0
11/17/06 02:55,0.0
11/17/06 03:00,0.0
11/17/06 03:05,0.0
11/17/06 03:10,0.0
11/17/06 03:15,0.0
11/17/06 03:20,0.0
11/17/06 03:25,0.0
11/17/06 03:30,0.0
11/17/06 03:35,0.0
11/17/06 03:40,0.0
11/17/06 03:45,0.0
11/17/06 03:50,0.0
11/17/06 03:55,0.0
11/17/06 04:00,0.0
11/17/06 04:05,0.0
11/17/06 04:10,0.0
11/17/06 04:15,0.0
11/17/06 04:20,0.0
11/17/06 04:25,0.0
11/17/06 04:30,0.0
11/17/06 04:35,0.0
11/17/06 04:40,0.0
11/17/06 04:45,0.0
11/17/06 04:50,0.0
11/17/06 04:55,0.0
11/17/06 05:00,0.0
11/17/06 05:05,0.0
11/17/06 05:10,0.0
11/17/06 05:15,0.0
11/17/06 05:20,0.0
11/17/06 05:25,0.0
11/17/06 05:30,0.0
11/17/06 05:35,0.0
11/17/06 05:40,0.0
11/17/06 05:45,0.0
11/17/06 05:50,0.0
11/17/06 05:55,0.0
11/17/06 06:00,0.0
11/17/06 06:05,0.0
11/17/06 06:10,0.0
11/17/06 06:15,0.0
11/17/06 06:20,0.0
11/17/06 06:25,0.0
11/17/06 06:30,0.0
11/17/06 06:35,0.0
11/17/06 06:40,0.0
11/17/06 06:45,0.0
11/17/06 06:50,0.0
11/17/06 06:55,0.0
11/17/06 07:00,0.1
11/17/06 07:05,0.5
11/17/06 07:10,1.9
11/17/06 07:15,4.1
11/17/06 07:20,4.8
11/17/06 07:25,5.5
11/17/06 07:30,6.2
11/17/06 07:35,6.9
11/17/06 07:40,7.7
11/17/06 07:45,8.5
11/17/06 07:50,9.1
11/17/06 07:55,9.8
11/17/06 08:00,10.5
11/17/06 08:05,11.2
11/17/06 08:10,11.9
11/17/06 08:15,12.5
11/17/06 08:20,13.1
11/17/06 08:25,13.7
11/17/06 08:30,14.1
11/17/06 08:35,14.0
11/17/06 08:40,13.8
11/17/06 08:45,13.6
11/17/06 08:50,13.8
11/17/06 08:55,14.0
11/17/06 09:00,14.0
11/17/06 09:05,14.2
11/17/06 09:10,14.3
11/17/06 09:15,15.5
11/17/06 09:20,17.4
11/17/06 09:25,18.7
11/17/06 09:30,19.6
11/17/06 09:35,20.1
11/17/06 09:40,20.5
11/17/06 09:45,20.7
11/17/06 09:50,21.1
11/17/06 09:55,21.3
11/17/06 10:00,21.3
11/17/06 10:05,21.1
11/17/06 10:10,21.2
11/17/06 10:15,21.6
11/17/06 10:20,22.2
11/17/06 10:25,22.6
11/17/06 10:30,23.2
11/17/06 10:35,23.5
11/17/06 10:40,23.8
11/17/06 10:45,24.1
11/17/06 10:50,24.3
11/17/06 10:55,24.4
11/17/06 11:00,24.5
11/17/06 11:05,24.5
11/17/06 11:10,24.4
11/17/06 11:15,24.2
11/17/06 11:20,24.1
11/17/06 11:25,24.0
11/17/06 11:30,23.8
11/17/06 11:35,23.6
11/17/06 11:40,23.3
11/17/06 11:45,23.3
11/17/06 11:50,23.5
11/17/06 11:55,23.5
11/17/06 12:00,23.4
11/17/06 12:05,23.6
11/17/06 12:10,23.8
11/17/06 12:15,23.7
11/17/06 12:20,23.4
11/17/06 12:25,23.3
11/17/06 12:30,23.2
11/17/06 12:35,23.2
11/17/06 12:40,23.1
11/17/06 12:45,23.1
11/17/06 12:50,23.1
11/17/06 12:55,22.9
11/17/06 13:00,22.8
11/17/06 13:05,22.8
11/17/06 13:10,22.7
11/17/06 13:15,22.3
11/17/06 13:20,21.7
11/17/06 13:25,21.3
11/17/06 13:30,20.9
11/17/06 13:35,20.6
11/17/06 13:40,20.2
11/17/06 13:45,19.8
11/17/06 13:50,19.5
11/17/06 13:55,19.1
11/17/06 14:00,18.6
11/17/06 14:05,18.1
11/17/06 14:10,17.7
11/17/06 14:15,17.2
11/17/06 14:20,16.7
11/17/06 14:25,16.1
11/17/06 14:30,15.6
11/17/06 14:35,15.1
11/17/06 14:40,14.6
11/17/06 14:45,14.1
11/17/06 14:50,13.4
11/17/06 14:55,12.7
11/17/06 15:00,12.0
11/17/06 15:05,11.3
11/17/06 15:10,10.5
11/17/06 15:15,9.8
11/17/06 15:20,9.0
11/17/06 15:25,8.3
11/17/06 15:30,7.8
11/17/06 15:35,7.4
11/17/06 15:40,6.9
11/17/06 15:45,6.2
11/17/06 15:50,5.4
11/17/06 15:55,4.7
11/17/06 16:00,4.1
11/17/06 16:05,3.8
11/17/06 16:10,2.7
11/17/06 16:15,1.2
11/17/06 16:20,0.3
11/17/06 16:25,0.0
11/17/06 16:30,0.0
11/17/06 16:35,0.0
11/17/06 16:40,0.0
11/17/06 16:45,0.0
11/17/06 16:50,0.0
11/17/06 16:55,0.0
11/17/06 17:00,0.0
11/17/06 17:05,0.0
11/17/06 17:10,0.0
11/17/06 17:15,0.0
11/17/06 17:20,0.0
11/17/06 17:25,0.0
11/17/06 17:30,0.0
11/17/06 17:35,0.0
11/17/06 17:40,0.0
11/17/06 17:45,0.0
11/17/06 17:50,0.0
11/17/06 17:55,0.0
11/17/06 18:00,0.0
11/17/06 18:05,0.0
11/17/06 18:10,0.0
11/17/06 18:15,0.0
11/17/06 18:20,0.0
11/17/06 18:25,0.0
11/17/06 18:30,0.0
11/17/06 18:35,0.0
11/17/06 18:40,0.0
11/17/06 18:45,0.0
11/17/06 18:50,0.0
11/17/06 18:55,0.0
11/17/06 19:00,0.0
11/17/06 19:05,0.0
11/17/06 19:10,0.0
11/17/06 19:15,0.0
11/17/06 19:20,0.0
11/17/06 19:25,0.0
11/17/06 19:30,0.0
11/17/06 19:35,0.0
11/17/06 19:40,0.0
11/17/06 19:45,0.0
11/17/06 19:50,0.0
11/17/06 19:55,0.0
11/17/06 20:00,0.0
11/17/06 20:05,0.0
11/17/06 20:10,0.0
11/17/06 20:15,0.0
11/17/06 20:20,0.0
11/17/06 20:25,0.0
11/17/06 20:30,0.0
11/17/06 20:35,0.0
11/17/06 20:40,0.0
11/17/06 20:45,0.0
11/17/06 20:50,0.0
11/17/06 20:55,0.0
11/17/06 21:00,0.0
11/17/06 21:05,0.0
11/17/06 21:10,0.0
11/17/06 21:15,0.0
11/17/06 21:20,0.0
11/17/06 21:25,0.0
11/17/06 21:30,0.0
11/17/06 21:35,0.0
11/17/06 21:40,0.0
11/17/06 21:45,0.0
11/17/06 21:50,0.0
11/17/06 21:55,0.0
11/17/06 22:00,0.0
11/17/06 22:05,0.0
11/17/06 22:10,0.0
11/17/06 22:15,0.0
11/17/06 22:20,0.0
11/17/06 22:25,0.0
11/17/06 22:30,0.0
11/17/06 22:35,0.0
11/17/06 22:40,0.0
11/17/06 22:45,0.0
11/17/06 22:50,0.0
11/17/06 22:55,0.0
11/17/06 23:00,0.0
11/17/06 23:05,0.0
11/17/06 23:10,0.0
11/17/06 23:15,0.0
11/17/06 23:20,0.0
11/17/06 23:25,0.0
11/17/06 23:30,0.0
11/17/06 23:35,0.0
11/17/06 23:40,0.0
11/17/06 23:45,0.0
11/17/06 23:50,0.0
11/17/06 23:55,0.0
11/18/06 00:00,0.0
11/18/06 00:05,0.0
11/18/06 00:10,0.0
11/18/06 00:15,0.0
11/18/06 00:20,0.0
11/18/06 00:25,0.0
11/18/06 00:30,0.0
11/18/06 00:35,0.0
11/18/06 00:40,0.0
11/18/06 00:45,0.0
11/18/06 00:50,0.0
11/18/06 00:55,0.0
11/18/06 01:00,0.0
11/18/06 01:05,0.0
11/18/06 01:10,0.0
11/18/06 01:15,0.0
11/18/06 01:20,0.0
11/18/06 01:25,0.0
11/18/06 01:30,0.0
11/18/06 01:35,0.0
11/18/06 01:40,0.0
11/18/06 01:45,0.0
11/18/06 01:50,0.0
11/18/06 01:55,0.0
11/18/06 02:00,0.0
11/18/06 02:05,0.0
11/18/06 02:10,0.0
11/18/06 02:15,0.0
11/18/06 02:20,0.0
11/18/06 02:25,0.0
11/18/06 02:30,0.0
11/18/06 02:35,0.0
11/18/06 02:40,0.0
11/18/06 02:45,0.0
11/18/06 02:50,0.0
11/18/06 02:55,0.0
11/18/06 03:00,0.0
11/18/06 03:05,0.0
11/18/06 03:10,0.0
11/18/06 03:15,0.0
11/18/06 03:20,0.0
11/18/06 03:25,0.0
11/18/06 03:30,0.0
11/18/06 03:35,0.0
11/18/06 03:40,0.0
11/18/06 03:45,0.0
11/18/06 03:50,0.0
11/18/06 03:55,0.0
11/18/06 04:00,0.0
11/18/06 04:05,0.0
11/18/06 04:10,0.0
11/18/06 04:15,0.0
11/18/06 04:20,0.0
11/18/06 04:25,0.0
11/18/06 04:30,0.0
11/18/06 04:35,0.0
11/18/06 04:40,0.0
11/18/06 04:45,0.0
11/18/06 04:50,0.0
11/18/06 04:55,0.0
11/18/06 05:00,0.0
11/18/06 05:05,0.0
11/18/06 05:10,0.0
11/18/06 05:15,0.0
11/18/06 05:20,0.0
11/18/06 05:25,0.0
11/18/06 05:30,0.0
11/18/06 05:35,0.0
11/18/06 05:40,0.0
11/18/06 05:45,0.0
11/18/06 05:50,0.0
11/18/06 05:55,0.0
11/18/06 06:00,0.0
11/18/06 06:05,0.0
11/18/06 06:10,0.0
11/18/06 06:15,0.0
11/18/06 06:20,0.0
11/18/06 06:25,0.0
11/18/06 06:30,0.0
11/18/06 06:35,0.0
11/18/06 06:40,0.0
11/18/06 06:45,0.0
11/18/06 06:50,0.0
11/18/06 06:55,0.0
11/18/06 07:00,0.1
11/18/06 07:05,0.3
11/18/06 07:10,1.3
11/18/06 07:15,3.7
11/18/06 07:20,4.5
11/18/06 07:25,5.3
11/18/06 07:30,6.2
11/18/06 07:35,7.0
11/18/06 07:40,7.8
11/18/06 07:45,8.6
11/18/06 07:50,9.3
11/18/06 07:55,10.0
11/18/06 08:00,10.8
11/18/06 08:05,11.5
11/18/06 08:10,12.2
11/18/06 08:15,12.7
11/18/06 08:20,13.2
11/18/06 08:25,13.6
11/18/06 08:30,14.2
11/18/06 08:35,14.7
11/18/06 08:40,15.2
11/18/06 08:45,15.7
11/18/06 08:50,15.9
11/18/06 08:55,16.2
11/18/06 09:00,16.7
11/18/06 09:05,17.0
11/18/06 09:10,17.5
11/18/06 09:15,18.0
11/18/06 09:20,18.4
11/18/06 09:25,18.7
11/18/06 09:30,19.0
11/18/06 09:35,19.5
11/18/06 09:40,19.9
11/18/06 09:45,20.2
11/18/06 09:50,20.4
11/18/06 09:55,20.8
11/18/06 10:00,21.2
11/18/06 10:05,21.7
11/18/06 10:10,22.1
11/18/06 10:15,22.3
11/18/06 10:20,22.3
11/18/06 10:25,22.4
11/18/06 10:30,22.4
11/18/06 10:35,22.5
11/18/06 10:40,22.5
11/18/06 10:45,22.6
11/18/06 10:50,22.8
11/18/06 10:55,23.1
11/18/06 11:00,23.5
11/18/06 11:05,23.7
11/18/06 11:10,23.7
11/18/06 11:15,23.8
11/18/06 11:20,24.0
11/18/06 11:25,24.1
11/18/06 11:30,24.3
11/18/06 11:35,24.5
11/18/06 11:40,24.8
11/18/06 11:45,24.9
11/18/06 11:50,24.9
11/18/06 11:55,25.1
11/18/06 12:00,25.2
11/18/06 12:05,25.4
11/18/06 12:10,25.4
11/18/06 12:15,25.0
11/18/06 12:20,24.6
11/18/06 12:25,24.4
11/18/06 12:30,24.1
11/18/06 12:35,23.9
11/18/06 12:40,23.8
11/18/06 12:45,23.6
11/18/06 12:50,23.3
11/18/06 12:55,23.1
11/18/06 13:00,22.8
11/18/06 13:05,22.5
11/18/06 13:10,22.0
11/18/06 13:15,21.6
11/18/06 13:20,21.3
11/18/06 13:25,20.9
11/18/06 13:30,20.6
11/18/06 13:35,20.3
11/18/06 13:40,19.8
11/18/06 13:45,19.5
11/18/06 13:50,19.3
11/18/06 13:55,19.0
11/18/06 14:00,18.6
11/18/06 14:05,17.9
11/18/06 14:10,17.5
11/18/06 14:15,17.1
11/18/06 14:20,16.7
11/18/06 14:25,16.3
11/18/06 14:30,15.7
11/18/06 14:35,15.1
11/18/06 14:40,14.4
11/18/06 14:45,13.9
11/18/06 14:50,13.4
11/18/06 14:55,12.8
11/18/06 15:00,12.2
11/18/06 15:05,11.6
11/18/06 15:10,11.0
11/18/06 15:15,10.4
11/18/06 15:20,9.7
11/18/06 15:25,9.0
11/18/06 15:30,8.3
11/18/06 15:35,7.6
11/18/06 15:40,6.9
11/18/06 15:45,6.2
11/18/06 15:50,5.5
11/18/06 15:55,4.9
11/18/06 16:00,4.3
11/18/06 16:05,3.7
11/18/06 16:10,2.2
11/18/06 16:15,1.0
11/18/06 16:20,0.3
11/18/06 16:25,0.1
11/18/06 16:30,0.0
11/18/06 16:35,0.0
11/18/06 16:40,0.0
11/18/06 16:45,0.0
11/18/06 16:50,0.0
11/18/06 16:55,0.0
11/18/06 17:00,0.0
11/18/06 17:05,0.0
11/18/06 17:10,0.0
11/18/06 17:15,0.0
11/18/06 17:20,0.0
11/18/06 17:25,0.0
11/18/06 17:30,0.0
11/18/06 17:35,0.0
11/18/06 17:40,0.0
11/18/06 17:45,0.0
11/18/06 17:50,0.0
11/18/06 17:55,0.0
11/18/06 18:00,0.0
11/18/06 18:05,0.0
11/18/06 18:10,0.0
11/18/06 18:15,0.0
11/18/06 18:20,0.0
11/18/06 18:25,0.0
11/18/06 18:30,0.0
11/18/06 18:35,0.0
11/18/06 18:40,0.0
11/18/06 18:45,0.0
11/18/06 18:50,0.0
11/18/06 18:55,0.0
11/18/06 19:00,0.0
11/18/06 19:05,0.0
11/18/06 19:10,0.0
11/18/06 19:15,0.0
11/18/06 19:20,0.0
11/18/06 19:25,0.0
11/18/06 19:30,0.0
11/18/06 19:35,0.0
11/18/06 19:40,0.0
11/18/06 19:45,0.0
11/18/06 19:50,0.0
11/18/06 19:55,0.0
11/18/06 20:00,0.0
11/18/06 20:05,0.0
11/18/06 20:10,0.0
11/18/06 20:15,0.0
11/18/06 20:20,0.0
11/18/06 20:25,0.0
11/18/06 20:30,0.0
11/18/06 20:35,0.0
11/18/06 20:40,0.0
11/18/06 20:45,0.0
11/18/06 20:50,0.0
11/18/06 20:55,0.0
11/18/06 21:00,0.0
11/18/06 21:05,0.0
11/18/06 21:10,0.0
11/18/06 21:15,0.0
11/18/06 21:20,0.0
11/18/06 21:25,0.0
11/18/06 21:30,0.0
11/18/06 21:35,0.0
11/18/06 21:40,0.0
11/18/06 21:45,0.0
11/18/06 21:50,0.0
11/18/06 21:55,0.0
11/18/06 22:00,0.0
11/18/06 22:05,0.0
11/18/06 22:10,0.0
11/18/06 22:15,0.0
11/18/06 22:20,0.0
11/18/06 22:25,0.0
11/18/06 22:30,0.0
11/18/06 22:35,0.0
11/18/06 22:40,0.0
11/18/06 22:45,0.0
11/18/06 22:50,0.0
11/18/06 22:55,0.0
11/18/06 23:00,0.0
11/18/06 23:05,0.0
11/18/06 23:10,0.0
11/18/06 23:15,0.0
11/18/06 23:20,0.0
11/18/06 23:25,0.0
11/18/06 23:30,0.0
11/18/06 23:35,0.0
11/18/06 23:40,0.0
11/18/06 23:45,0.0
11/18/06 23:50,0.0
11/18/06 23:55,0.0
11/19/06 00:00,0.0
11/19/06 00:05,0.0
11/19/06 00:10,0.0
11/19/06 00:15,0.0
11/19/06 00:20,0.0
11/19/06 00:25,0.0
11/19/06 00:30,0.0
11/19/06 00:35,0.0
11/19/06 00:40,0.0
11/19/06 00:45,0.0
11/19/06 00:50,0.0
11/19/06 00:55,0.0
11/19/06 01:00,0.0
11/19/06 01:05,0.0
11/19/06 01:10,0.0
11/19/06 01:15,0.0
11/19/06 01:20,0.0
11/19/06 01:25,0.0
11/19/06 01:30,0.0
11/19/06 01:35,0.0
11/19/06 01:40,0.0
11/19/06 01:45,0.0
11/19/06 01:50,0.0
11/19/06 01:55,0.0
11/19/06 02:00,0.0
11/19/06 02:05,0.0
11/19/06 02:10,0.0
11/19/06 02:15,0.0
11/19/06 02:20,0.0
11/19/06 02:25,0.0
11/19/06 02:30,0.0
11/19/06 02:35,0.0
11/19/06 02:40,0.0
11/19/06 02:45,0.0
11/19/06 02:50,0.0
11/19/06 02:55,0.0
11/19/06 03:00,0.0
11/19/06 03:05,0.0
11/19/06 03:10,0.0
11/19/06 03:15,0.0
11/19/06 03:20,0.0
11/19/06 03:25,0.0
11/19/06 03:30,0.0
11/19/06 03:35,0.0
11/19/06 03:40,0.0
11/19/06 03:45,0.0
11/19/06 03:50,0.0
11/19/06 03:55,0.0
11/19/06 04:00,0.0
11/19/06 04:05,0.0
11/19/06 04:10,0.0
11/19/06 04:15,0.0
11/19/06 04:20,0.0
11/19/06 04:25,0.0
11/19/06 04:30,0.0
11/19/06 04:35,0.0
11/19/06 04:40,0.0
11/19/06 04:45,0.0
11/19/06 04:50,0.0
11/19/06 04:55,0.0
11/19/06 05:00,0.0
11/19/06 05:05,0.0
11/19/06 05:10,0.0
11/19/06 05:15,0.0
11/19/06 05:20,0.0
11/19/06 05:25,0.0
11/19/06 05:30,0.0
11/19/06 05:35,0.0
11/19/06 05:40,0.0
11/19/06 05:45,0.0
11/19/06 05:50,0.0
11/19/06 05:55,0.0
11/19/06 06:00,0.0
11/19/06 06:05,0.0
11/19/06 06:10,0.0
11/19/06 06:15,0.0
11/19/06 06:20,0.0
11/19/06 06:25,0.0
11/19/06 06:30,0.0
11/19/06 06:35,0.0
11/19/06 06:40,0.0
11/19/06 06:45,0.0
11/19/06 06:50,0.0
11/19/06 06:55,0.0
11/19/06 07:00,0.1
11/19/06 07:05,0.4
11/19/06 07:10,1.4
11/19/06 07:15,3.9
11/19/06 07:20,4.7
11/19/06 07:25,5.5
11/19/06 07:30,6.5
11/19/06 07:35,7.3
11/19/06 07:40,8.1
11/19/06 07:45,9.0
11/19/06 07:50,9.9
11/19/06 07:55,10.7
11/19/06 08:00,11.4
11/19/06 08:05,12.2
11/19/06 08:10,12.9
11/19/06 08:15,13.4
11/19/06 08:20,13.8
11/19/06 08:25,14.2
11/19/06 08:30,14.6
11/19/06 08:35,15.2
11/19/06 08:40,15.7
11/19/06 08:45,16.2
11/19/06 08:50,16.8
11/19/06 08:55,17.4
11/19/06 09:00,18.0
11/19/06 09:05,18.4
11/19/06 09:10,18.8
11/19/06 09:15,19.3
11/19/06 09:20,19.8
11/19/06 09:25,20.3
11/19/06 09:30,20.7
11/19/06 09:35,21.1
11/19/06 09:40,21.5
11/19/06 09:45,21.7
11/19/06 09:50,21.8
11/19/06 09:55,22.0
11/19/06 10:00,22.2
11/19/06 10:05,22.5
11/19/06 10:10,22.8
11/19/06 10:15,23.2
11/19/06 10:20,23.7
11/19/06 10:25,24.2
11/19/06 10:30,24.6
11/19/06 10:35,24.7
11/19/06 10:40,24.8
11/19/06 10:45,25.0
11/19/06 10:50,25.1
11/19/06 10:55,25.2
11/19/06 11:00,25.2
11/19/06 11:05,25.1
11/19/06 11:10,24.9
11/19/06 11:15,25.0
11/19/06 11:20,25.1
11/19/06 11:25,25.2
11/19/06 11:30,25.2
11/19/06 11:35,25.3
11/19/06 11:40,25.3
11/19/06 11:45,25.3
11/19/06 11:50,25.1
11/19/06 11:55,24.9
11/19/06 12:00,24.7
11/19/06 12:05,24.6
11/19/06 12:10,24.7
11/19/06 12:15,24.8
11/19/06 12:20,24.8
11/19/06 12:25,24.8
11/19/06 12:30,24.8
11/19/06 12:35,24.8
11/19/06 12:40,24.6
11/19/06 12:45,24.3
11/19/06 12:50,24.2
11/19/06 12:55,23.8
11/19/06 13:00,23.4
11/19/06 13:05,23.1
11/19/06 13:10,22.8
11/19/06 13:15,22.5
11/19/06 13:20,22.3
11/19/06 13:25,22.0
11/19/06 13:30,21.7
11/19/06 13:35,21.3
11/19/06 13:40,20.8
11/19/06 13:45,20.4
11/19/06 13:50,20.0
11/19/06 13:55,19.6
11/19/06 14:00,19.1
11/19/06 14:05,18.7
11/19/06 14:10,18.3
11/19/06 14:15,17.9
11/19/06 14:20,17.3
11/19/06 14:25,16.9
11/19/06 14:30,16.4
11/19/06 14:35,15.9
11/19/06 14:40,15.3
11/19/06 14:45,14.8
11/19/06 14:50,14.2
11/19/06 14:55,13.5
11/19/06 15:00,12.7
11/19/06 15:05,11.9
11/19/06 15:10,11.1
11/19/06 15:15,10.3
11/19/06 15:20,9.7
11/19/06 15:25,9.0
11/19/06 15:30,8.4
11/19/06 15:35,7.8
11/19/06 15:40,7.1
11/19/06 15:45,6.4
11/19/06 15:50,5.7
11/19/06 15:55,5.0
11/19/06 16:00,4.3
11/19/06 16:05,3.7
11/19/06 16:10,2.1
11/19/06 16:15,0.9
11/19/06 16:20,0.3
11/19/06 16:25,0.0
11/19/06 16:30,0.0
11/19/06 16:35,0.0
11/19/06 16:40,0.0
11/19/06 16:45,0.0
11/19/06 16:50,0.0
11/19/06 16:55,0.0
11/19/06 17:00,0.0
11/19/06 17:05,0.0
11/19/06 17:10,0.0
11/19/06 17:15,0.0
11/19/06 17:20,0.0
11/19/06 17:25,0.0
11/19/06 17:30,0.0
11/19/06 17:35,0.0
11/19/06 17:40,0.0
11/19/06 17:45,0.0
11/19/06 17:50,0.0
11/19/06 17:55,0.0
11/19/06 18:00,0.0
11/19/06 18:05,0.0
11/19/06 18:10,0.0
11/19/06 18:15,0.0
11/19/06 18:20,0.0
11/19/06 18:25,0.0
11/19/06 18:30,0.0
11/19/06 18:35,0.0
11/19/06 18:40,0.0
11/19/06 18:45,0.0
11/19/06 18:50,0.0
11/19/06 18:55,0.0
11/19/06 19:00,0.0
11/19/06 19:05,0.0
11/19/06 19:10,0.0
11/19/06 19:15,0.0
11/19/06 19:20,0.0
11/19/06 19:25,0.0
11/19/06 19:30,0.0
11/19/06 19:35,0.0
11/19/06 19:40,0.0
11/19/06 19:45,0.0
11/19/06 19:50,0.0
11/19/06 19:55,0.0
11/19/06 20:00,0.0
11/19/06 20:05,0.0
11/19/06 20:10,0.0
11/19/06 20:15,0.0
11/19/06 20:20,0.0
11/19/06 20:25,0.0
11/19/06 20:30,0.0
11/19/06 20:35,0.0
11/19/06 20:40,0.0
11/19/06 20:45,0.0
11/19/06 20:50,0.0
11/19/06 20:55,0.0
11/19/06 21:00,0.0
11/19/06 21:05,0.0
11/19/06 21:10,0.0
11/19/06 21:15,0.0
11/19/06 21:20,0.0
11/19/06 21:25,0.0
11/19/06 21:30,0.0
11/19/06 21:35,0.0
11/19/06 21:40,0.0
11/19/06 21:45,0.0
11/19/06 21:50,0.0
11/19/06 21:55,0.0
11/19/06 22:00,0.0
11/19/06 22:05,0.0
11/19/06 22:10,0.0
11/19/06 22:15,0.0
11/19/06 22:20,0.0
11/19/06 22:25,0.0
11/19/06 22:30,0.0
11/19/06 22:35,0.0
11/19/06 22:40,0.0
11/19/06 22:45,0.0
11/19/06 22:50,0.0
11/19/06 22:55,0.0
11/19/06 23:00,0.0
11/19/06 23:05,0.0
11/19/06 23:10,0.0
11/19/06 23:15,0.0
11/19/06 23:20,0.0
11/19/06 23:25,0.0
11/19/06 23:30,0.0
11/19/06 23:35,0.0
11/19/06 23:40,0.0
11/19/06 23:45,0.0
11/19/06 23:50,0.0
11/19/06 23:55,0.0
11/20/06 00:00,0.0
11/20/06 00:05,0.0
11/20/06 00:10,0.0
11/20/06 00:15,0.0
11/20/06 00:20,0.0
11/20/06 00:25,0.0
11/20/06 00:30,0.0
11/20/06 00:35,0.0
11/20/06 00:40,0.0
11/20/06 00:45,0.0
11/20/06 00:50,0.0
11/20/06 00:55,0.0
11/20/06 01:00,0.0
11/20/06 01:05,0.0
11/20/06 01:10,0.0
11/20/06 01:15,0.0
11/20/06 01:20,0.0
11/20/06 01:25,0.0
11/20/06 01:30,0.0
11/20/06 01:35,0.0
11/20/06 01:40,0.0
11/20/06 01:45,0.0
11/20/06 01:50,0.0
11/20/06 01:55,0.0
11/20/06 02:00,0.0
11/20/06 02:05,0.0
11/20/06 02:10,0.0
11/20/06 02:15,0.0
11/20/06 02:20,0.0
11/20/06 02:25,0.0
11/20/06 02:30,0.0
11/20/06 02:35,0.0
11/20/06 02:40,0.0
11/20/06 02:45,0.0
11/20/06 02:50,0.0
11/20/06 02:55,0.0
11/20/06 03:00,0.0
11/20/06 03:05,0.0
11/20/06 03:10,0.0
11/20/06 03:15,0.0
11/20/06 03:20,0.0
11/20/06 03:25,0.0
11/20/06 03:30,0.0
11/20/06 03:35,0.0
11/20/06 03:40,0.0
11/20/06 03:45,0.0
11/20/06 03:50,0.0
11/20/06 03:55,0.0
11/20/06 04:00,0.0
11/20/06 04:05,0.0
11/20/06 04:10,0.0
11/20/06 04:15,0.0
11/20/06 04:20,0.0
11/20/06 04:25,0.0
11/20/06 04:30,0.0
11/20/06 04:35,0.0
11/20/06 04:40,0.0
11/20/06 04:45,0.0
11/20/06 04:50,0.0
11/20/06 04:55,0.0
11/20/06 05:00,0.0
11/20/06 05:05,0.0
11/20/06 05:10,0.0
11/20/06 05:15,0.0
11/20/06 05:20,0.0
11/20/06 05:25,0.0
11/20/06 05:30,0.0
11/20/06 05:35,0.0
11/20/06 05:40,0.0
11/20/06 05:45,0.0
11/20/06 05:50,0.0
11/20/06 05:55,0.0
11/20/06 06:00,0.0
11/20/06 06:05,0.0
11/20/06 06:10,0.0
11/20/06 06:15,0.0
11/20/06 06:20,0.0
11/20/06 06:25,0.0
11/20/06 06:30,0.0
11/20/06 06:35,0.0
11/20/06 06:40,0.0
11/20/06 06:45,0.0
11/20/06 06:50,0.0
11/20/06 06:55,0.0
11/20/06 07:00,0.0
11/20/06 07:05,0.1
11/20/06 07:10,0.6
11/20/06 07:15,2.1
11/20/06 07:20,4.3
11/20/06 07:25,5.2
11/20/06 07:30,6.0
11/20/06 07:35,7.0
11/20/06 07:40,7.8
11/20/06 07:45,8.7
11/20/06 07:50,9.5
11/20/06 07:55,10.3
11/20/06 08:00,11.1
11/20/06 08:05,11.8
11/20/06 08:10,12.6
11/20/06 08:15,13.2
11/20/06 08:20,13.8
11/20/06 08:25,14.5
11/20/06 08:30,15.1
11/20/06 08:35,15.8
11/20/06 08:40,16.4
11/20/06 08:45,17.0
11/20/06 08:50,17.6
11/20/06 08:55,18.1
11/20/06 09:00,18.7
11/20/06 09:05,19.2
11/20/06 09:10,19.6
11/20/06 09:15,20.0
11/20/06 09:20,20.1
11/20/06 09:25,20.5
11/20/06 09:30,21.1
11/20/06 09:35,21.7
11/20/06 09:40,22.2
11/20/06 09:45,22.6
11/20/06 09:50,23.3
11/20/06 09:55,24.2
11/20/06 10:00,24.8
11/20/06 10:05,25.1
11/20/06 10:10,25.5
11/20/06 10:15,25.2
11/20/06 10:20,24.4
11/20/06 10:25,23.7
11/20/06 10:30,23.1
11/20/06 10:35,22.5
11/20/06 10:40,22.0
11/20/06 10:45,21.4
11/20/06 10:50,20.7
11/20/06 10:55,20.4
11/20/06 11:00,20.1
11/20/06 11:05,19.7
11/20/06 11:10,19.4
11/20/06 11:15,19.3
11/20/06 11:20,20.3
11/20/06 11:25,19.4
11/20/06 11:30,17.2
11/20/06 11:35,12.5
11/20/06 11:40,9.2
11/20/06 11:45,6.9
11/20/06 11:50,9.8
11/20/06 11:55,14.3
11/20/06 12:00,17.3
11/20/06 12:05,20.2
11/20/06 12:10,20.8
11/20/06 12:15,19.7
11/20/06 12:20,19.9
11/20/06 12:25,19.9
11/20/06 12:30,19.8
11/20/06 12:35,19.9
11/20/06 12:40,20.0
11/20/06 12:45,20.3
11/20/06 12:50,20.4
11/20/06 12:55,20.6
11/20/06 13:00,21.0
11/20/06 13:05,21.0
11/20/06 13:10,21.1
11/20/06 13:15,21.5
11/20/06 13:20,21.8
11/20/06 13:25,21.8
11/20/06 13:30,21.7
11/20/06 13:35,21.6
11/20/06 13:40,21.3
11/20/06 13:45,21.0
11/20/06 13:50,20.6
11/20/06 13:55,20.3
11/20/06 14:00,19.7
11/20/06 14:05,19.2
11/20/06 14:10,18.8
11/20/06 14:15,18.3
11/20/06 14:20,18.0
11/20/06 14:25,17.3
11/20/06 14:30,16.3
11/20/06 14:35,14.9
11/20/06 14:40,13.5
11/20/06 14:45,12.4
11/20/06 14:50,11.5
11/20/06 14:55,10.7
11/20/06 15:00,10.4
11/20/06 15:05,10.3
11/20/06 15:10,9.9
11/20/06 15:15,9.6
11/20/06 15:20,9.4
11/20/06 15:25,9.0
11/20/06 15:30,8.4
11/20/06 15:35,7.7
11/20/06 15:40,6.9
11/20/06 15:45,6.2
11/20/06 15:50,5.6
11/20/06 15:55,5.0
11/20/06 16:00,4.3
11/20/06 16:05,3.6
11/20/06 16:10,1.9
11/20/06 16:15,0.8
11/20/06 16:20,0.2
11/20/06 16:25,0.0
11/20/06 16:30,0.0
11/20/06 16:35,0.0
11/20/06 16:40,0.0
11/20/06 16:45,0.0
11/20/06 16:50,0.0
11/20/06 16:55,0.0
11/20/06 17:00,0.0
11/20/06 17:05,0.0
11/20/06 17:10,0.0
11/20/06 17:15,0.0
11/20/06 17:20,0.0
11/20/06 17:25,0.0
11/20/06 17:30,0.0
11/20/06 17:35,0.0
11/20/06 17:40,0.0
11/20/06 17:45,0.0
11/20/06 17:50,0.0
11/20/06 17:55,0.0
11/20/06 18:00,0.0
11/20/06 18:05,0.0
11/20/06 18:10,0.0
11/20/06 18:15,0.0
11/20/06 18:20,0.0
11/20/06 18:25,0.0
11/20/06 18:30,0.0
11/20/06 18:35,0.0
11/20/06 18:40,0.0
11/20/06 18:45,0.0
11/20/06 18:50,0.0
11/20/06 18:55,0.0
11/20/06 19:00,0.0
11/20/06 19:05,0.0
11/20/06 19:10,0.0
11/20/06 19:15,0.0
11/20/06 19:20,0.0
11/20/06 19:25,0.0
11/20/06 19:30,0.0
11/20/06 19:35,0.0
11/20/06 19:40,0.0
11/20/06 19:45,0.0
11/20/06 19:50,0.0
11/20/06 19:55,0.0
11/20/06 20:00,0.0
11/20/06 20:05,0.0
11/20/06 20:10,0.0
11/20/06 20:15,0.0
11/20/06 20:20,0.0
11/20/06 20:25,0.0
11/20/06 20:30,0.0
11/20/06 20:35,0.0
11/20/06 20:40,0.0
11/20/06 20:45,0.0
11/20/06 20:50,0.0
11/20/06 20:55,0.0
11/20/06 21:00,0.0
11/20/06 21:05,0.0
11/20/06 21:10,0.0
11/20/06 21:15,0.0
11/20/06 21:20,0.0
11/20/06 21:25,0.0
11/20/06 21:30,0.0
11/20/06 21:35,0.0
11/20/06 21:40,0.0
11/20/06 21:45,0.0
11/20/06 21:50,0.0
11/20/06 21:55,0.0
11/20/06 22:00,0.0
11/20/06 22:05,0.0
11/20/06 22:10,0.0
11/20/06 22:15,0.0
11/20/06 22:20,0.0
11/20/06 22:25,0.0
11/20/06 22:30,0.0
11/20/06 22:35,0.0
11/20/06 22:40,0.0
11/20/06 22:45,0.0
11/20/06 22:50,0.0
11/20/06 22:55,0.0
11/20/06 23:00,0.0
11/20/06 23:05,0.0
11/20/06 23:10,0.0
11/20/06 23:15,0.0
11/20/06 23:20,0.0
11/20/06 23:25,0.0
11/20/06 23:30,0.0
11/20/06 23:35,0.0
11/20/06 23:40,0.0
11/20/06 23:45,0.0
11/20/06 23:50,0.0
11/20/06 23:55,0.0
11/21/06 00:00,0.0
11/21/06 00:05,0.0
11/21/06 00:10,0.0
11/21/06 00:15,0.0
11/21/06 00:20,0.0
11/21/06 00:25,0.0
11/21/06 00:30,0.0
11/21/06 00:35,0.0
11/21/06 00:40,0.0
11/21/06 00:45,0.0
11/21/06 00:50,0.0
11/21/06 00:55,0.0
11/21/06 01:00,0.0
11/21/06 01:05,0.0
11/21/06 01:10,0.0
11/21/06 01:15,0.0
11/21/06 01:20,0.0
11/21/06 01:25,0.0
11/21/06 01:30,0.0
11/21/06 01:35,0.0
11/21/06 01:40,0.0
11/21/06 01:45,0.0
11/21/06 01:50,0.0
11/21/06 01:55,0.0
11/21/06 02:00,0.0
11/21/06 02:05,0.0
11/21/06 02:10,0.0
11/21/06 02:15,0.0
11/21/06 02:20,0.0
11/21/06 02:25,0.0
11/21/06 02:30,0.0
11/21/06 02:35,0.0
11/21/06 02:40,0.0
11/21/06 02:45,0.0
11/21/06 02:50,0.0
11/21/06 02:55,0.0
11/21/06 03:00,0.0
11/21/06 03:05,0.0
11/21/06 03:10,0.0
11/21/06 03:15,0.0
11/21/06 03:20,0.0
11/21/06 03:25,0.0
11/21/06 03:30,0.0
11/21/06 03:35,0.0
11/21/06 03:40,0.0
11/21/06 03:45,0.0
11/21/06 03:50,0.0
11/21/06 03:55,0.0
11/21/06 04:00,0.0
11/21/06 04:05,0.0
11/21/06 04:10,0.0
11/21/06 04:15,0.0
11/21/06 04:20,0.0
11/21/06 04:25,0.0
11/21/06 04:30,0.0
11/21/06 04:35,0.0
11/21/06 04:40,0.0
11/21/06 04:45,0.0
11/21/06 04:50,0.0
11/21/06 04:55,0.0
11/21/06 05:00,0.0
11/21/06 05:05,0.0
11/21/06 05:10,0.0
11/21/06 05:15,0.0
11/21/06 05:20,0.0
11/21/06 05:25,0.0
11/21/06 05:30,0.0
11/21/06 05:35,0.0
11/21/06 05:40,0.0
11/21/06 05:45,0.0
11/21/06 05:50,0.0
11/21/06 05:55,0.0
11/21/06 06:00,0.0
11/21/06 06:05,0.0
11/21/06 06:10,0.0
11/21/06 06:15,0.0
11/21/06 06:20,0.0
11/21/06 06:25,0.0
11/21/06 06:30,0.0
11/21/06 06:35,0.0
11/21/06 06:40,0.0
11/21/06 06:45,0.0
11/21/06 06:50,0.0
11/21/06 06:55,0.0
11/21/06 07:00,0.0
11/21/06 07:05,0.2
11/21/06 07:10,1.1
11/21/06 07:15,3.0
11/21/06 07:20,4.5
11/21/06 07:25,5.3
11/21/06 07:30,6.1
11/21/06 07:35,6.9
11/21/06 07:40,7.7
11/21/06 07:45,8.5
11/21/06 07:50,9.3
11/21/06 07:55,10.1
11/21/06 08:00,10.8
11/21/06 08:05,11.5
11/21/06 08:10,12.2
11/21/06 08:15,12.8
11/21/06 08:20,13.5
11/21/06 08:25,14.0
11/21/06 08:30,14.7
11/21/06 08:35,15.5
11/21/06 08:40,16.0
11/21/06 08:45,16.2
11/21/06 08:50,16.5
11/21/06 08:55,16.8
11/21/06 09:00,17.1
11/21/06 09:05,17.4
11/21/06 09:10,18.0
11/21/06 09:15,18.9
11/21/06 09:20,19.5
11/21/06 09:25,20.1
11/21/06 09:30,20.7
11/21/06 09:35,21.2
11/21/06 09:40,21.6
11/21/06 09:45,22.0
11/21/06 09:50,22.5
11/21/06 09:55,22.9
11/21/06 10:00,23.2
11/21/06 10:05,23.5
11/21/06 10:10,23.8
11/21/06 10:15,24.1
11/21/06 10:20,24.2
11/21/06 10:25,24.3
11/21/06 10:30,24.0
11/21/06 10:35,24.0
11/21/06 10:40,24.1
11/21/06 10:45,24.1
11/21/06 10:50,24.0
11/21/06 10:55,23.9
11/21/06 11:00,23.8
11/21/06 11:05,23.7
11/21/06 11:10,23.6
11/21/06 11:15,23.9
11/21/06 11:20,24.6
11/21/06 11:25,25.2
11/21/06 11:30,25.7
11/21/06 11:35,25.9
11/21/06 11:40,26.0
11/21/06 11:45,26.1
11/21/06 11:50,26.2
11/21/06 11:55,26.4
11/21/06 12:00,26.5
11/21/06 12:05,26.5
11/21/06 12:10,26.3
11/21/06 12:15,26.0
11/21/06 12:20,25.4
11/21/06 12:25,25.1
11/21/06 12:30,24.7
11/21/06 12:35,24.2
11/21/06 12:40,23.7
11/21/06 12:45,23.4
11/21/06 12:50,23.1
11/21/06 12:55,22.7
11/21/06 13:00,22.3
11/21/06 13:05,21.9
11/21/06 13:10,21.6
11/21/06 13:15,21.5
11/21/06 13:20,21.8
11/21/06 13:25,21.8
11/21/06 13:30,21.5
11/21/06 13:35,21.1
11/21/06 13:40,20.6
11/21/06 13:45,20.1
11/21/06 13:50,19.6
11/21/06 13:55,19.3
11/21/06 14:00,19.1
11/21/06 14:05,19.0
11/21/06 14:10,18.8
11/21/06 14:15,18.3
11/21/06 14:20,17.6
11/21/06 14:25,17.0
11/21/06 14:30,16.4
11/21/06 14:35,15.8
11/21/06 14:40,15.3
11/21/06 14:45,14.6
11/21/06 14:50,14.0
11/21/06 14:55,13.3
11/21/06 15:00,12.5
11/21/06 15:05,11.7
11/21/06 15:10,10.9
11/21/06 15:15,10.3
11/21/06 15:20,9.6
11/21/06 15:25,8.9
11/21/06 15:30,8.2
11/21/06 15:35,7.5
11/21/06 15:40,6.8
11/21/06 15:45,6.1
11/21/06 15:50,5.4
11/21/06 15:55,4.6
11/21/06 16:00,4.0
11/21/06 16:05,2.7
11/21/06 16:10,1.3
11/21/06 16:15,0.6
11/21/06 16:20,0.2
11/21/06 16:25,0.0
11/21/06 16:30,0.0
11/21/06 16:35,0.0
11/21/06 16:40,0.0
11/21/06 16:45,0.0
11/21/06 16:50,0.0
11/21/06 16:55,0.0
11/21/06 17:00,0.0
11/21/06 17:05,0.0
11/21/06 17:10,0.0
11/21/06 17:15,0.0
11/21/06 17:20,0.0
11/21/06 17:25,0.0
11/21/06 17:30,0.0
11/21/06 17:35,0.0
11/21/06 17:40,0.0
11/21/06 17:45,0.0
11/21/06 17:50,0.0
11/21/06 17:55,0.0
11/21/06 18:00,0.0
11/21/06 18:05,0.0
11/21/06 18:10,0.0
11/21/06 18:15,0.0
11/21/06 18:20,0.0
11/21/06 18:25,0.0
11/21/06 18:30,0.0
11/21/06 18:35,0.0
11/21/06 18:40,0.0
11/21/06 18:45,0.0
11/21/06 18:50,0.0
11/21/06 18:55,0.0
11/21/06 19:00,0.0
11/21/06 19:05,0.0
11/21/06 19:10,0.0
11/21/06 19:15,0.0
11/21/06 19:20,0.0
11/21/06 19:25,0.0
11/21/06 19:30,0.0
11/21/06 19:35,0.0
11/21/06 19:40,0.0
11/21/06 19:45,0.0
11/21/06 19:50,0.0
11/21/06 19:55,0.0
11/21/06 20:00,0.0
11/21/06 20:05,0.0
11/21/06 20:10,0.0
11/21/06 20:15,0.0
11/21/06 20:20,0.0
11/21/06 20:25,0.0
11/21/06 20:30,0.0
11/21/06 20:35,0.0
11/21/06 20:40,0.0
11/21/06 20:45,0.0
11/21/06 20:50,0.0
11/21/06 20:55,0.0
11/21/06 21:00,0.0
11/21/06 21:05,0.0
11/21/06 21:10,0.0
11/21/06 21:15,0.0
11/21/06 21:20,0.0
11/21/06 21:25,0.0
11/21/06 21:30,0.0
11/21/06 21:35,0.0
11/21/06 21:40,0.0
11/21/06 21:45,0.0
11/21/06 21:50,0.0
11/21/06 21:55,0.0
11/21/06 22:00,0.0
11/21/06 22:05,0.0
11/21/06 22:10,0.0
11/21/06 22:15,0.0
11/21/06 22:20,0.0
11/21/06 22:25,0.0
11/21/06 22:30,0.0
11/21/06 22:35,0.0
11/21/06 22:40,0.0
11/21/06 22:45,0.0
11/21/06 22:50,0.0
11/21/06 22:55,0.0
11/21/06 23:00,0.0
11/21/06 23:05,0.0
11/21/06 23:10,0.0
11/21/06 23:15,0.0
11/21/06 23:20,0.0
11/21/06 23:25,0.0
11/21/06 23:30,0.0
11/21/06 23:35,0.0
11/21/06 23:40,0.0
11/21/06 23:45,0.0
11/21/06 23:50,0.0
11/21/06 23:55,0.0
11/22/06 00:00,0.0
11/22/06 00:05,0.0
11/22/06 00:10,0.0
11/22/06 00:15,0.0
11/22/06 00:20,0.0
11/22/06 00:25,0.0
11/22/06 00:30,0.0
11/22/06 00:35,0.0
11/22/06 00:40,0.0
11/22/06 00:45,0.0
11/22/06 00:50,0.0
11/22/06 00:55,0.0
11/22/06 01:00,0.0
11/22/06 01:05,0.0
11/22/06 01:10,0.0
11/22/06 01:15,0.0
11/22/06 01:20,0.0
11/22/06 01:25,0.0
11/22/06 01:30,0.0
11/22/06 01:35,0.0
11/22/06 01:40,0.0
11/22/06 01:45,0.0
11/22/06 01:50,0.0
11/22/06 01:55,0.0
11/22/06 02:00,0.0
11/22/06 02:05,0.0
11/22/06 02:10,0.0
11/22/06 02:15,0.0
11/22/06 02:20,0.0
11/22/06 02:25,0.0
11/22/06 02:30,0.0
11/22/06 02:35,0.0
11/22/06 02:40,0.0
11/22/06 02:45,0.0
11/22/06 02:50,0.0
11/22/06 02:55,0.0
11/22/06 03:00,0.0
11/22/06 03:05,0.0
11/22/06 03:10,0.0
11/22/06 03:15,0.0
11/22/06 03:20,0.0
11/22/06 03:25,0.0
11/22/06 03:30,0.0
11/22/06 03:35,0.0
11/22/06 03:40,0.0
11/22/06 03:45,0.0
11/22/06 03:50,0.0
11/22/06 03:55,0.0
11/22/06 04:00,0.0
11/22/06 04:05,0.0
11/22/06 04:10,0.0
11/22/06 04:15,0.0
11/22/06 04:20,0.0
11/22/06 04:25,0.0
11/22/06 04:30,0.0
11/22/06 04:35,0.0
11/22/06 04:40,0.0
11/22/06 04:45,0.0
11/22/06 04:50,0.0
11/22/06 04:55,0.0
11/22/06 05:00,0.0
11/22/06 05:05,0.0
11/22/06 05:10,0.0
11/22/06 05:15,0.0
11/22/06 05:20,0.0
11/22/06 05:25,0.0
11/22/06 05:30,0.0
11/22/06 05:35,0.0
11/22/06 05:40,0.0
11/22/06 05:45,0.0
11/22/06 05:50,0.0
11/22/06 05:55,0.0
11/22/06 06:00,0.0
11/22/06 06:05,0.0
11/22/06 06:10,0.0
11/22/06 06:15,0.0
11/22/06 06:20,0.0
11/22/06 06:25,0.0
11/22/06 06:30,0.0
11/22/06 06:35,0.0
11/22/06 06:40,0.0
11/22/06 06:45,0.0
11/22/06 06:50,0.0
11/22/06 06:55,0.0
11/22/06 07:00,0.0
11/22/06 07:05,0.2
11/22/06 07:10,0.9
11/22/06 07:15,2.5
11/22/06 07:20,4.3
11/22/06 07:25,5.1
11/22/06 07:30,5.9
11/22/06 07:35,6.7
11/22/06 07:40,7.5
11/22/06 07:45,8.2
11/22/06 07:50,8.8
11/22/06 07:55,9.6
11/22/06 08:00,10.2
11/22/06 08:05,10.8
11/22/06 08:10,11.5
11/22/06 08:15,12.2
11/22/06 08:20,13.0
11/22/06 08:25,13.5
11/22/06 08:30,13.9
11/22/06 08:35,14.1
11/22/06 08:40,14.0
11/22/06 08:45,13.9
11/22/06 08:50,13.7
11/22/06 08:55,13.5
11/22/06 09:00,12.3
11/22/06 09:05,10.8
11/22/06 09:10,10.0
11/22/06 09:15,11.9
11/22/06 09:20,15.2
11/22/06 09:25,17.2
11/22/06 09:30,18.5
11/22/06 09:35,19.4
11/22/06 09:40,20.0
11/22/06 09:45,20.5
11/22/06 09:50,20.7
11/22/06 09:55,21.0
11/22/06 10:00,21.3
11/22/06 10:05,21.7
11/22/06 10:10,21.9
11/22/06 10:15,22.2
11/22/06 10:20,22.4
11/22/06 10:25,22.6
11/22/06 10:30,22.7
11/22/06 10:35,23.0
11/22/06 10:40,23.5
11/22/06 10:45,23.9
11/22/06 10:50,24.2
11/22/06 10:55,24.0
11/22/06 11:00,24.1
11/22/06 11:05,24.0
11/22/06 11:10,23.9
11/22/06 11:15,24.0
11/22/06 11:20,24.3
11/22/06 11:25,24.3
11/22/06 11:30,24.2
11/22/06 11:35,24.3
11/22/06 11:40,24.9
11/22/06 11:45,25.4
11/22/06 11:50,26.0
11/22/06 11:55,26.3
11/22/06 12:00,26.4
11/22/06 12:05,26.6
11/22/06 12:10,26.7
11/22/06 12:15,26.2
11/22/06 12:20,25.4
11/22/06 12:25,25.1
11/22/06 12:30,25.1
11/22/06 12:35,24.8
11/22/06 12:40,24.5
11/22/06 12:45,24.2
11/22/06 12:50,24.1
11/22/06 12:55,24.2
11/22/06 13:00,24.1
11/22/06 13:05,23.9
11/22/06 13:10,23.5
11/22/06 13:15,22.9
11/22/06 13:20,22.1
11/22/06 13:25,21.4
11/22/06 13:30,20.8
11/22/06 13:35,20.4
11/22/06 13:40,19.9
11/22/06 13:45,19.3
11/22/06 13:50,18.7
11/22/06 13:55,18.3
11/22/06 14:00,17.7
11/22/06 14:05,17.3
11/22/06 14:10,16.9
11/22/06 14:15,16.6
11/22/06 14:20,16.3
11/22/06 14:25,15.9
11/22/06 14:30,15.5
11/22/06 14:35,14.9
11/22/06 14:40,14.4
11/22/06 14:45,13.9
11/22/06 14:50,13.4
11/22/06 14:55,12.9
11/22/06 15:00,12.4
11/22/06 15:05,11.8
11/22/06 15:10,11.1
11/22/06 15:15,10.4
11/22/06 15:20,9.6
11/22/06 15:25,8.8
11/22/06 15:30,8.1
11/22/06 15:35,7.3
11/22/06 15:40,6.6
11/22/06 15:45,5.9
11/22/06 15:50,5.2
11/22/06 15:55,4.5
11/22/06 16:00,3.9
11/22/06 16:05,2.5
11/22/06 16:10,1.3
11/22/06 16:15,0.6
11/22/06 16:20,0.2
11/22/06 16:25,0.0
11/22/06 16:30,0.0
11/22/06 16:35,0.0
11/22/06 16:40,0.0
11/22/06 16:45,0.0
11/22/06 16:50,0.0
11/22/06 16:55,0.0
11/22/06 17:00,0.0
11/22/06 17:05,0.0
11/22/06 17:10,0.0
11/22/06 17:15,0.0
11/22/06 17:20,0.0
11/22/06 17:25,0.0
11/22/06 17:30,0.0
11/22/06 17:35,0.0
11/22/06 17:40,0.0
11/22/06 17:45,0.0
11/22/06 17:50,0.0
11/22/06 17:55,0.0
11/22/06 18:00,0.0
11/22/06 18:05,0.0
11/22/06 18:10,0.0
11/22/06 18:15,0.0
11/22/06 18:20,0.0
11/22/06 18:25,0.0
11/22/06 18:30,0.0
11/22/06 18:35,0.0
11/22/06 18:40,0.0
11/22/06 18:45,0.0
11/22/06 18:50,0.0
11/22/06 18:55,0.0
11/22/06 19:00,0.0
11/22/06 19:05,0.0
11/22/06 19:10,0.0
11/22/06 19:15,0.0
11/22/06 19:20,0.0
11/22/06 19:25,0.0
11/22/06 19:30,0.0
11/22/06 19:35,0.0
11/22/06 19:40,0.0
11/22/06 19:45,0.0
11/22/06 19:50,0.0
11/22/06 19:55,0.0
11/22/06 20:00,0.0
11/22/06 20:05,0.0
11/22/06 20:10,0.0
11/22/06 20:15,0.0
11/22/06 20:20,0.0
11/22/06 20:25,0.0
11/22/06 20:30,0.0
11/22/06 20:35,0.0
11/22/06 20:40,0.0
11/22/06 20:45,0.0
11/22/06 20:50,0.0
11/22/06 20:55,0.0
11/22/06 21:00,0.0
11/22/06 21:05,0.0
11/22/06 21:10,0.0
11/22/06 21:15,0.0
11/22/06 21:20,0.0
11/22/06 21:25,0.0
11/22/06 21:30,0.0
11/22/06 21:35,0.0
11/22/06 21:40,0.0
11/22/06 21:45,0.0
11/22/06 21:50,0.0
11/22/06 21:55,0.0
11/22/06 22:00,0.0
11/22/06 22:05,0.0
11/22/06 22:10,0.0
11/22/06 22:15,0.0
11/22/06 22:20,0.0
11/22/06 22:25,0.0
11/22/06 22:30,0.0
11/22/06 22:35,0.0
11/22/06 22:40,0.0
11/22/06 22:45,0.0
11/22/06 22:50,0.0
11/22/06 22:55,0.0
11/22/06 23:00,0.0
11/22/06 23:05,0.0
11/22/06 23:10,0.0
11/22/06 23:15,0.0
11/22/06 23:20,0.0
11/22/06 23:25,0.0
11/22/06 23:30,0.0
11/22/06 23:35,0.0
11/22/06 23:40,0.0
11/22/06 23:45,0.0
11/22/06 23:50,0.0
11/22/06 23:55,0.0
11/23/06 00:00,0.0
11/23/06 00:05,0.0
11/23/06 00:10,0.0
11/23/06 00:15,0.0
11/23/06 00:20,0.0
11/23/06 00:25,0.0
11/23/06 00:30,0.0
11/23/06 00:35,0.0
11/23/06 00:40,0.0
11/23/06 00:45,0.0
11/23/06 00:50,0.0
11/23/06 00:55,0.0
11/23/06 01:00,0.0
11/23/06 01:05,0.0
11/23/06 01:10,0.0
11/23/06 01:15,0.0
11/23/06 01:20,0.0
11/23/06 01:25,0.0
11/23/06 01:30,0.0
11/23/06 01:35,0.0
11/23/06 01:40,0.0
11/23/06 01:45,0.0
11/23/06 01:50,0.0
11/23/06 01:55,0.0
11/23/06 02:00,0.0
11/23/06 02:05,0.0
11/23/06 02:10,0.0
11/23/06 02:15,0.0
11/23/06 02:20,0.0
11/23/06 02:25,0.0
11/23/06 02:30,0.0
11/23/06 02:35,0.0
11/23/06 02:40,0.0
11/23/06 02:45,0.0
11/23/06 02:50,0.0
11/23/06 02:55,0.0
11/23/06 03:00,0.0
11/23/06 03:05,0.0
11/23/06 03:10,0.0
11/23/06 03:15,0.0
11/23/06 03:20,0.0
11/23/06 03:25,0.0
11/23/06 03:30,0.0
11/23/06 03:35,0.0
11/23/06 03:40,0.0
11/23/06 03:45,0.0
11/23/06 03:50,0.0
11/23/06 03:55,0.0
11/23/06 04:00,0.0
11/23/06 04:05,0.0
11/23/06 04:10,0.0
11/23/06 04:15,0.0
11/23/06 04:20,0.0
11/23/06 04:25,0.0
11/23/06 04:30,0.0
11/23/06 04:35,0.0
11/23/06 04:40,0.0
11/23/06 04:45,0.0
11/23/06 04:50,0.0
11/23/06 04:55,0.0
11/23/06 05:00,0.0
11/23/06 05:05,0.0
11/23/06 05:10,0.0
11/23/06 05:15,0.0
11/23/06 05:20,0.0
11/23/06 05:25,0.0
11/23/06 05:30,0.0
11/23/06 05:35,0.0
11/23/06 05:40,0.0
11/23/06 05:45,0.0
11/23/06 05:50,0.0
11/23/06 05:55,0.0
11/23/06 06:00,0.0
11/23/06 06:05,0.0
11/23/06 06:10,0.0
11/23/06 06:15,0.0
11/23/06 06:20,0.0
11/23/06 06:25,0.0
11/23/06 06:30,0.0
11/23/06 06:35,0.0
11/23/06 06:40,0.0
11/23/06 06:45,0.0
11/23/06 06:50,0.0
11/23/06 06:55,0.0
11/23/06 07:00,0.0
11/23/06 07:05,0.2
11/23/06 07:10,0.9
11/23/06 07:15,2.8
11/23/06 07:20,4.2
11/23/06 07:25,4.9
11/23/06 07:30,5.7
11/23/06 07:35,6.4
11/23/06 07:40,7.1
11/23/06 07:45,7.7
11/23/06 07:50,8.3
11/23/06 07:55,9.1
11/23/06 08:00,9.7
11/23/06 08:05,10.4
11/23/06 08:10,11.0
11/23/06 08:15,11.7
11/23/06 08:20,12.2
11/23/06 08:25,12.8
11/23/06 08:30,13.3
11/23/06 08:35,13.8
11/23/06 08:40,14.4
11/23/06 08:45,14.9
11/23/06 08:50,15.3
11/23/06 08:55,15.8
11/23/06 09:00,16.2
11/23/06 09:05,16.5
11/23/06 09:10,17.0
11/23/06 09:15,17.6
11/23/06 09:20,18.5
11/23/06 09:25,19.2
11/23/06 09:30,19.7
11/23/06 09:35,20.1
11/23/06 09:40,20.6
11/23/06 09:45,21.2
11/23/06 09:50,21.6
11/23/06 09:55,22.0
11/23/06 10:00,22.3
11/23/06 10:05,22.4
11/23/06 10:10,22.5
11/23/06 10:15,22.5
11/23/06 10:20,22.4
11/23/06 10:25,22.2
11/23/06 10:30,22.1
11/23/06 10:35,22.1
11/23/06 10:40,22.0
11/23/06 10:45,21.9
11/23/06 10:50,21.9
11/23/06 10:55,22.2
11/23/06 11:00,22.3
11/23/06 11:05,22.3
11/23/06 11:10,22.3
11/23/06 11:15,22.6
11/23/06 11:20,22.9
11/23/06 11:25,23.1
11/23/06 11:30,23.2
11/23/06 11:35,23.2
11/23/06 11:40,23.1
11/23/06 11:45,22.8
11/23/06 11:50,22.6
11/23/06 11:55,22.6
11/23/06 12:00,22.8
11/23/06 12:05,22.8
11/23/06 12:10,22.6
11/23/06 12:15,22.6
11/23/06 12:20,22.7
11/23/06 12:25,22.8
11/23/06 12:30,22.7
11/23/06 12:35,22.4
11/23/06 12:40,21.9
11/23/06 12:45,21.3
11/23/06 12:50,21.3
11/23/06 12:55,21.2
11/23/06 13:00,21.2
11/23/06 13:05,21.0
11/23/06 13:10,20.7
11/23/06 13:15,20.4
11/23/06 13:20,20.2
11/23/06 13:25,20.0
11/23/06 13:30,19.7
11/23/06 13:35,19.5
11/23/06 13:40,19.1
11/23/06 13:45,18.9
11/23/06 13:50,18.6
11/23/06 13:55,18.3
11/23/06 14:00,17.8
11/23/06 14:05,17.6
11/23/06 14:10,17.2
11/23/06 14:15,16.7
11/23/06 14:20,16.2
11/23/06 14:25,15.7
11/23/06 14:30,15.1
11/23/06 14:35,14.5
11/23/06 14:40,13.9
11/23/06 14:45,13.4
11/23/06 14:50,12.9
11/23/06 14:55,12.3
11/23/06 15:00,11.7
11/23/06 15:05,11.0
11/23/06 15:10,10.3
11/23/06 15:15,9.6
11/23/06 15:20,9.0
11/23/06 15:25,8.4
11/23/06 15:30,7.7
11/23/06 15:35,7.0
11/23/06 15:40,6.4
11/23/06 15:45,5.7
11/23/06 15:50,5.1
11/23/06 15:55,4.5
11/23/06 16:00,3.9
11/23/06 16:05,2.8
11/23/06 16:10,1.4
11/23/06 16:15,0.6
11/23/06 16:20,0.2
11/23/06 16:25,0.0
11/23/06 16:30,0.0
11/23/06 16:35,0.0
11/23/06 16:40,0.0
11/23/06 16:45,0.0
11/23/06 16:50,0.0
11/23/06 16:55,0.0
11/23/06 17:00,0.0
11/23/06 17:05,0.0
11/23/06 17:10,0.0
11/23/06 17:15,0.0
11/23/06 17:20,0.0
11/23/06 17:25,0.0
11/23/06 17:30,0.0
11/23/06 17:35,0.0
11/23/06 17:40,0.0
11/23/06 17:45,0.0
11/23/06 17:50,0.0
11/23/06 17:55,0.0
11/23/06 18:00,0.0
11/23/06 18:05,0.0
11/23/06 18:10,0.0
11/23/06 18:15,0.0
11/23/06 18:20,0.0
11/23/06 18:25,0.0
11/23/06 18:30,0.0
11/23/06 18:35,0.0
11/23/06 18:40,0.0
11/23/06 18:45,0.0
11/23/06 18:50,0.0
11/23/06 18:55,0.0
11/23/06 19:00,0.0
11/23/06 19:05,0.0
11/23/06 19:10,0.0
11/23/06 19:15,0.0
11/23/06 19:20,0.0
11/23/06 19:25,0.0
11/23/06 19:30,0.0
11/23/06 19:35,0.0
11/23/06 19:40,0.0
11/23/06 19:45,0.0
11/23/06 19:50,0.0
11/23/06 19:55,0.0
11/23/06 20:00,0.0
11/23/06 20:05,0.0
11/23/06 20:10,0.0
11/23/06 20:15,0.0
11/23/06 20:20,0.0
11/23/06 20:25,0.0
11/23/06 20:30,0.0
11/23/06 20:35,0.0
11/23/06 20:40,0.0
11/23/06 20:45,0.0
11/23/06 20:50,0.0
11/23/06 20:55,0.0
11/23/06 21:00,0.0
11/23/06 21:05,0.0
11/23/06 21:10,0.0
11/23/06 21:15,0.0
11/23/06 21:20,0.0
11/23/06 21:25,0.0
11/23/06 21:30,0.0
11/23/06 21:35,0.0
11/23/06 21:40,0.0
11/23/06 21:45,0.0
11/23/06 21:50,0.0
11/23/06 21:55,0.0
11/23/06 22:00,0.0
11/23/06 22:05,0.0
11/23/06 22:10,0.0
11/23/06 22:15,0.0
11/23/06 22:20,0.0
11/23/06 22:25,0.0
11/23/06 22:30,0.0
11/23/06 22:35,0.0
11/23/06 22:40,0.0
11/23/06 22:45,0.0
11/23/06 22:50,0.0
11/23/06 22:55,0.0
11/23/06 23:00,0.0
11/23/06 23:05,0.0
11/23/06 23:10,0.0
11/23/06 23:15,0.0
11/23/06 23:20,0.0
11/23/06 23:25,0.0
11/23/06 23:30,0.0
11/23/06 23:35,0.0
11/23/06 23:40,0.0
11/23/06 23:45,0.0
11/23/06 23:50,0.0
11/23/06 23:55,0.0
11/24/06 00:00,0.0
11/24/06 00:05,0.0
11/24/06 00:10,0.0
11/24/06 00:15,0.0
11/24/06 00:20,0.0
11/24/06 00:25,0.0
11/24/06 00:30,0.0
11/24/06 00:35,0.0
11/24/06 00:40,0.0
11/24/06 00:45,0.0
11/24/06 00:50,0.0
11/24/06 00:55,0.0
11/24/06 01:00,0.0
11/24/06 01:05,0.0
11/24/06 01:10,0.0
11/24/06 01:15,0.0
11/24/06 01:20,0.0
11/24/06 01:25,0.0
11/24/06 01:30,0.0
11/24/06 01:35,0.0
11/24/06 01:40,0.0
11/24/06 01:45,0.0
11/24/06 01:50,0.0
11/24/06 01:55,0.0
11/24/06 02:00,0.0
11/24/06 02:05,0.0
11/24/06 02:10,0.0
11/24/06 02:15,0.0
11/24/06 02:20,0.0
11/24/06 02:25,0.0
11/24/06 02:30,0.0
11/24/06 02:35,0.0
11/24/06 02:40,0.0
11/24/06 02:45,0.0
11/24/06 02:50,0.0
11/24/06 02:55,0.0
11/24/06 03:00,0.0
11/24/06 03:05,0.0
11/24/06 03:10,0.0
11/24/06 03:15,0.0
11/24/06 03:20,0.0
11/24/06 03:25,0.0
11/24/06 03:30,0.0
11/24/06 03:35,0.0
11/24/06 03:40,0.0
11/24/06 03:45,0.0
11/24/06 03:50,0.0
11/24/06 03:55,0.0
11/24/06 04:00,0.0
11/24/06 04:05,0.0
11/24/06 04:10,0.0
11/24/06 04:15,0.0
11/24/06 04:20,0.0
11/24/06 04:25,0.0
11/24/06 04:30,0.0
11/24/06 04:35,0.0
11/24/06 04:40,0.0
11/24/06 04:45,0.0
11/24/06 04:50,0.0
11/24/06 04:55,0.0
11/24/06 05:00,0.0
11/24/06 05:05,0.0
11/24/06 05:10,0.0
11/24/06 05:15,0.0
11/24/06 05:20,0.0
11/24/06 05:25,0.0
11/24/06 05:30,0.0
11/24/06 05:35,0.0
11/24/06 05:40,0.0
11/24/06 05:45,0.0
11/24/06 05:50,0.0
11/24/06 05:55,0.0
11/24/06 06:00,0.0
11/24/06 06:05,0.0
11/24/06 06:10,0.0
11/24/06 06:15,0.0
11/24/06 06:20,0.0
11/24/06 06:25,0.0
11/24/06 06:30,0.0
11/24/06 06:35,0.0
11/24/06 06:40,0.0
11/24/06 06:45,0.0
11/24/06 06:50,0.0
11/24/06 06:55,0.0
11/24/06 07:00,0.0
11/24/06 07:05,0.1
11/24/06 07:10,0.5
11/24/06 07:15,1.9
11/24/06 07:20,4.0
11/24/06 07:25,4.7
11/24/06 07:30,5.5
11/24/06 07:35,6.2
11/24/06 07:40,6.8
11/24/06 07:45,7.4
11/24/06 07:50,8.1
11/24/06 07:55,8.7
11/24/06 08:00,9.3
11/24/06 08:05,9.8
11/24/06 08:10,10.4
11/24/06 08:15,11.2
11/24/06 08:20,12.0
11/24/06 08:25,12.8
11/24/06 08:30,13.4
11/24/06 08:35,14.0
11/24/06 08:40,14.7
11/24/06 08:45,15.4
11/24/06 08:50,16.0
11/24/06 08:55,16.6
11/24/06 09:00,17.0
11/24/06 09:05,17.4
11/24/06 09:10,17.8
11/24/06 09:15,18.2
11/24/06 09:20,18.7
11/24/06 09:25,19.0
11/24/06 09:30,19.3
11/24/06 09:35,19.6
11/24/06 09:40,19.9
11/24/06 09:45,20.3
11/24/06 09:50,20.7
11/24/06 09:55,21.0
11/24/06 10:00,21.3
11/24/06 10:05,21.5
11/24/06 10:10,21.8
11/24/06 10:15,21.9
11/24/06 10:20,21.9
11/24/06 10:25,21.9
11/24/06 10:30,22.0
11/24/06 10:35,22.0
11/24/06 10:40,22.0
11/24/06 10:45,21.9
11/24/06 10:50,21.8
11/24/06 10:55,21.7
11/24/06 11:00,21.6
11/24/06 11:05,21.6
11/24/06 11:10,21.6
11/24/06 11:15,21.8
11/24/06 11:20,22.0
11/24/06 11:25,22.1
11/24/06 11:30,22.3
11/24/06 11:35,22.4
11/24/06 11:40,22.6
11/24/06 11:45,22.7
11/24/06 11:50,22.7
11/24/06 11:55,22.8
11/24/06 12:00,22.9
11/24/06 12:05,23.0
11/24/06 12:10,23.1
11/24/06 12:15,23.0
11/24/06 12:20,22.6
11/24/06 12:25,22.2
11/24/06 12:30,21.9
11/24/06 12:35,21.8
11/24/06 12:40,21.5
11/24/06 12:45,21.2
11/24/06 12:50,20.8
11/24/06 12:55,20.7
11/24/06 13:00,20.6
11/24/06 13:05,20.6
11/24/06 13:10,20.4
11/24/06 13:15,20.4
11/24/06 13:20,20.3
11/24/06 13:25,20.1
11/24/06 13:30,19.5
11/24/06 13:35,19.2
11/24/06 13:40,19.2
11/24/06 13:45,19.3
11/24/06 13:50,19.2
11/24/06 13:55,19.0
11/24/06 14:00,18.4
11/24/06 14:05,17.9
11/24/06 14:10,17.4
11/24/06 14:15,16.8
11/24/06 14:20,16.2
11/24/06 14:25,15.7
11/24/06 14:30,15.2
11/24/06 14:35,14.7
11/24/06 14:40,14.1
11/24/06 14:45,13.5
11/24/06 14:50,12.9
11/24/06 14:55,12.2
11/24/06 15:00,11.7
11/24/06 15:05,11.1
11/24/06 15:10,10.5
11/24/06 15:15,9.8
11/24/06 15:20,9.1
11/24/06 15:25,8.4
11/24/06 15:30,7.8
11/24/06 15:35,7.1
11/24/06 15:40,6.6
11/24/06 15:45,6.0
11/24/06 15:50,5.4
11/24/06 15:55,4.7
11/24/06 16:00,4.1
11/24/06 16:05,3.6
11/24/06 16:10,1.9
11/24/06 16:15,0.8
11/24/06 16:20,0.2
11/24/06 16:25,0.0
11/24/06 16:30,0.0
11/24/06 16:35,0.0
11/24/06 16:40,0.0
11/24/06 16:45,0.0
11/24/06 16:50,0.0
11/24/06 16:55,0.0
11/24/06 17:00,0.0
11/24/06 17:05,0.0
11/24/06 17:10,0.0
11/24/06 17:15,0.0
11/24/06 17:20,0.0
11/24/06 17:25,0.0
11/24/06 17:30,0.0
11/24/06 17:35,0.0
11/24/06 17:40,0.0
11/24/06 17:45,0.0
11/24/06 17:50,0.0
11/24/06 17:55,0.0
11/24/06 18:00,0.0
11/24/06 18:05,0.0
11/24/06 18:10,0.0
11/24/06 18:15,0.0
11/24/06 18:20,0.0
11/24/06 18:25,0.0
11/24/06 18:30,0.0
11/24/06 18:35,0.0
11/24/06 18:40,0.0
11/24/06 18:45,0.0
11/24/06 18:50,0.0
11/24/06 18:55,0.0
11/24/06 19:00,0.0
11/24/06 19:05,0.0
11/24/06 19:10,0.0
11/24/06 19:15,0.0
11/24/06 19:20,0.0
11/24/06 19:25,0.0
11/24/06 19:30,0.0
11/24/06 19:35,0.0
11/24/06 19:40,0.0
11/24/06 19:45,0.0
11/24/06 19:50,0.0
11/24/06 19:55,0.0
11/24/06 20:00,0.0
11/24/06 20:05,0.0
11/24/06 20:10,0.0
11/24/06 20:15,0.0
11/24/06 20:20,0.0
11/24/06 20:25,0.0
11/24/06 20:30,0.0
11/24/06 20:35,0.0
11/24/06 20:40,0.0
11/24/06 20:45,0.0
11/24/06 20:50,0.0
11/24/06 20:55,0.0
11/24/06 21:00,0.0
11/24/06 21:05,0.0
11/24/06 21:10,0.0
11/24/06 21:15,0.0
11/24/06 21:20,0.0
11/24/06 21:25,0.0
11/24/06 21:30,0.0
11/24/06 21:35,0.0
11/24/06 21:40,0.0
11/24/06 21:45,0.0
11/24/06 21:50,0.0
11/24/06 21:55,0.0
11/24/06 22:00,0.0
11/24/06 22:05,0.0
11/24/06 22:10,0.0
11/24/06 22:15,0.0
11/24/06 22:20,0.0
11/24/06 22:25,0.0
11/24/06 22:30,0.0
11/24/06 22:35,0.0
11/24/06 22:40,0.0
11/24/06 22:45,0.0
11/24/06 22:50,0.0
11/24/06 22:55,0.0
11/24/06 23:00,0.0
11/24/06 23:05,0.0
11/24/06 23:10,0.0
11/24/06 23:15,0.0
11/24/06 23:20,0.0
11/24/06 23:25,0.0
11/24/06 23:30,0.0
11/24/06 23:35,0.0
11/24/06 23:40,0.0
11/24/06 23:45,0.0
11/24/06 23:50,0.0
11/24/06 23:55,0.0
11/25/06 00:00,0.0
11/25/06 00:05,0.0
11/25/06 00:10,0.0
11/25/06 00:15,0.0
11/25/06 00:20,0.0
11/25/06 00:25,0.0
11/25/06 00:30,0.0
11/25/06 00:35,0.0
11/25/06 00:40,0.0
11/25/06 00:45,0.0
11/25/06 00:50,0.0
11/25/06 00:55,0.0
11/25/06 01:00,0.0
11/25/06 01:05,0.0
11/25/06 01:10,0.0
11/25/06 01:15,0.0
11/25/06 01:20,0.0
11/25/06 01:25,0.0
11/25/06 01:30,0.0
11/25/06 01:35,0.0
11/25/06 01:40,0.0
11/25/06 01:45,0.0
11/25/06 01:50,0.0
11/25/06 01:55,0.0
11/25/06 02:00,0.0
11/25/06 02:05,0.0
11/25/06 02:10,0.0
11/25/06 02:15,0.0
11/25/06 02:20,0.0
11/25/06 02:25,0.0
11/25/06 02:30,0.0
11/25/06 02:35,0.0
11/25/06 02:40,0.0
11/25/06 02:45,0.0
11/25/06 02:50,0.0
11/25/06 02:55,0.0
11/25/06 03:00,0.0
11/25/06 03:05,0.0
11/25/06 03:10,0.0
11/25/06 03:15,0.0
11/25/06 03:20,0.0
11/25/06 03:25,0.0
11/25/06 03:30,0.0
11/25/06 03:35,0.0
11/25/06 03:40,0.0
11/25/06 03:45,0.0
11/25/06 03:50,0.0
11/25/06 03:55,0.0
11/25/06 04:00,0.0
11/25/06 04:05,0.0
11/25/06 04:10,0.0
11/25/06 04:15,0.0
11/25/06 04:20,0.0
11/25/06 04:25,0.0
11/25/06 04:30,0.0
11/25/06 04:35,0.0
11/25/06 04:40,0.0
11/25/06 04:45,0.0
11/25/06 04:50,0.0
11/25/06 04:55,0.0
11/25/06 05:00,0.0
11/25/06 05:05,0.0
11/25/06 05:10,0.0
11/25/06 05:15,0.0
11/25/06 05:20,0.0
11/25/06 05:25,0.0
11/25/06 05:30,0.0
11/25/06 05:35,0.0
11/25/06 05:40,0.0
11/25/06 05:45,0.0
11/25/06 05:50,0.0
11/25/06 05:55,0.0
11/25/06 06:00,0.0
11/25/06 06:05,0.0
11/25/06 06:10,0.0
11/25/06 06:15,0.0
11/25/06 06:20,0.0
11/25/06 06:25,0.0
11/25/06 06:30,0.0
11/25/06 06:35,0.0
11/25/06 06:40,0.0
11/25/06 06:45,0.0
11/25/06 06:50,0.0
11/25/06 06:55,0.0
11/25/06 07:00,0.0
11/25/06 07:05,0.1
11/25/06 07:10,0.4
11/25/06 07:15,1.4
11/25/06 07:20,3.7
11/25/06 07:25,4.5
11/25/06 07:30,5.3
11/25/06 07:35,6.1
11/25/06 07:40,6.8
11/25/06 07:45,7.5
11/25/06 07:50,8.3
11/25/06 07:55,9.0
11/25/06 08:00,9.7
11/25/06 08:05,10.4
11/25/06 08:10,11.0
11/25/06 08:15,11.7
11/25/06 08:20,12.2
11/25/06 08:25,12.8
11/25/06 08:30,13.3
11/25/06 08:35,13.9
11/25/06 08:40,14.4
11/25/06 08:45,15.0
11/25/06 08:50,15.5
11/25/06 08:55,16.2
11/25/06 09:00,16.7
11/25/06 09:05,17.1
11/25/06 09:10,17.5
11/25/06 09:15,17.8
11/25/06 09:20,18.4
11/25/06 09:25,18.7
11/25/06 09:30,19.0
11/25/06 09:35,19.3
11/25/06 09:40,19.7
11/25/06 09:45,20.1
11/25/06 09:50,20.4
11/25/06 09:55,20.7
11/25/06 10:00,20.8
11/25/06 10:05,21.0
11/25/06 10:10,21.3
11/25/06 10:15,21.3
11/25/06 10:20,21.3
11/25/06 10:25,21.3
11/25/06 10:30,21.5
11/25/06 10:35,21.6
11/25/06 10:40,21.8
11/25/06 10:45,22.0
11/25/06 10:50,22.3
11/25/06 10:55,22.4
11/25/06 11:00,22.5
11/25/06 11:05,22.6
11/25/06 11:10,22.7
11/25/06 11:15,22.7
11/25/06 11:20,22.8
11/25/06 11:25,22.8
11/25/06 11:30,23.0
11/25/06 11:35,23.2
11/25/06 11:40,23.3
11/25/06 11:45,23.2
11/25/06 11:50,23.0
11/25/06 11:55,22.8
11/25/06 12:00,22.7
11/25/06 12:05,22.8
11/25/06 12:10,22.9
11/25/06 12:15,22.8
11/25/06 12:20,22.8
11/25/06 12:25,22.6
11/25/06 12:30,22.4
11/25/06 12:35,22.2
11/25/06 12:40,22.0
11/25/06 12:45,21.9
11/25/06 12:50,21.6
11/25/06 12:55,21.4
11/25/06 13:00,21.2
11/25/06 13:05,20.9
11/25/06 13:10,20.5
11/25/06 13:15,20.2
11/25/06 13:20,19.9
11/25/06 13:25,19.5
11/25/06 13:30,19.1
11/25/06 13:35,18.6
11/25/06 13:40,18.1
11/25/06 13:45,17.7
11/25/06 13:50,17.3
11/25/06 13:55,17.1
11/25/06 14:00,16.7
11/25/06 14:05,16.4
11/25/06 14:10,16.1
11/25/06 14:15,15.9
11/25/06 14:20,15.6
11/25/06 14:25,15.3
11/25/06 14:30,14.9
11/25/06 14:35,14.5
11/25/06 14:40,14.0
11/25/06 14:45,13.5
11/25/06 14:50,13.0
11/25/06 14:55,12.5
11/25/06 15:00,11.9
11/25/06 15:05,11.4
11/25/06 15:10,10.8
11/25/06 15:15,10.1
11/25/06 15:20,9.4
11/25/06 15:25,8.9
11/25/06 15:30,8.1
11/25/06 15:35,7.3
11/25/06 15:40,6.6
11/25/06 15:45,6.0
11/25/06 15:50,5.4
11/25/06 15:55,4.9
11/25/06 16:00,4.3
11/25/06 16:05,3.7
11/25/06 16:10,1.9
11/25/06 16:15,0.7
11/25/06 16:20,0.2
11/25/06 16:25,0.0
11/25/06 16:30,0.0
11/25/06 16:35,0.0
11/25/06 16:40,0.0
11/25/06 16:45,0.0
11/25/06 16:50,0.0
11/25/06 16:55,0.0
11/25/06 17:00,0.0
11/25/06 17:05,0.0
11/25/06 17:10,0.0
11/25/06 17:15,0.0
11/25/06 17:20,0.0
11/25/06 17:25,0.0
11/25/06 17:30,0.0
11/25/06 17:35,0.0
11/25/06 17:40,0.0
11/25/06 17:45,0.0
11/25/06 17:50,0.0
11/25/06 17:55,0.0
11/25/06 18:00,0.0
11/25/06 18:05,0.0
11/25/06 18:10,0.0
11/25/06 18:15,0.0
11/25/06 18:20,0.0
11/25/06 18:25,0.0
11/25/06 18:30,0.0
11/25/06 18:35,0.0
11/25/06 18:40,0.0
11/25/06 18:45,0.0
11/25/06 18:50,0.0
11/25/06 18:55,0.0
11/25/06 19:00,0.0
11/25/06 19:05,0.0
11/25/06 19:10,0.0
11/25/06 19:15,0.0
11/25/06 19:20,0.0
11/25/06 19:25,0.0
11/25/06 19:30,0.0
11/25/06 19:35,0.0
11/25/06 19:40,0.0
11/25/06 19:45,0.0
11/25/06 19:50,0.0
11/25/06 19:55,0.0
11/25/06 20:00,0.0
11/25/06 20:05,0.0
11/25/06 20:10,0.0
11/25/06 20:15,0.0
11/25/06 20:20,0.0
11/25/06 20:25,0.0
11/25/06 20:30,0.0
11/25/06 20:35,0.0
11/25/06 20:40,0.0
11/25/06 20:45,0.0
11/25/06 20:50,0.0
11/25/06 20:55,0.0
11/25/06 21:00,0.0
11/25/06 21:05,0.0
11/25/06 21:10,0.0
11/25/06 21:15,0.0
11/25/06 21:20,0.0
11/25/06 21:25,0.0
11/25/06 21:30,0.0
11/25/06 21:35,0.0
11/25/06 21:40,0.0
11/25/06 21:45,0.0
11/25/06 21:50,0.0
11/25/06 21:55,0.0
11/25/06 22:00,0.0
11/25/06 22:05,0.0
11/25/06 22:10,0.0
11/25/06 22:15,0.0
11/25/06 22:20,0.0
11/25/06 22:25,0.0
11/25/06 22:30,0.0
11/25/06 22:35,0.0
11/25/06 22:40,0.0
11/25/06 22:45,0.0
11/25/06 22:50,0.0
11/25/06 22:55,0.0
11/25/06 23:00,0.0
11/25/06 23:05,0.0
11/25/06 23:10,0.0
11/25/06 23:15,0.0
11/25/06 23:20,0.0
11/25/06 23:25,0.0
11/25/06 23:30,0.0
11/25/06 23:35,0.0
11/25/06 23:40,0.0
11/25/06 23:45,0.0
11/25/06 23:50,0.0
11/25/06 23:55,0.0
11/26/06 00:00,0.0
11/26/06 00:05,0.0
11/26/06 00:10,0.0
11/26/06 00:15,0.0
11/26/06 00:20,0.0
11/26/06 00:25,0.0
11/26/06 00:30,0.0
11/26/06 00:35,0.0
11/26/06 00:40,0.0
11/26/06 00:45,0.0
11/26/06 00:50,0.0
11/26/06 00:55,0.0
11/26/06 01:00,0.0
11/26/06 01:05,0.0
11/26/06 01:10,0.0
11/26/06 01:15,0.0
11/26/06 01:20,0.0
11/26/06 01:25,0.0
11/26/06 01:30,0.0
11/26/06 01:35,0.0
11/26/06 01:40,0.0
11/26/06 01:45,0.0
11/26/06 01:50,0.0
11/26/06 01:55,0.0
11/26/06 02:00,0.0
11/26/06 02:05,0.0
11/26/06 02:10,0.0
11/26/06 02:15,0.0
11/26/06 02:20,0.0
11/26/06 02:25,0.0
11/26/06 02:30,0.0
11/26/06 02:35,0.0
11/26/06 02:40,0.0
11/26/06 02:45,0.0
11/26/06 02:50,0.0
11/26/06 02:55,0.0
11/26/06 03:00,0.0
11/26/06 03:05,0.0
11/26/06 03:10,0.0
11/26/06 03:15,0.0
11/26/06 03:20,0.0
11/26/06 03:25,0.0
11/26/06 03:30,0.0
11/26/06 03:35,0.0
11/26/06 03:40,0.0
11/26/06 03:45,0.0
11/26/06 03:50,0.0
11/26/06 03:55,0.0
11/26/06 04:00,0.0
11/26/06 04:05,0.0
11/26/06 04:10,0.0
11/26/06 04:15,0.0
11/26/06 04:20,0.0
11/26/06 04:25,0.0
11/26/06 04:30,0.0
11/26/06 04:35,0.0
11/26/06 04:40,0.0
11/26/06 04:45,0.0
11/26/06 04:50,0.0
11/26/06 04:55,0.0
11/26/06 05:00,0.0
11/26/06 05:05,0.0
11/26/06 05:10,0.0
11/26/06 05:15,0.0
11/26/06 05:20,0.0
11/26/06 05:25,0.0
11/26/06 05:30,0.0
11/26/06 05:35,0.0
11/26/06 05:40,0.0
11/26/06 05:45,0.0
11/26/06 05:50,0.0
11/26/06 05:55,0.0
11/26/06 06:00,0.0
11/26/06 06:05,0.0
11/26/06 06:10,0.0
11/26/06 06:15,0.0
11/26/06 06:20,0.0
11/26/06 06:25,0.0
11/26/06 06:30,0.0
11/26/06 06:35,0.0
11/26/06 06:40,0.0
11/26/06 06:45,0.0
11/26/06 06:50,0.0
11/26/06 06:55,0.0
11/26/06 07:00,0.0
11/26/06 07:05,0.1
11/26/06 07:10,0.4
11/26/06 07:15,1.4
11/26/06 07:20,3.7
11/26/06 07:25,4.5
11/26/06 07:30,5.3
11/26/06 07:35,6.1
11/26/06 07:40,6.8
11/26/06 07:45,7.5
11/26/06 07:50,8.2
11/26/06 07:55,8.9
11/26/06 08:00,9.6
11/26/06 08:05,10.2
11/26/06 08:10,10.8
11/26/06 08:15,11.5
11/26/06 08:20,12.1
11/26/06 08:25,12.7
11/26/06 08:30,13.2
11/26/06 08:35,13.8
11/26/06 08:40,14.3
11/26/06 08:45,14.7
11/26/06 08:50,15.2
11/26/06 08:55,15.7
11/26/06 09:00,16.3
11/26/06 09:05,16.7
11/26/06 09:10,17.3
11/26/06 09:15,17.7
11/26/06 09:20,18.5
11/26/06 09:25,19.3
11/26/06 09:30,19.7
11/26/06 09:35,20.2
11/26/06 09:40,20.6
11/26/06 09:45,21.0
11/26/06 09:50,21.6
11/26/06 09:55,22.0
11/26/06 10:00,22.5
11/26/06 10:05,22.5
11/26/06 10:10,22.6
11/26/06 10:15,22.4
11/26/06 10:20,22.1
11/26/06 10:25,22.2
11/26/06 10:30,20.6
11/26/06 10:35,20.5
11/26/06 10:40,20.7
11/26/06 10:45,21.3
11/26/06 10:50,21.9
11/26/06 10:55,22.3
11/26/06 11:00,22.5
11/26/06 11:05,22.4
11/26/06 11:10,22.6
11/26/06 11:15,22.8
11/26/06 11:20,22.7
11/26/06 11:25,22.6
11/26/06 11:30,22.5
11/26/06 11:35,22.5
11/26/06 11:40,22.6
11/26/06 11:45,22.7
11/26/06 11:50,22.9
11/26/06 11:55,22.9
11/26/06 12:00,22.8
11/26/06 12:05,23.1
11/26/06 12:10,23.2
11/26/06 12:15,22.9
11/26/06 12:20,22.4
11/26/06 12:25,22.2
11/26/06 12:30,22.1
11/26/06 12:35,22.0
11/26/06 12:40,21.8
11/26/06 12:45,21.6
11/26/06 12:50,21.4
11/26/06 12:55,21.2
11/26/06 13:00,21.1
11/26/06 13:05,21.0
11/26/06 13:10,20.6
11/26/06 13:15,20.1
11/26/06 13:20,19.5
11/26/06 13:25,19.2
11/26/06 13:30,18.8
11/26/06 13:35,18.3
11/26/06 13:40,17.9
11/26/06 13:45,17.5
11/26/06 13:50,17.2
11/26/06 13:55,16.8
11/26/06 14:00,16.3
11/26/06 14:05,16.0
11/26/06 14:10,15.6
11/26/06 14:15,15.3
11/26/06 14:20,15.1
11/26/06 14:25,14.7
11/26/06 14:30,14.3
11/26/06 14:35,13.9
11/26/06 14:40,13.5
11/26/06 14:45,13.2
11/26/06 14:50,12.8
11/26/06 14:55,12.2
11/26/06 15:00,11.7
11/26/06 15:05,11.1
11/26/06 15:10,10.5
11/26/06 15:15,9.8
11/26/06 15:20,9.1
11/26/06 15:25,8.4
11/26/06 15:30,7.8
11/26/06 15:35,7.3
11/26/06 15:40,6.7
11/26/06 15:45,6.0
11/26/06 15:50,5.3
11/26/06 15:55,4.7
11/26/06 16:00,4.0
11/26/06 16:05,3.2
11/26/06 16:10,1.7
11/26/06 16:15,0.7
11/26/06 16:20,0.2
11/26/06 16:25,0.0
11/26/06 16:30,0.0
11/26/06 16:35,0.0
11/26/06 16:40,0.0
11/26/06 16:45,0.0
11/26/06 16:50,0.0
11/26/06 16:55,0.0
11/26/06 17:00,0.0
11/26/06 17:05,0.0
11/26/06 17:10,0.0
11/26/06 17:15,0.0
11/26/06 17:20,0.0
11/26/06 17:25,0.0
11/26/06 17:30,0.0
11/26/06 17:35,0.0
11/26/06 17:40,0.0
11/26/06 17:45,0.0
11/26/06 17:50,0.0
11/26/06 17:55,0.0
11/26/06 18:00,0.0
11/26/06 18:05,0.0
11/26/06 18:10,0.0
11/26/06 18:15,0.0
11/26/06 18:20,0.0
11/26/06 18:25,0.0
11/26/06 18:30,0.0
11/26/06 18:35,0.0
11/26/06 18:40,0.0
11/26/06 18:45,0.0
11/26/06 18:50,0.0
11/26/06 18:55,0.0
11/26/06 19:00,0.0
11/26/06 19:05,0.0
11/26/06 19:10,0.0
11/26/06 19:15,0.0
11/26/06 19:20,0.0
11/26/06 19:25,0.0
11/26/06 19:30,0.0
11/26/06 19:35,0.0
11/26/06 19:40,0.0
11/26/06 19:45,0.0
11/26/06 19:50,0.0
11/26/06 19:55,0.0
11/26/06 20:00,0.0
11/26/06 20:05,0.0
11/26/06 20:10,0.0
11/26/06 20:15,0.0
11/26/06 20:20,0.0
11/26/06 20:25,0.0
11/26/06 20:30,0.0
11/26/06 20:35,0.0
11/26/06 20:40,0.0
11/26/06 20:45,0.0
11/26/06 20:50,0.0
11/26/06 20:55,0.0
11/26/06 21:00,0.0
11/26/06 21:05,0.0
11/26/06 21:10,0.0
11/26/06 21:15,0.0
11/26/06 21:20,0.0
11/26/06 21:25,0.0
11/26/06 21:30,0.0
11/26/06 21:35,0.0
11/26/06 21:40,0.0
11/26/06 21:45,0.0
11/26/06 21:50,0.0
11/26/06 21:55,0.0
11/26/06 22:00,0.0
11/26/06 22:05,0.0
11/26/06 22:10,0.0
11/26/06 22:15,0.0
11/26/06 22:20,0.0
11/26/06 22:25,0.0
11/26/06 22:30,0.0
11/26/06 22:35,0.0
11/26/06 22:40,0.0
11/26/06 22:45,0.0
11/26/06 22:50,0.0
11/26/06 22:55,0.0
11/26/06 23:00,0.0
11/26/06 23:05,0.0
11/26/06 23:10,0.0
11/26/06 23:15,0.0
11/26/06 23:20,0.0
11/26/06 23:25,0.0
11/26/06 23:30,0.0
11/26/06 23:35,0.0
11/26/06 23:40,0.0
11/26/06 23:45,0.0
11/26/06 23:50,0.0
11/26/06 23:55,0.0
11/27/06 00:00,0.0
11/27/06 00:05,0.0
11/27/06 00:10,0.0
11/27/06 00:15,0.0
11/27/06 00:20,0.0
11/27/06 00:25,0.0
11/27/06 00:30,0.0
11/27/06 00:35,0.0
11/27/06 00:40,0.0
11/27/06 00:45,0.0
11/27/06 00:50,0.0
11/27/06 00:55,0.0
11/27/06 01:00,0.0
11/27/06 01:05,0.0
11/27/06 01:10,0.0
11/27/06 01:15,0.0
11/27/06 01:20,0.0
11/27/06 01:25,0.0
11/27/06 01:30,0.0
11/27/06 01:35,0.0
11/27/06 01:40,0.0
11/27/06 01:45,0.0
11/27/06 01:50,0.0
11/27/06 01:55,0.0
11/27/06 02:00,0.0
11/27/06 02:05,0.0
11/27/06 02:10,0.0
11/27/06 02:15,0.0
11/27/06 02:20,0.0
11/27/06 02:25,0.0
11/27/06 02:30,0.0
11/27/06 02:35,0.0
11/27/06 02:40,0.0
11/27/06 02:45,0.0
11/27/06 02:50,0.0
11/27/06 02:55,0.0
11/27/06 03:00,0.0
11/27/06 03:05,0.0
11/27/06 03:10,0.0
11/27/06 03:15,0.0
11/27/06 03:20,0.0
11/27/06 03:25,0.0
11/27/06 03:30,0.0
11/27/06 03:35,0.0
11/27/06 03:40,0.0
11/27/06 03:45,0.0
11/27/06 03:50,0.0
11/27/06 03:55,0.0
11/27/06 04:00,0.0
11/27/06 04:05,0.0
11/27/06 04:10,0.0
11/27/06 04:15,0.0
11/27/06 04:20,0.0
11/27/06 04:25,0.0
11/27/06 04:30,0.0
11/27/06 04:35,0.0
11/27/06 04:40,0.0
11/27/06 04:45,0.0
11/27/06 04:50,0.0
11/27/06 04:55,0.0
11/27/06 05:00,0.0
11/27/06 05:05,0.0
11/27/06 05:10,0.0
11/27/06 05:15,0.0
11/27/06 05:20,0.0
11/27/06 05:25,0.0
11/27/06 05:30,0.0
11/27/06 05:35,0.0
11/27/06 05:40,0.0
11/27/06 05:45,0.0
11/27/06 05:50,0.0
11/27/06 05:55,0.0
11/27/06 06:00,0.0
11/27/06 06:05,0.0
11/27/06 06:10,0.0
11/27/06 06:15,0.0
11/27/06 06:20,0.0
11/27/06 06:25,0.0
11/27/06 06:30,0.0
11/27/06 06:35,0.0
11/27/06 06:40,0.0
11/27/06 06:45,0.0
11/27/06 06:50,0.0
11/27/06 06:55,0.0
11/27/06 07:00,0.0
11/27/06 07:05,0.1
11/27/06 07:10,0.6
11/27/06 07:15,1.7
11/27/06 07:20,3.8
11/27/06 07:25,4.5
11/27/06 07:30,5.2
11/27/06 07:35,5.9
11/27/06 07:40,6.6
11/27/06 07:45,7.3
11/27/06 07:50,8.0
11/27/06 07:55,8.8
11/27/06 08:00,9.6
11/27/06 08:05,10.3
11/27/06 08:10,11.0
11/27/06 08:15,11.6
11/27/06 08:20,12.1
11/27/06 08:25,12.7
11/27/06 08:30,13.2
11/27/06 08:35,13.9
11/27/06 08:40,14.6
11/27/06 08:45,15.4
11/27/06 08:50,16.1
11/27/06 08:55,16.8
11/27/06 09:00,17.4
11/27/06 09:05,17.8
11/27/06 09:10,18.3
11/27/06 09:15,18.5
11/27/06 09:20,18.5
11/27/06 09:25,18.7
11/27/06 09:30,18.8
11/27/06 09:35,19.0
11/27/06 09:40,19.2
11/27/06 09:45,19.4
11/27/06 09:50,19.6
11/27/06 09:55,19.8
11/27/06 10:00,20.0
11/27/06 10:05,20.1
11/27/06 10:10,20.3
11/27/06 10:15,20.6
11/27/06 10:20,20.9
11/27/06 10:25,21.1
11/27/06 10:30,21.4
11/27/06 10:35,21.6
11/27/06 10:40,21.8
11/27/06 10:45,22.0
11/27/06 10:50,22.2
11/27/06 10:55,22.4
11/27/06 11:00,22.6
11/27/06 11:05,22.7
11/27/06 11:10,22.7
11/27/06 11:15,22.6
11/27/06 11:20,22.4
11/27/06 11:25,22.4
11/27/06 11:30,22.4
11/27/06 11:35,22.3
11/27/06 11:40,22.2
11/27/06 11:45,22.1
11/27/06 11:50,21.9
11/27/06 11:55,21.7
11/27/06 12:00,21.4
11/27/06 12:05,21.1
11/27/06 12:10,20.8
11/27/06 12:15,20.9
11/27/06 12:20,21.1
11/27/06 12:25,21.1
11/27/06 12:30,21.1
11/27/06 12:35,21.2
11/27/06 12:40,21.3
11/27/06 12:45,21.3
11/27/06 12:50,21.2
11/27/06 12:55,21.0
11/27/06 13:00,20.8
11/27/06 13:05,20.6
11/27/06 13:10,20.4
11/27/06 13:15,18.9
11/27/06 13:20,16.7
11/27/06 13:25,13.2
11/27/06 13:30,12.0
11/27/06 13:35,12.4
11/27/06 13:40,13.3
11/27/06 13:45,12.1
11/27/06 13:50,11.2
11/27/06 13:55,9.8
11/27/06 14:00,10.7
11/27/06 14:05,9.0
11/27/06 14:10,8.5
11/27/06 14:15,9.5
11/27/06 14:20,9.5
11/27/06 14:25,10.5
11/27/06 14:30,9.3
11/27/06 14:35,7.6
11/27/06 14:40,6.0
11/27/06 14:45,7.1
11/27/06 14:50,6.9
11/27/06 14:55,7.9
11/27/06 15:00,8.2
11/27/06 15:05,8.1
11/27/06 15:10,7.6
11/27/06 15:15,6.9
11/27/06 15:20,6.6
11/27/06 15:25,5.7
11/27/06 15:30,5.4
11/27/06 15:35,5.5
11/27/06 15:40,4.2
11/27/06 15:45,3.7
11/27/06 15:50,2.9
11/27/06 15:55,2.5
11/27/06 16:00,1.8
11/27/06 16:05,1.3
11/27/06 16:10,0.7
11/27/06 16:15,0.3
11/27/06 16:20,0.1
11/27/06 16:25,0.0
11/27/06 16:30,0.0
11/27/06 16:35,0.0
11/27/06 16:40,0.0
11/27/06 16:45,0.0
11/27/06 16:50,0.0
11/27/06 16:55,0.0
11/27/06 17:00,0.0
11/27/06 17:05,0.0
11/27/06 17:10,0.0
11/27/06 17:15,0.0
11/27/06 17:20,0.0
11/27/06 17:25,0.0
11/27/06 17:30,0.0
11/27/06 17:35,0.0
11/27/06 17:40,0.0
11/27/06 17:45,0.0
11/27/06 17:50,0.0
11/27/06 17:55,0.0
11/27/06 18:00,0.0
11/27/06 18:05,0.0
11/27/06 18:10,0.0
11/27/06 18:15,0.0
11/27/06 18:20,0.0
11/27/06 18:25,0.0
11/27/06 18:30,0.0
11/27/06 18:35,0.0
11/27/06 18:40,0.0
11/27/06 18:45,0.0
11/27/06 18:50,0.0
11/27/06 18:55,0.0
11/27/06 19:00,0.0
11/27/06 19:05,0.0
11/27/06 19:10,0.0
11/27/06 19:15,0.0
11/27/06 19:20,0.0
11/27/06 19:25,0.0
11/27/06 19:30,0.0
11/27/06 19:35,0.0
11/27/06 19:40,0.0
11/27/06 19:45,0.0
11/27/06 19:50,0.0
11/27/06 19:55,0.0
11/27/06 20:00,0.0
11/27/06 20:05,0.0
11/27/06 20:10,0.0
11/27/06 20:15,0.0
11/27/06 20:20,0.0
11/27/06 20:25,0.0
11/27/06 20:30,0.0
11/27/06 20:35,0.0
11/27/06 20:40,0.0
11/27/06 20:45,0.0
11/27/06 20:50,0.0
11/27/06 20:55,0.0
11/27/06 21:00,0.0
11/27/06 21:05,0.0
11/27/06 21:10,0.0
11/27/06 21:15,0.0
11/27/06 21:20,0.0
11/27/06 21:25,0.0
11/27/06 21:30,0.0
11/27/06 21:35,0.0
11/27/06 21:40,0.0
11/27/06 21:45,0.0
11/27/06 21:50,0.0
11/27/06 21:55,0.0
11/27/06 22:00,0.0
11/27/06 22:05,0.0
11/27/06 22:10,0.0
11/27/06 22:15,0.0
11/27/06 22:20,0.0
11/27/06 22:25,0.0
11/27/06 22:30,0.0
11/27/06 22:35,0.0
11/27/06 22:40,0.0
11/27/06 22:45,0.0
11/27/06 22:50,0.0
11/27/06 22:55,0.0
11/27/06 23:00,0.0
11/27/06 23:05,0.0
11/27/06 23:10,0.0
11/27/06 23:15,0.0
11/27/06 23:20,0.0
11/27/06 23:25,0.0
11/27/06 23:30,0.0
11/27/06 23:35,0.0
11/27/06 23:40,0.0
11/27/06 23:45,0.0
11/27/06 23:50,0.0
11/27/06 23:55,0.0
11/28/06 00:00,0.0
11/28/06 00:05,0.0
11/28/06 00:10,0.0
11/28/06 00:15,0.0
11/28/06 00:20,0.0
11/28/06 00:25,0.0
11/28/06 00:30,0.0
11/28/06 00:35,0.0
11/28/06 00:40,0.0
11/28/06 00:45,0.0
11/28/06 00:50,0.0
11/28/06 00:55,0.0
11/28/06 01:00,0.0
11/28/06 01:05,0.0
11/28/06 01:10,0.0
11/28/06 01:15,0.0
11/28/06 01:20,0.0
11/28/06 01:25,0.0
11/28/06 01:30,0.0
11/28/06 01:35,0.0
11/28/06 01:40,0.0
11/28/06 01:45,0.0
11/28/06 01:50,0.0
11/28/06 01:55,0.0
11/28/06 02:00,0.0
11/28/06 02:05,0.0
11/28/06 02:10,0.0
11/28/06 02:15,0.0
11/28/06 02:20,0.0
11/28/06 02:25,0.0
11/28/06 02:30,0.0
11/28/06 02:35,0.0
11/28/06 02:40,0.0
11/28/06 02:45,0.0
11/28/06 02:50,0.0
11/28/06 02:55,0.0
11/28/06 03:00,0.0
11/28/06 03:05,0.0
11/28/06 03:10,0.0
11/28/06 03:15,0.0
11/28/06 03:20,0.0
11/28/06 03:25,0.0
11/28/06 03:30,0.0
11/28/06 03:35,0.0
11/28/06 03:40,0.0
11/28/06 03:45,0.0
11/28/06 03:50,0.0
11/28/06 03:55,0.0
11/28/06 04:00,0.0
11/28/06 04:05,0.0
11/28/06 04:10,0.0
11/28/06 04:15,0.0
11/28/06 04:20,0.0
11/28/06 04:25,0.0
11/28/06 04:30,0.0
11/28/06 04:35,0.0
11/28/06 04:40,0.0
11/28/06 04:45,0.0
11/28/06 04:50,0.0
11/28/06 04:55,0.0
11/28/06 05:00,0.0
11/28/06 05:05,0.0
11/28/06 05:10,0.0
11/28/06 05:15,0.0
11/28/06 05:20,0.0
11/28/06 05:25,0.0
11/28/06 05:30,0.0
11/28/06 05:35,0.0
11/28/06 05:40,0.0
11/28/06 05:45,0.0
11/28/06 05:50,0.0
11/28/06 05:55,0.0
11/28/06 06:00,0.0
11/28/06 06:05,0.0
11/28/06 06:10,0.0
11/28/06 06:15,0.0
11/28/06 06:20,0.0
11/28/06 06:25,0.0
11/28/06 06:30,0.0
11/28/06 06:35,0.0
11/28/06 06:40,0.0
11/28/06 06:45,0.0
11/28/06 06:50,0.0
11/28/06 06:55,0.0
11/28/06 07:00,0.0
11/28/06 07:05,0.2
11/28/06 07:10,0.6
11/28/06 07:15,1.4
11/28/06 07:20,2.8
11/28/06 07:25,3.9
11/28/06 07:30,4.5
11/28/06 07:35,5.0
11/28/06 07:40,5.5
11/28/06 07:45,5.9
11/28/06 07:50,6.8
11/28/06 07:55,7.6
11/28/06 08:00,8.3
11/28/06 08:05,9.1
11/28/06 08:10,9.7
11/28/06 08:15,9.7
11/28/06 08:20,8.2
11/28/06 08:25,7.8
11/28/06 08:30,8.0
11/28/06 08:35,8.5
11/28/06 08:40,9.6
11/28/06 08:45,10.5
11/28/06 08:50,8.5
11/28/06 08:55,8.8
11/28/06 09:00,8.6
11/28/06 09:05,8.2
11/28/06 09:10,7.9
11/28/06 09:15,7.5
11/28/06 09:20,7.8
11/28/06 09:25,8.5
11/28/06 09:30,9.0
11/28/06 09:35,9.3
11/28/06 09:40,9.6
11/28/06 09:45,9.7
11/28/06 09:50,9.5
11/28/06 09:55,9.6
11/28/06 10:00,9.9
11/28/06 10:05,10.3
11/28/06 10:10,10.5
11/28/06 10:15,10.9
11/28/06 10:20,13.0
11/28/06 10:25,13.2
11/28/06 10:30,13.1
11/28/06 10:35,14.1
11/28/06 10:40,16.4
11/28/06 10:45,16.8
11/28/06 10:50,17.3
11/28/06 10:55,19.1
11/28/06 11:00,20.3
11/28/06 11:05,20.2
11/28/06 11:10,20.0
11/28/06 11:15,20.4
11/28/06 11:20,19.6
11/28/06 11:25,19.3
11/28/06 11:30,20.2
11/28/06 11:35,20.2
11/28/06 11:40,19.6
11/28/06 11:45,18.2
11/28/06 11:50,14.7
11/28/06 11:55,15.5
11/28/06 12:00,17.1
11/28/06 12:05,15.3
11/28/06 12:10,11.9
11/28/06 12:15,13.3
11/28/06 12:20,14.2
11/28/06 12:25,15.8
11/28/06 12:30,16.6
11/28/06 12:35,14.8
11/28/06 12:40,14.3
11/28/06 12:45,13.7
11/28/06 12:50,12.4
11/28/06 12:55,8.9
11/28/06 13:00,5.2
11/28/06 13:05,8.4
11/28/06 13:10,12.4
11/28/06 13:15,13.4
11/28/06 13:20,15.0
11/28/06 13:25,15.9
11/28/06 13:30,15.2
11/28/06 13:35,12.7
11/28/06 13:40,13.5
11/28/06 13:45,13.7
11/28/06 13:50,13.8
11/28/06 13:55,14.2
11/28/06 14:00,14.9
11/28/06 14:05,12.6
11/28/06 14:10,12.1
11/28/06 14:15,12.9
11/28/06 14:20,13.8
11/28/06 14:25,13.7
11/28/06 14:30,11.7
11/28/06 14:35,9.9
11/28/06 14:40,9.4
11/28/06 14:45,9.8
11/28/06 14:50,10.0
11/28/06 14:55,9.4
11/28/06 15:00,7.9
11/28/06 15:05,8.1
11/28/06 15:10,7.8
11/28/06 15:15,7.7
11/28/06 15:20,7.1
11/28/06 15:25,7.1
11/28/06 15:30,7.3
11/28/06 15:35,6.8
11/28/06 15:40,4.3
11/28/06 15:45,1.2
11/28/06 15:50,0.2
11/28/06 15:55,0.6
11/28/06 16:00,1.0
11/28/06 16:05,0.2
11/28/06 16:10,0.0
11/28/06 16:15,0.0
11/28/06 16:20,0.0
11/28/06 16:25,0.0
11/28/06 16:30,0.0
11/28/06 16:35,0.0
11/28/06 16:40,0.0
11/28/06 16:45,0.0
11/28/06 16:50,0.0
11/28/06 16:55,0.0
11/28/06 17:00,0.0
11/28/06 17:05,0.0
11/28/06 17:10,0.0
11/28/06 17:15,0.0
11/28/06 17:20,0.0
11/28/06 17:25,0.0
11/28/06 17:30,0.0
11/28/06 17:35,0.0
11/28/06 17:40,0.0
11/28/06 17:45,0.0
11/28/06 17:50,0.0
11/28/06 17:55,0.0
11/28/06 18:00,0.0
11/28/06 18:05,0.0
11/28/06 18:10,0.0
11/28/06 18:15,0.0
11/28/06 18:20,0.0
11/28/06 18:25,0.0
11/28/06 18:30,0.0
11/28/06 18:35,0.0
11/28/06 18:40,0.0
11/28/06 18:45,0.0
11/28/06 18:50,0.0
11/28/06 18:55,0.0
11/28/06 19:00,0.0
11/28/06 19:05,0.0
11/28/06 19:10,0.0
11/28/06 19:15,0.0
11/28/06 19:20,0.0
11/28/06 19:25,0.0
11/28/06 19:30,0.0
11/28/06 19:35,0.0
11/28/06 19:40,0.0
11/28/06 19:45,0.0
11/28/06 19:50,0.0
11/28/06 19:55,0.0
11/28/06 20:00,0.0
11/28/06 20:05,0.0
11/28/06 20:10,0.0
11/28/06 20:15,0.0
11/28/06 20:20,0.0
11/28/06 20:25,0.0
11/28/06 20:30,0.0
11/28/06 20:35,0.0
11/28/06 20:40,0.0
11/28/06 20:45,0.0
11/28/06 20:50,0.0
11/28/06 20:55,0.0
11/28/06 21:00,0.0
11/28/06 21:05,0.0
11/28/06 21:10,0.0
11/28/06 21:15,0.0
11/28/06 21:20,0.0
11/28/06 21:25,0.0
11/28/06 21:30,0.0
11/28/06 21:35,0.0
11/28/06 21:40,0.0
11/28/06 21:45,0.0
11/28/06 21:50,0.0
11/28/06 21:55,0.0
11/28/06 22:00,0.0
11/28/06 22:05,0.0
11/28/06 22:10,0.0
11/28/06 22:15,0.0
11/28/06 22:20,0.0
11/28/06 22:25,0.0
11/28/06 22:30,0.0
11/28/06 22:35,0.0
11/28/06 22:40,0.0
11/28/06 22:45,0.0
11/28/06 22:50,0.0
11/28/06 22:55,0.0
11/28/06 23:00,0.0
11/28/06 23:05,0.0
11/28/06 23:10,0.0
11/28/06 23:15,0.0
11/28/06 23:20,0.0
11/28/06 23:25,0.0
11/28/06 23:30,0.0
11/28/06 23:35,0.0
11/28/06 23:40,0.0
11/28/06 23:45,0.0
11/28/06 23:50,0.0
11/28/06 23:55,0.0
11/29/06 00:00,0.0
11/29/06 00:05,0.0
11/29/06 00:10,0.0
11/29/06 00:15,0.0
11/29/06 00:20,0.0
11/29/06 00:25,0.0
11/29/06 00:30,0.0
11/29/06 00:35,0.0
11/29/06 00:40,0.0
11/29/06 00:45,0.0
11/29/06 00:50,0.0
11/29/06 00:55,0.0
11/29/06 01:00,0.0
11/29/06 01:05,0.0
11/29/06 01:10,0.0
11/29/06 01:15,0.0
11/29/06 01:20,0.0
11/29/06 01:25,0.0
11/29/06 01:30,0.0
11/29/06 01:35,0.0
11/29/06 01:40,0.0
11/29/06 01:45,0.0
11/29/06 01:50,0.0
11/29/06 01:55,0.0
11/29/06 02:00,0.0
11/29/06 02:05,0.0
11/29/06 02:10,0.0
11/29/06 02:15,0.0
11/29/06 02:20,0.0
11/29/06 02:25,0.0
11/29/06 02:30,0.0
11/29/06 02:35,0.0
11/29/06 02:40,0.0
11/29/06 02:45,0.0
11/29/06 02:50,0.0
11/29/06 02:55,0.0
11/29/06 03:00,0.0
11/29/06 03:05,0.0
11/29/06 03:10,0.0
11/29/06 03:15,0.0
11/29/06 03:20,0.0
11/29/06 03:25,0.0
11/29/06 03:30,0.0
11/29/06 03:35,0.0
11/29/06 03:40,0.0
11/29/06 03:45,0.0
11/29/06 03:50,0.0
11/29/06 03:55,0.0
11/29/06 04:00,0.0
11/29/06 04:05,0.0
11/29/06 04:10,0.0
11/29/06 04:15,0.0
11/29/06 04:20,0.0
11/29/06 04:25,0.0
11/29/06 04:30,0.0
11/29/06 04:35,0.0
11/29/06 04:40,0.0
11/29/06 04:45,0.0
11/29/06 04:50,0.0
11/29/06 04:55,0.0
11/29/06 05:00,0.0
11/29/06 05:05,0.0
11/29/06 05:10,0.0
11/29/06 05:15,0.0
11/29/06 05:20,0.0
11/29/06 05:25,0.0
11/29/06 05:30,0.0
11/29/06 05:35,0.0
11/29/06 05:40,0.0
11/29/06 05:45,0.0
11/29/06 05:50,0.0
11/29/06 05:55,0.0
11/29/06 06:00,0.0
11/29/06 06:05,0.0
11/29/06 06:10,0.0
11/29/06 06:15,0.0
11/29/06 06:20,0.0
11/29/06 06:25,0.0
11/29/06 06:30,0.0
11/29/06 06:35,0.0
11/29/06 06:40,0.0
11/29/06 06:45,0.0
11/29/06 06:50,0.0
11/29/06 06:55,0.0
11/29/06 07:00,0.0
11/29/06 07:05,0.0
11/29/06 07:10,0.0
11/29/06 07:15,0.0
11/29/06 07:20,0.0
11/29/06 07:25,0.4
11/29/06 07:30,1.8
11/29/06 07:35,3.7
11/29/06 07:40,5.1
11/29/06 07:45,5.9
11/29/06 07:50,6.5
11/29/06 07:55,7.2
11/29/06 08:00,7.4
11/29/06 08:05,7.6
11/29/06 08:10,6.8
11/29/06 08:15,5.9
11/29/06 08:20,6.1
11/29/06 08:25,5.0
11/29/06 08:30,4.8
11/29/06 08:35,4.3
11/29/06 08:40,4.1
11/29/06 08:45,4.2
11/29/06 08:50,4.3
11/29/06 08:55,4.7
11/29/06 09:00,4.8
11/29/06 09:05,7.2
11/29/06 09:10,7.4
11/29/06 09:15,8.5
11/29/06 09:20,9.2
11/29/06 09:25,9.4
11/29/06 09:30,8.9
11/29/06 09:35,8.6
11/29/06 09:40,7.7
11/29/06 09:45,6.8
11/29/06 09:50,6.6
11/29/06 09:55,6.9
11/29/06 10:00,7.4
11/29/06 10:05,7.5
11/29/06 10:10,7.3
11/29/06 10:15,7.1
11/29/06 10:20,6.8
11/29/06 10:25,6.7
11/29/06 10:30,6.8
11/29/06 10:35,6.9
11/29/06 10:40,7.0
11/29/06 10:45,7.0
11/29/06 10:50,7.1
11/29/06 10:55,7.1
11/29/06 11:00,7.1
11/29/06 11:05,7.3
11/29/06 11:10,7.4
11/29/06 11:15,7.8
11/29/06 11:20,8.2
11/29/06 11:25,8.6
11/29/06 11:30,9.2
11/29/06 11:35,9.5
11/29/06 11:40,10.0
11/29/06 11:45,10.4
11/29/06 11:50,10.8
11/29/06 11:55,11.0
11/29/06 12:00,11.2
11/29/06 12:05,11.5
11/29/06 12:10,11.9
11/29/06 12:15,11.8
11/29/06 12:20,11.0
11/29/06 12:25,10.0
11/29/06 12:30,10.1
11/29/06 12:35,10.0
11/29/06 12:40,10.3
11/29/06 12:45,10.2
11/29/06 12:50,10.1
11/29/06 12:55,9.8
11/29/06 13:00,9.1
11/29/06 13:05,8.2
11/29/06 13:10,7.0
11/29/06 13:15,6.6
11/29/06 13:20,7.0
11/29/06 13:25,7.1
11/29/06 13:30,7.0
11/29/06 13:35,6.8
11/29/06 13:40,6.5
11/29/06 13:45,6.1
11/29/06 13:50,5.8
11/29/06 13:55,5.4
11/29/06 14:00,5.0
11/29/06 14:05,4.6
11/29/06 14:10,4.3
11/29/06 14:15,3.8
11/29/06 14:20,2.0
11/29/06 14:25,0.6
11/29/06 14:30,0.4
11/29/06 14:35,0.4
11/29/06 14:40,0.4
11/29/06 14:45,0.2
11/29/06 14:50,0.1
11/29/06 14:55,0.0
11/29/06 15:00,0.1
11/29/06 15:05,0.1
11/29/06 15:10,0.3
11/29/06 15:15,0.3
11/29/06 15:20,0.1
11/29/06 15:25,0.1
11/29/06 15:30,0.1
11/29/06 15:35,0.1
11/29/06 15:40,0.1
11/29/06 15:45,0.2
11/29/06 15:50,0.2
11/29/06 15:55,0.2
11/29/06 16:00,0.2
11/29/06 16:05,0.2
11/29/06 16:10,0.1
11/29/06 16:15,0.1
11/29/06 16:20,0.0
11/29/06 16:25,0.0
11/29/06 16:30,0.0
11/29/06 16:35,0.0
11/29/06 16:40,0.0
11/29/06 16:45,0.0
11/29/06 16:50,0.0
11/29/06 16:55,0.0
11/29/06 17:00,0.0
11/29/06 17:05,0.0
11/29/06 17:10,0.0
11/29/06 17:15,0.0
11/29/06 17:20,0.0
11/29/06 17:25,0.0
11/29/06 17:30,0.0
11/29/06 17:35,0.0
11/29/06 17:40,0.0
11/29/06 17:45,0.0
11/29/06 17:50,0.0
11/29/06 17:55,0.0
11/29/06 18:00,0.0
11/29/06 18:05,0.0
11/29/06 18:10,0.0
11/29/06 18:15,0.0
11/29/06 18:20,0.0
11/29/06 18:25,0.0
11/29/06 18:30,0.0
11/29/06 18:35,0.0
11/29/06 18:40,0.0
11/29/06 18:45,0.0
11/29/06 18:50,0.0
11/29/06 18:55,0.0
11/29/06 19:00,0.0
11/29/06 19:05,0.0
11/29/06 19:10,0.0
11/29/06 19:15,0.0
11/29/06 19:20,0.0
11/29/06 19:25,0.0
11/29/06 19:30,0.0
11/29/06 19:35,0.0
11/29/06 19:40,0.0
11/29/06 19:45,0.0
11/29/06 19:50,0.0
11/29/06 19:55,0.0
11/29/06 20:00,0.0
11/29/06 20:05,0.0
11/29/06 20:10,0.0
11/29/06 20:15,0.0
11/29/06 20:20,0.0
11/29/06 20:25,0.0
11/29/06 20:30,0.0
11/29/06 20:35,0.0
11/29/06 20:40,0.0
11/29/06 20:45,0.0
11/29/06 20:50,0.0
11/29/06 20:55,0.0
11/29/06 21:00,0.0
11/29/06 21:05,0.0
11/29/06 21:10,0.0
11/29/06 21:15,0.0
11/29/06 21:20,0.0
11/29/06 21:25,0.0
11/29/06 21:30,0.0
11/29/06 21:35,0.0
11/29/06 21:40,0.0
11/29/06 21:45,0.0
11/29/06 21:50,0.0
11/29/06 21:55,0.0
11/29/06 22:00,0.0
11/29/06 22:05,0.0
11/29/06 22:10,0.0
11/29/06 22:15,0.0
11/29/06 22:20,0.0
11/29/06 22:25,0.0
11/29/06 22:30,0.0
11/29/06 22:35,0.0
11/29/06 22:40,0.0
11/29/06 22:45,0.0
11/29/06 22:50,0.0
11/29/06 22:55,0.0
11/29/06 23:00,0.0
11/29/06 23:05,0.0
11/29/06 23:10,0.0
11/29/06 23:15,0.0
11/29/06 23:20,0.0
11/29/06 23:25,0.0
11/29/06 23:30,0.0
11/29/06 23:35,0.0
11/29/06 23:40,0.0
11/29/06 23:45,0.0
11/29/06 23:50,0.0
11/29/06 23:55,0.0
11/30/06 00:00,0.0
11/30/06 00:05,0.0
11/30/06 00:10,0.0
11/30/06 00:15,0.0
11/30/06 00:20,0.0
11/30/06 00:25,0.0
11/30/06 00:30,0.0
11/30/06 00:35,0.0
11/30/06 00:40,0.0
11/30/06 00:45,0.0
11/30/06 00:50,0.0
11/30/06 00:55,0.0
11/30/06 01:00,0.0
11/30/06 01:05,0.0
11/30/06 01:10,0.0
11/30/06 01:15,0.0
11/30/06 01:20,0.0
11/30/06 01:25,0.0
11/30/06 01:30,0.0
11/30/06 01:35,0.0
11/30/06 01:40,0.0
11/30/06 01:45,0.0
11/30/06 01:50,0.0
11/30/06 01:55,0.0
11/30/06 02:00,0.0
11/30/06 02:05,0.0
11/30/06 02:10,0.0
11/30/06 02:15,0.0
11/30/06 02:20,0.0
11/30/06 02:25,0.0
11/30/06 02:30,0.0
11/30/06 02:35,0.0
11/30/06 02:40,0.0
11/30/06 02:45,0.0
11/30/06 02:50,0.0
11/30/06 02:55,0.0
11/30/06 03:00,0.0
11/30/06 03:05,0.0
11/30/06 03:10,0.0
11/30/06 03:15,0.0
11/30/06 03:20,0.0
11/30/06 03:25,0.0
11/30/06 03:30,0.0
11/30/06 03:35,0.0
11/30/06 03:40,0.0
11/30/06 03:45,0.0
11/30/06 03:50,0.0
11/30/06 03:55,0.0
11/30/06 04:00,0.0
11/30/06 04:05,0.0
11/30/06 04:10,0.0
11/30/06 04:15,0.0
11/30/06 04:20,0.0
11/30/06 04:25,0.0
11/30/06 04:30,0.0
11/30/06 04:35,0.0
11/30/06 04:40,0.0
11/30/06 04:45,0.0
11/30/06 04:50,0.0
11/30/06 04:55,0.0
11/30/06 05:00,0.0
11/30/06 05:05,0.0
11/30/06 05:10,0.0
11/30/06 05:15,0.0
11/30/06 05:20,0.0
11/30/06 05:25,0.0
11/30/06 05:30,0.0
11/30/06 05:35,0.0
11/30/06 05:40,0.0
11/30/06 05:45,0.0
11/30/06 05:50,0.0
11/30/06 05:55,0.0
11/30/06 06:00,0.0
11/30/06 06:05,0.0
11/30/06 06:10,0.0
11/30/06 06:15,0.0
11/30/06 06:20,0.0
11/30/06 06:25,0.0
11/30/06 06:30,0.0
11/30/06 06:35,0.0
11/30/06 06:40,0.0
11/30/06 06:45,0.0
11/30/06 06:50,0.0
11/30/06 06:55,0.0
11/30/06 07:00,0.0
11/30/06 07:05,0.0
11/30/06 07:10,0.0
11/30/06 07:15,0.0
11/30/06 07:20,0.0
11/30/06 07:25,0.1
11/30/06 07:30,0.2
11/30/06 07:35,0.4
11/30/06 07:40,0.7
11/30/06 07:45,1.3
11/30/06 07:50,2.0
11/30/06 07:55,2.8
11/30/06 08:00,3.6
11/30/06 08:05,3.9
11/30/06 08:10,4.1
11/30/06 08:15,4.3
11/30/06 08:20,4.4
11/30/06 08:25,4.4
11/30/06 08:30,4.5
11/30/06 08:35,4.5
11/30/06 08:40,4.4
11/30/06 08:45,4.3
11/30/06 08:50,4.2
11/30/06 08:55,4.0
11/30/06 09:00,3.6
11/30/06 09:05,3.0
11/30/06 09:10,1.9
11/30/06 09:15,1.7
11/30/06 09:20,1.9
11/30/06 09:25,2.1
11/30/06 09:30,2.4
11/30/06 09:35,2.6
11/30/06 09:40,3.0
11/30/06 09:45,3.3
11/30/06 09:50,3.3
11/30/06 09:55,3.1
11/30/06 10:00,3.0
11/30/06 10:05,2.8
11/30/06 10:10,2.5
11/30/06 10:15,2.6
11/30/06 10:20,2.9
11/30/06 10:25,3.4
11/30/06 10:30,3.8
11/30/06 10:35,4.3
11/30/06 10:40,4.9
11/30/06 10:45,5.9
11/30/06 10:50,6.7
11/30/06 10:55,7.0
11/30/06 11:00,7.4
11/30/06 11:05,7.7
11/30/06 11:10,7.9
11/30/06 11:15,7.8
11/30/06 11:20,7.0
11/30/06 11:25,6.4
11/30/06 11:30,6.6
11/30/06 11:35,6.8
11/30/06 11:40,6.7
11/30/06 11:45,6.4
11/30/06 11:50,5.8
11/30/06 11:55,5.5
11/30/06 12:00,5.3
11/30/06 12:05,5.3
11/30/06 12:10,5.3
11/30/06 12:15,4.8
11/30/06 12:20,4.2
11/30/06 12:25,3.9
11/30/06 12:30,3.9
11/30/06 12:35,4.0
11/30/06 12:40,4.2
11/30/06 12:45,4.5
11/30/06 12:50,5.2
11/30/06 12:55,5.7
11/30/06 13:00,6.1
11/30/06 13:05,6.8
11/30/06 13:10,7.6
11/30/06 13:15,8.1
11/30/06 13:20,6.5
11/30/06 13:25,5.1
11/30/06 13:30,4.2
11/30/06 13:35,3.8
11/30/06 13:40,2.1
11/30/06 13:45,1.3
11/30/06 13:50,1.0
11/30/06 13:55,0.7
11/30/06 14:00,0.5
11/30/06 14:05,0.6
11/30/06 14:10,0.7
11/30/06 14:15,2.2
11/30/06 14:20,5.6
11/30/06 14:25,6.8
11/30/06 14:30,7.4
11/30/06 14:35,7.6
11/30/06 14:40,5.5
11/30/06 14:45,5.6
11/30/06 14:50,5.4
11/30/06 14:55,4.7
11/30/06 15:00,4.8
11/30/06 15:05,5.2
11/30/06 15:10,5.9
11/30/06 15:15,4.8
11/30/06 15:20,4.2
11/30/06 15:25,3.6
11/30/06 15:30,2.6
11/30/06 15:35,1.8
11/30/06 15:40,1.3
11/30/06 15:45,0.3
11/30/06 15:50,0.1
11/30/06 15:55,0.3
11/30/06 16:00,0.2
11/30/06 16:05,0.1
11/30/06 16:10,0.1
11/30/06 16:15,0.0
11/30/06 16:20,0.0
11/30/06 16:25,0.0
11/30/06 16:30,0.0
11/30/06 16:35,0.0
11/30/06 16:40,0.0
11/30/06 16:45,0.0
11/30/06 16:50,0.0
11/30/06 16:55,0.0
11/30/06 17:00,0.0
11/30/06 17:05,0.0
11/30/06 17:10,0.0
11/30/06 17:15,0.0
11/30/06 17:20,0.0
11/30/06 17:25,0.0
11/30/06 17:30,0.0
11/30/06 17:35,0.0
11/30/06 17:40,0.0
11/30/06 17:45,0.0
11/30/06 17:50,0.0
11/30/06 17:55,0.0
11/30/06 18:00,0.0
11/30/06 18:05,0.0
11/30/06 18:10,0.0
11/30/06 18:15,0.0
11/30/06 18:20,0.0
11/30/06 18:25,0.0
11/30/06 18:30,0.0
11/30/06 18:35,0.0
11/30/06 18:40,0.0
11/30/06 18:45,0.0
11/30/06 18:50,0.0
11/30/06 18:55,0.0
11/30/06 19:00,0.0
11/30/06 19:05,0.0
11/30/06 19:10,0.0
11/30/06 19:15,0.0
11/30/06 19:20,0.0
11/30/06 19:25,0.0
11/30/06 19:30,0.0
11/30/06 19:35,0.0
11/30/06 19:40,0.0
11/30/06 19:45,0.0
11/30/06 19:50,0.0
11/30/06 19:55,0.0
11/30/06 20:00,0.0
11/30/06 20:05,0.0
11/30/06 20:10,0.0
11/30/06 20:15,0.0
11/30/06 20:20,0.0
11/30/06 20:25,0.0
11/30/06 20:30,0.0
11/30/06 20:35,0.0
11/30/06 20:40,0.0
11/30/06 20:45,0.0
11/30/06 20:50,0.0
11/30/06 20:55,0.0
11/30/06 21:00,0.0
11/30/06 21:05,0.0
11/30/06 21:10,0.0
11/30/06 21:15,0.0
11/30/06 21:20,0.0
11/30/06 21:25,0.0
11/30/06 21:30,0.0
11/30/06 21:35,0.0
11/30/06 21:40,0.0
11/30/06 21:45,0.0
11/30/06 21:50,0.0
11/30/06 21:55,0.0
11/30/06 22:00,0.0
11/30/06 22:05,0.0
11/30/06 22:10,0.0
11/30/06 22:15,0.0
11/30/06 22:20,0.0
11/30/06 22:25,0.0
11/30/06 22:30,0.0
11/30/06 22:35,0.0
11/30/06 22:40,0.0
11/30/06 22:45,0.0
11/30/06 22:50,0.0
11/30/06 22:55,0.0
11/30/06 23:00,0.0
11/30/06 23:05,0.0
11/30/06 23:10,0.0
11/30/06 23:15,0.0
11/30/06 23:20,0.0
11/30/06 23:25,0.0
11/30/06 23:30,0.0
11/30/06 23:35,0.0
11/30/06 23:40,0.0
11/30/06 23:45,0.0
11/30/06 23:50,0.0
11/30/06 23:55,0.0
12/01/06 00:00,0.0
12/01/06 00:05,0.0
12/01/06 00:10,0.0
12/01/06 00:15,0.0
12/01/06 00:20,0.0
12/01/06 00:25,0.0
12/01/06 00:30,0.0
12/01/06 00:35,0.0
12/01/06 00:40,0.0
12/01/06 00:45,0.0
12/01/06 00:50,0.0
12/01/06 00:55,0.0
12/01/06 01:00,0.0
12/01/06 01:05,0.0
12/01/06 01:10,0.0
12/01/06 01:15,0.0
12/01/06 01:20,0.0
12/01/06 01:25,0.0
12/01/06 01:30,0.0
12/01/06 01:35,0.0
12/01/06 01:40,0.0
12/01/06 01:45,0.0
12/01/06 01:50,0.0
12/01/06 01:55,0.0
12/01/06 02:00,0.0
12/01/06 02:05,0.0
12/01/06 02:10,0.0
12/01/06 02:15,0.0
12/01/06 02:20,0.0
12/01/06 02:25,0.0
12/01/06 02:30,0.0
12/01/06 02:35,0.0
12/01/06 02:40,0.0
12/01/06 02:45,0.0
12/01/06 02:50,0.0
12/01/06 02:55,0.0
12/01/06 03:00,0.0
12/01/06 03:05,0.0
12/01/06 03:10,0.0
12/01/06 03:15,0.0
12/01/06 03:20,0.0
12/01/06 03:25,0.0
12/01/06 03:30,0.0
12/01/06 03:35,0.0
12/01/06 03:40,0.0
12/01/06 03:45,0.0
12/01/06 03:50,0.0
12/01/06 03:55,0.0
12/01/06 04:00,0.0
12/01/06 04:05,0.0
12/01/06 04:10,0.0
12/01/06 04:15,0.0
12/01/06 04:20,0.0
12/01/06 04:25,0.0
12/01/06 04:30,0.0
12/01/06 04:35,0.0
12/01/06 04:40,0.0
12/01/06 04:45,0.0
12/01/06 04:50,0.0
12/01/06 04:55,0.0
12/01/06 05:00,0.0
12/01/06 05:05,0.0
12/01/06 05:10,0.0
12/01/06 05:15,0.0
12/01/06 05:20,0.0
12/01/06 05:25,0.0
12/01/06 05:30,0.0
12/01/06 05:35,0.0
12/01/06 05:40,0.0
12/01/06 05:45,0.0
12/01/06 05:50,0.0
12/01/06 05:55,0.0
12/01/06 06:00,0.0
12/01/06 06:05,0.0
12/01/06 06:10,0.0
12/01/06 06:15,0.0
12/01/06 06:20,0.0
12/01/06 06:25,0.0
12/01/06 06:30,0.0
12/01/06 06:35,0.0
12/01/06 06:40,0.0
12/01/06 06:45,0.0
12/01/06 06:50,0.0
12/01/06 06:55,0.0
12/01/06 07:00,0.0
12/01/06 07:05,0.0
12/01/06 07:10,0.2
12/01/06 07:15,0.8
12/01/06 07:20,2.9
12/01/06 07:25,4.3
12/01/06 07:30,5.1
12/01/06 07:35,5.9
12/01/06 07:40,6.8
12/01/06 07:45,7.6
12/01/06 07:50,8.5
12/01/06 07:55,9.4
12/01/06 08:00,10.2
12/01/06 08:05,10.9
12/01/06 08:10,11.6
12/01/06 08:15,12.2
12/01/06 08:20,12.8
12/01/06 08:25,13.5
12/01/06 08:30,14.2
12/01/06 08:35,14.8
12/01/06 08:40,15.5
12/01/06 08:45,16.1
12/01/06 08:50,16.6
12/01/06 08:55,16.9
12/01/06 09:00,17.4
12/01/06 09:05,17.9
12/01/06 09:10,18.4
12/01/06 09:15,18.9
12/01/06 09:20,19.2
12/01/06 09:25,19.5
12/01/06 09:30,19.9
12/01/06 09:35,20.2
12/01/06 09:40,20.6
12/01/06 09:45,21.2
12/01/06 09:50,21.7
12/01/06 09:55,22.1
12/01/06 10:00,22.5
12/01/06 10:05,22.8
12/01/06 10:10,23.0
12/01/06 10:15,23.3
12/01/06 10:20,23.4
12/01/06 10:25,23.6
12/01/06 10:30,23.6
12/01/06 10:35,23.6
12/01/06 10:40,23.8
12/01/06 10:45,24.1
12/01/06 10:50,24.3
12/01/06 10:55,24.5
12/01/06 11:00,24.7
12/01/06 11:05,24.9
12/01/06 11:10,24.8
12/01/06 11:15,24.8
12/01/06 11:20,25.0
12/01/06 11:25,25.1
12/01/06 11:30,25.3
12/01/06 11:35,25.3
12/01/06 11:40,25.3
12/01/06 11:45,25.3
12/01/06 11:50,25.3
12/01/06 11:55,25.2
12/01/06 12:00,25.0
12/01/06 12:05,24.8
12/01/06 12:10,24.7
12/01/06 12:15,24.5
12/01/06 12:20,24.2
12/01/06 12:25,23.8
12/01/06 12:30,23.3
12/01/06 12:35,22.9
12/01/06 12:40,22.6
12/01/06 12:45,22.4
12/01/06 12:50,22.2
12/01/06 12:55,22.0
12/01/06 13:00,21.7
12/01/06 13:05,21.6
12/01/06 13:10,21.5
12/01/06 13:15,21.6
12/01/06 13:20,21.5
12/01/06 13:25,21.2
12/01/06 13:30,21.1
12/01/06 13:35,20.8
12/01/06 13:40,20.8
12/01/06 13:45,20.6
12/01/06 13:50,20.1
12/01/06 13:55,19.3
12/01/06 14:00,18.7
12/01/06 14:05,18.4
12/01/06 14:10,17.7
12/01/06 14:15,17.4
12/01/06 14:20,17.0
12/01/06 14:25,16.7
12/01/06 14:30,16.2
12/01/06 14:35,15.7
12/01/06 14:40,15.2
12/01/06 14:45,14.6
12/01/06 14:50,14.1
12/01/06 14:55,13.5
12/01/06 15:00,12.8
12/01/06 15:05,12.0
12/01/06 15:10,11.3
12/01/06 15:15,10.6
12/01/06 15:20,9.8
12/01/06 15:25,9.1
12/01/06 15:30,8.2
12/01/06 15:35,7.4
12/01/06 15:40,6.7
12/01/06 15:45,6.0
12/01/06 15:50,5.2
12/01/06 15:55,4.5
12/01/06 16:00,3.8
12/01/06 16:05,2.2
12/01/06 16:10,1.0
12/01/06 16:15,0.4
12/01/06 16:20,0.1
12/01/06 16:25,0.0
12/01/06 16:30,0.0
12/01/06 16:35,0.0
12/01/06 16:40,0.0
12/01/06 16:45,0.0
12/01/06 16:50,0.0
12/01/06 16:55,0.0
12/01/06 17:00,0.0
12/01/06 17:05,0.0
12/01/06 17:10,0.0
12/01/06 17:15,0.0
12/01/06 17:20,0.0
12/01/06 17:25,0.0
12/01/06 17:30,0.0
12/01/06 17:35,0.0
12/01/06 17:40,0.0
12/01/06 17:45,0.0
12/01/06 17:50,0.0
12/01/06 17:55,0.0
12/01/06 18:00,0.0
12/01/06 18:05,0.0
12/01/06 18:10,0.0
12/01/06 18:15,0.0
12/01/06 18:20,0.0
12/01/06 18:25,0.0
12/01/06 18:30,0.0
12/01/06 18:35,0.0
12/01/06 18:40,0.0
12/01/06 18:45,0.0
12/01/06 18:50,0.0
12/01/06 18:55,0.0
12/01/06 19:00,0.0
12/01/06 19:05,0.0
12/01/06 19:10,0.0
12/01/06 19:15,0.0
12/01/06 19:20,0.0
12/01/06 19:25,0.0
12/01/06 19:30,0.0
12/01/06 19:35,0.0
12/01/06 19:40,0.0
12/01/06 19:45,0.0
12/01/06 19:50,0.0
12/01/06 19:55,0.0
12/01/06 20:00,0.0
12/01/06 20:05,0.0
12/01/06 20:10,0.0
12/01/06 20:15,0.0
12/01/06 20:20,0.0
12/01/06 20:25,0.0
12/01/06 20:30,0.0
12/01/06 20:35,0.0
12/01/06 20:40,0.0
12/01/06 20:45,0.0
12/01/06 20:50,0.0
12/01/06 20:55,0.0
12/01/06 21:00,0.0
12/01/06 21:05,0.0
12/01/06 21:10,0.0
12/01/06 21:15,0.0
12/01/06 21:20,0.0
12/01/06 21:25,0.0
12/01/06 21:30,0.0
12/01/06 21:35,0.0
12/01/06 21:40,0.0
12/01/06 21:45,0.0
12/01/06 21:50,0.0
12/01/06 21:55,0.0
12/01/06 22:00,0.0
12/01/06 22:05,0.0
12/01/06 22:10,0.0
12/01/06 22:15,0.0
12/01/06 22:20,0.0
12/01/06 22:25,0.0
12/01/06 22:30,0.0
12/01/06 22:35,0.0
12/01/06 22:40,0.0
12/01/06 22:45,0.0
12/01/06 22:50,0.0
12/01/06 22:55,0.0
12/01/06 23:00,0.0
12/01/06 23:05,0.0
12/01/06 23:10,0.0
12/01/06 23:15,0.0
12/01/06 23:20,0.0
12/01/06 23:25,0.0
12/01/06 23:30,0.0
12/01/06 23:35,0.0
12/01/06 23:40,0.0
12/01/06 23:45,0.0
12/01/06 23:50,0.0
12/01/06 23:55,0.0
12/02/06 00:00,0.0
12/02/06 00:05,0.0
12/02/06 00:10,0.0
12/02/06 00:15,0.0
12/02/06 00:20,0.0
12/02/06 00:25,0.0
12/02/06 00:30,0.0
12/02/06 00:35,0.0
12/02/06 00:40,0.0
12/02/06 00:45,0.0
12/02/06 00:50,0.0
12/02/06 00:55,0.0
12/02/06 01:00,0.0
12/02/06 01:05,0.0
12/02/06 01:10,0.0
12/02/06 01:15,0.0
12/02/06 01:20,0.0
12/02/06 01:25,0.0
12/02/06 01:30,0.0
12/02/06 01:35,0.0
12/02/06 01:40,0.0
12/02/06 01:45,0.0
12/02/06 01:50,0.0
12/02/06 01:55,0.0
12/02/06 02:00,0.0
12/02/06 02:05,0.0
12/02/06 02:10,0.0
12/02/06 02:15,0.0
12/02/06 02:20,0.0
12/02/06 02:25,0.0
12/02/06 02:30,0.0
12/02/06 02:35,0.0
12/02/06 02:40,0.0
12/02/06 02:45,0.0
12/02/06 02:50,0.0
12/02/06 02:55,0.0
12/02/06 03:00,0.0
12/02/06 03:05,0.0
12/02/06 03:10,0.0
12/02/06 03:15,0.0
12/02/06 03:20,0.0
12/02/06 03:25,0.0
12/02/06 03:30,0.0
12/02/06 03:35,0.0
12/02/06 03:40,0.0
12/02/06 03:45,0.0
12/02/06 03:50,0.0
12/02/06 03:55,0.0
12/02/06 04:00,0.0
12/02/06 04:05,0.0
12/02/06 04:10,0.0
12/02/06 04:15,0.0
12/02/06 04:20,0.0
12/02/06 04:25,0.0
12/02/06 04:30,0.0
12/02/06 04:35,0.0
12/02/06 04:40,0.0
12/02/06 04:45,0.0
12/02/06 04:50,0.0
12/02/06 04:55,0.0
12/02/06 05:00,0.0
12/02/06 05:05,0.0
12/02/06 05:10,0.0
12/02/06 05:15,0.0
12/02/06 05:20,0.0
12/02/06 05:25,0.0
12/02/06 05:30,0.0
12/02/06 05:35,0.0
12/02/06 05:40,0.0
12/02/06 05:45,0.0
12/02/06 05:50,0.0
12/02/06 05:55,0.0
12/02/06 06:00,0.0
12/02/06 06:05,0.0
12/02/06 06:10,0.0
12/02/06 06:15,0.0
12/02/06 06:20,0.0
12/02/06 06:25,0.0
12/02/06 06:30,0.0
12/02/06 06:35,0.0
12/02/06 06:40,0.0
12/02/06 06:45,0.0
12/02/06 06:50,0.0
12/02/06 06:55,0.0
12/02/06 07:00,0.0
12/02/06 07:05,0.0
12/02/06 07:10,0.2
12/02/06 07:15,0.9
12/02/06 07:20,2.8
12/02/06 07:25,4.2
12/02/06 07:30,5.0
12/02/06 07:35,5.8
12/02/06 07:40,6.5
12/02/06 07:45,7.2
12/02/06 07:50,8.0
12/02/06 07:55,8.8
12/02/06 08:00,9.6
12/02/06 08:05,10.4
12/02/06 08:10,11.1
12/02/06 08:15,11.7
12/02/06 08:20,12.3
12/02/06 08:25,13.2
12/02/06 08:30,14.1
12/02/06 08:35,15.1
12/02/06 08:40,15.9
12/02/06 08:45,16.6
12/02/06 08:50,17.4
12/02/06 08:55,18.3
12/02/06 09:00,19.3
12/02/06 09:05,20.2
12/02/06 09:10,20.9
12/02/06 09:15,20.8
12/02/06 09:20,20.1
12/02/06 09:25,19.7
12/02/06 09:30,19.7
12/02/06 09:35,19.4
12/02/06 09:40,19.7
12/02/06 09:45,20.2
12/02/06 09:50,20.7
12/02/06 09:55,21.0
12/02/06 10:00,21.3
12/02/06 10:05,21.4
12/02/06 10:10,21.4
12/02/06 10:15,21.7
12/02/06 10:20,22.1
12/02/06 10:25,22.5
12/02/06 10:30,22.7
12/02/06 10:35,22.9
12/02/06 10:40,23.2
12/02/06 10:45,23.5
12/02/06 10:50,23.7
12/02/06 10:55,24.0
12/02/06 11:00,24.3
12/02/06 11:05,24.6
12/02/06 11:10,24.9
12/02/06 11:15,24.9
12/02/06 11:20,24.7
12/02/06 11:25,24.8
12/02/06 11:30,24.8
12/02/06 11:35,24.6
12/02/06 11:40,24.5
12/02/06 11:45,24.4
12/02/06 11:50,24.3
12/02/06 11:55,24.1
12/02/06 12:00,24.0
12/02/06 12:05,23.7
12/02/06 12:10,23.4
12/02/06 12:15,23.3
12/02/06 12:20,23.3
12/02/06 12:25,23.2
12/02/06 12:30,23.1
12/02/06 12:35,23.1
12/02/06 12:40,23.1
12/02/06 12:45,23.1
12/02/06 12:50,22.9
12/02/06 12:55,22.7
12/02/06 13:00,22.4
12/02/06 13:05,22.2
12/02/06 13:10,22.0
12/02/06 13:15,21.6
12/02/06 13:20,21.2
12/02/06 13:25,20.9
12/02/06 13:30,20.5
12/02/06 13:35,20.2
12/02/06 13:40,19.9
12/02/06 13:45,19.5
12/02/06 13:50,19.2
12/02/06 13:55,18.7
12/02/06 14:00,18.3
12/02/06 14:05,17.9
12/02/06 14:10,17.3
12/02/06 14:15,16.7
12/02/06 14:20,16.2
12/02/06 14:25,15.7
12/02/06 14:30,15.3
12/02/06 14:35,14.9
12/02/06 14:40,14.6
12/02/06 14:45,14.2
12/02/06 14:50,13.6
12/02/06 14:55,13.0
12/02/06 15:00,12.4
12/02/06 15:05,11.6
12/02/06 15:10,10.9
12/02/06 15:15,10.3
12/02/06 15:20,9.6
12/02/06 15:25,9.0
12/02/06 15:30,8.4
12/02/06 15:35,7.7
12/02/06 15:40,7.0
12/02/06 15:45,6.3
12/02/06 15:50,5.7
12/02/06 15:55,5.0
12/02/06 16:00,4.3
12/02/06 16:05,3.7
12/02/06 16:10,2.0
12/02/06 16:15,0.8
12/02/06 16:20,0.2
12/02/06 16:25,0.0
12/02/06 16:30,0.0
12/02/06 16:35,0.0
12/02/06 16:40,0.0
12/02/06 16:45,0.0
12/02/06 16:50,0.0
12/02/06 16:55,0.0
12/02/06 17:00,0.0
12/02/06 17:05,0.0
12/02/06 17:10,0.0
12/02/06 17:15,0.0
12/02/06 17:20,0.0
12/02/06 17:25,0.0
12/02/06 17:30,0.0
12/02/06 17:35,0.0
12/02/06 17:40,0.0
12/02/06 17:45,0.0
12/02/06 17:50,0.0
12/02/06 17:55,0.0
12/02/06 18:00,0.0
12/02/06 18:05,0.0
12/02/06 18:10,0.0
12/02/06 18:15,0.0
12/02/06 18:20,0.0
12/02/06 18:25,0.0
12/02/06 18:30,0.0
12/02/06 18:35,0.0
12/02/06 18:40,0.0
12/02/06 18:45,0.0
12/02/06 18:50,0.0
12/02/06 18:55,0.0
12/02/06 19:00,0.0
12/02/06 19:05,0.0
12/02/06 19:10,0.0
12/02/06 19:15,0.0
12/02/06 19:20,0.0
12/02/06 19:25,0.0
12/02/06 19:30,0.0
12/02/06 19:35,0.0
12/02/06 19:40,0.0
12/02/06 19:45,0.0
12/02/06 19:50,0.0
12/02/06 19:55,0.0
12/02/06 20:00,0.0
12/02/06 20:05,0.0
12/02/06 20:10,0.0
12/02/06 20:15,0.0
12/02/06 20:20,0.0
12/02/06 20:25,0.0
12/02/06 20:30,0.0
12/02/06 20:35,0.0
12/02/06 20:40,0.0
12/02/06 20:45,0.0
12/02/06 20:50,0.0
12/02/06 20:55,0.0
12/02/06 21:00,0.0
12/02/06 21:05,0.0
12/02/06 21:10,0.0
12/02/06 21:15,0.0
12/02/06 21:20,0.0
12/02/06 21:25,0.0
12/02/06 21:30,0.0
12/02/06 21:35,0.0
12/02/06 21:40,0.0
12/02/06 21:45,0.0
12/02/06 21:50,0.0
12/02/06 21:55,0.0
12/02/06 22:00,0.0
12/02/06 22:05,0.0
12/02/06 22:10,0.0
12/02/06 22:15,0.0
12/02/06 22:20,0.0
12/02/06 22:25,0.0
12/02/06 22:30,0.0
12/02/06 22:35,0.0
12/02/06 22:40,0.0
12/02/06 22:45,0.0
12/02/06 22:50,0.0
12/02/06 22:55,0.0
12/02/06 23:00,0.0
12/02/06 23:05,0.0
12/02/06 23:10,0.0
12/02/06 23:15,0.0
12/02/06 23:20,0.0
12/02/06 23:25,0.0
12/02/06 23:30,0.0
12/02/06 23:35,0.0
12/02/06 23:40,0.0
12/02/06 23:45,0.0
12/02/06 23:50,0.0
12/02/06 23:55,0.0
12/03/06 00:00,0.0
12/03/06 00:05,0.0
12/03/06 00:10,0.0
12/03/06 00:15,0.0
12/03/06 00:20,0.0
12/03/06 00:25,0.0
12/03/06 00:30,0.0
12/03/06 00:35,0.0
12/03/06 00:40,0.0
12/03/06 00:45,0.0
12/03/06 00:50,0.0
12/03/06 00:55,0.0
12/03/06 01:00,0.0
12/03/06 01:05,0.0
12/03/06 01:10,0.0
12/03/06 01:15,0.0
12/03/06 01:20,0.0
12/03/06 01:25,0.0
12/03/06 01:30,0.0
12/03/06 01:35,0.0
12/03/06 01:40,0.0
12/03/06 01:45,0.0
12/03/06 01:50,0.0
12/03/06 01:55,0.0
12/03/06 02:00,0.0
12/03/06 02:05,0.0
12/03/06 02:10,0.0
12/03/06 02:15,0.0
12/03/06 02:20,0.0
12/03/06 02:25,0.0
12/03/06 02:30,0.0
12/03/06 02:35,0.0
12/03/06 02:40,0.0
12/03/06 02:45,0.0
12/03/06 02:50,0.0
12/03/06 02:55,0.0
12/03/06 03:00,0.0
12/03/06 03:05,0.0
12/03/06 03:10,0.0
12/03/06 03:15,0.0
12/03/06 03:20,0.0
12/03/06 03:25,0.0
12/03/06 03:30,0.0
12/03/06 03:35,0.0
12/03/06 03:40,0.0
12/03/06 03:45,0.0
12/03/06 03:50,0.0
12/03/06 03:55,0.0
12/03/06 04:00,0.0
12/03/06 04:05,0.0
12/03/06 04:10,0.0
12/03/06 04:15,0.0
12/03/06 04:20,0.0
12/03/06 04:25,0.0
12/03/06 04:30,0.0
12/03/06 04:35,0.0
12/03/06 04:40,0.0
12/03/06 04:45,0.0
12/03/06 04:50,0.0
12/03/06 04:55,0.0
12/03/06 05:00,0.0
12/03/06 05:05,0.0
12/03/06 05:10,0.0
12/03/06 05:15,0.0
12/03/06 05:20,0.0
12/03/06 05:25,0.0
12/03/06 05:30,0.0
12/03/06 05:35,0.0
12/03/06 05:40,0.0
12/03/06 05:45,0.0
12/03/06 05:50,0.0
12/03/06 05:55,0.0
12/03/06 06:00,0.0
12/03/06 06:05,0.0
12/03/06 06:10,0.0
12/03/06 06:15,0.0
12/03/06 06:20,0.0
12/03/06 06:25,0.0
12/03/06 06:30,0.0
12/03/06 06:35,0.0
12/03/06 06:40,0.0
12/03/06 06:45,0.0
12/03/06 06:50,0.0
12/03/06 06:55,0.0
12/03/06 07:00,0.0
12/03/06 07:05,0.0
12/03/06 07:10,0.1
12/03/06 07:15,0.7
12/03/06 07:20,2.3
12/03/06 07:25,4.0
12/03/06 07:30,4.7
12/03/06 07:35,5.4
12/03/06 07:40,6.1
12/03/06 07:45,6.7
12/03/06 07:50,7.4
12/03/06 07:55,8.1
12/03/06 08:00,8.9
12/03/06 08:05,9.6
12/03/06 08:10,10.4
12/03/06 08:15,11.1
12/03/06 08:20,11.9
12/03/06 08:25,12.7
12/03/06 08:30,13.3
12/03/06 08:35,13.9
12/03/06 08:40,14.5
12/03/06 08:45,15.1
12/03/06 08:50,15.7
12/03/06 08:55,16.3
12/03/06 09:00,16.9
12/03/06 09:05,17.6
12/03/06 09:10,18.2
12/03/06 09:15,18.6
12/03/06 09:20,18.8
12/03/06 09:25,19.2
12/03/06 09:30,19.7
12/03/06 09:35,20.1
12/03/06 09:40,20.4
12/03/06 09:45,20.6
12/03/06 09:50,20.7
12/03/06 09:55,20.8
12/03/06 10:00,21.0
12/03/06 10:05,21.2
12/03/06 10:10,21.4
12/03/06 10:15,21.7
12/03/06 10:20,22.1
12/03/06 10:25,22.4
12/03/06 10:30,22.7
12/03/06 10:35,23.0
12/03/06 10:40,23.4
12/03/06 10:45,24.0
12/03/06 10:50,24.4
12/03/06 10:55,24.6
12/03/06 11:00,24.8
12/03/06 11:05,25.0
12/03/06 11:10,25.0
12/03/06 11:15,25.0
12/03/06 11:20,24.9
12/03/06 11:25,25.1
12/03/06 11:30,25.2
12/03/06 11:35,25.2
12/03/06 11:40,25.3
12/03/06 11:45,25.2
12/03/06 11:50,25.1
12/03/06 11:55,24.9
12/03/06 12:00,24.7
12/03/06 12:05,24.6
12/03/06 12:10,24.5
12/03/06 12:15,24.4
12/03/06 12:20,24.3
12/03/06 12:25,24.3
12/03/06 12:30,24.3
12/03/06 12:35,24.3
12/03/06 12:40,24.1
12/03/06 12:45,23.8
12/03/06 12:50,23.5
12/03/06 12:55,23.2
12/03/06 13:00,22.6
12/03/06 13:05,22.2
12/03/06 13:10,21.7
12/03/06 13:15,21.4
12/03/06 13:20,21.3
12/03/06 13:25,21.0
12/03/06 13:30,20.8
12/03/06 13:35,20.7
12/03/06 13:40,20.4
12/03/06 13:45,20.1
12/03/06 13:50,19.9
12/03/06 13:55,19.3
12/03/06 14:00,18.9
12/03/06 14:05,18.4
12/03/06 14:10,17.8
12/03/06 14:15,17.3
12/03/06 14:20,16.7
12/03/06 14:25,16.1
12/03/06 14:30,15.5
12/03/06 14:35,14.8
12/03/06 14:40,14.1
12/03/06 14:45,13.4
12/03/06 14:50,12.7
12/03/06 14:55,12.1
12/03/06 15:00,11.4
12/03/06 15:05,10.6
12/03/06 15:10,9.9
12/03/06 15:15,9.2
12/03/06 15:20,7.9
12/03/06 15:25,5.8
12/03/06 15:30,5.8
12/03/06 15:35,5.5
12/03/06 15:40,5.4
12/03/06 15:45,5.1
12/03/06 15:50,4.7
12/03/06 15:55,4.3
12/03/06 16:00,3.7
12/03/06 16:05,2.3
12/03/06 16:10,1.3
12/03/06 16:15,0.6
12/03/06 16:20,0.2
12/03/06 16:25,0.1
12/03/06 16:30,0.0
12/03/06 16:35,0.0
12/03/06 16:40,0.0
12/03/06 16:45,0.0
12/03/06 16:50,0.0
12/03/06 16:55,0.0
12/03/06 17:00,0.0
12/03/06 17:05,0.0
12/03/06 17:10,0.0
12/03/06 17:15,0.0
12/03/06 17:20,0.0
12/03/06 17:25,0.0
12/03/06 17:30,0.0
12/03/06 17:35,0.0
12/03/06 17:40,0.0
12/03/06 17:45,0.0
12/03/06 17:50,0.0
12/03/06 17:55,0.0
12/03/06 18:00,0.0
12/03/06 18:05,0.0
12/03/06 18:10,0.0
12/03/06 18:15,0.0
12/03/06 18:20,0.0
12/03/06 18:25,0.0
12/03/06 18:30,0.0
12/03/06 18:35,0.0
12/03/06 18:40,0.0
12/03/06 18:45,0.0
12/03/06 18:50,0.0
12/03/06 18:55,0.0
12/03/06 19:00,0.0
12/03/06 19:05,0.0
12/03/06 19:10,0.0
12/03/06 19:15,0.0
12/03/06 19:20,0.0
12/03/06 19:25,0.0
12/03/06 19:30,0.0
12/03/06 19:35,0.0
12/03/06 19:40,0.0
12/03/06 19:45,0.0
12/03/06 19:50,0.0
12/03/06 19:55,0.0
12/03/06 20:00,0.0
12/03/06 20:05,0.0
12/03/06 20:10,0.0
12/03/06 20:15,0.0
12/03/06 20:20,0.0
12/03/06 20:25,0.0
12/03/06 20:30,0.0
12/03/06 20:35,0.0
12/03/06 20:40,0.0
12/03/06 20:45,0.0
12/03/06 20:50,0.0
12/03/06 20:55,0.0
12/03/06 21:00,0.0
12/03/06 21:05,0.0
12/03/06 21:10,0.0
12/03/06 21:15,0.0
12/03/06 21:20,0.0
12/03/06 21:25,0.0
12/03/06 21:30,0.0
12/03/06 21:35,0.0
12/03/06 21:40,0.0
12/03/06 21:45,0.0
12/03/06 21:50,0.0
12/03/06 21:55,0.0
12/03/06 22:00,0.0
12/03/06 22:05,0.0
12/03/06 22:10,0.0
12/03/06 22:15,0.0
12/03/06 22:20,0.0
12/03/06 22:25,0.0
12/03/06 22:30,0.0
12/03/06 22:35,0.0
12/03/06 22:40,0.0
12/03/06 22:45,0.0
12/03/06 22:50,0.0
12/03/06 22:55,0.0
12/03/06 23:00,0.0
12/03/06 23:05,0.0
12/03/06 23:10,0.0
12/03/06 23:15,0.0
12/03/06 23:20,0.0
12/03/06 23:25,0.0
12/03/06 23:30,0.0
12/03/06 23:35,0.0
12/03/06 23:40,0.0
12/03/06 23:45,0.0
12/03/06 23:50,0.0
12/03/06 23:55,0.0
12/04/06 00:00,0.0
12/04/06 00:05,0.0
12/04/06 00:10,0.0
12/04/06 00:15,0.0
12/04/06 00:20,0.0
12/04/06 00:25,0.0
12/04/06 00:30,0.0
12/04/06 00:35,0.0
12/04/06 00:40,0.0
12/04/06 00:45,0.0
12/04/06 00:50,0.0
12/04/06 00:55,0.0
12/04/06 01:00,0.0
12/04/06 01:05,0.0
12/04/06 01:10,0.0
12/04/06 01:15,0.0
12/04/06 01:20,0.0
12/04/06 01:25,0.0
12/04/06 01:30,0.0
12/04/06 01:35,0.0
12/04/06 01:40,0.0
12/04/06 01:45,0.0
12/04/06 01:50,0.0
12/04/06 01:55,0.0
12/04/06 02:00,0.0
12/04/06 02:05,0.0
12/04/06 02:10,0.0
12/04/06 02:15,0.0
12/04/06 02:20,0.0
12/04/06 02:25,0.0
12/04/06 02:30,0.0
12/04/06 02:35,0.0
12/04/06 02:40,0.0
12/04/06 02:45,0.0
12/04/06 02:50,0.0
12/04/06 02:55,0.0
12/04/06 03:00,0.0
12/04/06 03:05,0.0
12/04/06 03:10,0.0
12/04/06 03:15,0.0
12/04/06 03:20,0.0
12/04/06 03:25,0.0
12/04/06 03:30,0.0
12/04/06 03:35,0.0
12/04/06 03:40,0.0
12/04/06 03:45,0.0
12/04/06 03:50,0.0
12/04/06 03:55,0.0
12/04/06 04:00,0.0
12/04/06 04:05,0.0
12/04/06 04:10,0.0
12/04/06 04:15,0.0
12/04/06 04:20,0.0
12/04/06 04:25,0.0
12/04/06 04:30,0.0
12/04/06 04:35,0.0
12/04/06 04:40,0.0
12/04/06 04:45,0.0
12/04/06 04:50,0.0
12/04/06 04:55,0.0
12/04/06 05:00,0.0
12/04/06 05:05,0.0
12/04/06 05:10,0.0
12/04/06 05:15,0.0
12/04/06 05:20,0.0
12/04/06 05:25,0.0
12/04/06 05:30,0.0
12/04/06 05:35,0.0
12/04/06 05:40,0.0
12/04/06 05:45,0.0
12/04/06 05:50,0.0
12/04/06 05:55,0.0
12/04/06 06:00,0.0
12/04/06 06:05,0.0
12/04/06 06:10,0.0
12/04/06 06:15,0.0
12/04/06 06:20,0.0
12/04/06 06:25,0.0
12/04/06 06:30,0.0
12/04/06 06:35,0.0
12/04/06 06:40,0.0
12/04/06 06:45,0.0
12/04/06 06:50,0.0
12/04/06 06:55,0.0
12/04/06 07:00,0.0
12/04/06 07:05,0.0
12/04/06 07:10,0.1
12/04/06 07:15,0.5
12/04/06 07:20,1.6
12/04/06 07:25,3.9
12/04/06 07:30,4.7
12/04/06 07:35,5.4
12/04/06 07:40,6.2
12/04/06 07:45,7.0
12/04/06 07:50,7.7
12/04/06 07:55,8.3
12/04/06 08:00,8.9
12/04/06 08:05,9.5
12/04/06 08:10,10.2
12/04/06 08:15,11.0
12/04/06 08:20,11.9
12/04/06 08:25,12.7
12/04/06 08:30,13.4
12/04/06 08:35,14.1
12/04/06 08:40,14.7
12/04/06 08:45,15.4
12/04/06 08:50,16.0
12/04/06 08:55,16.6
12/04/06 09:00,17.1
12/04/06 09:05,17.6
12/04/06 09:10,18.0
12/04/06 09:15,18.6
12/04/06 09:20,19.2
12/04/06 09:25,19.9
12/04/06 09:30,20.6
12/04/06 09:35,21.0
12/04/06 09:40,21.3
12/04/06 09:45,21.5
12/04/06 09:50,21.6
12/04/06 09:55,21.9
12/04/06 10:00,22.3
12/04/06 10:05,22.6
12/04/06 10:10,22.7
12/04/06 10:15,22.9
12/04/06 10:20,23.2
12/04/06 10:25,23.5
12/04/06 10:30,23.7
12/04/06 10:35,23.9
12/04/06 10:40,24.1
12/04/06 10:45,24.3
12/04/06 10:50,24.6
12/04/06 10:55,24.8
12/04/06 11:00,25.1
12/04/06 11:05,25.1
12/04/06 11:10,25.2
12/04/06 11:15,25.3
12/04/06 11:20,25.3
12/04/06 11:25,25.1
12/04/06 11:30,25.1
12/04/06 11:35,25.1
12/04/06 11:40,25.1
12/04/06 11:45,25.1
12/04/06 11:50,25.0
12/04/06 11:55,24.8
12/04/06 12:00,24.8
12/04/06 12:05,24.6
12/04/06 12:10,24.5
12/04/06 12:15,24.5
12/04/06 12:20,24.5
12/04/06 12:25,24.5
12/04/06 12:30,24.5
12/04/06 12:35,24.6
12/04/06 12:40,24.5
12/04/06 12:45,24.5
12/04/06 12:50,24.4
12/04/06 12:55,24.3
12/04/06 13:00,24.1
12/04/06 13:05,23.8
12/04/06 13:10,23.6
12/04/06 13:15,23.3
12/04/06 13:20,22.7
12/04/06 13:25,22.2
12/04/06 13:30,21.9
12/04/06 13:35,21.5
12/04/06 13:40,21.2
12/04/06 13:45,20.8
12/04/06 13:50,20.3
12/04/06 13:55,19.7
12/04/06 14:00,19.3
12/04/06 14:05,18.8
12/04/06 14:10,18.3
12/04/06 14:15,17.8
12/04/06 14:20,17.3
12/04/06 14:25,16.7
12/04/06 14:30,16.1
12/04/06 14:35,15.4
12/04/06 14:40,14.8
12/04/06 14:45,14.3
12/04/06 14:50,13.7
12/04/06 14:55,13.2
12/04/06 15:00,12.5
12/04/06 15:05,11.8
12/04/06 15:10,11.2
12/04/06 15:15,10.5
12/04/06 15:20,9.9
12/04/06 15:25,9.3
12/04/06 15:30,8.6
12/04/06 15:35,7.9
12/04/06 15:40,7.1
12/04/06 15:45,6.4
12/04/06 15:50,5.6
12/04/06 15:55,4.9
12/04/06 16:00,4.2
12/04/06 16:05,3.2
12/04/06 16:10,1.5
12/04/06 16:15,0.6
12/04/06 16:20,0.0
12/04/06 16:25,0.0
12/04/06 16:30,0.0
12/04/06 16:35,0.0
12/04/06 16:40,0.0
12/04/06 16:45,0.0
12/04/06 16:50,0.0
12/04/06 16:55,0.0
12/04/06 17:00,0.0
12/04/06 17:05,0.0
12/04/06 17:10,0.0
12/04/06 17:15,0.0
12/04/06 17:20,0.0
12/04/06 17:25,0.0
12/04/06 17:30,0.0
12/04/06 17:35,0.0
12/04/06 17:40,0.0
12/04/06 17:45,0.0
12/04/06 17:50,0.0
12/04/06 17:55,0.0
12/04/06 18:00,0.0
12/04/06 18:05,0.0
12/04/06 18:10,0.0
12/04/06 18:15,0.0
12/04/06 18:20,0.0
12/04/06 18:25,0.0
12/04/06 18:30,0.0
12/04/06 18:35,0.0
12/04/06 18:40,0.0
12/04/06 18:45,0.0
12/04/06 18:50,0.0
12/04/06 18:55,0.0
12/04/06 19:00,0.0
12/04/06 19:05,0.0
12/04/06 19:10,0.0
12/04/06 19:15,0.0
12/04/06 19:20,0.0
12/04/06 19:25,0.0
12/04/06 19:30,0.0
12/04/06 19:35,0.0
12/04/06 19:40,0.0
12/04/06 19:45,0.0
12/04/06 19:50,0.0
12/04/06 19:55,0.0
12/04/06 20:00,0.0
12/04/06 20:05,0.0
12/04/06 20:10,0.0
12/04/06 20:15,0.0
12/04/06 20:20,0.0
12/04/06 20:25,0.0
12/04/06 20:30,0.0
12/04/06 20:35,0.0
12/04/06 20:40,0.0
12/04/06 20:45,0.0
12/04/06 20:50,0.0
12/04/06 20:55,0.0
12/04/06 21:00,0.0
12/04/06 21:05,0.0
12/04/06 21:10,0.0
12/04/06 21:15,0.0
12/04/06 21:20,0.0
12/04/06 21:25,0.0
12/04/06 21:30,0.0
12/04/06 21:35,0.0
12/04/06 21:40,0.0
12/04/06 21:45,0.0
12/04/06 21:50,0.0
12/04/06 21:55,0.0
12/04/06 22:00,0.0
12/04/06 22:05,0.0
12/04/06 22:10,0.0
12/04/06 22:15,0.0
12/04/06 22:20,0.0
12/04/06 22:25,0.0
12/04/06 22:30,0.0
12/04/06 22:35,0.0
12/04/06 22:40,0.0
12/04/06 22:45,0.0
12/04/06 22:50,0.0
12/04/06 22:55,0.0
12/04/06 23:00,0.0
12/04/06 23:05,0.0
12/04/06 23:10,0.0
12/04/06 23:15,0.0
12/04/06 23:20,0.0
12/04/06 23:25,0.0
12/04/06 23:30,0.0
12/04/06 23:35,0.0
12/04/06 23:40,0.0
12/04/06 23:45,0.0
12/04/06 23:50,0.0
12/04/06 23:55,0.0
12/05/06 00:00,0.0
12/05/06 00:05,0.0
12/05/06 00:10,0.0
12/05/06 00:15,0.0
12/05/06 00:20,0.0
12/05/06 00:25,0.0
12/05/06 00:30,0.0
12/05/06 00:35,0.0
12/05/06 00:40,0.0
12/05/06 00:45,0.0
12/05/06 00:50,0.0
12/05/06 00:55,0.0
12/05/06 01:00,0.0
12/05/06 01:05,0.0
12/05/06 01:10,0.0
12/05/06 01:15,0.0
12/05/06 01:20,0.0
12/05/06 01:25,0.0
12/05/06 01:30,0.0
12/05/06 01:35,0.0
12/05/06 01:40,0.0
12/05/06 01:45,0.0
12/05/06 01:50,0.0
12/05/06 01:55,0.0
12/05/06 02:00,0.0
12/05/06 02:05,0.0
12/05/06 02:10,0.0
12/05/06 02:15,0.0
12/05/06 02:20,0.0
12/05/06 02:25,0.0
12/05/06 02:30,0.0
12/05/06 02:35,0.0
12/05/06 02:40,0.0
12/05/06 02:45,0.0
12/05/06 02:50,0.0
12/05/06 02:55,0.0
12/05/06 03:00,0.0
12/05/06 03:05,0.0
12/05/06 03:10,0.0
12/05/06 03:15,0.0
12/05/06 03:20,0.0
12/05/06 03:25,0.0
12/05/06 03:30,0.0
12/05/06 03:35,0.0
12/05/06 03:40,0.0
12/05/06 03:45,0.0
12/05/06 03:50,0.0
12/05/06 03:55,0.0
12/05/06 04:00,0.0
12/05/06 04:05,0.0
12/05/06 04:10,0.0
12/05/06 04:15,0.0
12/05/06 04:20,0.0
12/05/06 04:25,0.0
12/05/06 04:30,0.0
12/05/06 04:35,0.0
12/05/06 04:40,0.0
12/05/06 04:45,0.0
12/05/06 04:50,0.0
12/05/06 04:55,0.0
12/05/06 05:00,0.0
12/05/06 05:05,0.0
12/05/06 05:10,0.0
12/05/06 05:15,0.0
12/05/06 05:20,0.0
12/05/06 05:25,0.0
12/05/06 05:30,0.0
12/05/06 05:35,0.0
12/05/06 05:40,0.0
12/05/06 05:45,0.0
12/05/06 05:50,0.0
12/05/06 05:55,0.0
12/05/06 06:00,0.0
12/05/06 06:05,0.0
12/05/06 06:10,0.0
12/05/06 06:15,0.0
12/05/06 06:20,0.0
12/05/06 06:25,0.0
12/05/06 06:30,0.0
12/05/06 06:35,0.0
12/05/06 06:40,0.0
12/05/06 06:45,0.0
12/05/06 06:50,0.0
12/05/06 06:55,0.0
12/05/06 07:00,0.0
12/05/06 07:05,0.0
12/05/06 07:10,0.1
12/05/06 07:15,0.4
12/05/06 07:20,1.3
12/05/06 07:25,3.5
12/05/06 07:30,4.4
12/05/06 07:35,5.1
12/05/06 07:40,5.8
12/05/06 07:45,6.5
12/05/06 07:50,7.1
12/05/06 07:55,7.8
12/05/06 08:00,8.5
12/05/06 08:05,9.2
12/05/06 08:10,9.8
12/05/06 08:15,10.6
12/05/06 08:20,11.6
12/05/06 08:25,12.4
12/05/06 08:30,13.2
12/05/06 08:35,13.9
12/05/06 08:40,14.5
12/05/06 08:45,15.0
12/05/06 08:50,15.5
12/05/06 08:55,16.0
12/05/06 09:00,16.6
12/05/06 09:05,17.1
12/05/06 09:10,17.5
12/05/06 09:15,18.0
12/05/06 09:20,18.6
12/05/06 09:25,19.0
12/05/06 09:30,19.5
12/05/06 09:35,19.8
12/05/06 09:40,20.2
12/05/06 09:45,20.6
12/05/06 09:50,20.9
12/05/06 09:55,21.2
12/05/06 10:00,21.6
12/05/06 10:05,22.1
12/05/06 10:10,22.6
12/05/06 10:15,22.8
12/05/06 10:20,23.0
12/05/06 10:25,23.1
12/05/06 10:30,23.4
12/05/06 10:35,23.6
12/05/06 10:40,23.9
12/05/06 10:45,24.1
12/05/06 10:50,24.2
12/05/06 10:55,24.3
12/05/06 11:00,24.6
12/05/06 11:05,24.9
12/05/06 11:10,25.1
12/05/06 11:15,25.1
12/05/06 11:20,24.8
12/05/06 11:25,24.5
12/05/06 11:30,24.4
12/05/06 11:35,24.1
12/05/06 11:40,24.1
12/05/06 11:45,24.1
12/05/06 11:50,24.2
12/05/06 11:55,24.2
12/05/06 12:00,24.2
12/05/06 12:05,24.1
12/05/06 12:10,24.0
12/05/06 12:15,23.9
12/05/06 12:20,23.4
12/05/06 12:25,23.0
12/05/06 12:30,22.8
12/05/06 12:35,22.6
12/05/06 12:40,22.5
12/05/06 12:45,22.4
12/05/06 12:50,22.2
12/05/06 12:55,22.0
12/05/06 13:00,21.7
12/05/06 13:05,21.4
12/05/06 13:10,21.2
12/05/06 13:15,21.1
12/05/06 13:20,21.1
12/05/06 13:25,21.0
12/05/06 13:30,20.8
12/05/06 13:35,20.5
12/05/06 13:40,20.3
12/05/06 13:45,20.0
12/05/06 13:50,19.7
12/05/06 13:55,19.3
12/05/06 14:00,18.9
12/05/06 14:05,18.6
12/05/06 14:10,18.2
12/05/06 14:15,17.6
12/05/06 14:20,17.0
12/05/06 14:25,16.3
12/05/06 14:30,15.7
12/05/06 14:35,15.1
12/05/06 14:40,14.5
12/05/06 14:45,13.9
12/05/06 14:50,13.4
12/05/06 14:55,12.7
12/05/06 15:00,12.0
12/05/06 15:05,11.3
12/05/06 15:10,10.5
12/05/06 15:15,9.8
12/05/06 15:20,9.2
12/05/06 15:25,8.6
12/05/06 15:30,8.0
12/05/06 15:35,7.3
12/05/06 15:40,6.6
12/05/06 15:45,5.9
12/05/06 15:50,5.2
12/05/06 15:55,4.5
12/05/06 16:00,3.9
12/05/06 16:05,2.5
12/05/06 16:10,1.2
12/05/06 16:15,0.5
12/05/06 16:20,0.1
12/05/06 16:25,0.0
12/05/06 16:30,0.0
12/05/06 16:35,0.0
12/05/06 16:40,0.0
12/05/06 16:45,0.0
12/05/06 16:50,0.0
12/05/06 16:55,0.0
12/05/06 17:00,0.0
12/05/06 17:05,0.0
12/05/06 17:10,0.0
12/05/06 17:15,0.0
12/05/06 17:20,0.0
12/05/06 17:25,0.0
12/05/06 17:30,0.0
12/05/06 17:35,0.0
12/05/06 17:40,0.0
12/05/06 17:45,0.0
12/05/06 17:50,0.0
12/05/06 17:55,0.0
12/05/06 18:00,0.0
12/05/06 18:05,0.0
12/05/06 18:10,0.0
12/05/06 18:15,0.0
12/05/06 18:20,0.0
12/05/06 18:25,0.0
12/05/06 18:30,0.0
12/05/06 18:35,0.0
12/05/06 18:40,0.0
12/05/06 18:45,0.0
12/05/06 18:50,0.0
12/05/06 18:55,0.0
12/05/06 19:00,0.0
12/05/06 19:05,0.0
12/05/06 19:10,0.0
12/05/06 19:15,0.0
12/05/06 19:20,0.0
12/05/06 19:25,0.0
12/05/06 19:30,0.0
12/05/06 19:35,0.0
12/05/06 19:40,0.0
12/05/06 19:45,0.0
12/05/06 19:50,0.0
12/05/06 19:55,0.0
12/05/06 20:00,0.0
12/05/06 20:05,0.0
12/05/06 20:10,0.0
12/05/06 20:15,0.0
12/05/06 20:20,0.0
12/05/06 20:25,0.0
12/05/06 20:30,0.0
12/05/06 20:35,0.0
12/05/06 20:40,0.0
12/05/06 20:45,0.0
12/05/06 20:50,0.0
12/05/06 20:55,0.0
12/05/06 21:00,0.0
12/05/06 21:05,0.0
12/05/06 21:10,0.0
12/05/06 21:15,0.0
12/05/06 21:20,0.0
12/05/06 21:25,0.0
12/05/06 21:30,0.0
12/05/06 21:35,0.0
12/05/06 21:40,0.0
12/05/06 21:45,0.0
12/05/06 21:50,0.0
12/05/06 21:55,0.0
12/05/06 22:00,0.0
12/05/06 22:05,0.0
12/05/06 22:10,0.0
12/05/06 22:15,0.0
12/05/06 22:20,0.0
12/05/06 22:25,0.0
12/05/06 22:30,0.0
12/05/06 22:35,0.0
12/05/06 22:40,0.0
12/05/06 22:45,0.0
12/05/06 22:50,0.0
12/05/06 22:55,0.0
12/05/06 23:00,0.0
12/05/06 23:05,0.0
12/05/06 23:10,0.0
12/05/06 23:15,0.0
12/05/06 23:20,0.0
12/05/06 23:25,0.0
12/05/06 23:30,0.0
12/05/06 23:35,0.0
12/05/06 23:40,0.0
12/05/06 23:45,0.0
12/05/06 23:50,0.0
12/05/06 23:55,0.0
12/06/06 00:00,0.0
12/06/06 00:05,0.0
12/06/06 00:10,0.0
12/06/06 00:15,0.0
12/06/06 00:20,0.0
12/06/06 00:25,0.0
12/06/06 00:30,0.0
12/06/06 00:35,0.0
12/06/06 00:40,0.0
12/06/06 00:45,0.0
12/06/06 00:50,0.0
12/06/06 00:55,0.0
12/06/06 01:00,0.0
12/06/06 01:05,0.0
12/06/06 01:10,0.0
12/06/06 01:15,0.0
12/06/06 01:20,0.0
12/06/06 01:25,0.0
12/06/06 01:30,0.0
12/06/06 01:35,0.0
12/06/06 01:40,0.0
12/06/06 01:45,0.0
12/06/06 01:50,0.0
12/06/06 01:55,0.0
12/06/06 02:00,0.0
12/06/06 02:05,0.0
12/06/06 02:10,0.0
12/06/06 02:15,0.0
12/06/06 02:20,0.0
12/06/06 02:25,0.0
12/06/06 02:30,0.0
12/06/06 02:35,0.0
12/06/06 02:40,0.0
12/06/06 02:45,0.0
12/06/06 02:50,0.0
12/06/06 02:55,0.0
12/06/06 03:00,0.0
12/06/06 03:05,0.0
12/06/06 03:10,0.0
12/06/06 03:15,0.0
12/06/06 03:20,0.0
12/06/06 03:25,0.0
12/06/06 03:30,0.0
12/06/06 03:35,0.0
12/06/06 03:40,0.0
12/06/06 03:45,0.0
12/06/06 03:50,0.0
12/06/06 03:55,0.0
12/06/06 04:00,0.0
12/06/06 04:05,0.0
12/06/06 04:10,0.0
12/06/06 04:15,0.0
12/06/06 04:20,0.0
12/06/06 04:25,0.0
12/06/06 04:30,0.0
12/06/06 04:35,0.0
12/06/06 04:40,0.0
12/06/06 04:45,0.0
12/06/06 04:50,0.0
12/06/06 04:55,0.0
12/06/06 05:00,0.0
12/06/06 05:05,0.0
12/06/06 05:10,0.0
12/06/06 05:15,0.0
12/06/06 05:20,0.0
12/06/06 05:25,0.0
12/06/06 05:30,0.0
12/06/06 05:35,0.0
12/06/06 05:40,0.0
12/06/06 05:45,0.0
12/06/06 05:50,0.0
12/06/06 05:55,0.0
12/06/06 06:00,0.0
12/06/06 06:05,0.0
12/06/06 06:10,0.0
12/06/06 06:15,0.0
12/06/06 06:20,0.0
12/06/06 06:25,0.0
12/06/06 06:30,0.0
12/06/06 06:35,0.0
12/06/06 06:40,0.0
12/06/06 06:45,0.0
12/06/06 06:50,0.0
12/06/06 06:55,0.0
12/06/06 07:00,0.0
12/06/06 07:05,0.0
12/06/06 07:10,0.1
12/06/06 07:15,0.1
12/06/06 07:20,0.2
12/06/06 07:25,0.2
12/06/06 07:30,0.4
12/06/06 07:35,0.9
12/06/06 07:40,3.5
12/06/06 07:45,4.8
12/06/06 07:50,5.9
12/06/06 07:55,6.5
12/06/06 08:00,7.0
12/06/06 08:05,7.3
12/06/06 08:10,6.6
12/06/06 08:15,5.7
12/06/06 08:20,5.1
12/06/06 08:25,4.8
12/06/06 08:30,5.3
12/06/06 08:35,5.5
12/06/06 08:40,5.7
12/06/06 08:45,6.2
12/06/06 08:50,6.7
12/06/06 08:55,7.1
12/06/06 09:00,7.6
12/06/06 09:05,7.8
12/06/06 09:10,8.1
12/06/06 09:15,8.8
12/06/06 09:20,9.8
12/06/06 09:25,10.4
12/06/06 09:30,10.7
12/06/06 09:35,10.9
12/06/06 09:40,10.9
12/06/06 09:45,10.8
12/06/06 09:50,10.6
12/06/06 09:55,10.1
12/06/06 10:00,9.8
12/06/06 10:05,9.7
12/06/06 10:10,9.9
12/06/06 10:15,8.4
12/06/06 10:20,10.5
12/06/06 10:25,13.9
12/06/06 10:30,14.1
12/06/06 10:35,14.3
12/06/06 10:40,16.2
12/06/06 10:45,16.6
12/06/06 10:50,18.0
12/06/06 10:55,19.1
12/06/06 11:00,18.8
12/06/06 11:05,16.1
12/06/06 11:10,13.0
12/06/06 11:15,15.1
12/06/06 11:20,17.2
12/06/06 11:25,18.9
12/06/06 11:30,20.1
12/06/06 11:35,21.1
12/06/06 11:40,21.6
12/06/06 11:45,21.9
12/06/06 11:50,21.7
12/06/06 11:55,21.1
12/06/06 12:00,21.3
12/06/06 12:05,21.2
12/06/06 12:10,21.2
12/06/06 12:15,20.9
12/06/06 12:20,20.7
12/06/06 12:25,19.8
12/06/06 12:30,19.9
12/06/06 12:35,19.9
12/06/06 12:40,19.9
12/06/06 12:45,20.0
12/06/06 12:50,18.1
12/06/06 12:55,15.9
12/06/06 13:00,17.0
12/06/06 13:05,18.7
12/06/06 13:10,19.6
12/06/06 13:15,19.7
12/06/06 13:20,19.4
12/06/06 13:25,19.1
12/06/06 13:30,18.9
12/06/06 13:35,18.8
12/06/06 13:40,18.7
12/06/06 13:45,18.6
12/06/06 13:50,18.4
12/06/06 13:55,18.0
12/06/06 14:00,17.6
12/06/06 14:05,17.1
12/06/06 14:10,16.7
12/06/06 14:15,16.1
12/06/06 14:20,15.5
12/06/06 14:25,15.0
12/06/06 14:30,14.6
12/06/06 14:35,14.1
12/06/06 14:40,13.7
12/06/06 14:45,13.3
12/06/06 14:50,12.6
12/06/06 14:55,11.9
12/06/06 15:00,11.2
12/06/06 15:05,10.5
12/06/06 15:10,9.7
12/06/06 15:15,9.2
12/06/06 15:20,8.6
12/06/06 15:25,8.1
12/06/06 15:30,7.7
12/06/06 15:35,7.0
12/06/06 15:40,6.2
12/06/06 15:45,5.6
12/06/06 15:50,4.9
12/06/06 15:55,4.2
12/06/06 16:00,2.7
12/06/06 16:05,1.7
12/06/06 16:10,0.8
12/06/06 16:15,0.4
12/06/06 16:20,0.1
12/06/06 16:25,0.0
12/06/06 16:30,0.0
12/06/06 16:35,0.0
12/06/06 16:40,0.0
12/06/06 16:45,0.0
12/06/06 16:50,0.0
12/06/06 16:55,0.0
12/06/06 17:00,0.0
12/06/06 17:05,0.0
12/06/06 17:10,0.0
12/06/06 17:15,0.0
12/06/06 17:20,0.0
12/06/06 17:25,0.0
12/06/06 17:30,0.0
12/06/06 17:35,0.0
12/06/06 17:40,0.0
12/06/06 17:45,0.0
12/06/06 17:50,0.0
12/06/06 17:55,0.0
12/06/06 18:00,0.0
12/06/06 18:05,0.0
12/06/06 18:10,0.0
12/06/06 18:15,0.0
12/06/06 18:20,0.0
12/06/06 18:25,0.0
12/06/06 18:30,0.0
12/06/06 18:35,0.0
12/06/06 18:40,0.0
12/06/06 18:45,0.0
12/06/06 18:50,0.0
12/06/06 18:55,0.0
12/06/06 19:00,0.0
12/06/06 19:05,0.0
12/06/06 19:10,0.0
12/06/06 19:15,0.0
12/06/06 19:20,0.0
12/06/06 19:25,0.0
12/06/06 19:30,0.0
12/06/06 19:35,0.0
12/06/06 19:40,0.0
12/06/06 19:45,0.0
12/06/06 19:50,0.0
12/06/06 19:55,0.0
12/06/06 20:00,0.0
12/06/06 20:05,0.0
12/06/06 20:10,0.0
12/06/06 20:15,0.0
12/06/06 20:20,0.0
12/06/06 20:25,0.0
12/06/06 20:30,0.0
12/06/06 20:35,0.0
12/06/06 20:40,0.0
12/06/06 20:45,0.0
12/06/06 20:50,0.0
12/06/06 20:55,0.0
12/06/06 21:00,0.0
12/06/06 21:05,0.0
12/06/06 21:10,0.0
12/06/06 21:15,0.0
12/06/06 21:20,0.0
12/06/06 21:25,0.0
12/06/06 21:30,0.0
12/06/06 21:35,0.0
12/06/06 21:40,0.0
12/06/06 21:45,0.0
12/06/06 21:50,0.0
12/06/06 21:55,0.0
12/06/06 22:00,0.0
12/06/06 22:05,0.0
12/06/06 22:10,0.0
12/06/06 22:15,0.0
12/06/06 22:20,0.0
12/06/06 22:25,0.0
12/06/06 22:30,0.0
12/06/06 22:35,0.0
12/06/06 22:40,0.0
12/06/06 22:45,0.0
12/06/06 22:50,0.0
12/06/06 22:55,0.0
12/06/06 23:00,0.0
12/06/06 23:05,0.0
12/06/06 23:10,0.0
12/06/06 23:15,0.0
12/06/06 23:20,0.0
12/06/06 23:25,0.0
12/06/06 23:30,0.0
12/06/06 23:35,0.0
12/06/06 23:40,0.0
12/06/06 23:45,0.0
12/06/06 23:50,0.0
12/06/06 23:55,0.0
12/07/06 00:00,0.0
12/07/06 00:05,0.0
12/07/06 00:10,0.0
12/07/06 00:15,0.0
12/07/06 00:20,0.0
12/07/06 00:25,0.0
12/07/06 00:30,0.0
12/07/06 00:35,0.0
12/07/06 00:40,0.0
12/07/06 00:45,0.0
12/07/06 00:50,0.0
12/07/06 00:55,0.0
12/07/06 01:00,0.0
12/07/06 01:05,0.0
12/07/06 01:10,0.0
12/07/06 01:15,0.0
12/07/06 01:20,0.0
12/07/06 01:25,0.0
12/07/06 01:30,0.0
12/07/06 01:35,0.0
12/07/06 01:40,0.0
12/07/06 01:45,0.0
12/07/06 01:50,0.0
12/07/06 01:55,0.0
12/07/06 02:00,0.0
12/07/06 02:05,0.0
12/07/06 02:10,0.0
12/07/06 02:15,0.0
12/07/06 02:20,0.0
12/07/06 02:25,0.0
12/07/06 02:30,0.0
12/07/06 02:35,0.0
12/07/06 02:40,0.0
12/07/06 02:45,0.0
12/07/06 02:50,0.0
12/07/06 02:55,0.0
12/07/06 03:00,0.0
12/07/06 03:05,0.0
12/07/06 03:10,0.0
12/07/06 03:15,0.0
12/07/06 03:20,0.0
12/07/06 03:25,0.0
12/07/06 03:30,0.0
12/07/06 03:35,0.0
12/07/06 03:40,0.0
12/07/06 03:45,0.0
12/07/06 03:50,0.0
12/07/06 03:55,0.0
12/07/06 04:00,0.0
12/07/06 04:05,0.0
12/07/06 04:10,0.0
12/07/06 04:15,0.0
12/07/06 04:20,0.0
12/07/06 04:25,0.0
12/07/06 04:30,0.0
12/07/06 04:35,0.0
12/07/06 04:40,0.0
12/07/06 04:45,0.0
12/07/06 04:50,0.0
12/07/06 04:55,0.0
12/07/06 05:00,0.0
12/07/06 05:05,0.0
12/07/06 05:10,0.0
12/07/06 05:15,0.0
12/07/06 05:20,0.0
12/07/06 05:25,0.0
12/07/06 05:30,0.0
12/07/06 05:35,0.0
12/07/06 05:40,0.0
12/07/06 05:45,0.0
12/07/06 05:50,0.0
12/07/06 05:55,0.0
12/07/06 06:00,0.0
12/07/06 06:05,0.0
12/07/06 06:10,0.0
12/07/06 06:15,0.0
12/07/06 06:20,0.0
12/07/06 06:25,0.0
12/07/06 06:30,0.0
12/07/06 06:35,0.0
12/07/06 06:40,0.0
12/07/06 06:45,0.0
12/07/06 06:50,0.0
12/07/06 06:55,0.0
12/07/06 07:00,0.0
12/07/06 07:05,0.0
12/07/06 07:10,0.1
12/07/06 07:15,0.0
12/07/06 07:20,0.0
12/07/06 07:25,0.0
12/07/06 07:30,0.2
12/07/06 07:35,1.6
12/07/06 07:40,1.4
12/07/06 07:45,1.4
12/07/06 07:50,1.2
12/07/06 07:55,2.3
12/07/06 08:00,4.3
12/07/06 08:05,4.5
12/07/06 08:10,4.4
12/07/06 08:15,4.0
12/07/06 08:20,3.1
12/07/06 08:25,2.9
12/07/06 08:30,4.1
12/07/06 08:35,4.3
12/07/06 08:40,4.4
12/07/06 08:45,3.6
12/07/06 08:50,2.0
12/07/06 08:55,1.5
12/07/06 09:00,1.1
12/07/06 09:05,0.9
12/07/06 09:10,0.8
12/07/06 09:15,3.7
12/07/06 09:20,4.0
12/07/06 09:25,4.1
12/07/06 09:30,4.4
12/07/06 09:35,4.0
12/07/06 09:40,5.6
12/07/06 09:45,6.3
12/07/06 09:50,5.4
12/07/06 09:55,4.2
12/07/06 10:00,4.0
12/07/06 10:05,5.1
12/07/06 10:10,5.0
12/07/06 10:15,6.5
12/07/06 10:20,11.7
12/07/06 10:25,14.9
12/07/06 10:30,15.7
12/07/06 10:35,17.8
12/07/06 10:40,19.1
12/07/06 10:45,19.9
12/07/06 10:50,20.4
12/07/06 10:55,18.4
12/07/06 11:00,17.3
12/07/06 11:05,15.1
12/07/06 11:10,13.3
12/07/06 11:15,12.9
12/07/06 11:20,15.2
12/07/06 11:25,16.3
12/07/06 11:30,13.9
12/07/06 11:35,11.5
12/07/06 11:40,10.7
12/07/06 11:45,10.4
12/07/06 11:50,12.2
12/07/06 11:55,12.4
12/07/06 12:00,13.0
12/07/06 12:05,12.0
12/07/06 12:10,11.2
12/07/06 12:15,10.4
12/07/06 12:20,11.8
12/07/06 12:25,11.6
12/07/06 12:30,13.6
12/07/06 12:35,14.5
12/07/06 12:40,14.8
12/07/06 12:45,13.9
12/07/06 12:50,14.7
12/07/06 12:55,14.0
12/07/06 13:00,13.2
12/07/06 13:05,12.9
12/07/06 13:10,14.4
12/07/06 13:15,16.1
12/07/06 13:20,17.5
12/07/06 13:25,18.2
12/07/06 13:30,18.8
12/07/06 13:35,19.2
12/07/06 13:40,19.5
12/07/06 13:45,19.4
12/07/06 13:50,19.1
12/07/06 13:55,18.9
12/07/06 14:00,18.6
12/07/06 14:05,18.3
12/07/06 14:10,17.9
12/07/06 14:15,17.2
12/07/06 14:20,16.6
12/07/06 14:25,16.1
12/07/06 14:30,15.3
12/07/06 14:35,14.5
12/07/06 14:40,13.6
12/07/06 14:45,12.2
12/07/06 14:50,10.6
12/07/06 14:55,9.4
12/07/06 15:00,8.5
12/07/06 15:05,7.3
12/07/06 15:10,6.0
12/07/06 15:15,5.1
12/07/06 15:20,4.5
12/07/06 15:25,4.0
12/07/06 15:30,4.0
12/07/06 15:35,3.8
12/07/06 15:40,3.3
12/07/06 15:45,2.2
12/07/06 15:50,1.1
12/07/06 15:55,0.6
12/07/06 16:00,0.2
12/07/06 16:05,0.1
12/07/06 16:10,0.0
12/07/06 16:15,0.0
12/07/06 16:20,0.0
12/07/06 16:25,0.0
12/07/06 16:30,0.0
12/07/06 16:35,0.0
12/07/06 16:40,0.0
12/07/06 16:45,0.0
12/07/06 16:50,0.0
12/07/06 16:55,0.0
12/07/06 17:00,0.0
12/07/06 17:05,0.0
12/07/06 17:10,0.0
12/07/06 17:15,0.0
12/07/06 17:20,0.0
12/07/06 17:25,0.0
12/07/06 17:30,0.0
12/07/06 17:35,0.0
12/07/06 17:40,0.0
12/07/06 17:45,0.0
12/07/06 17:50,0.0
12/07/06 17:55,0.0
12/07/06 18:00,0.0
12/07/06 18:05,0.0
12/07/06 18:10,0.0
12/07/06 18:15,0.0
12/07/06 18:20,0.0
12/07/06 18:25,0.0
12/07/06 18:30,0.0
12/07/06 18:35,0.0
12/07/06 18:40,0.0
12/07/06 18:45,0.0
12/07/06 18:50,0.0
12/07/06 18:55,0.0
12/07/06 19:00,0.0
12/07/06 19:05,0.0
12/07/06 19:10,0.0
12/07/06 19:15,0.0
12/07/06 19:20,0.0
12/07/06 19:25,0.0
12/07/06 19:30,0.0
12/07/06 19:35,0.0
12/07/06 19:40,0.0
12/07/06 19:45,0.0
12/07/06 19:50,0.0
12/07/06 19:55,0.0
12/07/06 20:00,0.0
12/07/06 20:05,0.0
12/07/06 20:10,0.0
12/07/06 20:15,0.0
12/07/06 20:20,0.0
12/07/06 20:25,0.0
12/07/06 20:30,0.0
12/07/06 20:35,0.0
12/07/06 20:40,0.0
12/07/06 20:45,0.0
12/07/06 20:50,0.0
12/07/06 20:55,0.0
12/07/06 21:00,0.0
12/07/06 21:05,0.0
12/07/06 21:10,0.0
12/07/06 21:15,0.0
12/07/06 21:20,0.0
12/07/06 21:25,0.0
12/07/06 21:30,0.0
12/07/06 21:35,0.0
12/07/06 21:40,0.0
12/07/06 21:45,0.0
12/07/06 21:50,0.0
12/07/06 21:55,0.0
12/07/06 22:00,0.0
12/07/06 22:05,0.0
12/07/06 22:10,0.0
12/07/06 22:15,0.0
12/07/06 22:20,0.0
12/07/06 22:25,0.0
12/07/06 22:30,0.0
12/07/06 22:35,0.0
12/07/06 22:40,0.0
12/07/06 22:45,0.0
12/07/06 22:50,0.0
12/07/06 22:55,0.0
12/07/06 23:00,0.0
12/07/06 23:05,0.0
12/07/06 23:10,0.0
12/07/06 23:15,0.0
12/07/06 23:20,0.0
12/07/06 23:25,0.0
12/07/06 23:30,0.0
12/07/06 23:35,0.0
12/07/06 23:40,0.0
12/07/06 23:45,0.0
12/07/06 23:50,0.0
12/07/06 23:55,0.0
12/08/06 00:00,0.0
12/08/06 00:05,0.0
12/08/06 00:10,0.0
12/08/06 00:15,0.0
12/08/06 00:20,0.0
12/08/06 00:25,0.0
12/08/06 00:30,0.0
12/08/06 00:35,0.0
12/08/06 00:40,0.0
12/08/06 00:45,0.0
12/08/06 00:50,0.0
12/08/06 00:55,0.0
12/08/06 01:00,0.0
12/08/06 01:05,0.0
12/08/06 01:10,0.0
12/08/06 01:15,0.0
12/08/06 01:20,0.0
12/08/06 01:25,0.0
12/08/06 01:30,0.0
12/08/06 01:35,0.0
12/08/06 01:40,0.0
12/08/06 01:45,0.0
12/08/06 01:50,0.0
12/08/06 01:55,0.0
12/08/06 02:00,0.0
12/08/06 02:05,0.0
12/08/06 02:10,0.0
12/08/06 02:15,0.0
12/08/06 02:20,0.0
12/08/06 02:25,0.0
12/08/06 02:30,0.0
12/08/06 02:35,0.0
12/08/06 02:40,0.0
12/08/06 02:45,0.0
12/08/06 02:50,0.0
12/08/06 02:55,0.0
12/08/06 03:00,0.0
12/08/06 03:05,0.0
12/08/06 03:10,0.0
12/08/06 03:15,0.0
12/08/06 03:20,0.0
12/08/06 03:25,0.0
12/08/06 03:30,0.0
12/08/06 03:35,0.0
12/08/06 03:40,0.0
12/08/06 03:45,0.0
12/08/06 03:50,0.0
12/08/06 03:55,0.0
12/08/06 04:00,0.0
12/08/06 04:05,0.0
12/08/06 04:10,0.0
12/08/06 04:15,0.0
12/08/06 04:20,0.0
12/08/06 04:25,0.0
12/08/06 04:30,0.0
12/08/06 04:35,0.0
12/08/06 04:40,0.0
12/08/06 04:45,0.0
12/08/06 04:50,0.0
12/08/06 04:55,0.0
12/08/06 05:00,0.0
12/08/06 05:05,0.0
12/08/06 05:10,0.0
12/08/06 05:15,0.0
12/08/06 05:20,0.0
12/08/06 05:25,0.0
12/08/06 05:30,0.0
12/08/06 05:35,0.0
12/08/06 05:40,0.0
12/08/06 05:45,0.0
12/08/06 05:50,0.0
12/08/06 05:55,0.0
12/08/06 06:00,0.0
12/08/06 06:05,0.0
12/08/06 06:10,0.0
12/08/06 06:15,0.0
12/08/06 06:20,0.0
12/08/06 06:25,0.0
12/08/06 06:30,0.0
12/08/06 06:35,0.0
12/08/06 06:40,0.0
12/08/06 06:45,0.0
12/08/06 06:50,0.0
12/08/06 06:55,0.0
12/08/06 07:00,0.0
12/08/06 07:05,0.0
12/08/06 07:10,0.0
12/08/06 07:15,0.2
12/08/06 07:20,1.1
12/08/06 07:25,3.2
12/08/06 07:30,4.4
12/08/06 07:35,5.2
12/08/06 07:40,6.0
12/08/06 07:45,6.8
12/08/06 07:50,7.7
12/08/06 07:55,8.5
12/08/06 08:00,9.3
12/08/06 08:05,10.2
12/08/06 08:10,11.0
12/08/06 08:15,11.7
12/08/06 08:20,12.4
12/08/06 08:25,13.2
12/08/06 08:30,14.1
12/08/06 08:35,14.8
12/08/06 08:40,15.5
12/08/06 08:45,16.2
12/08/06 08:50,16.8
12/08/06 08:55,17.5
12/08/06 09:00,18.1
12/08/06 09:05,18.6
12/08/06 09:10,19.0
12/08/06 09:15,19.5
12/08/06 09:20,19.8
12/08/06 09:25,20.1
12/08/06 09:30,20.4
12/08/06 09:35,20.8
12/08/06 09:40,21.1
12/08/06 09:45,21.3
12/08/06 09:50,21.4
12/08/06 09:55,21.8
12/08/06 10:00,22.2
12/08/06 10:05,22.5
12/08/06 10:10,22.9
12/08/06 10:15,23.3
12/08/06 10:20,23.7
12/08/06 10:25,23.9
12/08/06 10:30,24.2
12/08/06 10:35,24.5
12/08/06 10:40,24.6
12/08/06 10:45,24.4
12/08/06 10:50,24.4
12/08/06 10:55,24.3
12/08/06 11:00,24.3
12/08/06 11:05,24.5
12/08/06 11:10,24.9
12/08/06 11:15,25.1
12/08/06 11:20,24.3
12/08/06 11:25,23.8
12/08/06 11:30,23.5
12/08/06 11:35,23.4
12/08/06 11:40,23.2
12/08/06 11:45,22.7
12/08/06 11:50,22.3
12/08/06 11:55,21.8
12/08/06 12:00,21.5
12/08/06 12:05,21.1
12/08/06 12:10,20.0
12/08/06 12:15,21.1
12/08/06 12:20,22.4
12/08/06 12:25,23.3
12/08/06 12:30,23.5
12/08/06 12:35,23.5
12/08/06 12:40,23.4
12/08/06 12:45,23.3
12/08/06 12:50,22.9
12/08/06 12:55,22.7
12/08/06 13:00,22.4
12/08/06 13:05,22.2
12/08/06 13:10,21.9
12/08/06 13:15,21.8
12/08/06 13:20,21.9
12/08/06 13:25,21.7
12/08/06 13:30,21.4
12/08/06 13:35,21.2
12/08/06 13:40,20.9
12/08/06 13:45,20.6
12/08/06 13:50,20.3
12/08/06 13:55,19.9
12/08/06 14:00,19.4
12/08/06 14:05,18.9
12/08/06 14:10,18.5
12/08/06 14:15,18.0
12/08/06 14:20,17.5
12/08/06 14:25,17.0
12/08/06 14:30,16.5
12/08/06 14:35,16.1
12/08/06 14:40,15.7
12/08/06 14:45,15.3
12/08/06 14:50,14.7
12/08/06 14:55,14.2
12/08/06 15:00,13.5
12/08/06 15:05,12.7
12/08/06 15:10,12.0
12/08/06 15:15,11.2
12/08/06 15:20,10.3
12/08/06 15:25,9.5
12/08/06 15:30,8.8
12/08/06 15:35,8.0
12/08/06 15:40,7.3
12/08/06 15:45,6.6
12/08/06 15:50,5.9
12/08/06 15:55,5.1
12/08/06 16:00,4.4
12/08/06 16:05,3.7
12/08/06 16:10,1.9
12/08/06 16:15,0.8
12/08/06 16:20,0.2
12/08/06 16:25,0.0
12/08/06 16:30,0.0
12/08/06 16:35,0.0
12/08/06 16:40,0.0
12/08/06 16:45,0.0
12/08/06 16:50,0.0
12/08/06 16:55,0.0
12/08/06 17:00,0.0
12/08/06 17:05,0.0
12/08/06 17:10,0.0
12/08/06 17:15,0.0
12/08/06 17:20,0.0
12/08/06 17:25,0.0
12/08/06 17:30,0.0
12/08/06 17:35,0.0
12/08/06 17:40,0.0
12/08/06 17:45,0.0
12/08/06 17:50,0.0
12/08/06 17:55,0.0
12/08/06 18:00,0.0
12/08/06 18:05,0.0
12/08/06 18:10,0.0
12/08/06 18:15,0.0
12/08/06 18:20,0.0
12/08/06 18:25,0.0
12/08/06 18:30,0.0
12/08/06 18:35,0.0
12/08/06 18:40,0.0
12/08/06 18:45,0.0
12/08/06 18:50,0.0
12/08/06 18:55,0.0
12/08/06 19:00,0.0
12/08/06 19:05,0.0
12/08/06 19:10,0.0
12/08/06 19:15,0.0
12/08/06 19:20,0.0
12/08/06 19:25,0.0
12/08/06 19:30,0.0
12/08/06 19:35,0.0
12/08/06 19:40,0.0
12/08/06 19:45,0.0
12/08/06 19:50,0.0
12/08/06 19:55,0.0
12/08/06 20:00,0.0
12/08/06 20:05,0.0
12/08/06 20:10,0.0
12/08/06 20:15,0.0
12/08/06 20:20,0.0
12/08/06 20:25,0.0
12/08/06 20:30,0.0
12/08/06 20:35,0.0
12/08/06 20:40,0.0
12/08/06 20:45,0.0
12/08/06 20:50,0.0
12/08/06 20:55,0.0
12/08/06 21:00,0.0
12/08/06 21:05,0.0
12/08/06 21:10,0.0
12/08/06 21:15,0.0
12/08/06 21:20,0.0
12/08/06 21:25,0.0
12/08/06 21:30,0.0
12/08/06 21:35,0.0
12/08/06 21:40,0.0
12/08/06 21:45,0.0
12/08/06 21:50,0.0
12/08/06 21:55,0.0
12/08/06 22:00,0.0
12/08/06 22:05,0.0
12/08/06 22:10,0.0
12/08/06 22:15,0.0
12/08/06 22:20,0.0
12/08/06 22:25,0.0
12/08/06 22:30,0.0
12/08/06 22:35,0.0
12/08/06 22:40,0.0
12/08/06 22:45,0.0
12/08/06 22:50,0.0
12/08/06 22:55,0.0
12/08/06 23:00,0.0
12/08/06 23:05,0.0
12/08/06 23:10,0.0
12/08/06 23:15,0.0
12/08/06 23:20,0.0
12/08/06 23:25,0.0
12/08/06 23:30,0.0
12/08/06 23:35,0.0
12/08/06 23:40,0.0
12/08/06 23:45,0.0
12/08/06 23:50,0.0
12/08/06 23:55,0.0
12/09/06 00:00,0.0
12/09/06 00:05,0.0
12/09/06 00:10,0.0
12/09/06 00:15,0.0
12/09/06 00:20,0.0
12/09/06 00:25,0.0
12/09/06 00:30,0.0
12/09/06 00:35,0.0
12/09/06 00:40,0.0
12/09/06 00:45,0.0
12/09/06 00:50,0.0
12/09/06 00:55,0.0
12/09/06 01:00,0.0
12/09/06 01:05,0.0
12/09/06 01:10,0.0
12/09/06 01:15,0.0
12/09/06 01:20,0.0
12/09/06 01:25,0.0
12/09/06 01:30,0.0
12/09/06 01:35,0.0
12/09/06 01:40,0.0
12/09/06 01:45,0.0
12/09/06 01:50,0.0
12/09/06 01:55,0.0
12/09/06 02:00,0.0
12/09/06 02:05,0.0
12/09/06 02:10,0.0
12/09/06 02:15,0.0
12/09/06 02:20,0.0
12/09/06 02:25,0.0
12/09/06 02:30,0.0
12/09/06 02:35,0.0
12/09/06 02:40,0.0
12/09/06 02:45,0.0
12/09/06 02:50,0.0
12/09/06 02:55,0.0
12/09/06 03:00,0.0
12/09/06 03:05,0.0
12/09/06 03:10,0.0
12/09/06 03:15,0.0
12/09/06 03:20,0.0
12/09/06 03:25,0.0
12/09/06 03:30,0.0
12/09/06 03:35,0.0
12/09/06 03:40,0.0
12/09/06 03:45,0.0
12/09/06 03:50,0.0
12/09/06 03:55,0.0
12/09/06 04:00,0.0
12/09/06 04:05,0.0
12/09/06 04:10,0.0
12/09/06 04:15,0.0
12/09/06 04:20,0.0
12/09/06 04:25,0.0
12/09/06 04:30,0.0
12/09/06 04:35,0.0
12/09/06 04:40,0.0
12/09/06 04:45,0.0
12/09/06 04:50,0.0
12/09/06 04:55,0.0
12/09/06 05:00,0.0
12/09/06 05:05,0.0
12/09/06 05:10,0.0
12/09/06 05:15,0.0
12/09/06 05:20,0.0
12/09/06 05:25,0.0
12/09/06 05:30,0.0
12/09/06 05:35,0.0
12/09/06 05:40,0.0
12/09/06 05:45,0.0
12/09/06 05:50,0.0
12/09/06 05:55,0.0
12/09/06 06:00,0.0
12/09/06 06:05,0.0
12/09/06 06:10,0.0
12/09/06 06:15,0.0
12/09/06 06:20,0.0
12/09/06 06:25,0.0
12/09/06 06:30,0.0
12/09/06 06:35,0.0
12/09/06 06:40,0.0
12/09/06 06:45,0.0
12/09/06 06:50,0.0
12/09/06 06:55,0.0
12/09/06 07:00,0.0
12/09/06 07:05,0.0
12/09/06 07:10,0.0
12/09/06 07:15,0.3
12/09/06 07:20,0.9
12/09/06 07:25,1.8
12/09/06 07:30,3.3
12/09/06 07:35,4.3
12/09/06 07:40,4.6
12/09/06 07:45,4.8
12/09/06 07:50,5.1
12/09/06 07:55,6.0
12/09/06 08:00,6.5
12/09/06 08:05,7.7
12/09/06 08:10,8.2
12/09/06 08:15,9.1
12/09/06 08:20,10.2
12/09/06 08:25,11.2
12/09/06 08:30,12.0
12/09/06 08:35,12.5
12/09/06 08:40,13.2
12/09/06 08:45,13.4
12/09/06 08:50,14.5
12/09/06 08:55,15.2
12/09/06 09:00,16.4
12/09/06 09:05,17.4
12/09/06 09:10,18.1
12/09/06 09:15,18.3
12/09/06 09:20,18.7
12/09/06 09:25,19.0
12/09/06 09:30,19.3
12/09/06 09:35,19.7
12/09/06 09:40,20.0
12/09/06 09:45,20.5
12/09/06 09:50,21.0
12/09/06 09:55,21.4
12/09/06 10:00,21.8
12/09/06 10:05,22.1
12/09/06 10:10,22.4
12/09/06 10:15,22.5
12/09/06 10:20,22.5
12/09/06 10:25,22.5
12/09/06 10:30,22.5
12/09/06 10:35,22.6
12/09/06 10:40,22.8
12/09/06 10:45,22.8
12/09/06 10:50,22.9
12/09/06 10:55,23.1
12/09/06 11:00,23.3
12/09/06 11:05,23.5
12/09/06 11:10,23.5
12/09/06 11:15,23.5
12/09/06 11:20,23.4
12/09/06 11:25,23.3
12/09/06 11:30,23.2
12/09/06 11:35,23.1
12/09/06 11:40,23.4
12/09/06 11:45,23.6
12/09/06 11:50,23.7
12/09/06 11:55,24.0
12/09/06 12:00,24.1
12/09/06 12:05,24.1
12/09/06 12:10,23.6
12/09/06 12:15,23.4
12/09/06 12:20,23.4
12/09/06 12:25,23.4
12/09/06 12:30,23.4
12/09/06 12:35,23.5
12/09/06 12:40,23.4
12/09/06 12:45,23.3
12/09/06 12:50,23.2
12/09/06 12:55,23.0
12/09/06 13:00,22.8
12/09/06 13:05,22.4
12/09/06 13:10,22.0
12/09/06 13:15,21.5
12/09/06 13:20,21.0
12/09/06 13:25,20.5
12/09/06 13:30,20.1
12/09/06 13:35,19.8
12/09/06 13:40,19.6
12/09/06 13:45,19.4
12/09/06 13:50,19.2
12/09/06 13:55,18.7
12/09/06 14:00,18.3
12/09/06 14:05,17.9
12/09/06 14:10,17.4
12/09/06 14:15,16.8
12/09/06 14:20,16.2
12/09/06 14:25,15.7
12/09/06 14:30,15.2
12/09/06 14:35,14.8
12/09/06 14:40,14.3
12/09/06 14:45,13.8
12/09/06 14:50,13.4
12/09/06 14:55,13.0
12/09/06 15:00,12.5
12/09/06 15:05,11.9
12/09/06 15:10,11.3
12/09/06 15:15,10.6
12/09/06 15:20,9.9
12/09/06 15:25,9.1
12/09/06 15:30,8.3
12/09/06 15:35,7.6
12/09/06 15:40,6.9
12/09/06 15:45,6.2
12/09/06 15:50,5.5
12/09/06 15:55,4.8
12/09/06 16:00,4.2
12/09/06 16:05,3.4
12/09/06 16:10,1.8
12/09/06 16:15,0.8
12/09/06 16:20,0.2
12/09/06 16:25,0.0
12/09/06 16:30,0.0
12/09/06 16:35,0.0
12/09/06 16:40,0.0
12/09/06 16:45,0.0
12/09/06 16:50,0.0
12/09/06 16:55,0.0
12/09/06 17:00,0.0
12/09/06 17:05,0.0
12/09/06 17:10,0.0
12/09/06 17:15,0.0
12/09/06 17:20,0.0
12/09/06 17:25,0.0
12/09/06 17:30,0.0
12/09/06 17:35,0.0
12/09/06 17:40,0.0
12/09/06 17:45,0.0
12/09/06 17:50,0.0
12/09/06 17:55,0.0
12/09/06 18:00,0.0
12/09/06 18:05,0.0
12/09/06 18:10,0.0
12/09/06 18:15,0.0
12/09/06 18:20,0.0
12/09/06 18:25,0.0
12/09/06 18:30,0.0
12/09/06 18:35,0.0
12/09/06 18:40,0.0
12/09/06 18:45,0.0
12/09/06 18:50,0.0
12/09/06 18:55,0.0
12/09/06 19:00,0.0
12/09/06 19:05,0.0
12/09/06 19:10,0.0
12/09/06 19:15,0.0
12/09/06 19:20,0.0
12/09/06 19:25,0.0
12/09/06 19:30,0.0
12/09/06 19:35,0.0
12/09/06 19:40,0.0
12/09/06 19:45,0.0
12/09/06 19:50,0.0
12/09/06 19:55,0.0
12/09/06 20:00,0.0
12/09/06 20:05,0.0
12/09/06 20:10,0.0
12/09/06 20:15,0.0
12/09/06 20:20,0.0
12/09/06 20:25,0.0
12/09/06 20:30,0.0
12/09/06 20:35,0.0
12/09/06 20:40,0.0
12/09/06 20:45,0.0
12/09/06 20:50,0.0
12/09/06 20:55,0.0
12/09/06 21:00,0.0
12/09/06 21:05,0.0
12/09/06 21:10,0.0
12/09/06 21:15,0.0
12/09/06 21:20,0.0
12/09/06 21:25,0.0
12/09/06 21:30,0.0
12/09/06 21:35,0.0
12/09/06 21:40,0.0
12/09/06 21:45,0.0
12/09/06 21:50,0.0
12/09/06 21:55,0.0
12/09/06 22:00,0.0
12/09/06 22:05,0.0
12/09/06 22:10,0.0
12/09/06 22:15,0.0
12/09/06 22:20,0.0
12/09/06 22:25,0.0
12/09/06 22:30,0.0
12/09/06 22:35,0.0
12/09/06 22:40,0.0
12/09/06 22:45,0.0
12/09/06 22:50,0.0
12/09/06 22:55,0.0
12/09/06 23:00,0.0
12/09/06 23:05,0.0
12/09/06 23:10,0.0
12/09/06 23:15,0.0
12/09/06 23:20,0.0
12/09/06 23:25,0.0
12/09/06 23:30,0.0
12/09/06 23:35,0.0
12/09/06 23:40,0.0
12/09/06 23:45,0.0
12/09/06 23:50,0.0
12/09/06 23:55,0.0
12/10/06 00:00,0.0
12/10/06 00:05,0.0
12/10/06 00:10,0.0
12/10/06 00:15,0.0
12/10/06 00:20,0.0
12/10/06 00:25,0.0
12/10/06 00:30,0.0
12/10/06 00:35,0.0
12/10/06 00:40,0.0
12/10/06 00:45,0.0
12/10/06 00:50,0.0
12/10/06 00:55,0.0
12/10/06 01:00,0.0
12/10/06 01:05,0.0
12/10/06 01:10,0.0
12/10/06 01:15,0.0
12/10/06 01:20,0.0
12/10/06 01:25,0.0
12/10/06 01:30,0.0
12/10/06 01:35,0.0
12/10/06 01:40,0.0
12/10/06 01:45,0.0
12/10/06 01:50,0.0
12/10/06 01:55,0.0
12/10/06 02:00,0.0
12/10/06 02:05,0.0
12/10/06 02:10,0.0
12/10/06 02:15,0.0
12/10/06 02:20,0.0
12/10/06 02:25,0.0
12/10/06 02:30,0.0
12/10/06 02:35,0.0
12/10/06 02:40,0.0
12/10/06 02:45,0.0
12/10/06 02:50,0.0
12/10/06 02:55,0.0
12/10/06 03:00,0.0
12/10/06 03:05,0.0
12/10/06 03:10,0.0
12/10/06 03:15,0.0
12/10/06 03:20,0.0
12/10/06 03:25,0.0
12/10/06 03:30,0.0
12/10/06 03:35,0.0
12/10/06 03:40,0.0
12/10/06 03:45,0.0
12/10/06 03:50,0.0
12/10/06 03:55,0.0
12/10/06 04:00,0.0
12/10/06 04:05,0.0
12/10/06 04:10,0.0
12/10/06 04:15,0.0
12/10/06 04:20,0.0
12/10/06 04:25,0.0
12/10/06 04:30,0.0
12/10/06 04:35,0.0
12/10/06 04:40,0.0
12/10/06 04:45,0.0
12/10/06 04:50,0.0
12/10/06 04:55,0.0
12/10/06 05:00,0.0
12/10/06 05:05,0.0
12/10/06 05:10,0.0
12/10/06 05:15,0.0
12/10/06 05:20,0.0
12/10/06 05:25,0.0
12/10/06 05:30,0.0
12/10/06 05:35,0.0
12/10/06 05:40,0.0
12/10/06 05:45,0.0
12/10/06 05:50,0.0
12/10/06 05:55,0.0
12/10/06 06:00,0.0
12/10/06 06:05,0.0
12/10/06 06:10,0.0
12/10/06 06:15,0.0
12/10/06 06:20,0.0
12/10/06 06:25,0.0
12/10/06 06:30,0.0
12/10/06 06:35,0.0
12/10/06 06:40,0.0
12/10/06 06:45,0.0
12/10/06 06:50,0.0
12/10/06 06:55,0.0
12/10/06 07:00,0.0
12/10/06 07:05,0.0
12/10/06 07:10,0.0
12/10/06 07:15,0.0
12/10/06 07:20,0.0
12/10/06 07:25,0.1
12/10/06 07:30,0.3
12/10/06 07:35,0.8
12/10/06 07:40,2.4
12/10/06 07:45,3.8
12/10/06 07:50,4.3
12/10/06 07:55,4.6
12/10/06 08:00,5.0
12/10/06 08:05,5.4
12/10/06 08:10,5.8
12/10/06 08:15,6.4
12/10/06 08:20,7.3
12/10/06 08:25,8.2
12/10/06 08:30,9.2
12/10/06 08:35,10.0
12/10/06 08:40,10.8
12/10/06 08:45,11.8
12/10/06 08:50,12.8
12/10/06 08:55,13.9
12/10/06 09:00,14.9
12/10/06 09:05,15.9
12/10/06 09:10,16.9
12/10/06 09:15,17.6
12/10/06 09:20,17.5
12/10/06 09:25,16.9
12/10/06 09:30,16.4
12/10/06 09:35,15.8
12/10/06 09:40,15.0
12/10/06 09:45,14.2
12/10/06 09:50,13.2
12/10/06 09:55,12.3
12/10/06 10:00,11.2
12/10/06 10:05,10.2
12/10/06 10:10,8.9
12/10/06 10:15,7.3
12/10/06 10:20,5.8
12/10/06 10:25,5.0
12/10/06 10:30,4.8
12/10/06 10:35,4.8
12/10/06 10:40,5.2
12/10/06 10:45,5.4
12/10/06 10:50,5.5
12/10/06 10:55,5.7
12/10/06 11:00,6.1
12/10/06 11:05,6.2
12/10/06 11:10,6.5
12/10/06 11:15,6.5
12/10/06 11:20,6.7
12/10/06 11:25,5.8
12/10/06 11:30,4.4
12/10/06 11:35,3.2
12/10/06 11:40,1.0
12/10/06 11:45,0.6
12/10/06 11:50,1.2
12/10/06 11:55,2.6
12/10/06 12:00,3.2
12/10/06 12:05,3.5
12/10/06 12:10,3.8
12/10/06 12:15,3.9
12/10/06 12:20,3.9
12/10/06 12:25,4.0
12/10/06 12:30,4.1
12/10/06 12:35,4.2
12/10/06 12:40,4.5
12/10/06 12:45,4.7
12/10/06 12:50,4.8
12/10/06 12:55,4.8
12/10/06 13:00,4.7
12/10/06 13:05,4.8
12/10/06 13:10,4.8
12/10/06 13:15,5.6
12/10/06 13:20,9.8
12/10/06 13:25,11.3
12/10/06 13:30,12.9
12/10/06 13:35,9.8
12/10/06 13:40,7.6
12/10/06 13:45,9.5
12/10/06 13:50,7.8
12/10/06 13:55,6.5
12/10/06 14:00,7.3
12/10/06 14:05,9.2
12/10/06 14:10,12.0
12/10/06 14:15,10.7
12/10/06 14:20,7.6
12/10/06 14:25,5.0
12/10/06 14:30,5.2
12/10/06 14:35,8.2
12/10/06 14:40,10.9
12/10/06 14:45,12.5
12/10/06 14:50,13.0
12/10/06 14:55,12.9
12/10/06 15:00,12.3
12/10/06 15:05,10.3
12/10/06 15:10,8.8
12/10/06 15:15,8.5
12/10/06 15:20,7.9
12/10/06 15:25,6.0
12/10/06 15:30,5.3
12/10/06 15:35,5.1
12/10/06 15:40,5.4
12/10/06 15:45,5.2
12/10/06 15:50,4.6
12/10/06 15:55,4.0
12/10/06 16:00,2.1
12/10/06 16:05,0.8
12/10/06 16:10,0.5
12/10/06 16:15,0.2
12/10/06 16:20,0.0
12/10/06 16:25,0.0
12/10/06 16:30,0.0
12/10/06 16:35,0.0
12/10/06 16:40,0.0
12/10/06 16:45,0.0
12/10/06 16:50,0.0
12/10/06 16:55,0.0
12/10/06 17:00,0.0
12/10/06 17:05,0.0
12/10/06 17:10,0.0
12/10/06 17:15,0.0
12/10/06 17:20,0.0
12/10/06 17:25,0.0
12/10/06 17:30,0.0
12/10/06 17:35,0.0
12/10/06 17:40,0.0
12/10/06 17:45,0.0
12/10/06 17:50,0.0
12/10/06 17:55,0.0
12/10/06 18:00,0.0
12/10/06 18:05,0.0
12/10/06 18:10,0.0
12/10/06 18:15,0.0
12/10/06 18:20,0.0
12/10/06 18:25,0.0
12/10/06 18:30,0.0
12/10/06 18:35,0.0
12/10/06 18:40,0.0
12/10/06 18:45,0.0
12/10/06 18:50,0.0
12/10/06 18:55,0.0
12/10/06 19:00,0.0
12/10/06 19:05,0.0
12/10/06 19:10,0.0
12/10/06 19:15,0.0
12/10/06 19:20,0.0
12/10/06 19:25,0.0
12/10/06 19:30,0.0
12/10/06 19:35,0.0
12/10/06 19:40,0.0
12/10/06 19:45,0.0
12/10/06 19:50,0.0
12/10/06 19:55,0.0
12/10/06 20:00,0.0
12/10/06 20:05,0.0
12/10/06 20:10,0.0
12/10/06 20:15,0.0
12/10/06 20:20,0.0
12/10/06 20:25,0.0
12/10/06 20:30,0.0
12/10/06 20:35,0.0
12/10/06 20:40,0.0
12/10/06 20:45,0.0
12/10/06 20:50,0.0
12/10/06 20:55,0.0
12/10/06 21:00,0.0
12/10/06 21:05,0.0
12/10/06 21:10,0.0
12/10/06 21:15,0.0
12/10/06 21:20,0.0
12/10/06 21:25,0.0
12/10/06 21:30,0.0
12/10/06 21:35,0.0
12/10/06 21:40,0.0
12/10/06 21:45,0.0
12/10/06 21:50,0.0
12/10/06 21:55,0.0
12/10/06 22:00,0.0
12/10/06 22:05,0.0
12/10/06 22:10,0.0
12/10/06 22:15,0.0
12/10/06 22:20,0.0
12/10/06 22:25,0.0
12/10/06 22:30,0.0
12/10/06 22:35,0.0
12/10/06 22:40,0.0
12/10/06 22:45,0.0
12/10/06 22:50,0.0
12/10/06 22:55,0.0
12/10/06 23:00,0.0
12/10/06 23:05,0.0
12/10/06 23:10,0.0
12/10/06 23:15,0.0
12/10/06 23:20,0.0
12/10/06 23:25,0.0
12/10/06 23:30,0.0
12/10/06 23:35,0.0
12/10/06 23:40,0.0
12/10/06 23:45,0.0
12/10/06 23:50,0.0
12/10/06 23:55,0.0
12/11/06 00:00,0.0
12/11/06 00:05,0.0
12/11/06 00:10,0.0
12/11/06 00:15,0.0
12/11/06 00:20,0.0
12/11/06 00:25,0.0
12/11/06 00:30,0.0
12/11/06 00:35,0.0
12/11/06 00:40,0.0
12/11/06 00:45,0.0
12/11/06 00:50,0.0
12/11/06 00:55,0.0
12/11/06 01:00,0.0
12/11/06 01:05,0.0
12/11/06 01:10,0.0
12/11/06 01:15,0.0
12/11/06 01:20,0.0
12/11/06 01:25,0.0
12/11/06 01:30,0.0
12/11/06 01:35,0.0
12/11/06 01:40,0.0
12/11/06 01:45,0.0
12/11/06 01:50,0.0
12/11/06 01:55,0.0
12/11/06 02:00,0.0
12/11/06 02:05,0.0
12/11/06 02:10,0.0
12/11/06 02:15,0.0
12/11/06 02:20,0.0
12/11/06 02:25,0.0
12/11/06 02:30,0.0
12/11/06 02:35,0.0
12/11/06 02:40,0.0
12/11/06 02:45,0.0
12/11/06 02:50,0.0
12/11/06 02:55,0.0
12/11/06 03:00,0.0
12/11/06 03:05,0.0
12/11/06 03:10,0.0
12/11/06 03:15,0.0
12/11/06 03:20,0.0
12/11/06 03:25,0.0
12/11/06 03:30,0.0
12/11/06 03:35,0.0
12/11/06 03:40,0.0
12/11/06 03:45,0.0
12/11/06 03:50,0.0
12/11/06 03:55,0.0
12/11/06 04:00,0.0
12/11/06 04:05,0.0
12/11/06 04:10,0.0
12/11/06 04:15,0.0
12/11/06 04:20,0.0
12/11/06 04:25,0.0
12/11/06 04:30,0.0
12/11/06 04:35,0.0
12/11/06 04:40,0.0
12/11/06 04:45,0.0
12/11/06 04:50,0.0
12/11/06 04:55,0.0
12/11/06 05:00,0.0
12/11/06 05:05,0.0
12/11/06 05:10,0.0
12/11/06 05:15,0.0
12/11/06 05:20,0.0
12/11/06 05:25,0.0
12/11/06 05:30,0.0
12/11/06 05:35,0.0
12/11/06 05:40,0.0
12/11/06 05:45,0.0
12/11/06 05:50,0.0
12/11/06 05:55,0.0
12/11/06 06:00,0.0
12/11/06 06:05,0.0
12/11/06 06:10,0.0
12/11/06 06:15,0.0
12/11/06 06:20,0.0
12/11/06 06:25,0.0
12/11/06 06:30,0.0
12/11/06 06:35,0.0
12/11/06 06:40,0.0
12/11/06 06:45,0.0
12/11/06 06:50,0.0
12/11/06 06:55,0.0
12/11/06 07:00,0.0
12/11/06 07:05,0.0
12/11/06 07:10,0.0
12/11/06 07:15,0.1
12/11/06 07:20,0.5
12/11/06 07:25,1.4
12/11/06 07:30,2.9
12/11/06 07:35,4.2
12/11/06 07:40,4.8
12/11/06 07:45,5.4
12/11/06 07:50,6.0
12/11/06 07:55,6.6
12/11/06 08:00,7.2
12/11/06 08:05,7.8
12/11/06 08:10,8.3
12/11/06 08:15,8.9
12/11/06 08:20,9.3
12/11/06 08:25,10.0
12/11/06 08:30,10.8
12/11/06 08:35,11.8
12/11/06 08:40,12.6
12/11/06 08:45,12.9
12/11/06 08:50,13.0
12/11/06 08:55,13.7
12/11/06 09:00,14.5
12/11/06 09:05,14.8
12/11/06 09:10,12.5
12/11/06 09:15,13.0
12/11/06 09:20,14.8
12/11/06 09:25,15.7
12/11/06 09:30,16.6
12/11/06 09:35,15.4
12/11/06 09:40,15.7
12/11/06 09:45,17.5
12/11/06 09:50,18.2
12/11/06 09:55,17.7
12/11/06 10:00,18.6
12/11/06 10:05,18.9
12/11/06 10:10,19.4
12/11/06 10:15,19.6
12/11/06 10:20,19.8
12/11/06 10:25,20.0
12/11/06 10:30,20.2
12/11/06 10:35,20.5
12/11/06 10:40,20.8
12/11/06 10:45,21.0
12/11/06 10:50,21.2
12/11/06 10:55,21.4
12/11/06 11:00,21.4
12/11/06 11:05,21.6
12/11/06 11:10,21.9
12/11/06 11:15,22.3
12/11/06 11:20,22.8
12/11/06 11:25,23.1
12/11/06 11:30,23.1
12/11/06 11:35,23.2
12/11/06 11:40,23.1
12/11/06 11:45,23.1
12/11/06 11:50,22.9
12/11/06 11:55,22.7
12/11/06 12:00,22.6
12/11/06 12:05,22.6
12/11/06 12:10,22.5
12/11/06 12:15,22.5
12/11/06 12:20,22.4
12/11/06 12:25,22.4
12/11/06 12:30,22.4
12/11/06 12:35,22.3
12/11/06 12:40,22.2
12/11/06 12:45,22.2
12/11/06 12:50,22.0
12/11/06 12:55,21.9
12/11/06 13:00,21.7
12/11/06 13:05,21.3
12/11/06 13:10,21.0
12/11/06 13:15,20.1
12/11/06 13:20,16.8
12/11/06 13:25,14.0
12/11/06 13:30,13.0
12/11/06 13:35,13.4
12/11/06 13:40,14.0
12/11/06 13:45,15.5
12/11/06 13:50,16.0
12/11/06 13:55,16.5
12/11/06 14:00,16.4
12/11/06 14:05,16.4
12/11/06 14:10,17.2
12/11/06 14:15,16.8
12/11/06 14:20,14.4
12/11/06 14:25,11.8
12/11/06 14:30,8.2
12/11/06 14:35,8.9
12/11/06 14:40,8.8
12/11/06 14:45,9.7
12/11/06 14:50,10.6
12/11/06 14:55,10.3
12/11/06 15:00,9.9
12/11/06 15:05,9.6
12/11/06 15:10,7.9
12/11/06 15:15,7.8
12/11/06 15:20,8.2
12/11/06 15:25,8.2
12/11/06 15:30,7.9
12/11/06 15:35,7.5
12/11/06 15:40,6.9
12/11/06 15:45,6.3
12/11/06 15:50,5.6
12/11/06 15:55,5.0
12/11/06 16:00,4.3
12/11/06 16:05,3.7
12/11/06 16:10,2.1
12/11/06 16:15,0.9
12/11/06 16:20,0.2
12/11/06 16:25,0.0
12/11/06 16:30,0.0
12/11/06 16:35,0.0
12/11/06 16:40,0.0
12/11/06 16:45,0.0
12/11/06 16:50,0.0
12/11/06 16:55,0.0
12/11/06 17:00,0.0
12/11/06 17:05,0.0
12/11/06 17:10,0.0
12/11/06 17:15,0.0
12/11/06 17:20,0.0
12/11/06 17:25,0.0
12/11/06 17:30,0.0
12/11/06 17:35,0.0
12/11/06 17:40,0.0
12/11/06 17:45,0.0
12/11/06 17:50,0.0
12/11/06 17:55,0.0
12/11/06 18:00,0.0
12/11/06 18:05,0.0
12/11/06 18:10,0.0
12/11/06 18:15,0.0
12/11/06 18:20,0.0
12/11/06 18:25,0.0
12/11/06 18:30,0.0
12/11/06 18:35,0.0
12/11/06 18:40,0.0
12/11/06 18:45,0.0
12/11/06 18:50,0.0
12/11/06 18:55,0.0
12/11/06 19:00,0.0
12/11/06 19:05,0.0
12/11/06 19:10,0.0
12/11/06 19:15,0.0
12/11/06 19:20,0.0
12/11/06 19:25,0.0
12/11/06 19:30,0.0
12/11/06 19:35,0.0
12/11/06 19:40,0.0
12/11/06 19:45,0.0
12/11/06 19:50,0.0
12/11/06 19:55,0.0
12/11/06 20:00,0.0
12/11/06 20:05,0.0
12/11/06 20:10,0.0
12/11/06 20:15,0.0
12/11/06 20:20,0.0
12/11/06 20:25,0.0
12/11/06 20:30,0.0
12/11/06 20:35,0.0
12/11/06 20:40,0.0
12/11/06 20:45,0.0
12/11/06 20:50,0.0
12/11/06 20:55,0.0
12/11/06 21:00,0.0
12/11/06 21:05,0.0
12/11/06 21:10,0.0
12/11/06 21:15,0.0
12/11/06 21:20,0.0
12/11/06 21:25,0.0
12/11/06 21:30,0.0
12/11/06 21:35,0.0
12/11/06 21:40,0.0
12/11/06 21:45,0.0
12/11/06 21:50,0.0
12/11/06 21:55,0.0
12/11/06 22:00,0.0
12/11/06 22:05,0.0
12/11/06 22:10,0.0
12/11/06 22:15,0.0
12/11/06 22:20,0.0
12/11/06 22:25,0.0
12/11/06 22:30,0.0
12/11/06 22:35,0.0
12/11/06 22:40,0.0
12/11/06 22:45,0.0
12/11/06 22:50,0.0
12/11/06 22:55,0.0
12/11/06 23:00,0.0
12/11/06 23:05,0.0
12/11/06 23:10,0.0
12/11/06 23:15,0.0
12/11/06 23:20,0.0
12/11/06 23:25,0.0
12/11/06 23:30,0.0
12/11/06 23:35,0.0
12/11/06 23:40,0.0
12/11/06 23:45,0.0
12/11/06 23:50,0.0
12/11/06 23:55,0.0
12/12/06 00:00,0.0
12/12/06 00:05,0.0
12/12/06 00:10,0.0
12/12/06 00:15,0.0
12/12/06 00:20,0.0
12/12/06 00:25,0.0
12/12/06 00:30,0.0
12/12/06 00:35,0.0
12/12/06 00:40,0.0
12/12/06 00:45,0.0
12/12/06 00:50,0.0
12/12/06 00:55,0.0
12/12/06 01:00,0.0
12/12/06 01:05,0.0
12/12/06 01:10,0.0
12/12/06 01:15,0.0
12/12/06 01:20,0.0
12/12/06 01:25,0.0
12/12/06 01:30,0.0
12/12/06 01:35,0.0
12/12/06 01:40,0.0
12/12/06 01:45,0.0
12/12/06 01:50,0.0
12/12/06 01:55,0.0
12/12/06 02:00,0.0
12/12/06 02:05,0.0
12/12/06 02:10,0.0
12/12/06 02:15,0.0
12/12/06 02:20,0.0
12/12/06 02:25,0.0
12/12/06 02:30,0.0
12/12/06 02:35,0.0
12/12/06 02:40,0.0
12/12/06 02:45,0.0
12/12/06 02:50,0.0
12/12/06 02:55,0.0
12/12/06 03:00,0.0
12/12/06 03:05,0.0
12/12/06 03:10,0.0
12/12/06 03:15,0.0
12/12/06 03:20,0.0
12/12/06 03:25,0.0
12/12/06 03:30,0.0
12/12/06 03:35,0.0
12/12/06 03:40,0.0
12/12/06 03:45,0.0
12/12/06 03:50,0.0
12/12/06 03:55,0.0
12/12/06 04:00,0.0
12/12/06 04:05,0.0
12/12/06 04:10,0.0
12/12/06 04:15,0.0
12/12/06 04:20,0.0
12/12/06 04:25,0.0
12/12/06 04:30,0.0
12/12/06 04:35,0.0
12/12/06 04:40,0.0
12/12/06 04:45,0.0
12/12/06 04:50,0.0
12/12/06 04:55,0.0
12/12/06 05:00,0.0
12/12/06 05:05,0.0
12/12/06 05:10,0.0
12/12/06 05:15,0.0
12/12/06 05:20,0.0
12/12/06 05:25,0.0
12/12/06 05:30,0.0
12/12/06 05:35,0.0
12/12/06 05:40,0.0
12/12/06 05:45,0.0
12/12/06 05:50,0.0
12/12/06 05:55,0.0
12/12/06 06:00,0.0
12/12/06 06:05,0.0
12/12/06 06:10,0.0
12/12/06 06:15,0.0
12/12/06 06:20,0.0
12/12/06 06:25,0.0
12/12/06 06:30,0.0
12/12/06 06:35,0.0
12/12/06 06:40,0.0
12/12/06 06:45,0.0
12/12/06 06:50,0.0
12/12/06 06:55,0.0
12/12/06 07:00,0.0
12/12/06 07:05,0.0
12/12/06 07:10,0.0
12/12/06 07:15,0.1
12/12/06 07:20,0.3
12/12/06 07:25,1.0
12/12/06 07:30,2.1
12/12/06 07:35,3.7
12/12/06 07:40,4.4
12/12/06 07:45,5.0
12/12/06 07:50,5.8
12/12/06 07:55,6.5
12/12/06 08:00,7.2
12/12/06 08:05,7.8
12/12/06 08:10,8.4
12/12/06 08:15,8.8
12/12/06 08:20,8.5
12/12/06 08:25,9.0
12/12/06 08:30,10.4
12/12/06 08:35,11.2
12/12/06 08:40,12.3
12/12/06 08:45,12.8
12/12/06 08:50,11.7
12/12/06 08:55,10.5
12/12/06 09:00,9.1
12/12/06 09:05,8.3
12/12/06 09:10,9.0
12/12/06 09:15,8.7
12/12/06 09:20,8.9
12/12/06 09:25,9.2
12/12/06 09:30,9.5
12/12/06 09:35,9.1
12/12/06 09:40,8.9
12/12/06 09:45,9.0
12/12/06 09:50,9.2
12/12/06 09:55,9.0
12/12/06 10:00,9.3
12/12/06 10:05,9.9
12/12/06 10:10,9.3
12/12/06 10:15,8.2
12/12/06 10:20,6.5
12/12/06 10:25,5.5
12/12/06 10:30,4.7
12/12/06 10:35,4.1
12/12/06 10:40,3.6
12/12/06 10:45,3.0
12/12/06 10:50,2.3
12/12/06 10:55,1.6
12/12/06 11:00,1.1
12/12/06 11:05,0.7
12/12/06 11:10,0.6
12/12/06 11:15,3.7
12/12/06 11:20,5.5
12/12/06 11:25,6.6
12/12/06 11:30,7.9
12/12/06 11:35,8.6
12/12/06 11:40,9.3
12/12/06 11:45,9.7
12/12/06 11:50,9.9
12/12/06 11:55,10.2
12/12/06 12:00,10.3
12/12/06 12:05,10.4
12/12/06 12:10,10.4
12/12/06 12:15,10.3
12/12/06 12:20,9.9
12/12/06 12:25,9.4
12/12/06 12:30,9.0
12/12/06 12:35,8.5
12/12/06 12:40,8.0
12/12/06 12:45,7.7
12/12/06 12:50,7.0
12/12/06 12:55,6.5
12/12/06 13:00,6.0
12/12/06 13:05,5.5
12/12/06 13:10,4.8
12/12/06 13:15,4.4
12/12/06 13:20,4.1
12/12/06 13:25,3.8
12/12/06 13:30,3.4
12/12/06 13:35,2.8
12/12/06 13:40,2.4
12/12/06 13:45,2.0
12/12/06 13:50,1.8
12/12/06 13:55,2.1
12/12/06 14:00,2.0
12/12/06 14:05,1.8
12/12/06 14:10,1.8
12/12/06 14:15,1.7
12/12/06 14:20,1.5
12/12/06 14:25,1.5
12/12/06 14:30,1.9
12/12/06 14:35,2.2
12/12/06 14:40,2.3
12/12/06 14:45,2.0
12/12/06 14:50,1.5
12/12/06 14:55,1.1
12/12/06 15:00,0.9
12/12/06 15:05,0.7
12/12/06 15:10,0.4
12/12/06 15:15,0.2
12/12/06 15:20,0.1
12/12/06 15:25,0.0
12/12/06 15:30,0.0
12/12/06 15:35,0.0
12/12/06 15:40,0.0
12/12/06 15:45,0.0
12/12/06 15:50,0.0
12/12/06 15:55,0.0
12/12/06 16:00,0.0
12/12/06 16:05,0.0
12/12/06 16:10,0.0
12/12/06 16:15,0.0
12/12/06 16:20,0.0
12/12/06 16:25,0.0
12/12/06 16:30,0.0
12/12/06 16:35,0.0
12/12/06 16:40,0.0
12/12/06 16:45,0.0
12/12/06 16:50,0.0
12/12/06 16:55,0.0
12/12/06 17:00,0.0
12/12/06 17:05,0.0
12/12/06 17:10,0.0
12/12/06 17:15,0.0
12/12/06 17:20,0.0
12/12/06 17:25,0.0
12/12/06 17:30,0.0
12/12/06 17:35,0.0
12/12/06 17:40,0.0
12/12/06 17:45,0.0
12/12/06 17:50,0.0
12/12/06 17:55,0.0
12/12/06 18:00,0.0
12/12/06 18:05,0.0
12/12/06 18:10,0.0
12/12/06 18:15,0.0
12/12/06 18:20,0.0
12/12/06 18:25,0.0
12/12/06 18:30,0.0
12/12/06 18:35,0.0
12/12/06 18:40,0.0
12/12/06 18:45,0.0
12/12/06 18:50,0.0
12/12/06 18:55,0.0
12/12/06 19:00,0.0
12/12/06 19:05,0.0
12/12/06 19:10,0.0
12/12/06 19:15,0.0
12/12/06 19:20,0.0
12/12/06 19:25,0.0
12/12/06 19:30,0.0
12/12/06 19:35,0.0
12/12/06 19:40,0.0
12/12/06 19:45,0.0
12/12/06 19:50,0.0
12/12/06 19:55,0.0
12/12/06 20:00,0.0
12/12/06 20:05,0.0
12/12/06 20:10,0.0
12/12/06 20:15,0.0
12/12/06 20:20,0.0
12/12/06 20:25,0.0
12/12/06 20:30,0.0
12/12/06 20:35,0.0
12/12/06 20:40,0.0
12/12/06 20:45,0.0
12/12/06 20:50,0.0
12/12/06 20:55,0.0
12/12/06 21:00,0.0
12/12/06 21:05,0.0
12/12/06 21:10,0.0
12/12/06 21:15,0.0
12/12/06 21:20,0.0
12/12/06 21:25,0.0
12/12/06 21:30,0.0
12/12/06 21:35,0.0
12/12/06 21:40,0.0
12/12/06 21:45,0.0
12/12/06 21:50,0.0
12/12/06 21:55,0.0
12/12/06 22:00,0.0
12/12/06 22:05,0.0
12/12/06 22:10,0.0
12/12/06 22:15,0.0
12/12/06 22:20,0.0
12/12/06 22:25,0.0
12/12/06 22:30,0.0
12/12/06 22:35,0.0
12/12/06 22:40,0.0
12/12/06 22:45,0.0
12/12/06 22:50,0.0
12/12/06 22:55,0.0
12/12/06 23:00,0.0
12/12/06 23:05,0.0
12/12/06 23:10,0.0
12/12/06 23:15,0.0
12/12/06 23:20,0.0
12/12/06 23:25,0.0
12/12/06 23:30,0.0
12/12/06 23:35,0.0
12/12/06 23:40,0.0
12/12/06 23:45,0.0
12/12/06 23:50,0.0
12/12/06 23:55,0.0
12/13/06 00:00,0.0
12/13/06 00:05,0.0
12/13/06 00:10,0.0
12/13/06 00:15,0.0
12/13/06 00:20,0.0
12/13/06 00:25,0.0
12/13/06 00:30,0.0
12/13/06 00:35,0.0
12/13/06 00:40,0.0
12/13/06 00:45,0.0
12/13/06 00:50,0.0
12/13/06 00:55,0.0
12/13/06 01:00,0.0
12/13/06 01:05,0.0
12/13/06 01:10,0.0
12/13/06 01:15,0.0
12/13/06 01:20,0.0
12/13/06 01:25,0.0
12/13/06 01:30,0.0
12/13/06 01:35,0.0
12/13/06 01:40,0.0
12/13/06 01:45,0.0
12/13/06 01:50,0.0
12/13/06 01:55,0.0
12/13/06 02:00,0.0
12/13/06 02:05,0.0
12/13/06 02:10,0.0
12/13/06 02:15,0.0
12/13/06 02:20,0.0
12/13/06 02:25,0.0
12/13/06 02:30,0.0
12/13/06 02:35,0.0
12/13/06 02:40,0.0
12/13/06 02:45,0.0
12/13/06 02:50,0.0
12/13/06 02:55,0.0
12/13/06 03:00,0.0
12/13/06 03:05,0.0
12/13/06 03:10,0.0
12/13/06 03:15,0.0
12/13/06 03:20,0.0
12/13/06 03:25,0.0
12/13/06 03:30,0.0
12/13/06 03:35,0.0
12/13/06 03:40,0.0
12/13/06 03:45,0.0
12/13/06 03:50,0.0
12/13/06 03:55,0.0
12/13/06 04:00,0.0
12/13/06 04:05,0.0
12/13/06 04:10,0.0
12/13/06 04:15,0.0
12/13/06 04:20,0.0
12/13/06 04:25,0.0
12/13/06 04:30,0.0
12/13/06 04:35,0.0
12/13/06 04:40,0.0
12/13/06 04:45,0.0
12/13/06 04:50,0.0
12/13/06 04:55,0.0
12/13/06 05:00,0.0
12/13/06 05:05,0.0
12/13/06 05:10,0.0
12/13/06 05:15,0.0
12/13/06 05:20,0.0
12/13/06 05:25,0.0
12/13/06 05:30,0.0
12/13/06 05:35,0.0
12/13/06 05:40,0.0
12/13/06 05:45,0.0
12/13/06 05:50,0.0
12/13/06 05:55,0.0
12/13/06 06:00,0.0
12/13/06 06:05,0.0
12/13/06 06:10,0.0
12/13/06 06:15,0.0
12/13/06 06:20,0.0
12/13/06 06:25,0.0
12/13/06 06:30,0.0
12/13/06 06:35,0.0
12/13/06 06:40,0.0
12/13/06 06:45,0.0
12/13/06 06:50,0.0
12/13/06 06:55,0.0
12/13/06 07:00,0.0
12/13/06 07:05,0.0
12/13/06 07:10,0.0
12/13/06 07:15,0.0
12/13/06 07:20,0.1
12/13/06 07:25,0.3
12/13/06 07:30,0.7
12/13/06 07:35,1.4
12/13/06 07:40,3.3
12/13/06 07:45,4.1
12/13/06 07:50,4.8
12/13/06 07:55,5.5
12/13/06 08:00,6.2
12/13/06 08:05,6.8
12/13/06 08:10,7.2
12/13/06 08:15,7.5
12/13/06 08:20,7.5
12/13/06 08:25,7.5
12/13/06 08:30,7.4
12/13/06 08:35,7.4
12/13/06 08:40,7.5
12/13/06 08:45,7.4
12/13/06 08:50,7.3
12/13/06 08:55,6.9
12/13/06 09:00,6.7
12/13/06 09:05,6.4
12/13/06 09:10,6.0
12/13/06 09:15,5.5
12/13/06 09:20,5.5
12/13/06 09:25,5.7
12/13/06 09:30,5.5
12/13/06 09:35,5.4
12/13/06 09:40,6.0
12/13/06 09:45,6.9
12/13/06 09:50,7.7
12/13/06 09:55,8.5
12/13/06 10:00,9.0
12/13/06 10:05,9.1
12/13/06 10:10,9.3
12/13/06 10:15,8.0
12/13/06 10:20,6.9
12/13/06 10:25,6.4
12/13/06 10:30,6.3
12/13/06 10:35,6.0
12/13/06 10:40,5.9
12/13/06 10:45,6.0
12/13/06 10:50,6.0
12/13/06 10:55,6.3
12/13/06 11:00,6.3
12/13/06 11:05,6.3
12/13/06 11:10,6.3
12/13/06 11:15,5.7
12/13/06 11:20,4.7
12/13/06 11:25,4.1
12/13/06 11:30,3.8
12/13/06 11:35,3.7
12/13/06 11:40,3.7
12/13/06 11:45,3.8
12/13/06 11:50,4.0
12/13/06 11:55,4.1
12/13/06 12:00,4.2
12/13/06 12:05,4.3
12/13/06 12:10,4.3
12/13/06 12:15,4.3
12/13/06 12:20,4.4
12/13/06 12:25,4.3
12/13/06 12:30,5.0
12/13/06 12:35,6.3
12/13/06 12:40,7.1
12/13/06 12:45,7.4
12/13/06 12:50,8.0
12/13/06 12:55,8.3
12/13/06 13:00,8.3
12/13/06 13:05,9.0
12/13/06 13:10,9.4
12/13/06 13:15,8.5
12/13/06 13:20,6.7
12/13/06 13:25,5.5
12/13/06 13:30,4.9
12/13/06 13:35,4.3
12/13/06 13:40,3.7
12/13/06 13:45,2.0
12/13/06 13:50,1.3
12/13/06 13:55,1.2
12/13/06 14:00,1.4
12/13/06 14:05,1.4
12/13/06 14:10,1.1
12/13/06 14:15,1.1
12/13/06 14:20,0.7
12/13/06 14:25,0.3
12/13/06 14:30,0.4
12/13/06 14:35,2.0
12/13/06 14:40,3.5
12/13/06 14:45,5.6
12/13/06 14:50,6.0
12/13/06 14:55,4.5
12/13/06 15:00,3.3
12/13/06 15:05,1.6
12/13/06 15:10,2.2
12/13/06 15:15,3.1
12/13/06 15:20,5.1
12/13/06 15:25,6.2
12/13/06 15:30,6.4
12/13/06 15:35,6.4
12/13/06 15:40,5.9
12/13/06 15:45,5.2
12/13/06 15:50,4.2
12/13/06 15:55,4.2
12/13/06 16:00,4.0
12/13/06 16:05,3.7
12/13/06 16:10,2.4
12/13/06 16:15,0.9
12/13/06 16:20,0.3
12/13/06 16:25,0.0
12/13/06 16:30,0.0
12/13/06 16:35,0.0
12/13/06 16:40,0.0
12/13/06 16:45,0.0
12/13/06 16:50,0.0
12/13/06 16:55,0.0
12/13/06 17:00,0.0
12/13/06 17:05,0.0
12/13/06 17:10,0.0
12/13/06 17:15,0.0
12/13/06 17:20,0.0
12/13/06 17:25,0.0
12/13/06 17:30,0.0
12/13/06 17:35,0.0
12/13/06 17:40,0.0
12/13/06 17:45,0.0
12/13/06 17:50,0.0
12/13/06 17:55,0.0
12/13/06 18:00,0.0
12/13/06 18:05,0.0
12/13/06 18:10,0.0
12/13/06 18:15,0.0
12/13/06 18:20,0.0
12/13/06 18:25,0.0
12/13/06 18:30,0.0
12/13/06 18:35,0.0
12/13/06 18:40,0.0
12/13/06 18:45,0.0
12/13/06 18:50,0.0
12/13/06 18:55,0.0
12/13/06 19:00,0.0
12/13/06 19:05,0.0
12/13/06 19:10,0.0
12/13/06 19:15,0.0
12/13/06 19:20,0.0
12/13/06 19:25,0.0
12/13/06 19:30,0.0
12/13/06 19:35,0.0
12/13/06 19:40,0.0
12/13/06 19:45,0.0
12/13/06 19:50,0.0
12/13/06 19:55,0.0
12/13/06 20:00,0.0
12/13/06 20:05,0.0
12/13/06 20:10,0.0
12/13/06 20:15,0.0
12/13/06 20:20,0.0
12/13/06 20:25,0.0
12/13/06 20:30,0.0
12/13/06 20:35,0.0
12/13/06 20:40,0.0
12/13/06 20:45,0.0
12/13/06 20:50,0.0
12/13/06 20:55,0.0
12/13/06 21:00,0.0
12/13/06 21:05,0.0
12/13/06 21:10,0.0
12/13/06 21:15,0.0
12/13/06 21:20,0.0
12/13/06 21:25,0.0
12/13/06 21:30,0.0
12/13/06 21:35,0.0
12/13/06 21:40,0.0
12/13/06 21:45,0.0
12/13/06 21:50,0.0
12/13/06 21:55,0.0
12/13/06 22:00,0.0
12/13/06 22:05,0.0
12/13/06 22:10,0.0
12/13/06 22:15,0.0
12/13/06 22:20,0.0
12/13/06 22:25,0.0
12/13/06 22:30,0.0
12/13/06 22:35,0.0
12/13/06 22:40,0.0
12/13/06 22:45,0.0
12/13/06 22:50,0.0
12/13/06 22:55,0.0
12/13/06 23:00,0.0
12/13/06 23:05,0.0
12/13/06 23:10,0.0
12/13/06 23:15,0.0
12/13/06 23:20,0.0
12/13/06 23:25,0.0
12/13/06 23:30,0.0
12/13/06 23:35,0.0
12/13/06 23:40,0.0
12/13/06 23:45,0.0
12/13/06 23:50,0.0
12/13/06 23:55,0.0
12/14/06 00:00,0.0
12/14/06 00:05,0.0
12/14/06 00:10,0.0
12/14/06 00:15,0.0
12/14/06 00:20,0.0
12/14/06 00:25,0.0
12/14/06 00:30,0.0
12/14/06 00:35,0.0
12/14/06 00:40,0.0
12/14/06 00:45,0.0
12/14/06 00:50,0.0
12/14/06 00:55,0.0
12/14/06 01:00,0.0
12/14/06 01:05,0.0
12/14/06 01:10,0.0
12/14/06 01:15,0.0
12/14/06 01:20,0.0
12/14/06 01:25,0.0
12/14/06 01:30,0.0
12/14/06 01:35,0.0
12/14/06 01:40,0.0
12/14/06 01:45,0.0
12/14/06 01:50,0.0
12/14/06 01:55,0.0
12/14/06 02:00,0.0
12/14/06 02:05,0.0
12/14/06 02:10,0.0
12/14/06 02:15,0.0
12/14/06 02:20,0.0
12/14/06 02:25,0.0
12/14/06 02:30,0.0
12/14/06 02:35,0.0
12/14/06 02:40,0.0
12/14/06 02:45,0.0
12/14/06 02:50,0.0
12/14/06 02:55,0.0
12/14/06 03:00,0.0
12/14/06 03:05,0.0
12/14/06 03:10,0.0
12/14/06 03:15,0.0
12/14/06 03:20,0.0
12/14/06 03:25,0.0
12/14/06 03:30,0.0
12/14/06 03:35,0.0
12/14/06 03:40,0.0
12/14/06 03:45,0.0
12/14/06 03:50,0.0
12/14/06 03:55,0.0
12/14/06 04:00,0.0
12/14/06 04:05,0.0
12/14/06 04:10,0.0
12/14/06 04:15,0.0
12/14/06 04:20,0.0
12/14/06 04:25,0.0
12/14/06 04:30,0.0
12/14/06 04:35,0.0
12/14/06 04:40,0.0
12/14/06 04:45,0.0
12/14/06 04:50,0.0
12/14/06 04:55,0.0
12/14/06 05:00,0.0
12/14/06 05:05,0.0
12/14/06 05:10,0.0
12/14/06 05:15,0.0
12/14/06 05:20,0.0
12/14/06 05:25,0.0
12/14/06 05:30,0.0
12/14/06 05:35,0.0
12/14/06 05:40,0.0
12/14/06 05:45,0.0
12/14/06 05:50,0.0
12/14/06 05:55,0.0
12/14/06 06:00,0.0
12/14/06 06:05,0.0
12/14/06 06:10,0.0
12/14/06 06:15,0.0
12/14/06 06:20,0.0
12/14/06 06:25,0.0
12/14/06 06:30,0.0
12/14/06 06:35,0.0
12/14/06 06:40,0.0
12/14/06 06:45,0.0
12/14/06 06:50,0.0
12/14/06 06:55,0.0
12/14/06 07:00,0.0
12/14/06 07:05,0.0
12/14/06 07:10,0.0
12/14/06 07:15,0.0
12/14/06 07:20,0.0
12/14/06 07:25,0.0
12/14/06 07:30,0.0
12/14/06 07:35,0.1
12/14/06 07:40,0.2
12/14/06 07:45,0.6
12/14/06 07:50,1.8
12/14/06 07:55,2.6
12/14/06 08:00,4.3
12/14/06 08:05,5.2
12/14/06 08:10,5.5
12/14/06 08:15,6.2
12/14/06 08:20,6.8
12/14/06 08:25,7.1
12/14/06 08:30,7.2
12/14/06 08:35,7.3
12/14/06 08:40,7.5
12/14/06 08:45,7.8
12/14/06 08:50,8.2
12/14/06 08:55,8.2
12/14/06 09:00,8.3
12/14/06 09:05,8.4
12/14/06 09:10,8.6
12/14/06 09:15,8.8
12/14/06 09:20,8.7
12/14/06 09:25,8.9
12/14/06 09:30,9.0
12/14/06 09:35,9.0
12/14/06 09:40,9.1
12/14/06 09:45,9.1
12/14/06 09:50,9.3
12/14/06 09:55,9.2
12/14/06 10:00,9.1
12/14/06 10:05,9.1
12/14/06 10:10,9.5
12/14/06 10:15,10.1
12/14/06 10:20,10.2
12/14/06 10:25,10.6
12/14/06 10:30,11.3
12/14/06 10:35,11.7
12/14/06 10:40,12.5
12/14/06 10:45,13.5
12/14/06 10:50,15.2
12/14/06 10:55,16.3
12/14/06 11:00,16.5
12/14/06 11:05,16.7
12/14/06 11:10,17.2
12/14/06 11:15,16.7
12/14/06 11:20,15.3
12/14/06 11:25,15.0
12/14/06 11:30,15.5
12/14/06 11:35,16.1
12/14/06 11:40,16.1
12/14/06 11:45,16.2
12/14/06 11:50,16.1
12/14/06 11:55,15.9
12/14/06 12:00,15.8
12/14/06 12:05,15.6
12/14/06 12:10,15.4
12/14/06 12:15,14.8
12/14/06 12:20,14.1
12/14/06 12:25,13.2
12/14/06 12:30,12.6
12/14/06 12:35,12.0
12/14/06 12:40,11.5
12/14/06 12:45,11.0
12/14/06 12:50,10.3
12/14/06 12:55,10.0
12/14/06 13:00,9.7
12/14/06 13:05,9.3
12/14/06 13:10,8.8
12/14/06 13:15,8.4
12/14/06 13:20,7.7
12/14/06 13:25,7.3
12/14/06 13:30,7.3
12/14/06 13:35,7.4
12/14/06 13:40,7.5
12/14/06 13:45,7.3
12/14/06 13:50,7.1
12/14/06 13:55,6.7
12/14/06 14:00,6.6
12/14/06 14:05,6.3
12/14/06 14:10,6.1
12/14/06 14:15,6.0
12/14/06 14:20,5.8
12/14/06 14:25,5.1
12/14/06 14:30,4.2
12/14/06 14:35,3.8
12/14/06 14:40,3.0
12/14/06 14:45,1.8
12/14/06 14:50,1.8
12/14/06 14:55,2.2
12/14/06 15:00,2.7
12/14/06 15:05,3.3
12/14/06 15:10,3.7
12/14/06 15:15,3.9
12/14/06 15:20,4.1
12/14/06 15:25,3.9
12/14/06 15:30,3.4
12/14/06 15:35,1.8
12/14/06 15:40,1.0
12/14/06 15:45,0.6
12/14/06 15:50,0.3
12/14/06 15:55,0.2
12/14/06 16:00,0.1
12/14/06 16:05,0.0
12/14/06 16:10,0.0
12/14/06 16:15,0.0
12/14/06 16:20,0.0
12/14/06 16:25,0.0
12/14/06 16:30,0.0
12/14/06 16:35,0.0
12/14/06 16:40,0.0
12/14/06 16:45,0.0
12/14/06 16:50,0.0
12/14/06 16:55,0.0
12/14/06 17:00,0.0
12/14/06 17:05,0.0
12/14/06 17:10,0.0
12/14/06 17:15,0.0
12/14/06 17:20,0.0
12/14/06 17:25,0.0
12/14/06 17:30,0.0
12/14/06 17:35,0.0
12/14/06 17:40,0.0
12/14/06 17:45,0.0
12/14/06 17:50,0.0
12/14/06 17:55,0.0
12/14/06 18:00,0.0
12/14/06 18:05,0.0
12/14/06 18:10,0.0
12/14/06 18:15,0.0
12/14/06 18:20,0.0
12/14/06 18:25,0.0
12/14/06 18:30,0.0
12/14/06 18:35,0.0
12/14/06 18:40,0.0
12/14/06 18:45,0.0
12/14/06 18:50,0.0
12/14/06 18:55,0.0
12/14/06 19:00,0.0
12/14/06 19:05,0.0
12/14/06 19:10,0.0
12/14/06 19:15,0.0
12/14/06 19:20,0.0
12/14/06 19:25,0.0
12/14/06 19:30,0.0
12/14/06 19:35,0.0
12/14/06 19:40,0.0
12/14/06 19:45,0.0
12/14/06 19:50,0.0
12/14/06 19:55,0.0
12/14/06 20:00,0.0
12/14/06 20:05,0.0
12/14/06 20:10,0.0
12/14/06 20:15,0.0
12/14/06 20:20,0.0
12/14/06 20:25,0.0
12/14/06 20:30,0.0
12/14/06 20:35,0.0
12/14/06 20:40,0.0
12/14/06 20:45,0.0
12/14/06 20:50,0.0
12/14/06 20:55,0.0
12/14/06 21:00,0.0
12/14/06 21:05,0.0
12/14/06 21:10,0.0
12/14/06 21:15,0.0
12/14/06 21:20,0.0
12/14/06 21:25,0.0
12/14/06 21:30,0.0
12/14/06 21:35,0.0
12/14/06 21:40,0.0
12/14/06 21:45,0.0
12/14/06 21:50,0.0
12/14/06 21:55,0.0
12/14/06 22:00,0.0
12/14/06 22:05,0.0
12/14/06 22:10,0.0
12/14/06 22:15,0.0
12/14/06 22:20,0.0
12/14/06 22:25,0.0
12/14/06 22:30,0.0
12/14/06 22:35,0.0
12/14/06 22:40,0.0
12/14/06 22:45,0.0
12/14/06 22:50,0.0
12/14/06 22:55,0.0
12/14/06 23:00,0.0
12/14/06 23:05,0.0
12/14/06 23:10,0.0
12/14/06 23:15,0.0
12/14/06 23:20,0.0
12/14/06 23:25,0.0
12/14/06 23:30,0.0
12/14/06 23:35,0.0
12/14/06 23:40,0.0
12/14/06 23:45,0.0
12/14/06 23:50,0.0
12/14/06 23:55,0.0
12/15/06 00:00,0.0
12/15/06 00:05,0.0
12/15/06 00:10,0.0
12/15/06 00:15,0.0
12/15/06 00:20,0.0
12/15/06 00:25,0.0
12/15/06 00:30,0.0
12/15/06 00:35,0.0
12/15/06 00:40,0.0
12/15/06 00:45,0.0
12/15/06 00:50,0.0
12/15/06 00:55,0.0
12/15/06 01:00,0.0
12/15/06 01:05,0.0
12/15/06 01:10,0.0
12/15/06 01:15,0.0
12/15/06 01:20,0.0
12/15/06 01:25,0.0
12/15/06 01:30,0.0
12/15/06 01:35,0.0
12/15/06 01:40,0.0
12/15/06 01:45,0.0
12/15/06 01:50,0.0
12/15/06 01:55,0.0
12/15/06 02:00,0.0
12/15/06 02:05,0.0
12/15/06 02:10,0.0
12/15/06 02:15,0.0
12/15/06 02:20,0.0
12/15/06 02:25,0.0
12/15/06 02:30,0.0
12/15/06 02:35,0.0
12/15/06 02:40,0.0
12/15/06 02:45,0.0
12/15/06 02:50,0.0
12/15/06 02:55,0.0
12/15/06 03:00,0.0
12/15/06 03:05,0.0
12/15/06 03:10,0.0
12/15/06 03:15,0.0
12/15/06 03:20,0.0
12/15/06 03:25,0.0
12/15/06 03:30,0.0
12/15/06 03:35,0.0
12/15/06 03:40,0.0
12/15/06 03:45,0.0
12/15/06 03:50,0.0
12/15/06 03:55,0.0
12/15/06 04:00,0.0
12/15/06 04:05,0.0
12/15/06 04:10,0.0
12/15/06 04:15,0.0
12/15/06 04:20,0.0
12/15/06 04:25,0.0
12/15/06 04:30,0.0
12/15/06 04:35,0.0
12/15/06 04:40,0.0
12/15/06 04:45,0.0
12/15/06 04:50,0.0
12/15/06 04:55,0.0
12/15/06 05:00,0.0
12/15/06 05:05,0.0
12/15/06 05:10,0.0
12/15/06 05:15,0.0
12/15/06 05:20,0.0
12/15/06 05:25,0.0
12/15/06 05:30,0.0
12/15/06 05:35,0.0
12/15/06 05:40,0.0
12/15/06 05:45,0.0
12/15/06 05:50,0.0
12/15/06 05:55,0.0
12/15/06 06:00,0.0
12/15/06 06:05,0.0
12/15/06 06:10,0.0
12/15/06 06:15,0.0
12/15/06 06:20,0.0
12/15/06 06:25,0.0
12/15/06 06:30,0.0
12/15/06 06:35,0.0
12/15/06 06:40,0.0
12/15/06 06:45,0.0
12/15/06 06:50,0.0
12/15/06 06:55,0.0
12/15/06 07:00,0.0
12/15/06 07:05,0.0
12/15/06 07:10,0.0
12/15/06 07:15,0.0
12/15/06 07:20,0.0
12/15/06 07:25,0.2
12/15/06 07:30,0.9
12/15/06 07:35,2.4
12/15/06 07:40,4.0
12/15/06 07:45,4.0
12/15/06 07:50,4.4
12/15/06 07:55,4.9
12/15/06 08:00,4.5
12/15/06 08:05,5.5
12/15/06 08:10,6.6
12/15/06 08:15,6.8
12/15/06 08:20,6.9
12/15/06 08:25,7.2
12/15/06 08:30,7.6
12/15/06 08:35,8.0
12/15/06 08:40,8.4
12/15/06 08:45,8.9
12/15/06 08:50,9.5
12/15/06 08:55,10.2
12/15/06 09:00,10.9
12/15/06 09:05,11.5
12/15/06 09:10,12.0
12/15/06 09:15,12.7
12/15/06 09:20,12.6
12/15/06 09:25,12.4
12/15/06 09:30,12.1
12/15/06 09:35,12.0
12/15/06 09:40,11.8
12/15/06 09:45,11.1
12/15/06 09:50,10.6
12/15/06 09:55,10.1
12/15/06 10:00,9.3
12/15/06 10:05,8.8
12/15/06 10:10,8.4
12/15/06 10:15,7.6
12/15/06 10:20,7.5
12/15/06 10:25,8.7
12/15/06 10:30,9.7
12/15/06 10:35,10.3
12/15/06 10:40,10.8
12/15/06 10:45,11.5
12/15/06 10:50,10.6
12/15/06 10:55,9.5
12/15/06 11:00,8.7
12/15/06 11:05,8.0
12/15/06 11:10,7.3
12/15/06 11:15,9.4
12/15/06 11:20,12.5
12/15/06 11:25,13.2
12/15/06 11:30,12.2
12/15/06 11:35,10.2
12/15/06 11:40,12.4
12/15/06 11:45,14.2
12/15/06 11:50,15.2
12/15/06 11:55,17.0
12/15/06 12:00,16.1
12/15/06 12:05,15.1
12/15/06 12:10,15.8
12/15/06 12:15,18.0
12/15/06 12:20,19.6
12/15/06 12:25,20.5
12/15/06 12:30,21.0
12/15/06 12:35,21.2
12/15/06 12:40,21.1
12/15/06 12:45,20.9
12/15/06 12:50,20.3
12/15/06 12:55,19.8
12/15/06 13:00,19.3
12/15/06 13:05,18.7
12/15/06 13:10,18.4
12/15/06 13:15,18.6
12/15/06 13:20,17.4
12/15/06 13:25,17.0
12/15/06 13:30,15.2
12/15/06 13:35,13.3
12/15/06 13:40,14.6
12/15/06 13:45,15.5
12/15/06 13:50,16.1
12/15/06 13:55,15.9
12/15/06 14:00,15.9
12/15/06 14:05,15.7
12/15/06 14:10,14.6
12/15/06 14:15,14.0
12/15/06 14:20,13.2
12/15/06 14:25,12.2
12/15/06 14:30,11.3
12/15/06 14:35,10.5
12/15/06 14:40,9.7
12/15/06 14:45,9.5
12/15/06 14:50,9.9
12/15/06 14:55,10.3
12/15/06 15:00,10.1
12/15/06 15:05,9.7
12/15/06 15:10,9.2
12/15/06 15:15,8.0
12/15/06 15:20,6.4
12/15/06 15:25,5.9
12/15/06 15:30,4.8
12/15/06 15:35,4.5
12/15/06 15:40,3.7
12/15/06 15:45,1.0
12/15/06 15:50,0.3
12/15/06 15:55,0.2
12/15/06 16:00,0.2
12/15/06 16:05,0.1
12/15/06 16:10,0.1
12/15/06 16:15,0.1
12/15/06 16:20,0.0
12/15/06 16:25,0.0
12/15/06 16:30,0.0
12/15/06 16:35,0.0
12/15/06 16:40,0.0
12/15/06 16:45,0.0
12/15/06 16:50,0.0
12/15/06 16:55,0.0
12/15/06 17:00,0.0
12/15/06 17:05,0.0
12/15/06 17:10,0.0
12/15/06 17:15,0.0
12/15/06 17:20,0.0
12/15/06 17:25,0.0
12/15/06 17:30,0.0
12/15/06 17:35,0.0
12/15/06 17:40,0.0
12/15/06 17:45,0.0
12/15/06 17:50,0.0
12/15/06 17:55,0.0
12/15/06 18:00,0.0
12/15/06 18:05,0.0
12/15/06 18:10,0.0
12/15/06 18:15,0.0
12/15/06 18:20,0.0
12/15/06 18:25,0.0
12/15/06 18:30,0.0
12/15/06 18:35,0.0
12/15/06 18:40,0.0
12/15/06 18:45,0.0
12/15/06 18:50,0.0
12/15/06 18:55,0.0
12/15/06 19:00,0.0
12/15/06 19:05,0.0
12/15/06 19:10,0.0
12/15/06 19:15,0.0
12/15/06 19:20,0.0
12/15/06 19:25,0.0
12/15/06 19:30,0.0
12/15/06 19:35,0.0
12/15/06 19:40,0.0
12/15/06 19:45,0.0
12/15/06 19:50,0.0
12/15/06 19:55,0.0
12/15/06 20:00,0.0
12/15/06 20:05,0.0
12/15/06 20:10,0.0
12/15/06 20:15,0.0
12/15/06 20:20,0.0
12/15/06 20:25,0.0
12/15/06 20:30,0.0
12/15/06 20:35,0.0
12/15/06 20:40,0.0
12/15/06 20:45,0.0
12/15/06 20:50,0.0
12/15/06 20:55,0.0
12/15/06 21:00,0.0
12/15/06 21:05,0.0
12/15/06 21:10,0.0
12/15/06 21:15,0.0
12/15/06 21:20,0.0
12/15/06 21:25,0.0
12/15/06 21:30,0.0
12/15/06 21:35,0.0
12/15/06 21:40,0.0
12/15/06 21:45,0.0
12/15/06 21:50,0.0
12/15/06 21:55,0.0
12/15/06 22:00,0.0
12/15/06 22:05,0.0
12/15/06 22:10,0.0
12/15/06 22:15,0.0
12/15/06 22:20,0.0
12/15/06 22:25,0.0
12/15/06 22:30,0.0
12/15/06 22:35,0.0
12/15/06 22:40,0.0
12/15/06 22:45,0.0
12/15/06 22:50,0.0
12/15/06 22:55,0.0
12/15/06 23:00,0.0
12/15/06 23:05,0.0
12/15/06 23:10,0.0
12/15/06 23:15,0.0
12/15/06 23:20,0.0
12/15/06 23:25,0.0
12/15/06 23:30,0.0
12/15/06 23:35,0.0
12/15/06 23:40,0.0
12/15/06 23:45,0.0
12/15/06 23:50,0.0
12/15/06 23:55,0.0
12/16/06 00:00,0.0
12/16/06 00:05,0.0
12/16/06 00:10,0.0
12/16/06 00:15,0.0
12/16/06 00:20,0.0
12/16/06 00:25,0.0
12/16/06 00:30,0.0
12/16/06 00:35,0.0
12/16/06 00:40,0.0
12/16/06 00:45,0.0
12/16/06 00:50,0.0
12/16/06 00:55,0.0
12/16/06 01:00,0.0
12/16/06 01:05,0.0
12/16/06 01:10,0.0
12/16/06 01:15,0.0
12/16/06 01:20,0.0
12/16/06 01:25,0.0
12/16/06 01:30,0.0
12/16/06 01:35,0.0
12/16/06 01:40,0.0
12/16/06 01:45,0.0
12/16/06 01:50,0.0
12/16/06 01:55,0.0
12/16/06 02:00,0.0
12/16/06 02:05,0.0
12/16/06 02:10,0.0
12/16/06 02:15,0.0
12/16/06 02:20,0.0
12/16/06 02:25,0.0
12/16/06 02:30,0.0
12/16/06 02:35,0.0
12/16/06 02:40,0.0
12/16/06 02:45,0.0
12/16/06 02:50,0.0
12/16/06 02:55,0.0
12/16/06 03:00,0.0
12/16/06 03:05,0.0
12/16/06 03:10,0.0
12/16/06 03:15,0.0
12/16/06 03:20,0.0
12/16/06 03:25,0.0
12/16/06 03:30,0.0
12/16/06 03:35,0.0
12/16/06 03:40,0.0
12/16/06 03:45,0.0
12/16/06 03:50,0.0
12/16/06 03:55,0.0
12/16/06 04:00,0.0
12/16/06 04:05,0.0
12/16/06 04:10,0.0
12/16/06 04:15,0.0
12/16/06 04:20,0.0
12/16/06 04:25,0.0
12/16/06 04:30,0.0
12/16/06 04:35,0.0
12/16/06 04:40,0.0
12/16/06 04:45,0.0
12/16/06 04:50,0.0
12/16/06 04:55,0.0
12/16/06 05:00,0.0
12/16/06 05:05,0.0
12/16/06 05:10,0.0
12/16/06 05:15,0.0
12/16/06 05:20,0.0
12/16/06 05:25,0.0
12/16/06 05:30,0.0
12/16/06 05:35,0.0
12/16/06 05:40,0.0
12/16/06 05:45,0.0
12/16/06 05:50,0.0
12/16/06 05:55,0.0
12/16/06 06:00,0.0
12/16/06 06:05,0.0
12/16/06 06:10,0.0
12/16/06 06:15,0.0
12/16/06 06:20,0.0
12/16/06 06:25,0.0
12/16/06 06:30,0.0
12/16/06 06:35,0.0
12/16/06 06:40,0.0
12/16/06 06:45,0.0
12/16/06 06:50,0.0
12/16/06 06:55,0.0
12/16/06 07:00,0.0
12/16/06 07:05,0.0
12/16/06 07:10,0.0
12/16/06 07:15,0.0
12/16/06 07:20,0.4
12/16/06 07:25,1.2
12/16/06 07:30,3.4
12/16/06 07:35,4.3
12/16/06 07:40,5.0
12/16/06 07:45,5.7
12/16/06 07:50,6.4
12/16/06 07:55,7.1
12/16/06 08:00,7.9
12/16/06 08:05,8.6
12/16/06 08:10,9.3
12/16/06 08:15,9.9
12/16/06 08:20,10.4
12/16/06 08:25,10.8
12/16/06 08:30,11.3
12/16/06 08:35,11.9
12/16/06 08:40,12.5
12/16/06 08:45,13.0
12/16/06 08:50,13.4
12/16/06 08:55,13.9
12/16/06 09:00,14.4
12/16/06 09:05,14.7
12/16/06 09:10,15.1
12/16/06 09:15,15.8
12/16/06 09:20,16.7
12/16/06 09:25,17.4
12/16/06 09:30,18.1
12/16/06 09:35,18.8
12/16/06 09:40,19.3
12/16/06 09:45,19.4
12/16/06 09:50,19.6
12/16/06 09:55,19.1
12/16/06 10:00,19.0
12/16/06 10:05,19.2
12/16/06 10:10,19.4
12/16/06 10:15,19.9
12/16/06 10:20,20.5
12/16/06 10:25,20.9
12/16/06 10:30,21.1
12/16/06 10:35,21.3
12/16/06 10:40,21.5
12/16/06 10:45,21.7
12/16/06 10:50,21.8
12/16/06 10:55,22.1
12/16/06 11:00,22.3
12/16/06 11:05,22.5
12/16/06 11:10,22.6
12/16/06 11:15,22.5
12/16/06 11:20,22.5
12/16/06 11:25,22.4
12/16/06 11:30,22.3
12/16/06 11:35,22.3
12/16/06 11:40,22.4
12/16/06 11:45,22.5
12/16/06 11:50,22.7
12/16/06 11:55,23.0
12/16/06 12:00,23.2
12/16/06 12:05,23.3
12/16/06 12:10,23.5
12/16/06 12:15,23.3
12/16/06 12:20,23.0
12/16/06 12:25,22.7
12/16/06 12:30,22.5
12/16/06 12:35,22.3
12/16/06 12:40,22.1
12/16/06 12:45,22.0
12/16/06 12:50,21.8
12/16/06 12:55,21.6
12/16/06 13:00,21.5
12/16/06 13:05,21.3
12/16/06 13:10,21.0
12/16/06 13:15,20.7
12/16/06 13:20,20.4
12/16/06 13:25,20.0
12/16/06 13:30,19.7
12/16/06 13:35,19.3
12/16/06 13:40,18.8
12/16/06 13:45,18.4
12/16/06 13:50,18.1
12/16/06 13:55,17.6
12/16/06 14:00,17.3
12/16/06 14:05,17.0
12/16/06 14:10,16.6
12/16/06 14:15,16.2
12/16/06 14:20,15.7
12/16/06 14:25,15.2
12/16/06 14:30,14.7
12/16/06 14:35,14.2
12/16/06 14:40,13.6
12/16/06 14:45,13.1
12/16/06 14:50,12.7
12/16/06 14:55,12.2
12/16/06 15:00,11.7
12/16/06 15:05,11.1
12/16/06 15:10,10.5
12/16/06 15:15,9.9
12/16/06 15:20,9.5
12/16/06 15:25,8.9
12/16/06 15:30,8.3
12/16/06 15:35,7.6
12/16/06 15:40,6.9
12/16/06 15:45,6.2
12/16/06 15:50,5.5
12/16/06 15:55,4.8
12/16/06 16:00,4.2
12/16/06 16:05,3.3
12/16/06 16:10,1.6
12/16/06 16:15,0.7
12/16/06 16:20,0.2
12/16/06 16:25,0.0
12/16/06 16:30,0.0
12/16/06 16:35,0.0
12/16/06 16:40,0.0
12/16/06 16:45,0.0
12/16/06 16:50,0.0
12/16/06 16:55,0.0
12/16/06 17:00,0.0
12/16/06 17:05,0.0
12/16/06 17:10,0.0
12/16/06 17:15,0.0
12/16/06 17:20,0.0
12/16/06 17:25,0.0
12/16/06 17:30,0.0
12/16/06 17:35,0.0
12/16/06 17:40,0.0
12/16/06 17:45,0.0
12/16/06 17:50,0.0
12/16/06 17:55,0.0
12/16/06 18:00,0.0
12/16/06 18:05,0.0
12/16/06 18:10,0.0
12/16/06 18:15,0.0
12/16/06 18:20,0.0
12/16/06 18:25,0.0
12/16/06 18:30,0.0
12/16/06 18:35,0.0
12/16/06 18:40,0.0
12/16/06 18:45,0.0
12/16/06 18:50,0.0
12/16/06 18:55,0.0
12/16/06 19:00,0.0
12/16/06 19:05,0.0
12/16/06 19:10,0.0
12/16/06 19:15,0.0
12/16/06 19:20,0.0
12/16/06 19:25,0.0
12/16/06 19:30,0.0
12/16/06 19:35,0.0
12/16/06 19:40,0.0
12/16/06 19:45,0.0
12/16/06 19:50,0.0
12/16/06 19:55,0.0
12/16/06 20:00,0.0
12/16/06 20:05,0.0
12/16/06 20:10,0.0
12/16/06 20:15,0.0
12/16/06 20:20,0.0
12/16/06 20:25,0.0
12/16/06 20:30,0.0
12/16/06 20:35,0.0
12/16/06 20:40,0.0
12/16/06 20:45,0.0
12/16/06 20:50,0.0
12/16/06 20:55,0.0
12/16/06 21:00,0.0
12/16/06 21:05,0.0
12/16/06 21:10,0.0
12/16/06 21:15,0.0
12/16/06 21:20,0.0
12/16/06 21:25,0.0
12/16/06 21:30,0.0
12/16/06 21:35,0.0
12/16/06 21:40,0.0
12/16/06 21:45,0.0
12/16/06 21:50,0.0
12/16/06 21:55,0.0
12/16/06 22:00,0.0
12/16/06 22:05,0.0
12/16/06 22:10,0.0
12/16/06 22:15,0.0
12/16/06 22:20,0.0
12/16/06 22:25,0.0
12/16/06 22:30,0.0
12/16/06 22:35,0.0
12/16/06 22:40,0.0
12/16/06 22:45,0.0
12/16/06 22:50,0.0
12/16/06 22:55,0.0
12/16/06 23:00,0.0
12/16/06 23:05,0.0
12/16/06 23:10,0.0
12/16/06 23:15,0.0
12/16/06 23:20,0.0
12/16/06 23:25,0.0
12/16/06 23:30,0.0
12/16/06 23:35,0.0
12/16/06 23:40,0.0
12/16/06 23:45,0.0
12/16/06 23:50,0.0
12/16/06 23:55,0.0
12/17/06 00:00,0.0
12/17/06 00:05,0.0
12/17/06 00:10,0.0
12/17/06 00:15,0.0
12/17/06 00:20,0.0
12/17/06 00:25,0.0
12/17/06 00:30,0.0
12/17/06 00:35,0.0
12/17/06 00:40,0.0
12/17/06 00:45,0.0
12/17/06 00:50,0.0
12/17/06 00:55,0.0
12/17/06 01:00,0.0
12/17/06 01:05,0.0
12/17/06 01:10,0.0
12/17/06 01:15,0.0
12/17/06 01:20,0.0
12/17/06 01:25,0.0
12/17/06 01:30,0.0
12/17/06 01:35,0.0
12/17/06 01:40,0.0
12/17/06 01:45,0.0
12/17/06 01:50,0.0
12/17/06 01:55,0.0
12/17/06 02:00,0.0
12/17/06 02:05,0.0
12/17/06 02:10,0.0
12/17/06 02:15,0.0
12/17/06 02:20,0.0
12/17/06 02:25,0.0
12/17/06 02:30,0.0
12/17/06 02:35,0.0
12/17/06 02:40,0.0
12/17/06 02:45,0.0
12/17/06 02:50,0.0
12/17/06 02:55,0.0
12/17/06 03:00,0.0
12/17/06 03:05,0.0
12/17/06 03:10,0.0
12/17/06 03:15,0.0
12/17/06 03:20,0.0
12/17/06 03:25,0.0
12/17/06 03:30,0.0
12/17/06 03:35,0.0
12/17/06 03:40,0.0
12/17/06 03:45,0.0
12/17/06 03:50,0.0
12/17/06 03:55,0.0
12/17/06 04:00,0.0
12/17/06 04:05,0.0
12/17/06 04:10,0.0
12/17/06 04:15,0.0
12/17/06 04:20,0.0
12/17/06 04:25,0.0
12/17/06 04:30,0.0
12/17/06 04:35,0.0
12/17/06 04:40,0.0
12/17/06 04:45,0.0
12/17/06 04:50,0.0
12/17/06 04:55,0.0
12/17/06 05:00,0.0
12/17/06 05:05,0.0
12/17/06 05:10,0.0
12/17/06 05:15,0.0
12/17/06 05:20,0.0
12/17/06 05:25,0.0
12/17/06 05:30,0.0
12/17/06 05:35,0.0
12/17/06 05:40,0.0
12/17/06 05:45,0.0
12/17/06 05:50,0.0
12/17/06 05:55,0.0
12/17/06 06:00,0.0
12/17/06 06:05,0.0
12/17/06 06:10,0.0
12/17/06 06:15,0.0
12/17/06 06:20,0.0
12/17/06 06:25,0.0
12/17/06 06:30,0.0
12/17/06 06:35,0.0
12/17/06 06:40,0.0
12/17/06 06:45,0.0
12/17/06 06:50,0.0
12/17/06 06:55,0.0
12/17/06 07:00,0.0
12/17/06 07:05,0.0
12/17/06 07:10,0.0
12/17/06 07:15,0.1
12/17/06 07:20,0.6
12/17/06 07:25,1.5
12/17/06 07:30,3.4
12/17/06 07:35,4.3
12/17/06 07:40,5.0
12/17/06 07:45,5.7
12/17/06 07:50,6.4
12/17/06 07:55,7.2
12/17/06 08:00,7.9
12/17/06 08:05,8.6
12/17/06 08:10,9.2
12/17/06 08:15,9.9
12/17/06 08:20,10.4
12/17/06 08:25,11.0
12/17/06 08:30,11.7
12/17/06 08:35,12.3
12/17/06 08:40,13.0
12/17/06 08:45,13.6
12/17/06 08:50,14.0
12/17/06 08:55,14.5
12/17/06 09:00,14.9
12/17/06 09:05,15.4
12/17/06 09:10,15.8
12/17/06 09:15,15.9
12/17/06 09:20,14.9
12/17/06 09:25,15.3
12/17/06 09:30,16.1
12/17/06 09:35,16.6
12/17/06 09:40,17.3
12/17/06 09:45,16.9
12/17/06 09:50,18.1
12/17/06 09:55,19.4
12/17/06 10:00,19.6
12/17/06 10:05,19.0
12/17/06 10:10,18.5
12/17/06 10:15,19.1
12/17/06 10:20,19.9
12/17/06 10:25,20.3
12/17/06 10:30,20.7
12/17/06 10:35,21.0
12/17/06 10:40,21.3
12/17/06 10:45,21.4
12/17/06 10:50,21.3
12/17/06 10:55,21.1
12/17/06 11:00,20.8
12/17/06 11:05,20.3
12/17/06 11:10,19.8
12/17/06 11:15,20.1
12/17/06 11:20,21.0
12/17/06 11:25,21.6
12/17/06 11:30,22.1
12/17/06 11:35,22.3
12/17/06 11:40,22.7
12/17/06 11:45,22.9
12/17/06 11:50,23.1
12/17/06 11:55,23.2
12/17/06 12:00,23.2
12/17/06 12:05,23.2
12/17/06 12:10,23.1
12/17/06 12:15,22.8
12/17/06 12:20,22.6
12/17/06 12:25,22.5
12/17/06 12:30,22.4
12/17/06 12:35,22.4
12/17/06 12:40,22.3
12/17/06 12:45,22.2
12/17/06 12:50,21.9
12/17/06 12:55,21.5
12/17/06 13:00,21.4
12/17/06 13:05,21.3
12/17/06 13:10,21.2
12/17/06 13:15,20.8
12/17/06 13:20,20.3
12/17/06 13:25,19.9
12/17/06 13:30,19.5
12/17/06 13:35,19.3
12/17/06 13:40,18.9
12/17/06 13:45,18.6
12/17/06 13:50,18.4
12/17/06 13:55,18.0
12/17/06 14:00,17.8
12/17/06 14:05,17.5
12/17/06 14:10,17.1
12/17/06 14:15,16.6
12/17/06 14:20,16.1
12/17/06 14:25,15.6
12/17/06 14:30,15.2
12/17/06 14:35,14.7
12/17/06 14:40,14.3
12/17/06 14:45,13.9
12/17/06 14:50,13.3
12/17/06 14:55,12.8
12/17/06 15:00,12.2
12/17/06 15:05,11.6
12/17/06 15:10,10.9
12/17/06 15:15,10.2
12/17/06 15:20,9.4
12/17/06 15:25,8.7
12/17/06 15:30,8.0
12/17/06 15:35,7.4
12/17/06 15:40,6.8
12/17/06 15:45,6.2
12/17/06 15:50,5.5
12/17/06 15:55,4.9
12/17/06 16:00,4.3
12/17/06 16:05,3.7
12/17/06 16:10,2.3
12/17/06 16:15,1.0
12/17/06 16:20,0.3
12/17/06 16:25,0.0
12/17/06 16:30,0.0
12/17/06 16:35,0.0
12/17/06 16:40,0.0
12/17/06 16:45,0.0
12/17/06 16:50,0.0
12/17/06 16:55,0.0
12/17/06 17:00,0.0
12/17/06 17:05,0.0
12/17/06 17:10,0.0
12/17/06 17:15,0.0
12/17/06 17:20,0.0
12/17/06 17:25,0.0
12/17/06 17:30,0.0
12/17/06 17:35,0.0
12/17/06 17:40,0.0
12/17/06 17:45,0.0
12/17/06 17:50,0.0
12/17/06 17:55,0.0
12/17/06 18:00,0.0
12/17/06 18:05,0.0
12/17/06 18:10,0.0
12/17/06 18:15,0.0
12/17/06 18:20,0.0
12/17/06 18:25,0.0
12/17/06 18:30,0.0
12/17/06 18:35,0.0
12/17/06 18:40,0.0
12/17/06 18:45,0.0
12/17/06 18:50,0.0
12/17/06 18:55,0.0
12/17/06 19:00,0.0
12/17/06 19:05,0.0
12/17/06 19:10,0.0
12/17/06 19:15,0.0
12/17/06 19:20,0.0
12/17/06 19:25,0.0
12/17/06 19:30,0.0
12/17/06 19:35,0.0
12/17/06 19:40,0.0
12/17/06 19:45,0.0
12/17/06 19:50,0.0
12/17/06 19:55,0.0
12/17/06 20:00,0.0
12/17/06 20:05,0.0
12/17/06 20:10,0.0
12/17/06 20:15,0.0
12/17/06 20:20,0.0
12/17/06 20:25,0.0
12/17/06 20:30,0.0
12/17/06 20:35,0.0
12/17/06 20:40,0.0
12/17/06 20:45,0.0
12/17/06 20:50,0.0
12/17/06 20:55,0.0
12/17/06 21:00,0.0
12/17/06 21:05,0.0
12/17/06 21:10,0.0
12/17/06 21:15,0.0
12/17/06 21:20,0.0
12/17/06 21:25,0.0
12/17/06 21:30,0.0
12/17/06 21:35,0.0
12/17/06 21:40,0.0
12/17/06 21:45,0.0
12/17/06 21:50,0.0
12/17/06 21:55,0.0
12/17/06 22:00,0.0
12/17/06 22:05,0.0
12/17/06 22:10,0.0
12/17/06 22:15,0.0
12/17/06 22:20,0.0
12/17/06 22:25,0.0
12/17/06 22:30,0.0
12/17/06 22:35,0.0
12/17/06 22:40,0.0
12/17/06 22:45,0.0
12/17/06 22:50,0.0
12/17/06 22:55,0.0
12/17/06 23:00,0.0
12/17/06 23:05,0.0
12/17/06 23:10,0.0
12/17/06 23:15,0.0
12/17/06 23:20,0.0
12/17/06 23:25,0.0
12/17/06 23:30,0.0
12/17/06 23:35,0.0
12/17/06 23:40,0.0
12/17/06 23:45,0.0
12/17/06 23:50,0.0
12/17/06 23:55,0.0
12/18/06 00:00,0.0
12/18/06 00:05,0.0
12/18/06 00:10,0.0
12/18/06 00:15,0.0
12/18/06 00:20,0.0
12/18/06 00:25,0.0
12/18/06 00:30,0.0
12/18/06 00:35,0.0
12/18/06 00:40,0.0
12/18/06 00:45,0.0
12/18/06 00:50,0.0
12/18/06 00:55,0.0
12/18/06 01:00,0.0
12/18/06 01:05,0.0
12/18/06 01:10,0.0
12/18/06 01:15,0.0
12/18/06 01:20,0.0
12/18/06 01:25,0.0
12/18/06 01:30,0.0
12/18/06 01:35,0.0
12/18/06 01:40,0.0
12/18/06 01:45,0.0
12/18/06 01:50,0.0
12/18/06 01:55,0.0
12/18/06 02:00,0.0
12/18/06 02:05,0.0
12/18/06 02:10,0.0
12/18/06 02:15,0.0
12/18/06 02:20,0.0
12/18/06 02:25,0.0
12/18/06 02:30,0.0
12/18/06 02:35,0.0
12/18/06 02:40,0.0
12/18/06 02:45,0.0
12/18/06 02:50,0.0
12/18/06 02:55,0.0
12/18/06 03:00,0.0
12/18/06 03:05,0.0
12/18/06 03:10,0.0
12/18/06 03:15,0.0
12/18/06 03:20,0.0
12/18/06 03:25,0.0
12/18/06 03:30,0.0
12/18/06 03:35,0.0
12/18/06 03:40,0.0
12/18/06 03:45,0.0
12/18/06 03:50,0.0
12/18/06 03:55,0.0
12/18/06 04:00,0.0
12/18/06 04:05,0.0
12/18/06 04:10,0.0
12/18/06 04:15,0.0
12/18/06 04:20,0.0
12/18/06 04:25,0.0
12/18/06 04:30,0.0
12/18/06 04:35,0.0
12/18/06 04:40,0.0
12/18/06 04:45,0.0
12/18/06 04:50,0.0
12/18/06 04:55,0.0
12/18/06 05:00,0.0
12/18/06 05:05,0.0
12/18/06 05:10,0.0
12/18/06 05:15,0.0
12/18/06 05:20,0.0
12/18/06 05:25,0.0
12/18/06 05:30,0.0
12/18/06 05:35,0.0
12/18/06 05:40,0.0
12/18/06 05:45,0.0
12/18/06 05:50,0.0
12/18/06 05:55,0.0
12/18/06 06:00,0.0
12/18/06 06:05,0.0
12/18/06 06:10,0.0
12/18/06 06:15,0.0
12/18/06 06:20,0.0
12/18/06 06:25,0.0
12/18/06 06:30,0.0
12/18/06 06:35,0.0
12/18/06 06:40,0.0
12/18/06 06:45,0.0
12/18/06 06:50,0.0
12/18/06 06:55,0.0
12/18/06 07:00,0.0
12/18/06 07:05,0.0
12/18/06 07:10,0.0
12/18/06 07:15,0.1
12/18/06 07:20,0.2
12/18/06 07:25,0.7
12/18/06 07:30,2.0
12/18/06 07:35,3.6
12/18/06 07:40,4.1
12/18/06 07:45,4.3
12/18/06 07:50,4.6
12/18/06 07:55,4.3
12/18/06 08:00,4.2
12/18/06 08:05,5.5
12/18/06 08:10,6.8
12/18/06 08:15,7.2
12/18/06 08:20,7.2
12/18/06 08:25,6.9
12/18/06 08:30,6.8
12/18/06 08:35,6.5
12/18/06 08:40,6.0
12/18/06 08:45,5.6
12/18/06 08:50,5.3
12/18/06 08:55,5.0
12/18/06 09:00,4.6
12/18/06 09:05,4.4
12/18/06 09:10,4.3
12/18/06 09:15,4.4
12/18/06 09:20,4.8
12/18/06 09:25,5.2
12/18/06 09:30,5.4
12/18/06 09:35,6.1
12/18/06 09:40,6.4
12/18/06 09:45,6.6
12/18/06 09:50,6.9
12/18/06 09:55,7.3
12/18/06 10:00,7.8
12/18/06 10:05,8.0
12/18/06 10:10,8.2
12/18/06 10:15,8.4
12/18/06 10:20,8.9
12/18/06 10:25,10.0
12/18/06 10:30,11.0
12/18/06 10:35,12.3
12/18/06 10:40,13.2
12/18/06 10:45,14.3
12/18/06 10:50,15.3
12/18/06 10:55,16.7
12/18/06 11:00,18.0
12/18/06 11:05,19.1
12/18/06 11:10,20.2
12/18/06 11:15,20.7
12/18/06 11:20,20.9
12/18/06 11:25,21.2
12/18/06 11:30,21.4
12/18/06 11:35,21.6
12/18/06 11:40,21.8
12/18/06 11:45,22.0
12/18/06 11:50,22.0
12/18/06 11:55,22.0
12/18/06 12:00,22.1
12/18/06 12:05,22.0
12/18/06 12:10,22.1
12/18/06 12:15,21.7
12/18/06 12:20,21.2
12/18/06 12:25,20.9
12/18/06 12:30,20.6
12/18/06 12:35,20.3
12/18/06 12:40,20.1
12/18/06 12:45,19.9
12/18/06 12:50,19.8
12/18/06 12:55,19.6
12/18/06 13:00,19.4
12/18/06 13:05,19.2
12/18/06 13:10,19.0
12/18/06 13:15,18.8
12/18/06 13:20,18.5
12/18/06 13:25,18.1
12/18/06 13:30,17.8
12/18/06 13:35,17.6
12/18/06 13:40,17.1
12/18/06 13:45,16.7
12/18/06 13:50,16.4
12/18/06 13:55,16.1
12/18/06 14:00,15.3
12/18/06 14:05,15.5
12/18/06 14:10,15.5
12/18/06 14:15,15.4
12/18/06 14:20,15.2
12/18/06 14:25,15.0
12/18/06 14:30,14.8
12/18/06 14:35,14.5
12/18/06 14:40,14.2
12/18/06 14:45,13.8
12/18/06 14:50,13.5
12/18/06 14:55,13.0
12/18/06 15:00,12.5
12/18/06 15:05,11.8
12/18/06 15:10,11.2
12/18/06 15:15,10.4
12/18/06 15:20,9.4
12/18/06 15:25,8.0
12/18/06 15:30,7.3
12/18/06 15:35,6.7
12/18/06 15:40,6.1
12/18/06 15:45,5.4
12/18/06 15:50,4.9
12/18/06 15:55,4.4
12/18/06 16:00,4.0
12/18/06 16:05,3.4
12/18/06 16:10,1.9
12/18/06 16:15,0.9
12/18/06 16:20,0.3
12/18/06 16:25,0.0
12/18/06 16:30,0.0
12/18/06 16:35,0.0
12/18/06 16:40,0.0
12/18/06 16:45,0.0
12/18/06 16:50,0.0
12/18/06 16:55,0.0
12/18/06 17:00,0.0
12/18/06 17:05,0.0
12/18/06 17:10,0.0
12/18/06 17:15,0.0
12/18/06 17:20,0.0
12/18/06 17:25,0.0
12/18/06 17:30,0.0
12/18/06 17:35,0.0
12/18/06 17:40,0.0
12/18/06 17:45,0.0
12/18/06 17:50,0.0
12/18/06 17:55,0.0
12/18/06 18:00,0.0
12/18/06 18:05,0.0
12/18/06 18:10,0.0
12/18/06 18:15,0.0
12/18/06 18:20,0.0
12/18/06 18:25,0.0
12/18/06 18:30,0.0
12/18/06 18:35,0.0
12/18/06 18:40,0.0
12/18/06 18:45,0.0
12/18/06 18:50,0.0
12/18/06 18:55,0.0
12/18/06 19:00,0.0
12/18/06 19:05,0.0
12/18/06 19:10,0.0
12/18/06 19:15,0.0
12/18/06 19:20,0.0
12/18/06 19:25,0.0
12/18/06 19:30,0.0
12/18/06 19:35,0.0
12/18/06 19:40,0.0
12/18/06 19:45,0.0
12/18/06 19:50,0.0
12/18/06 19:55,0.0
12/18/06 20:00,0.0
12/18/06 20:05,0.0
12/18/06 20:10,0.0
12/18/06 20:15,0.0
12/18/06 20:20,0.0
12/18/06 20:25,0.0
12/18/06 20:30,0.0
12/18/06 20:35,0.0
12/18/06 20:40,0.0
12/18/06 20:45,0.0
12/18/06 20:50,0.0
12/18/06 20:55,0.0
12/18/06 21:00,0.0
12/18/06 21:05,0.0
12/18/06 21:10,0.0
12/18/06 21:15,0.0
12/18/06 21:20,0.0
12/18/06 21:25,0.0
12/18/06 21:30,0.0
12/18/06 21:35,0.0
12/18/06 21:40,0.0
12/18/06 21:45,0.0
12/18/06 21:50,0.0
12/18/06 21:55,0.0
12/18/06 22:00,0.0
12/18/06 22:05,0.0
12/18/06 22:10,0.0
12/18/06 22:15,0.0
12/18/06 22:20,0.0
12/18/06 22:25,0.0
12/18/06 22:30,0.0
12/18/06 22:35,0.0
12/18/06 22:40,0.0
12/18/06 22:45,0.0
12/18/06 22:50,0.0
12/18/06 22:55,0.0
12/18/06 23:00,0.0
12/18/06 23:05,0.0
12/18/06 23:10,0.0
12/18/06 23:15,0.0
12/18/06 23:20,0.0
12/18/06 23:25,0.0
12/18/06 23:30,0.0
12/18/06 23:35,0.0
12/18/06 23:40,0.0
12/18/06 23:45,0.0
12/18/06 23:50,0.0
12/18/06 23:55,0.0
12/19/06 00:00,0.0
12/19/06 00:05,0.0
12/19/06 00:10,0.0
12/19/06 00:15,0.0
12/19/06 00:20,0.0
12/19/06 00:25,0.0
12/19/06 00:30,0.0
12/19/06 00:35,0.0
12/19/06 00:40,0.0
12/19/06 00:45,0.0
12/19/06 00:50,0.0
12/19/06 00:55,0.0
12/19/06 01:00,0.0
12/19/06 01:05,0.0
12/19/06 01:10,0.0
12/19/06 01:15,0.0
12/19/06 01:20,0.0
12/19/06 01:25,0.0
12/19/06 01:30,0.0
12/19/06 01:35,0.0
12/19/06 01:40,0.0
12/19/06 01:45,0.0
12/19/06 01:50,0.0
12/19/06 01:55,0.0
12/19/06 02:00,0.0
12/19/06 02:05,0.0
12/19/06 02:10,0.0
12/19/06 02:15,0.0
12/19/06 02:20,0.0
12/19/06 02:25,0.0
12/19/06 02:30,0.0
12/19/06 02:35,0.0
12/19/06 02:40,0.0
12/19/06 02:45,0.0
12/19/06 02:50,0.0
12/19/06 02:55,0.0
12/19/06 03:00,0.0
12/19/06 03:05,0.0
12/19/06 03:10,0.0
12/19/06 03:15,0.0
12/19/06 03:20,0.0
12/19/06 03:25,0.0
12/19/06 03:30,0.0
12/19/06 03:35,0.0
12/19/06 03:40,0.0
12/19/06 03:45,0.0
12/19/06 03:50,0.0
12/19/06 03:55,0.0
12/19/06 04:00,0.0
12/19/06 04:05,0.0
12/19/06 04:10,0.0
12/19/06 04:15,0.0
12/19/06 04:20,0.0
12/19/06 04:25,0.0
12/19/06 04:30,0.0
12/19/06 04:35,0.0
12/19/06 04:40,0.0
12/19/06 04:45,0.0
12/19/06 04:50,0.0
12/19/06 04:55,0.0
12/19/06 05:00,0.0
12/19/06 05:05,0.0
12/19/06 05:10,0.0
12/19/06 05:15,0.0
12/19/06 05:20,0.0
12/19/06 05:25,0.0
12/19/06 05:30,0.0
12/19/06 05:35,0.0
12/19/06 05:40,0.0
12/19/06 05:45,0.0
12/19/06 05:50,0.0
12/19/06 05:55,0.0
12/19/06 06:00,0.0
12/19/06 06:05,0.0
12/19/06 06:10,0.0
12/19/06 06:15,0.0
12/19/06 06:20,0.0
12/19/06 06:25,0.0
12/19/06 06:30,0.0
12/19/06 06:35,0.0
12/19/06 06:40,0.0
12/19/06 06:45,0.0
12/19/06 06:50,0.0
12/19/06 06:55,0.0
12/19/06 07:00,0.0
12/19/06 07:05,0.0
12/19/06 07:10,0.0
12/19/06 07:15,0.1
12/19/06 07:20,0.5
12/19/06 07:25,1.5
12/19/06 07:30,3.2
12/19/06 07:35,4.0
12/19/06 07:40,4.6
12/19/06 07:45,5.0
12/19/06 07:50,5.4
12/19/06 07:55,5.7
12/19/06 08:00,6.0
12/19/06 08:05,6.3
12/19/06 08:10,6.5
12/19/06 08:15,7.6
12/19/06 08:20,8.8
12/19/06 08:25,9.7
12/19/06 08:30,10.6
12/19/06 08:35,11.3
12/19/06 08:40,12.0
12/19/06 08:45,12.7
12/19/06 08:50,13.4
12/19/06 08:55,14.0
12/19/06 09:00,14.5
12/19/06 09:05,15.1
12/19/06 09:10,15.7
12/19/06 09:15,16.0
12/19/06 09:20,16.3
12/19/06 09:25,16.7
12/19/06 09:30,17.2
12/19/06 09:35,17.4
12/19/06 09:40,17.6
12/19/06 09:45,18.0
12/19/06 09:50,17.8
12/19/06 09:55,17.7
12/19/06 10:00,18.4
12/19/06 10:05,18.7
12/19/06 10:10,18.1
12/19/06 10:15,18.9
12/19/06 10:20,19.8
12/19/06 10:25,20.5
12/19/06 10:30,20.8
12/19/06 10:35,21.1
12/19/06 10:40,21.3
12/19/06 10:45,21.3
12/19/06 10:50,21.5
12/19/06 10:55,21.8
12/19/06 11:00,21.8
12/19/06 11:05,21.8
12/19/06 11:10,21.9
12/19/06 11:15,22.1
12/19/06 11:20,22.3
12/19/06 11:25,22.3
12/19/06 11:30,22.3
12/19/06 11:35,22.3
12/19/06 11:40,22.3
12/19/06 11:45,22.3
12/19/06 11:50,22.2
12/19/06 11:55,22.0
12/19/06 12:00,21.9
12/19/06 12:05,21.7
12/19/06 12:10,21.7
12/19/06 12:15,21.9
12/19/06 12:20,22.0
12/19/06 12:25,22.2
12/19/06 12:30,22.1
12/19/06 12:35,21.9
12/19/06 12:40,21.6
12/19/06 12:45,21.4
12/19/06 12:50,21.1
12/19/06 12:55,20.9
12/19/06 13:00,20.7
12/19/06 13:05,20.4
12/19/06 13:10,20.1
12/19/06 13:15,19.9
12/19/06 13:20,19.8
12/19/06 13:25,19.6
12/19/06 13:30,19.3
12/19/06 13:35,19.0
12/19/06 13:40,18.7
12/19/06 13:45,18.3
12/19/06 13:50,17.8
12/19/06 13:55,17.1
12/19/06 14:00,16.6
12/19/06 14:05,16.2
12/19/06 14:10,15.8
12/19/06 14:15,15.5
12/19/06 14:20,14.8
12/19/06 14:25,14.0
12/19/06 14:30,13.4
12/19/06 14:35,12.9
12/19/06 14:40,12.4
12/19/06 14:45,12.1
12/19/06 14:50,12.0
12/19/06 14:55,11.6
12/19/06 15:00,11.3
12/19/06 15:05,11.0
12/19/06 15:10,10.4
12/19/06 15:15,9.9
12/19/06 15:20,9.4
12/19/06 15:25,8.8
12/19/06 15:30,8.2
12/19/06 15:35,7.6
12/19/06 15:40,7.0
12/19/06 15:45,6.3
12/19/06 15:50,5.6
12/19/06 15:55,5.0
12/19/06 16:00,4.4
12/19/06 16:05,3.8
12/19/06 16:10,2.5
12/19/06 16:15,1.2
12/19/06 16:20,0.4
12/19/06 16:25,0.1
12/19/06 16:30,0.0
12/19/06 16:35,0.0
12/19/06 16:40,0.0
12/19/06 16:45,0.0
12/19/06 16:50,0.0
12/19/06 16:55,0.0
12/19/06 17:00,0.0
12/19/06 17:05,0.0
12/19/06 17:10,0.0
12/19/06 17:15,0.0
12/19/06 17:20,0.0
12/19/06 17:25,0.0
12/19/06 17:30,0.0
12/19/06 17:35,0.0
12/19/06 17:40,0.0
12/19/06 17:45,0.0
12/19/06 17:50,0.0
12/19/06 17:55,0.0
12/19/06 18:00,0.0
12/19/06 18:05,0.0
12/19/06 18:10,0.0
12/19/06 18:15,0.0
12/19/06 18:20,0.0
12/19/06 18:25,0.0
12/19/06 18:30,0.0
12/19/06 18:35,0.0
12/19/06 18:40,0.0
12/19/06 18:45,0.0
12/19/06 18:50,0.0
12/19/06 18:55,0.0
12/19/06 19:00,0.0
12/19/06 19:05,0.0
12/19/06 19:10,0.0
12/19/06 19:15,0.0
12/19/06 19:20,0.0
12/19/06 19:25,0.0
12/19/06 19:30,0.0
12/19/06 19:35,0.0
12/19/06 19:40,0.0
12/19/06 19:45,0.0
12/19/06 19:50,0.0
12/19/06 19:55,0.0
12/19/06 20:00,0.0
12/19/06 20:05,0.0
12/19/06 20:10,0.0
12/19/06 20:15,0.0
12/19/06 20:20,0.0
12/19/06 20:25,0.0
12/19/06 20:30,0.0
12/19/06 20:35,0.0
12/19/06 20:40,0.0
12/19/06 20:45,0.0
12/19/06 20:50,0.0
12/19/06 20:55,0.0
12/19/06 21:00,0.0
12/19/06 21:05,0.0
12/19/06 21:10,0.0
12/19/06 21:15,0.0
12/19/06 21:20,0.0
12/19/06 21:25,0.0
12/19/06 21:30,0.0
12/19/06 21:35,0.0
12/19/06 21:40,0.0
12/19/06 21:45,0.0
12/19/06 21:50,0.0
12/19/06 21:55,0.0
12/19/06 22:00,0.0
12/19/06 22:05,0.0
12/19/06 22:10,0.0
12/19/06 22:15,0.0
12/19/06 22:20,0.0
12/19/06 22:25,0.0
12/19/06 22:30,0.0
12/19/06 22:35,0.0
12/19/06 22:40,0.0
12/19/06 22:45,0.0
12/19/06 22:50,0.0
12/19/06 22:55,0.0
12/19/06 23:00,0.0
12/19/06 23:05,0.0
12/19/06 23:10,0.0
12/19/06 23:15,0.0
12/19/06 23:20,0.0
12/19/06 23:25,0.0
12/19/06 23:30,0.0
12/19/06 23:35,0.0
12/19/06 23:40,0.0
12/19/06 23:45,0.0
12/19/06 23:50,0.0
12/19/06 23:55,0.0
12/20/06 00:00,0.0
12/20/06 00:05,0.0
12/20/06 00:10,0.0
12/20/06 00:15,0.0
12/20/06 00:20,0.0
12/20/06 00:25,0.0
12/20/06 00:30,0.0
12/20/06 00:35,0.0
12/20/06 00:40,0.0
12/20/06 00:45,0.0
12/20/06 00:50,0.0
12/20/06 00:55,0.0
12/20/06 01:00,0.0
12/20/06 01:05,0.0
12/20/06 01:10,0.0
12/20/06 01:15,0.0
12/20/06 01:20,0.0
12/20/06 01:25,0.0
12/20/06 01:30,0.0
12/20/06 01:35,0.0
12/20/06 01:40,0.0
12/20/06 01:45,0.0
12/20/06 01:50,0.0
12/20/06 01:55,0.0
12/20/06 02:00,0.0
12/20/06 02:05,0.0
12/20/06 02:10,0.0
12/20/06 02:15,0.0
12/20/06 02:20,0.0
12/20/06 02:25,0.0
12/20/06 02:30,0.0
12/20/06 02:35,0.0
12/20/06 02:40,0.0
12/20/06 02:45,0.0
12/20/06 02:50,0.0
12/20/06 02:55,0.0
12/20/06 03:00,0.0
12/20/06 03:05,0.0
12/20/06 03:10,0.0
12/20/06 03:15,0.0
12/20/06 03:20,0.0
12/20/06 03:25,0.0
12/20/06 03:30,0.0
12/20/06 03:35,0.0
12/20/06 03:40,0.0
12/20/06 03:45,0.0
12/20/06 03:50,0.0
12/20/06 03:55,0.0
12/20/06 04:00,0.0
12/20/06 04:05,0.0
12/20/06 04:10,0.0
12/20/06 04:15,0.0
12/20/06 04:20,0.0
12/20/06 04:25,0.0
12/20/06 04:30,0.0
12/20/06 04:35,0.0
12/20/06 04:40,0.0
12/20/06 04:45,0.0
12/20/06 04:50,0.0
12/20/06 04:55,0.0
12/20/06 05:00,0.0
12/20/06 05:05,0.0
12/20/06 05:10,0.0
12/20/06 05:15,0.0
12/20/06 05:20,0.0
12/20/06 05:25,0.0
12/20/06 05:30,0.0
12/20/06 05:35,0.0
12/20/06 05:40,0.0
12/20/06 05:45,0.0
12/20/06 05:50,0.0
12/20/06 05:55,0.0
12/20/06 06:00,0.0
12/20/06 06:05,0.0
12/20/06 06:10,0.0
12/20/06 06:15,0.0
12/20/06 06:20,0.0
12/20/06 06:25,0.0
12/20/06 06:30,0.0
12/20/06 06:35,0.0
12/20/06 06:40,0.0
12/20/06 06:45,0.0
12/20/06 06:50,0.0
12/20/06 06:55,0.0
12/20/06 07:00,0.0
12/20/06 07:05,0.0
12/20/06 07:10,0.0
12/20/06 07:15,0.1
12/20/06 07:20,0.1
12/20/06 07:25,0.2
12/20/06 07:30,0.4
12/20/06 07:35,0.7
12/20/06 07:40,1.0
12/20/06 07:45,1.2
12/20/06 07:50,1.7
12/20/06 07:55,2.2
12/20/06 08:00,2.1
12/20/06 08:05,2.4
12/20/06 08:10,2.9
12/20/06 08:15,3.8
12/20/06 08:20,4.0
12/20/06 08:25,3.9
12/20/06 08:30,3.7
12/20/06 08:35,3.1
12/20/06 08:40,2.7
12/20/06 08:45,2.1
12/20/06 08:50,1.6
12/20/06 08:55,1.1
12/20/06 09:00,0.7
12/20/06 09:05,0.3
12/20/06 09:10,0.2
12/20/06 09:15,0.8
12/20/06 09:20,4.0
12/20/06 09:25,6.6
12/20/06 09:30,10.0
12/20/06 09:35,10.8
12/20/06 09:40,10.9
12/20/06 09:45,11.4
12/20/06 09:50,9.2
12/20/06 09:55,7.9
12/20/06 10:00,7.3
12/20/06 10:05,6.6
12/20/06 10:10,7.7
12/20/06 10:15,9.1
12/20/06 10:20,12.1
12/20/06 10:25,15.3
12/20/06 10:30,17.0
12/20/06 10:35,16.7
12/20/06 10:40,15.1
12/20/06 10:45,15.5
12/20/06 10:50,17.2
12/20/06 10:55,18.6
12/20/06 11:00,19.8
12/20/06 11:05,20.3
12/20/06 11:10,20.5
12/20/06 11:15,20.5
12/20/06 11:20,20.7
12/20/06 11:25,20.6
12/20/06 11:30,20.3
12/20/06 11:35,19.4
12/20/06 11:40,18.2
12/20/06 11:45,17.3
12/20/06 11:50,17.0
12/20/06 11:55,17.2
12/20/06 12:00,17.3
12/20/06 12:05,17.3
12/20/06 12:10,17.6
12/20/06 12:15,18.2
12/20/06 12:20,18.5
12/20/06 12:25,18.7
12/20/06 12:30,19.3
12/20/06 12:35,19.7
12/20/06 12:40,19.7
12/20/06 12:45,19.8
12/20/06 12:50,19.8
12/20/06 12:55,19.7
12/20/06 13:00,19.7
12/20/06 13:05,19.7
12/20/06 13:10,19.7
12/20/06 13:15,18.8
12/20/06 13:20,18.7
12/20/06 13:25,18.9
12/20/06 13:30,19.3
12/20/06 13:35,19.3
12/20/06 13:40,19.3
12/20/06 13:45,19.3
12/20/06 13:50,18.8
12/20/06 13:55,18.2
12/20/06 14:00,17.9
12/20/06 14:05,17.9
12/20/06 14:10,17.9
12/20/06 14:15,16.3
12/20/06 14:20,14.1
12/20/06 14:25,13.2
12/20/06 14:30,12.5
12/20/06 14:35,12.3
12/20/06 14:40,11.7
12/20/06 14:45,10.1
12/20/06 14:50,7.7
12/20/06 14:55,7.7
12/20/06 15:00,8.3
12/20/06 15:05,8.4
12/20/06 15:10,8.0
12/20/06 15:15,7.6
12/20/06 15:20,7.6
12/20/06 15:25,7.1
12/20/06 15:30,6.3
12/20/06 15:35,5.6
12/20/06 15:40,4.7
12/20/06 15:45,3.8
12/20/06 15:50,1.9
12/20/06 15:55,0.7
12/20/06 16:00,0.3
12/20/06 16:05,0.1
12/20/06 16:10,0.1
12/20/06 16:15,0.0
12/20/06 16:20,0.0
12/20/06 16:25,0.0
12/20/06 16:30,0.0
12/20/06 16:35,0.0
12/20/06 16:40,0.0
12/20/06 16:45,0.0
12/20/06 16:50,0.0
12/20/06 16:55,0.0
12/20/06 17:00,0.0
12/20/06 17:05,0.0
12/20/06 17:10,0.0
12/20/06 17:15,0.0
12/20/06 17:20,0.0
12/20/06 17:25,0.0
12/20/06 17:30,0.0
12/20/06 17:35,0.0
12/20/06 17:40,0.0
12/20/06 17:45,0.0
12/20/06 17:50,0.0
12/20/06 17:55,0.0
12/20/06 18:00,0.0
12/20/06 18:05,0.0
12/20/06 18:10,0.0
12/20/06 18:15,0.0
12/20/06 18:20,0.0
12/20/06 18:25,0.0
12/20/06 18:30,0.0
12/20/06 18:35,0.0
12/20/06 18:40,0.0
12/20/06 18:45,0.0
12/20/06 18:50,0.0
12/20/06 18:55,0.0
12/20/06 19:00,0.0
12/20/06 19:05,0.0
12/20/06 19:10,0.0
12/20/06 19:15,0.0
12/20/06 19:20,0.0
12/20/06 19:25,0.0
12/20/06 19:30,0.0
12/20/06 19:35,0.0
12/20/06 19:40,0.0
12/20/06 19:45,0.0
12/20/06 19:50,0.0
12/20/06 19:55,0.0
12/20/06 20:00,0.0
12/20/06 20:05,0.0
12/20/06 20:10,0.0
12/20/06 20:15,0.0
12/20/06 20:20,0.0
12/20/06 20:25,0.0
12/20/06 20:30,0.0
12/20/06 20:35,0.0
12/20/06 20:40,0.0
12/20/06 20:45,0.0
12/20/06 20:50,0.0
12/20/06 20:55,0.0
12/20/06 21:00,0.0
12/20/06 21:05,0.0
12/20/06 21:10,0.0
12/20/06 21:15,0.0
12/20/06 21:20,0.0
12/20/06 21:25,0.0
12/20/06 21:30,0.0
12/20/06 21:35,0.0
12/20/06 21:40,0.0
12/20/06 21:45,0.0
12/20/06 21:50,0.0
12/20/06 21:55,0.0
12/20/06 22:00,0.0
12/20/06 22:05,0.0
12/20/06 22:10,0.0
12/20/06 22:15,0.0
12/20/06 22:20,0.0
12/20/06 22:25,0.0
12/20/06 22:30,0.0
12/20/06 22:35,0.0
12/20/06 22:40,0.0
12/20/06 22:45,0.0
12/20/06 22:50,0.0
12/20/06 22:55,0.0
12/20/06 23:00,0.0
12/20/06 23:05,0.0
12/20/06 23:10,0.0
12/20/06 23:15,0.0
12/20/06 23:20,0.0
12/20/06 23:25,0.0
12/20/06 23:30,0.0
12/20/06 23:35,0.0
12/20/06 23:40,0.0
12/20/06 23:45,0.0
12/20/06 23:50,0.0
12/20/06 23:55,0.0
12/21/06 00:00,0.0
12/21/06 00:05,0.0
12/21/06 00:10,0.0
12/21/06 00:15,0.0
12/21/06 00:20,0.0
12/21/06 00:25,0.0
12/21/06 00:30,0.0
12/21/06 00:35,0.0
12/21/06 00:40,0.0
12/21/06 00:45,0.0
12/21/06 00:50,0.0
12/21/06 00:55,0.0
12/21/06 01:00,0.0
12/21/06 01:05,0.0
12/21/06 01:10,0.0
12/21/06 01:15,0.0
12/21/06 01:20,0.0
12/21/06 01:25,0.0
12/21/06 01:30,0.0
12/21/06 01:35,0.0
12/21/06 01:40,0.0
12/21/06 01:45,0.0
12/21/06 01:50,0.0
12/21/06 01:55,0.0
12/21/06 02:00,0.0
12/21/06 02:05,0.0
12/21/06 02:10,0.0
12/21/06 02:15,0.0
12/21/06 02:20,0.0
12/21/06 02:25,0.0
12/21/06 02:30,0.0
12/21/06 02:35,0.0
12/21/06 02:40,0.0
12/21/06 02:45,0.0
12/21/06 02:50,0.0
12/21/06 02:55,0.0
12/21/06 03:00,0.0
12/21/06 03:05,0.0
12/21/06 03:10,0.0
12/21/06 03:15,0.0
12/21/06 03:20,0.0
12/21/06 03:25,0.0
12/21/06 03:30,0.0
12/21/06 03:35,0.0
12/21/06 03:40,0.0
12/21/06 03:45,0.0
12/21/06 03:50,0.0
12/21/06 03:55,0.0
12/21/06 04:00,0.0
12/21/06 04:05,0.0
12/21/06 04:10,0.0
12/21/06 04:15,0.0
12/21/06 04:20,0.0
12/21/06 04:25,0.0
12/21/06 04:30,0.0
12/21/06 04:35,0.0
12/21/06 04:40,0.0
12/21/06 04:45,0.0
12/21/06 04:50,0.0
12/21/06 04:55,0.0
12/21/06 05:00,0.0
12/21/06 05:05,0.0
12/21/06 05:10,0.0
12/21/06 05:15,0.0
12/21/06 05:20,0.0
12/21/06 05:25,0.0
12/21/06 05:30,0.0
12/21/06 05:35,0.0
12/21/06 05:40,0.0
12/21/06 05:45,0.0
12/21/06 05:50,0.0
12/21/06 05:55,0.0
12/21/06 06:00,0.0
12/21/06 06:05,0.0
12/21/06 06:10,0.0
12/21/06 06:15,0.0
12/21/06 06:20,0.0
12/21/06 06:25,0.0
12/21/06 06:30,0.0
12/21/06 06:35,0.0
12/21/06 06:40,0.0
12/21/06 06:45,0.0
12/21/06 06:50,0.0
12/21/06 06:55,0.0
12/21/06 07:00,0.0
12/21/06 07:05,0.0
12/21/06 07:10,0.0
12/21/06 07:15,0.0
12/21/06 07:20,0.0
12/21/06 07:25,0.3
12/21/06 07:30,0.9
12/21/06 07:35,2.6
12/21/06 07:40,4.0
12/21/06 07:45,4.7
12/21/06 07:50,5.3
12/21/06 07:55,5.9
12/21/06 08:00,6.4
12/21/06 08:05,7.0
12/21/06 08:10,7.6
12/21/06 08:15,8.0
12/21/06 08:20,8.1
12/21/06 08:25,8.2
12/21/06 08:30,8.1
12/21/06 08:35,8.0
12/21/06 08:40,7.7
12/21/06 08:45,7.3
12/21/06 08:50,6.6
12/21/06 08:55,6.1
12/21/06 09:00,5.6
12/21/06 09:05,4.8
12/21/06 09:10,4.2
12/21/06 09:15,3.5
12/21/06 09:20,2.5
12/21/06 09:25,1.9
12/21/06 09:30,0.7
12/21/06 09:35,0.2
12/21/06 09:40,0.1
12/21/06 09:45,0.1
12/21/06 09:50,0.1
12/21/06 09:55,0.0
12/21/06 10:00,0.0
12/21/06 10:05,0.2
12/21/06 10:10,0.6
12/21/06 10:15,0.9
12/21/06 10:20,1.1
12/21/06 10:25,1.1
12/21/06 10:30,1.1
12/21/06 10:35,1.3
12/21/06 10:40,1.5
12/21/06 10:45,1.9
12/21/06 10:50,2.0
12/21/06 10:55,2.1
12/21/06 11:00,2.1
12/21/06 11:05,2.2
12/21/06 11:10,2.2
12/21/06 11:15,2.1
12/21/06 11:20,1.9
12/21/06 11:25,2.0
12/21/06 11:30,2.2
12/21/06 11:35,2.7
12/21/06 11:40,3.7
12/21/06 11:45,3.8
12/21/06 11:50,4.0
12/21/06 11:55,4.4
12/21/06 12:00,4.6
12/21/06 12:05,4.8
12/21/06 12:10,5.1
12/21/06 12:15,4.9
12/21/06 12:20,4.7
12/21/06 12:25,4.6
12/21/06 12:30,4.3
12/21/06 12:35,4.2
12/21/06 12:40,4.2
12/21/06 12:45,4.2
12/21/06 12:50,4.0
12/21/06 12:55,3.8
12/21/06 13:00,3.0
12/21/06 13:05,2.3
12/21/06 13:10,2.0
12/21/06 13:15,1.8
12/21/06 13:20,1.9
12/21/06 13:25,1.8
12/21/06 13:30,1.8
12/21/06 13:35,2.0
12/21/06 13:40,2.0
12/21/06 13:45,1.8
12/21/06 13:50,1.6
12/21/06 13:55,2.0
12/21/06 14:00,2.3
12/21/06 14:05,2.3
12/21/06 14:10,2.2
12/21/06 14:15,1.6
12/21/06 14:20,0.9
12/21/06 14:25,0.8
12/21/06 14:30,0.6
12/21/06 14:35,0.5
12/21/06 14:40,0.4
12/21/06 14:45,0.4
12/21/06 14:50,0.3
12/21/06 14:55,0.3
12/21/06 15:00,0.4
12/21/06 15:05,0.3
12/21/06 15:10,0.2
12/21/06 15:15,0.1
12/21/06 15:20,0.1
12/21/06 15:25,0.2
12/21/06 15:30,0.1
12/21/06 15:35,0.1
12/21/06 15:40,0.1
12/21/06 15:45,0.1
12/21/06 15:50,0.1
12/21/06 15:55,0.1
12/21/06 16:00,0.3
12/21/06 16:05,0.3
12/21/06 16:10,0.3
12/21/06 16:15,0.1
12/21/06 16:20,0.0
12/21/06 16:25,0.0
12/21/06 16:30,0.0
12/21/06 16:35,0.0
12/21/06 16:40,0.0
12/21/06 16:45,0.0
12/21/06 16:50,0.0
12/21/06 16:55,0.0
12/21/06 17:00,0.0
12/21/06 17:05,0.0
12/21/06 17:10,0.0
12/21/06 17:15,0.0
12/21/06 17:20,0.0
12/21/06 17:25,0.0
12/21/06 17:30,0.0
12/21/06 17:35,0.0
12/21/06 17:40,0.0
12/21/06 17:45,0.0
12/21/06 17:50,0.0
12/21/06 17:55,0.0
12/21/06 18:00,0.0
12/21/06 18:05,0.0
12/21/06 18:10,0.0
12/21/06 18:15,0.0
12/21/06 18:20,0.0
12/21/06 18:25,0.0
12/21/06 18:30,0.0
12/21/06 18:35,0.0
12/21/06 18:40,0.0
12/21/06 18:45,0.0
12/21/06 18:50,0.0
12/21/06 18:55,0.0
12/21/06 19:00,0.0
12/21/06 19:05,0.0
12/21/06 19:10,0.0
12/21/06 19:15,0.0
12/21/06 19:20,0.0
12/21/06 19:25,0.0
12/21/06 19:30,0.0
12/21/06 19:35,0.0
12/21/06 19:40,0.0
12/21/06 19:45,0.0
12/21/06 19:50,0.0
12/21/06 19:55,0.0
12/21/06 20:00,0.0
12/21/06 20:05,0.0
12/21/06 20:10,0.0
12/21/06 20:15,0.0
12/21/06 20:20,0.0
12/21/06 20:25,0.0
12/21/06 20:30,0.0
12/21/06 20:35,0.0
12/21/06 20:40,0.0
12/21/06 20:45,0.0
12/21/06 20:50,0.0
12/21/06 20:55,0.0
12/21/06 21:00,0.0
12/21/06 21:05,0.0
12/21/06 21:10,0.0
12/21/06 21:15,0.0
12/21/06 21:20,0.0
12/21/06 21:25,0.0
12/21/06 21:30,0.0
12/21/06 21:35,0.0
12/21/06 21:40,0.0
12/21/06 21:45,0.0
12/21/06 21:50,0.0
12/21/06 21:55,0.0
12/21/06 22:00,0.0
12/21/06 22:05,0.0
12/21/06 22:10,0.0
12/21/06 22:15,0.0
12/21/06 22:20,0.0
12/21/06 22:25,0.0
12/21/06 22:30,0.0
12/21/06 22:35,0.0
12/21/06 22:40,0.0
12/21/06 22:45,0.0
12/21/06 22:50,0.0
12/21/06 22:55,0.0
12/21/06 23:00,0.0
12/21/06 23:05,0.0
12/21/06 23:10,0.0
12/21/06 23:15,0.0
12/21/06 23:20,0.0
12/21/06 23:25,0.0
12/21/06 23:30,0.0
12/21/06 23:35,0.0
12/21/06 23:40,0.0
12/21/06 23:45,0.0
12/21/06 23:50,0.0
12/21/06 23:55,0.0
12/22/06 00:00,0.0
12/22/06 00:05,0.0
12/22/06 00:10,0.0
12/22/06 00:15,0.0
12/22/06 00:20,0.0
12/22/06 00:25,0.0
12/22/06 00:30,0.0
12/22/06 00:35,0.0
12/22/06 00:40,0.0
12/22/06 00:45,0.0
12/22/06 00:50,0.0
12/22/06 00:55,0.0
12/22/06 01:00,0.0
12/22/06 01:05,0.0
12/22/06 01:10,0.0
12/22/06 01:15,0.0
12/22/06 01:20,0.0
12/22/06 01:25,0.0
12/22/06 01:30,0.0
12/22/06 01:35,0.0
12/22/06 01:40,0.0
12/22/06 01:45,0.0
12/22/06 01:50,0.0
12/22/06 01:55,0.0
12/22/06 02:00,0.0
12/22/06 02:05,0.0
12/22/06 02:10,0.0
12/22/06 02:15,0.0
12/22/06 02:20,0.0
12/22/06 02:25,0.0
12/22/06 02:30,0.0
12/22/06 02:35,0.0
12/22/06 02:40,0.0
12/22/06 02:45,0.0
12/22/06 02:50,0.0
12/22/06 02:55,0.0
12/22/06 03:00,0.0
12/22/06 03:05,0.0
12/22/06 03:10,0.0
12/22/06 03:15,0.0
12/22/06 03:20,0.0
12/22/06 03:25,0.0
12/22/06 03:30,0.0
12/22/06 03:35,0.0
12/22/06 03:40,0.0
12/22/06 03:45,0.0
12/22/06 03:50,0.0
12/22/06 03:55,0.0
12/22/06 04:00,0.0
12/22/06 04:05,0.0
12/22/06 04:10,0.0
12/22/06 04:15,0.0
12/22/06 04:20,0.0
12/22/06 04:25,0.0
12/22/06 04:30,0.0
12/22/06 04:35,0.0
12/22/06 04:40,0.0
12/22/06 04:45,0.0
12/22/06 04:50,0.0
12/22/06 04:55,0.0
12/22/06 05:00,0.0
12/22/06 05:05,0.0
12/22/06 05:10,0.0
12/22/06 05:15,0.0
12/22/06 05:20,0.0
12/22/06 05:25,0.0
12/22/06 05:30,0.0
12/22/06 05:35,0.0
12/22/06 05:40,0.0
12/22/06 05:45,0.0
12/22/06 05:50,0.0
12/22/06 05:55,0.0
12/22/06 06:00,0.0
12/22/06 06:05,0.0
12/22/06 06:10,0.0
12/22/06 06:15,0.0
12/22/06 06:20,0.0
12/22/06 06:25,0.0
12/22/06 06:30,0.0
12/22/06 06:35,0.0
12/22/06 06:40,0.0
12/22/06 06:45,0.0
12/22/06 06:50,0.0
12/22/06 06:55,0.0
12/22/06 07:00,0.0
12/22/06 07:05,0.0
12/22/06 07:10,0.0
12/22/06 07:15,0.0
12/22/06 07:20,0.0
12/22/06 07:25,0.0
12/22/06 07:30,0.0
12/22/06 07:35,0.2
12/22/06 07:40,0.7
12/22/06 07:45,1.9
12/22/06 07:50,3.7
12/22/06 07:55,3.8
12/22/06 08:00,3.6
12/22/06 08:05,3.0
12/22/06 08:10,3.6
12/22/06 08:15,5.1
12/22/06 08:20,6.2
12/22/06 08:25,7.1
12/22/06 08:30,7.6
12/22/06 08:35,7.9
12/22/06 08:40,8.1
12/22/06 08:45,8.2
12/22/06 08:50,8.2
12/22/06 08:55,7.8
12/22/06 09:00,7.4
12/22/06 09:05,6.9
12/22/06 09:10,6.2
12/22/06 09:15,5.1
12/22/06 09:20,3.9
12/22/06 09:25,2.4
12/22/06 09:30,1.7
12/22/06 09:35,1.9
12/22/06 09:40,2.0
12/22/06 09:45,2.6
12/22/06 09:50,3.8
12/22/06 09:55,4.4
12/22/06 10:00,4.9
12/22/06 10:05,5.0
12/22/06 10:10,4.4
12/22/06 10:15,5.1
12/22/06 10:20,5.5
12/22/06 10:25,5.8
12/22/06 10:30,6.0
12/22/06 10:35,5.9
12/22/06 10:40,5.8
12/22/06 10:45,5.6
12/22/06 10:50,5.0
12/22/06 10:55,4.6
12/22/06 11:00,4.4
12/22/06 11:05,4.1
12/22/06 11:10,3.6
12/22/06 11:15,2.6
12/22/06 11:20,1.8
12/22/06 11:25,1.8
12/22/06 11:30,1.8
12/22/06 11:35,1.6
12/22/06 11:40,1.4
12/22/06 11:45,1.3
12/22/06 11:50,1.1
12/22/06 11:55,0.9
12/22/06 12:00,0.9
12/22/06 12:05,1.1
12/22/06 12:10,1.3
12/22/06 12:15,1.5
12/22/06 12:20,1.6
12/22/06 12:25,1.9
12/22/06 12:30,2.1
12/22/06 12:35,2.8
12/22/06 12:40,3.6
12/22/06 12:45,3.9
12/22/06 12:50,3.9
12/22/06 12:55,4.0
12/22/06 13:00,4.4
12/22/06 13:05,4.7
12/22/06 13:10,5.1
12/22/06 13:15,5.3
12/22/06 13:20,5.4
12/22/06 13:25,5.4
12/22/06 13:30,5.3
12/22/06 13:35,5.0
12/22/06 13:40,4.6
12/22/06 13:45,4.3
12/22/06 13:50,3.8
12/22/06 13:55,3.3
12/22/06 14:00,2.0
12/22/06 14:05,1.0
12/22/06 14:10,0.7
12/22/06 14:15,0.6
12/22/06 14:20,1.6
12/22/06 14:25,3.3
12/22/06 14:30,4.1
12/22/06 14:35,4.5
12/22/06 14:40,4.7
12/22/06 14:45,4.9
12/22/06 14:50,5.2
12/22/06 14:55,5.9
12/22/06 15:00,6.1
12/22/06 15:05,6.2
12/22/06 15:10,6.1
12/22/06 15:15,4.9
12/22/06 15:20,2.7
12/22/06 15:25,0.7
12/22/06 15:30,0.2
12/22/06 15:35,0.1
12/22/06 15:40,0.0
12/22/06 15:45,0.0
12/22/06 15:50,0.0
12/22/06 15:55,0.0
12/22/06 16:00,0.0
12/22/06 16:05,0.0
12/22/06 16:10,0.0
12/22/06 16:15,0.0
12/22/06 16:20,0.0
12/22/06 16:25,0.0
12/22/06 16:30,0.0
12/22/06 16:35,0.0
12/22/06 16:40,0.0
12/22/06 16:45,0.0
12/22/06 16:50,0.0
12/22/06 16:55,0.0
12/22/06 17:00,0.0
12/22/06 17:05,0.0
12/22/06 17:10,0.0
12/22/06 17:15,0.0
12/22/06 17:20,0.0
12/22/06 17:25,0.0
12/22/06 17:30,0.0
12/22/06 17:35,0.0
12/22/06 17:40,0.0
12/22/06 17:45,0.0
12/22/06 17:50,0.0
12/22/06 17:55,0.0
12/22/06 18:00,0.0
12/22/06 18:05,0.0
12/22/06 18:10,0.0
12/22/06 18:15,0.0
12/22/06 18:20,0.0
12/22/06 18:25,0.0
12/22/06 18:30,0.0
12/22/06 18:35,0.0
12/22/06 18:40,0.0
12/22/06 18:45,0.0
12/22/06 18:50,0.0
12/22/06 18:55,0.0
12/22/06 19:00,0.0
12/22/06 19:05,0.0
12/22/06 19:10,0.0
12/22/06 19:15,0.0
12/22/06 19:20,0.0
12/22/06 19:25,0.0
12/22/06 19:30,0.0
12/22/06 19:35,0.0
12/22/06 19:40,0.0
12/22/06 19:45,0.0
12/22/06 19:50,0.0
12/22/06 19:55,0.0
12/22/06 20:00,0.0
12/22/06 20:05,0.0
12/22/06 20:10,0.0
12/22/06 20:15,0.0
12/22/06 20:20,0.0
12/22/06 20:25,0.0
12/22/06 20:30,0.0
12/22/06 20:35,0.0
12/22/06 20:40,0.0
12/22/06 20:45,0.0
12/22/06 20:50,0.0
12/22/06 20:55,0.0
12/22/06 21:00,0.0
12/22/06 21:05,0.0
12/22/06 21:10,0.0
12/22/06 21:15,0.0
12/22/06 21:20,0.0
12/22/06 21:25,0.0
12/22/06 21:30,0.0
12/22/06 21:35,0.0
12/22/06 21:40,0.0
12/22/06 21:45,0.0
12/22/06 21:50,0.0
12/22/06 21:55,0.0
12/22/06 22:00,0.0
12/22/06 22:05,0.0
12/22/06 22:10,0.0
12/22/06 22:15,0.0
12/22/06 22:20,0.0
12/22/06 22:25,0.0
12/22/06 22:30,0.0
12/22/06 22:35,0.0
12/22/06 22:40,0.0
12/22/06 22:45,0.0
12/22/06 22:50,0.0
12/22/06 22:55,0.0
12/22/06 23:00,0.0
12/22/06 23:05,0.0
12/22/06 23:10,0.0
12/22/06 23:15,0.0
12/22/06 23:20,0.0
12/22/06 23:25,0.0
12/22/06 23:30,0.0
12/22/06 23:35,0.0
12/22/06 23:40,0.0
12/22/06 23:45,0.0
12/22/06 23:50,0.0
12/22/06 23:55,0.0
12/23/06 00:00,0.0
12/23/06 00:05,0.0
12/23/06 00:10,0.0
12/23/06 00:15,0.0
12/23/06 00:20,0.0
12/23/06 00:25,0.0
12/23/06 00:30,0.0
12/23/06 00:35,0.0
12/23/06 00:40,0.0
12/23/06 00:45,0.0
12/23/06 00:50,0.0
12/23/06 00:55,0.0
12/23/06 01:00,0.0
12/23/06 01:05,0.0
12/23/06 01:10,0.0
12/23/06 01:15,0.0
12/23/06 01:20,0.0
12/23/06 01:25,0.0
12/23/06 01:30,0.0
12/23/06 01:35,0.0
12/23/06 01:40,0.0
12/23/06 01:45,0.0
12/23/06 01:50,0.0
12/23/06 01:55,0.0
12/23/06 02:00,0.0
12/23/06 02:05,0.0
12/23/06 02:10,0.0
12/23/06 02:15,0.0
12/23/06 02:20,0.0
12/23/06 02:25,0.0
12/23/06 02:30,0.0
12/23/06 02:35,0.0
12/23/06 02:40,0.0
12/23/06 02:45,0.0
12/23/06 02:50,0.0
12/23/06 02:55,0.0
12/23/06 03:00,0.0
12/23/06 03:05,0.0
12/23/06 03:10,0.0
12/23/06 03:15,0.0
12/23/06 03:20,0.0
12/23/06 03:25,0.0
12/23/06 03:30,0.0
12/23/06 03:35,0.0
12/23/06 03:40,0.0
12/23/06 03:45,0.0
12/23/06 03:50,0.0
12/23/06 03:55,0.0
12/23/06 04:00,0.0
12/23/06 04:05,0.0
12/23/06 04:10,0.0
12/23/06 04:15,0.0
12/23/06 04:20,0.0
12/23/06 04:25,0.0
12/23/06 04:30,0.0
12/23/06 04:35,0.0
12/23/06 04:40,0.0
12/23/06 04:45,0.0
12/23/06 04:50,0.0
12/23/06 04:55,0.0
12/23/06 05:00,0.0
12/23/06 05:05,0.0
12/23/06 05:10,0.0
12/23/06 05:15,0.0
12/23/06 05:20,0.0
12/23/06 05:25,0.0
12/23/06 05:30,0.0
12/23/06 05:35,0.0
12/23/06 05:40,0.0
12/23/06 05:45,0.0
12/23/06 05:50,0.0
12/23/06 05:55,0.0
12/23/06 06:00,0.0
12/23/06 06:05,0.0
12/23/06 06:10,0.0
12/23/06 06:15,0.0
12/23/06 06:20,0.0
12/23/06 06:25,0.0
12/23/06 06:30,0.0
12/23/06 06:35,0.0
12/23/06 06:40,0.0
12/23/06 06:45,0.0
12/23/06 06:50,0.0
12/23/06 06:55,0.0
12/23/06 07:00,0.0
12/23/06 07:05,0.0
12/23/06 07:10,0.0
12/23/06 07:15,0.0
12/23/06 07:20,0.2
12/23/06 07:25,0.5
12/23/06 07:30,0.7
12/23/06 07:35,1.1
12/23/06 07:40,3.8
12/23/06 07:45,4.8
12/23/06 07:50,5.8
12/23/06 07:55,4.6
12/23/06 08:00,1.3
12/23/06 08:05,0.1
12/23/06 08:10,0.0
12/23/06 08:15,2.4
12/23/06 08:20,6.1
12/23/06 08:25,8.3
12/23/06 08:30,9.9
12/23/06 08:35,11.2
12/23/06 08:40,12.4
12/23/06 08:45,13.4
12/23/06 08:50,14.3
12/23/06 08:55,15.1
12/23/06 09:00,15.8
12/23/06 09:05,16.4
12/23/06 09:10,17.1
12/23/06 09:15,17.5
12/23/06 09:20,17.7
12/23/06 09:25,18.1
12/23/06 09:30,18.5
12/23/06 09:35,19.0
12/23/06 09:40,19.4
12/23/06 09:45,19.9
12/23/06 09:50,20.3
12/23/06 09:55,20.7
12/23/06 10:00,21.1
12/23/06 10:05,21.4
12/23/06 10:10,21.5
12/23/06 10:15,21.6
12/23/06 10:20,21.7
12/23/06 10:25,21.7
12/23/06 10:30,21.5
12/23/06 10:35,21.5
12/23/06 10:40,21.5
12/23/06 10:45,21.5
12/23/06 10:50,21.4
12/23/06 10:55,21.5
12/23/06 11:00,21.7
12/23/06 11:05,21.8
12/23/06 11:10,21.9
12/23/06 11:15,22.2
12/23/06 11:20,22.7
12/23/06 11:25,23.0
12/23/06 11:30,23.4
12/23/06 11:35,23.5
12/23/06 11:40,23.6
12/23/06 11:45,23.7
12/23/06 11:50,23.9
12/23/06 11:55,24.1
12/23/06 12:00,24.1
12/23/06 12:05,24.1
12/23/06 12:10,24.0
12/23/06 12:15,23.8
12/23/06 12:20,23.6
12/23/06 12:25,23.4
12/23/06 12:30,23.4
12/23/06 12:35,23.2
12/23/06 12:40,23.0
12/23/06 12:45,22.8
12/23/06 12:50,22.6
12/23/06 12:55,22.5
12/23/06 13:00,22.3
12/23/06 13:05,22.1
12/23/06 13:10,21.9
12/23/06 13:15,21.6
12/23/06 13:20,21.3
12/23/06 13:25,21.1
12/23/06 13:30,20.9
12/23/06 13:35,20.7
12/23/06 13:40,20.5
12/23/06 13:45,20.4
12/23/06 13:50,20.0
12/23/06 13:55,19.7
12/23/06 14:00,19.2
12/23/06 14:05,18.7
12/23/06 14:10,18.2
12/23/06 14:15,17.7
12/23/06 14:20,17.2
12/23/06 14:25,16.8
12/23/06 14:30,16.4
12/23/06 14:35,15.9
12/23/06 14:40,15.4
12/23/06 14:45,14.8
12/23/06 14:50,14.2
12/23/06 14:55,13.7
12/23/06 15:00,13.1
12/23/06 15:05,12.4
12/23/06 15:10,11.8
12/23/06 15:15,11.1
12/23/06 15:20,10.3
12/23/06 15:25,9.6
12/23/06 15:30,8.9
12/23/06 15:35,8.2
12/23/06 15:40,7.6
12/23/06 15:45,6.9
12/23/06 15:50,6.2
12/23/06 15:55,5.5
12/23/06 16:00,4.8
12/23/06 16:05,4.2
12/23/06 16:10,3.5
12/23/06 16:15,1.7
12/23/06 16:20,0.6
12/23/06 16:25,0.1
12/23/06 16:30,0.0
12/23/06 16:35,0.0
12/23/06 16:40,0.0
12/23/06 16:45,0.0
12/23/06 16:50,0.0
12/23/06 16:55,0.0
12/23/06 17:00,0.0
12/23/06 17:05,0.0
12/23/06 17:10,0.0
12/23/06 17:15,0.0
12/23/06 17:20,0.0
12/23/06 17:25,0.0
12/23/06 17:30,0.0
12/23/06 17:35,0.0
12/23/06 17:40,0.0
12/23/06 17:45,0.0
12/23/06 17:50,0.0
12/23/06 17:55,0.0
12/23/06 18:00,0.0
12/23/06 18:05,0.0
12/23/06 18:10,0.0
12/23/06 18:15,0.0
12/23/06 18:20,0.0
12/23/06 18:25,0.0
12/23/06 18:30,0.0
12/23/06 18:35,0.0
12/23/06 18:40,0.0
12/23/06 18:45,0.0
12/23/06 18:50,0.0
12/23/06 18:55,0.0
12/23/06 19:00,0.0
12/23/06 19:05,0.0
12/23/06 19:10,0.0
12/23/06 19:15,0.0
12/23/06 19:20,0.0
12/23/06 19:25,0.0
12/23/06 19:30,0.0
12/23/06 19:35,0.0
12/23/06 19:40,0.0
12/23/06 19:45,0.0
12/23/06 19:50,0.0
12/23/06 19:55,0.0
12/23/06 20:00,0.0
12/23/06 20:05,0.0
12/23/06 20:10,0.0
12/23/06 20:15,0.0
12/23/06 20:20,0.0
12/23/06 20:25,0.0
12/23/06 20:30,0.0
12/23/06 20:35,0.0
12/23/06 20:40,0.0
12/23/06 20:45,0.0
12/23/06 20:50,0.0
12/23/06 20:55,0.0
12/23/06 21:00,0.0
12/23/06 21:05,0.0
12/23/06 21:10,0.0
12/23/06 21:15,0.0
12/23/06 21:20,0.0
12/23/06 21:25,0.0
12/23/06 21:30,0.0
12/23/06 21:35,0.0
12/23/06 21:40,0.0
12/23/06 21:45,0.0
12/23/06 21:50,0.0
12/23/06 21:55,0.0
12/23/06 22:00,0.0
12/23/06 22:05,0.0
12/23/06 22:10,0.0
12/23/06 22:15,0.0
12/23/06 22:20,0.0
12/23/06 22:25,0.0
12/23/06 22:30,0.0
12/23/06 22:35,0.0
12/23/06 22:40,0.0
12/23/06 22:45,0.0
12/23/06 22:50,0.0
12/23/06 22:55,0.0
12/23/06 23:00,0.0
12/23/06 23:05,0.0
12/23/06 23:10,0.0
12/23/06 23:15,0.0
12/23/06 23:20,0.0
12/23/06 23:25,0.0
12/23/06 23:30,0.0
12/23/06 23:35,0.0
12/23/06 23:40,0.0
12/23/06 23:45,0.0
12/23/06 23:50,0.0
12/23/06 23:55,0.0
12/24/06 00:00,0.0
12/24/06 00:05,0.0
12/24/06 00:10,0.0
12/24/06 00:15,0.0
12/24/06 00:20,0.0
12/24/06 00:25,0.0
12/24/06 00:30,0.0
12/24/06 00:35,0.0
12/24/06 00:40,0.0
12/24/06 00:45,0.0
12/24/06 00:50,0.0
12/24/06 00:55,0.0
12/24/06 01:00,0.0
12/24/06 01:05,0.0
12/24/06 01:10,0.0
12/24/06 01:15,0.0
12/24/06 01:20,0.0
12/24/06 01:25,0.0
12/24/06 01:30,0.0
12/24/06 01:35,0.0
12/24/06 01:40,0.0
12/24/06 01:45,0.0
12/24/06 01:50,0.0
12/24/06 01:55,0.0
12/24/06 02:00,0.0
12/24/06 02:05,0.0
12/24/06 02:10,0.0
12/24/06 02:15,0.0
12/24/06 02:20,0.0
12/24/06 02:25,0.0
12/24/06 02:30,0.0
12/24/06 02:35,0.0
12/24/06 02:40,0.0
12/24/06 02:45,0.0
12/24/06 02:50,0.0
12/24/06 02:55,0.0
12/24/06 03:00,0.0
12/24/06 03:05,0.0
12/24/06 03:10,0.0
12/24/06 03:15,0.0
12/24/06 03:20,0.0
12/24/06 03:25,0.0
12/24/06 03:30,0.0
12/24/06 03:35,0.0
12/24/06 03:40,0.0
12/24/06 03:45,0.0
12/24/06 03:50,0.0
12/24/06 03:55,0.0
12/24/06 04:00,0.0
12/24/06 04:05,0.0
12/24/06 04:10,0.0
12/24/06 04:15,0.0
12/24/06 04:20,0.0
12/24/06 04:25,0.0
12/24/06 04:30,0.0
12/24/06 04:35,0.0
12/24/06 04:40,0.0
12/24/06 04:45,0.0
12/24/06 04:50,0.0
12/24/06 04:55,0.0
12/24/06 05:00,0.0
12/24/06 05:05,0.0
12/24/06 05:10,0.0
12/24/06 05:15,0.0
12/24/06 05:20,0.0
12/24/06 05:25,0.0
12/24/06 05:30,0.0
12/24/06 05:35,0.0
12/24/06 05:40,0.0
12/24/06 05:45,0.0
12/24/06 05:50,0.0
12/24/06 05:55,0.0
12/24/06 06:00,0.0
12/24/06 06:05,0.0
12/24/06 06:10,0.0
12/24/06 06:15,0.0
12/24/06 06:20,0.0
12/24/06 06:25,0.0
12/24/06 06:30,0.0
12/24/06 06:35,0.0
12/24/06 06:40,0.0
12/24/06 06:45,0.0
12/24/06 06:50,0.0
12/24/06 06:55,0.0
12/24/06 07:00,0.0
12/24/06 07:05,0.0
12/24/06 07:10,0.0
12/24/06 07:15,0.0
12/24/06 07:20,0.0
12/24/06 07:25,0.0
12/24/06 07:30,0.0
12/24/06 07:35,0.1
12/24/06 07:40,0.0
12/24/06 07:45,0.0
12/24/06 07:50,0.0
12/24/06 07:55,0.1
12/24/06 08:00,0.1
12/24/06 08:05,0.2
12/24/06 08:10,0.2
12/24/06 08:15,0.9
12/24/06 08:20,2.9
12/24/06 08:25,4.1
12/24/06 08:30,4.8
12/24/06 08:35,5.1
12/24/06 08:40,5.1
12/24/06 08:45,5.2
12/24/06 08:50,5.2
12/24/06 08:55,5.1
12/24/06 09:00,5.1
12/24/06 09:05,5.0
12/24/06 09:10,4.6
12/24/06 09:15,4.6
12/24/06 09:20,4.4
12/24/06 09:25,4.3
12/24/06 09:30,4.3
12/24/06 09:35,4.2
12/24/06 09:40,4.1
12/24/06 09:45,4.1
12/24/06 09:50,4.0
12/24/06 09:55,3.9
12/24/06 10:00,3.9
12/24/06 10:05,4.0
12/24/06 10:10,4.0
12/24/06 10:15,4.3
12/24/06 10:20,4.7
12/24/06 10:25,5.0
12/24/06 10:30,5.4
12/24/06 10:35,5.7
12/24/06 10:40,6.1
12/24/06 10:45,6.5
12/24/06 10:50,7.3
12/24/06 10:55,7.9
12/24/06 11:00,8.5
12/24/06 11:05,9.4
12/24/06 11:10,10.1
12/24/06 11:15,11.0
12/24/06 11:20,11.2
12/24/06 11:25,11.2
12/24/06 11:30,11.1
12/24/06 11:35,11.1
12/24/06 11:40,10.9
12/24/06 11:45,10.5
12/24/06 11:50,10.2
12/24/06 11:55,9.9
12/24/06 12:00,9.8
12/24/06 12:05,9.4
12/24/06 12:10,8.8
12/24/06 12:15,7.7
12/24/06 12:20,6.3
12/24/06 12:25,5.0
12/24/06 12:30,4.7
12/24/06 12:35,4.4
12/24/06 12:40,4.1
12/24/06 12:45,2.7
12/24/06 12:50,1.6
12/24/06 12:55,1.1
12/24/06 13:00,0.9
12/24/06 13:05,0.7
12/24/06 13:10,0.6
12/24/06 13:15,0.6
12/24/06 13:20,1.1
12/24/06 13:25,2.4
12/24/06 13:30,2.6
12/24/06 13:35,2.1
12/24/06 13:40,1.6
12/24/06 13:45,1.5
12/24/06 13:50,1.5
12/24/06 13:55,1.2
12/24/06 14:00,1.1
12/24/06 14:05,1.1
12/24/06 14:10,1.2
12/24/06 14:15,0.9
12/24/06 14:20,0.6
12/24/06 14:25,0.4
12/24/06 14:30,0.3
12/24/06 14:35,0.3
12/24/06 14:40,0.3
12/24/06 14:45,0.3
12/24/06 14:50,0.3
12/24/06 14:55,0.3
12/24/06 15:00,0.3
12/24/06 15:05,0.3
12/24/06 15:10,0.2
12/24/06 15:15,0.1
12/24/06 15:20,0.1
12/24/06 15:25,0.0
12/24/06 15:30,0.0
12/24/06 15:35,0.0
12/24/06 15:40,0.0
12/24/06 15:45,0.0
12/24/06 15:50,0.0
12/24/06 15:55,0.0
12/24/06 16:00,0.0
12/24/06 16:05,0.0
12/24/06 16:10,0.0
12/24/06 16:15,0.0
12/24/06 16:20,0.0
12/24/06 16:25,0.0
12/24/06 16:30,0.0
12/24/06 16:35,0.0
12/24/06 16:40,0.0
12/24/06 16:45,0.0
12/24/06 16:50,0.0
12/24/06 16:55,0.0
12/24/06 17:00,0.0
12/24/06 17:05,0.0
12/24/06 17:10,0.0
12/24/06 17:15,0.0
12/24/06 17:20,0.0
12/24/06 17:25,0.0
12/24/06 17:30,0.0
12/24/06 17:35,0.0
12/24/06 17:40,0.0
12/24/06 17:45,0.0
12/24/06 17:50,0.0
12/24/06 17:55,0.0
12/24/06 18:00,0.0
12/24/06 18:05,0.0
12/24/06 18:10,0.0
12/24/06 18:15,0.0
12/24/06 18:20,0.0
12/24/06 18:25,0.0
12/24/06 18:30,0.0
12/24/06 18:35,0.0
12/24/06 18:40,0.0
12/24/06 18:45,0.0
12/24/06 18:50,0.0
12/24/06 18:55,0.0
12/24/06 19:00,0.0
12/24/06 19:05,0.0
12/24/06 19:10,0.0
12/24/06 19:15,0.0
12/24/06 19:20,0.0
12/24/06 19:25,0.0
12/24/06 19:30,0.0
12/24/06 19:35,0.0
12/24/06 19:40,0.0
12/24/06 19:45,0.0
12/24/06 19:50,0.0
12/24/06 19:55,0.0
12/24/06 20:00,0.0
12/24/06 20:05,0.0
12/24/06 20:10,0.0
12/24/06 20:15,0.0
12/24/06 20:20,0.0
12/24/06 20:25,0.0
12/24/06 20:30,0.0
12/24/06 20:35,0.0
12/24/06 20:40,0.0
12/24/06 20:45,0.0
12/24/06 20:50,0.0
12/24/06 20:55,0.0
12/24/06 21:00,0.0
12/24/06 21:05,0.0
12/24/06 21:10,0.0
12/24/06 21:15,0.0
12/24/06 21:20,0.0
12/24/06 21:25,0.0
12/24/06 21:30,0.0
12/24/06 21:35,0.0
12/24/06 21:40,0.0
12/24/06 21:45,0.0
12/24/06 21:50,0.0
12/24/06 21:55,0.0
12/24/06 22:00,0.0
12/24/06 22:05,0.0
12/24/06 22:10,0.0
12/24/06 22:15,0.0
12/24/06 22:20,0.0
12/24/06 22:25,0.0
12/24/06 22:30,0.0
12/24/06 22:35,0.0
12/24/06 22:40,0.0
12/24/06 22:45,0.0
12/24/06 22:50,0.0
12/24/06 22:55,0.0
12/24/06 23:00,0.0
12/24/06 23:05,0.0
12/24/06 23:10,0.0
12/24/06 23:15,0.0
12/24/06 23:20,0.0
12/24/06 23:25,0.0
12/24/06 23:30,0.0
12/24/06 23:35,0.0
12/24/06 23:40,0.0
12/24/06 23:45,0.0
12/24/06 23:50,0.0
12/24/06 23:55,0.0
12/25/06 00:00,0.0
12/25/06 00:05,0.0
12/25/06 00:10,0.0
12/25/06 00:15,0.0
12/25/06 00:20,0.0
12/25/06 00:25,0.0
12/25/06 00:30,0.0
12/25/06 00:35,0.0
12/25/06 00:40,0.0
12/25/06 00:45,0.0
12/25/06 00:50,0.0
12/25/06 00:55,0.0
12/25/06 01:00,0.0
12/25/06 01:05,0.0
12/25/06 01:10,0.0
12/25/06 01:15,0.0
12/25/06 01:20,0.0
12/25/06 01:25,0.0
12/25/06 01:30,0.0
12/25/06 01:35,0.0
12/25/06 01:40,0.0
12/25/06 01:45,0.0
12/25/06 01:50,0.0
12/25/06 01:55,0.0
12/25/06 02:00,0.0
12/25/06 02:05,0.0
12/25/06 02:10,0.0
12/25/06 02:15,0.0
12/25/06 02:20,0.0
12/25/06 02:25,0.0
12/25/06 02:30,0.0
12/25/06 02:35,0.0
12/25/06 02:40,0.0
12/25/06 02:45,0.0
12/25/06 02:50,0.0
12/25/06 02:55,0.0
12/25/06 03:00,0.0
12/25/06 03:05,0.0
12/25/06 03:10,0.0
12/25/06 03:15,0.0
12/25/06 03:20,0.0
12/25/06 03:25,0.0
12/25/06 03:30,0.0
12/25/06 03:35,0.0
12/25/06 03:40,0.0
12/25/06 03:45,0.0
12/25/06 03:50,0.0
12/25/06 03:55,0.0
12/25/06 04:00,0.0
12/25/06 04:05,0.0
12/25/06 04:10,0.0
12/25/06 04:15,0.0
12/25/06 04:20,0.0
12/25/06 04:25,0.0
12/25/06 04:30,0.0
12/25/06 04:35,0.0
12/25/06 04:40,0.0
12/25/06 04:45,0.0
12/25/06 04:50,0.0
12/25/06 04:55,0.0
12/25/06 05:00,0.0
12/25/06 05:05,0.0
12/25/06 05:10,0.0
12/25/06 05:15,0.0
12/25/06 05:20,0.0
12/25/06 05:25,0.0
12/25/06 05:30,0.0
12/25/06 05:35,0.0
12/25/06 05:40,0.0
12/25/06 05:45,0.0
12/25/06 05:50,0.0
12/25/06 05:55,0.0
12/25/06 06:00,0.0
12/25/06 06:05,0.0
12/25/06 06:10,0.0
12/25/06 06:15,0.0
12/25/06 06:20,0.0
12/25/06 06:25,0.0
12/25/06 06:30,0.0
12/25/06 06:35,0.0
12/25/06 06:40,0.0
12/25/06 06:45,0.0
12/25/06 06:50,0.0
12/25/06 06:55,0.0
12/25/06 07:00,0.0
12/25/06 07:05,0.0
12/25/06 07:10,0.0
12/25/06 07:15,0.0
12/25/06 07:20,0.2
12/25/06 07:25,0.7
12/25/06 07:30,2.1
12/25/06 07:35,3.9
12/25/06 07:40,4.4
12/25/06 07:45,5.1
12/25/06 07:50,5.7
12/25/06 07:55,6.3
12/25/06 08:00,6.9
12/25/06 08:05,7.6
12/25/06 08:10,8.4
12/25/06 08:15,9.0
12/25/06 08:20,9.3
12/25/06 08:25,9.6
12/25/06 08:30,9.8
12/25/06 08:35,9.7
12/25/06 08:40,9.3
12/25/06 08:45,9.1
12/25/06 08:50,8.9
12/25/06 08:55,8.6
12/25/06 09:00,7.8
12/25/06 09:05,7.2
12/25/06 09:10,6.3
12/25/06 09:15,6.0
12/25/06 09:20,6.1
12/25/06 09:25,6.3
12/25/06 09:30,6.6
12/25/06 09:35,7.2
12/25/06 09:40,7.5
12/25/06 09:45,7.8
12/25/06 09:50,8.1
12/25/06 09:55,8.5
12/25/06 10:00,8.8
12/25/06 10:05,9.4
12/25/06 10:10,9.7
12/25/06 10:15,9.6
12/25/06 10:20,9.6
12/25/06 10:25,9.6
12/25/06 10:30,9.6
12/25/06 10:35,9.7
12/25/06 10:40,9.8
12/25/06 10:45,9.9
12/25/06 10:50,9.7
12/25/06 10:55,10.0
12/25/06 11:00,10.3
12/25/06 11:05,10.3
12/25/06 11:10,10.2
12/25/06 11:15,9.6
12/25/06 11:20,8.4
12/25/06 11:25,7.3
12/25/06 11:30,6.8
12/25/06 11:35,6.5
12/25/06 11:40,6.2
12/25/06 11:45,5.8
12/25/06 11:50,5.3
12/25/06 11:55,4.9
12/25/06 12:00,4.5
12/25/06 12:05,3.9
12/25/06 12:10,3.5
12/25/06 12:15,2.9
12/25/06 12:20,2.9
12/25/06 12:25,3.0
12/25/06 12:30,3.5
12/25/06 12:35,3.8
12/25/06 12:40,4.1
12/25/06 12:45,4.2
12/25/06 12:50,4.1
12/25/06 12:55,4.0
12/25/06 13:00,3.7
12/25/06 13:05,3.5
12/25/06 13:10,2.6
12/25/06 13:15,1.9
12/25/06 13:20,1.8
12/25/06 13:25,1.9
12/25/06 13:30,1.5
12/25/06 13:35,1.5
12/25/06 13:40,2.0
12/25/06 13:45,3.3
12/25/06 13:50,3.9
12/25/06 13:55,4.0
12/25/06 14:00,3.9
12/25/06 14:05,3.6
12/25/06 14:10,3.0
12/25/06 14:15,2.0
12/25/06 14:20,0.8
12/25/06 14:25,0.3
12/25/06 14:30,0.3
12/25/06 14:35,0.3
12/25/06 14:40,0.3
12/25/06 14:45,0.4
12/25/06 14:50,0.4
12/25/06 14:55,0.4
12/25/06 15:00,0.4
12/25/06 15:05,0.3
12/25/06 15:10,0.2
12/25/06 15:15,0.1
12/25/06 15:20,0.1
12/25/06 15:25,0.1
12/25/06 15:30,0.1
12/25/06 15:35,0.0
12/25/06 15:40,0.0
12/25/06 15:45,0.0
12/25/06 15:50,0.0
12/25/06 15:55,0.0
12/25/06 16:00,0.0
12/25/06 16:05,0.0
12/25/06 16:10,0.0
12/25/06 16:15,0.0
12/25/06 16:20,0.0
12/25/06 16:25,0.0
12/25/06 16:30,0.0
12/25/06 16:35,0.0
12/25/06 16:40,0.0
12/25/06 16:45,0.0
12/25/06 16:50,0.0
12/25/06 16:55,0.0
12/25/06 17:00,0.0
12/25/06 17:05,0.0
12/25/06 17:10,0.0
12/25/06 17:15,0.0
12/25/06 17:20,0.0
12/25/06 17:25,0.0
12/25/06 17:30,0.0
12/25/06 17:35,0.0
12/25/06 17:40,0.0
12/25/06 17:45,0.0
12/25/06 17:50,0.0
12/25/06 17:55,0.0
12/25/06 18:00,0.0
12/25/06 18:05,0.0
12/25/06 18:10,0.0
12/25/06 18:15,0.0
12/25/06 18:20,0.0
12/25/06 18:25,0.0
12/25/06 18:30,0.0
12/25/06 18:35,0.0
12/25/06 18:40,0.0
12/25/06 18:45,0.0
12/25/06 18:50,0.0
12/25/06 18:55,0.0
12/25/06 19:00,0.0
12/25/06 19:05,0.0
12/25/06 19:10,0.0
12/25/06 19:15,0.0
12/25/06 19:20,0.0
12/25/06 19:25,0.0
12/25/06 19:30,0.0
12/25/06 19:35,0.0
12/25/06 19:40,0.0
12/25/06 19:45,0.0
12/25/06 19:50,0.0
12/25/06 19:55,0.0
12/25/06 20:00,0.0
12/25/06 20:05,0.0
12/25/06 20:10,0.0
12/25/06 20:15,0.0
12/25/06 20:20,0.0
12/25/06 20:25,0.0
12/25/06 20:30,0.0
12/25/06 20:35,0.0
12/25/06 20:40,0.0
12/25/06 20:45,0.0
12/25/06 20:50,0.0
12/25/06 20:55,0.0
12/25/06 21:00,0.0
12/25/06 21:05,0.0
12/25/06 21:10,0.0
12/25/06 21:15,0.0
12/25/06 21:20,0.0
12/25/06 21:25,0.0
12/25/06 21:30,0.0
12/25/06 21:35,0.0
12/25/06 21:40,0.0
12/25/06 21:45,0.0
12/25/06 21:50,0.0
12/25/06 21:55,0.0
12/25/06 22:00,0.0
12/25/06 22:05,0.0
12/25/06 22:10,0.0
12/25/06 22:15,0.0
12/25/06 22:20,0.0
12/25/06 22:25,0.0
12/25/06 22:30,0.0
12/25/06 22:35,0.0
12/25/06 22:40,0.0
12/25/06 22:45,0.0
12/25/06 22:50,0.0
12/25/06 22:55,0.0
12/25/06 23:00,0.0
12/25/06 23:05,0.0
12/25/06 23:10,0.0
12/25/06 23:15,0.0
12/25/06 23:20,0.0
12/25/06 23:25,0.0
12/25/06 23:30,0.0
12/25/06 23:35,0.0
12/25/06 23:40,0.0
12/25/06 23:45,0.0
12/25/06 23:50,0.0
12/25/06 23:55,0.0
12/26/06 00:00,0.0
12/26/06 00:05,0.0
12/26/06 00:10,0.0
12/26/06 00:15,0.0
12/26/06 00:20,0.0
12/26/06 00:25,0.0
12/26/06 00:30,0.0
12/26/06 00:35,0.0
12/26/06 00:40,0.0
12/26/06 00:45,0.0
12/26/06 00:50,0.0
12/26/06 00:55,0.0
12/26/06 01:00,0.0
12/26/06 01:05,0.0
12/26/06 01:10,0.0
12/26/06 01:15,0.0
12/26/06 01:20,0.0
12/26/06 01:25,0.0
12/26/06 01:30,0.0
12/26/06 01:35,0.0
12/26/06 01:40,0.0
12/26/06 01:45,0.0
12/26/06 01:50,0.0
12/26/06 01:55,0.0
12/26/06 02:00,0.0
12/26/06 02:05,0.0
12/26/06 02:10,0.0
12/26/06 02:15,0.0
12/26/06 02:20,0.0
12/26/06 02:25,0.0
12/26/06 02:30,0.0
12/26/06 02:35,0.0
12/26/06 02:40,0.0
12/26/06 02:45,0.0
12/26/06 02:50,0.0
12/26/06 02:55,0.0
12/26/06 03:00,0.0
12/26/06 03:05,0.0
12/26/06 03:10,0.0
12/26/06 03:15,0.0
12/26/06 03:20,0.0
12/26/06 03:25,0.0
12/26/06 03:30,0.0
12/26/06 03:35,0.0
12/26/06 03:40,0.0
12/26/06 03:45,0.0
12/26/06 03:50,0.0
12/26/06 03:55,0.0
12/26/06 04:00,0.0
12/26/06 04:05,0.0
12/26/06 04:10,0.0
12/26/06 04:15,0.0
12/26/06 04:20,0.0
12/26/06 04:25,0.0
12/26/06 04:30,0.0
12/26/06 04:35,0.0
12/26/06 04:40,0.0
12/26/06 04:45,0.0
12/26/06 04:50,0.0
12/26/06 04:55,0.0
12/26/06 05:00,0.0
12/26/06 05:05,0.0
12/26/06 05:10,0.0
12/26/06 05:15,0.0
12/26/06 05:20,0.0
12/26/06 05:25,0.0
12/26/06 05:30,0.0
12/26/06 05:35,0.0
12/26/06 05:40,0.0
12/26/06 05:45,0.0
12/26/06 05:50,0.0
12/26/06 05:55,0.0
12/26/06 06:00,0.0
12/26/06 06:05,0.0
12/26/06 06:10,0.0
12/26/06 06:15,0.0
12/26/06 06:20,0.0
12/26/06 06:25,0.0
12/26/06 06:30,0.0
12/26/06 06:35,0.0
12/26/06 06:40,0.0
12/26/06 06:45,0.0
12/26/06 06:50,0.0
12/26/06 06:55,0.0
12/26/06 07:00,0.0
12/26/06 07:05,0.0
12/26/06 07:10,0.0
12/26/06 07:15,0.0
12/26/06 07:20,0.0
12/26/06 07:25,0.0
12/26/06 07:30,0.1
12/26/06 07:35,0.5
12/26/06 07:40,1.3
12/26/06 07:45,1.4
12/26/06 07:50,2.0
12/26/06 07:55,2.1
12/26/06 08:00,1.7
12/26/06 08:05,2.1
12/26/06 08:10,3.0
12/26/06 08:15,2.9
12/26/06 08:20,2.3
12/26/06 08:25,3.0
12/26/06 08:30,3.2
12/26/06 08:35,3.6
12/26/06 08:40,4.0
12/26/06 08:45,4.3
12/26/06 08:50,4.5
12/26/06 08:55,4.6
12/26/06 09:00,5.2
12/26/06 09:05,5.7
12/26/06 09:10,6.1
12/26/06 09:15,6.2
12/26/06 09:20,6.2
12/26/06 09:25,5.8
12/26/06 09:30,5.3
12/26/06 09:35,4.9
12/26/06 09:40,4.8
12/26/06 09:45,4.6
12/26/06 09:50,4.3
12/26/06 09:55,3.8
12/26/06 10:00,2.3
12/26/06 10:05,1.9
12/26/06 10:10,1.8
12/26/06 10:15,2.4
12/26/06 10:20,4.3
12/26/06 10:25,5.4
12/26/06 10:30,6.0
12/26/06 10:35,6.6
12/26/06 10:40,7.3
12/26/06 10:45,8.1
12/26/06 10:50,8.4
12/26/06 10:55,8.5
12/26/06 11:00,8.4
12/26/06 11:05,8.5
12/26/06 11:10,8.6
12/26/06 11:15,7.3
12/26/06 11:20,5.5
12/26/06 11:25,4.5
12/26/06 11:30,2.6
12/26/06 11:35,1.2
12/26/06 11:40,0.6
12/26/06 11:45,0.4
12/26/06 11:50,0.3
12/26/06 11:55,0.2
12/26/06 12:00,0.2
12/26/06 12:05,0.3
12/26/06 12:10,0.3
12/26/06 12:15,0.4
12/26/06 12:20,0.8
12/26/06 12:25,1.2
12/26/06 12:30,1.5
12/26/06 12:35,1.7
12/26/06 12:40,1.8
12/26/06 12:45,1.8
12/26/06 12:50,1.9
12/26/06 12:55,2.5
12/26/06 13:00,2.9
12/26/06 13:05,3.5
12/26/06 13:10,4.1
12/26/06 13:15,4.0
12/26/06 13:20,3.0
12/26/06 13:25,1.9
12/26/06 13:30,1.3
12/26/06 13:35,1.2
12/26/06 13:40,1.2
12/26/06 13:45,1.2
12/26/06 13:50,1.2
12/26/06 13:55,1.1
12/26/06 14:00,0.9
12/26/06 14:05,0.8
12/26/06 14:10,0.7
12/26/06 14:15,0.6
12/26/06 14:20,0.5
12/26/06 14:25,1.3
12/26/06 14:30,5.9
12/26/06 14:35,5.2
12/26/06 14:40,4.2
12/26/06 14:45,3.5
12/26/06 14:50,2.5
12/26/06 14:55,2.5
12/26/06 15:00,2.7
12/26/06 15:05,2.9
12/26/06 15:10,2.6
12/26/06 15:15,1.3
12/26/06 15:20,0.7
12/26/06 15:25,0.4
12/26/06 15:30,0.2
12/26/06 15:35,0.2
12/26/06 15:40,0.1
12/26/06 15:45,0.1
12/26/06 15:50,0.1
12/26/06 15:55,0.0
12/26/06 16:00,0.0
12/26/06 16:05,0.0
12/26/06 16:10,0.0
12/26/06 16:15,0.0
12/26/06 16:20,0.0
12/26/06 16:25,0.0
12/26/06 16:30,0.0
12/26/06 16:35,0.0
12/26/06 16:40,0.0
12/26/06 16:45,0.0
12/26/06 16:50,0.0
12/26/06 16:55,0.0
12/26/06 17:00,0.0
12/26/06 17:05,0.0
12/26/06 17:10,0.0
12/26/06 17:15,0.0
12/26/06 17:20,0.0
12/26/06 17:25,0.0
12/26/06 17:30,0.0
12/26/06 17:35,0.0
12/26/06 17:40,0.0
12/26/06 17:45,0.0
12/26/06 17:50,0.0
12/26/06 17:55,0.0
12/26/06 18:00,0.0
12/26/06 18:05,0.0
12/26/06 18:10,0.0
12/26/06 18:15,0.0
12/26/06 18:20,0.0
12/26/06 18:25,0.0
12/26/06 18:30,0.0
12/26/06 18:35,0.0
12/26/06 18:40,0.0
12/26/06 18:45,0.0
12/26/06 18:50,0.0
12/26/06 18:55,0.0
12/26/06 19:00,0.0
12/26/06 19:05,0.0
12/26/06 19:10,0.0
12/26/06 19:15,0.0
12/26/06 19:20,0.0
12/26/06 19:25,0.0
12/26/06 19:30,0.0
12/26/06 19:35,0.0
12/26/06 19:40,0.0
12/26/06 19:45,0.0
12/26/06 19:50,0.0
12/26/06 19:55,0.0
12/26/06 20:00,0.0
12/26/06 20:05,0.0
12/26/06 20:10,0.0
12/26/06 20:15,0.0
12/26/06 20:20,0.0
12/26/06 20:25,0.0
12/26/06 20:30,0.0
12/26/06 20:35,0.0
12/26/06 20:40,0.0
12/26/06 20:45,0.0
12/26/06 20:50,0.0
12/26/06 20:55,0.0
12/26/06 21:00,0.0
12/26/06 21:05,0.0
12/26/06 21:10,0.0
12/26/06 21:15,0.0
12/26/06 21:20,0.0
12/26/06 21:25,0.0
12/26/06 21:30,0.0
12/26/06 21:35,0.0
12/26/06 21:40,0.0
12/26/06 21:45,0.0
12/26/06 21:50,0.0
12/26/06 21:55,0.0
12/26/06 22:00,0.0
12/26/06 22:05,0.0
12/26/06 22:10,0.0
12/26/06 22:15,0.0
12/26/06 22:20,0.0
12/26/06 22:25,0.0
12/26/06 22:30,0.0
12/26/06 22:35,0.0
12/26/06 22:40,0.0
12/26/06 22:45,0.0
12/26/06 22:50,0.0
12/26/06 22:55,0.0
12/26/06 23:00,0.0
12/26/06 23:05,0.0
12/26/06 23:10,0.0
12/26/06 23:15,0.0
12/26/06 23:20,0.0
12/26/06 23:25,0.0
12/26/06 23:30,0.0
12/26/06 23:35,0.0
12/26/06 23:40,0.0
12/26/06 23:45,0.0
12/26/06 23:50,0.0
12/26/06 23:55,0.0
12/27/06 00:00,0.0
12/27/06 00:05,0.0
12/27/06 00:10,0.0
12/27/06 00:15,0.0
12/27/06 00:20,0.0
12/27/06 00:25,0.0
12/27/06 00:30,0.0
12/27/06 00:35,0.0
12/27/06 00:40,0.0
12/27/06 00:45,0.0
12/27/06 00:50,0.0
12/27/06 00:55,0.0
12/27/06 01:00,0.0
12/27/06 01:05,0.0
12/27/06 01:10,0.0
12/27/06 01:15,0.0
12/27/06 01:20,0.0
12/27/06 01:25,0.0
12/27/06 01:30,0.0
12/27/06 01:35,0.0
12/27/06 01:40,0.0
12/27/06 01:45,0.0
12/27/06 01:50,0.0
12/27/06 01:55,0.0
12/27/06 02:00,0.0
12/27/06 02:05,0.0
12/27/06 02:10,0.0
12/27/06 02:15,0.0
12/27/06 02:20,0.0
12/27/06 02:25,0.0
12/27/06 02:30,0.0
12/27/06 02:35,0.0
12/27/06 02:40,0.0
12/27/06 02:45,0.0
12/27/06 02:50,0.0
12/27/06 02:55,0.0
12/27/06 03:00,0.0
12/27/06 03:05,0.0
12/27/06 03:10,0.0
12/27/06 03:15,0.0
12/27/06 03:20,0.0
12/27/06 03:25,0.0
12/27/06 03:30,0.0
12/27/06 03:35,0.0
12/27/06 03:40,0.0
12/27/06 03:45,0.0
12/27/06 03:50,0.0
12/27/06 03:55,0.0
12/27/06 04:00,0.0
12/27/06 04:05,0.0
12/27/06 04:10,0.0
12/27/06 04:15,0.0
12/27/06 04:20,0.0
12/27/06 04:25,0.0
12/27/06 04:30,0.0
12/27/06 04:35,0.0
12/27/06 04:40,0.0
12/27/06 04:45,0.0
12/27/06 04:50,0.0
12/27/06 04:55,0.0
12/27/06 05:00,0.0
12/27/06 05:05,0.0
12/27/06 05:10,0.0
12/27/06 05:15,0.0
12/27/06 05:20,0.0
12/27/06 05:25,0.0
12/27/06 05:30,0.0
12/27/06 05:35,0.0
12/27/06 05:40,0.0
12/27/06 05:45,0.0
12/27/06 05:50,0.0
12/27/06 05:55,0.0
12/27/06 06:00,0.0
12/27/06 06:05,0.0
12/27/06 06:10,0.0
12/27/06 06:15,0.0
12/27/06 06:20,0.0
12/27/06 06:25,0.0
12/27/06 06:30,0.0
12/27/06 06:35,0.0
12/27/06 06:40,0.0
12/27/06 06:45,0.0
12/27/06 06:50,0.0
12/27/06 06:55,0.0
12/27/06 07:00,0.0
12/27/06 07:05,0.0
12/27/06 07:10,0.0
12/27/06 07:15,0.0
12/27/06 07:20,0.3
12/27/06 07:25,0.9
12/27/06 07:30,2.2
12/27/06 07:35,3.7
12/27/06 07:40,4.4
12/27/06 07:45,5.0
12/27/06 07:50,5.5
12/27/06 07:55,5.8
12/27/06 08:00,6.1
12/27/06 08:05,6.6
12/27/06 08:10,7.1
12/27/06 08:15,8.1
12/27/06 08:20,9.4
12/27/06 08:25,10.4
12/27/06 08:30,11.4
12/27/06 08:35,12.2
12/27/06 08:40,13.0
12/27/06 08:45,13.8
12/27/06 08:50,14.6
12/27/06 08:55,15.3
12/27/06 09:00,15.9
12/27/06 09:05,16.5
12/27/06 09:10,17.0
12/27/06 09:15,17.5
12/27/06 09:20,17.8
12/27/06 09:25,18.1
12/27/06 09:30,18.5
12/27/06 09:35,18.9
12/27/06 09:40,19.3
12/27/06 09:45,19.9
12/27/06 09:50,20.3
12/27/06 09:55,20.7
12/27/06 10:00,21.1
12/27/06 10:05,21.5
12/27/06 10:10,21.9
12/27/06 10:15,21.8
12/27/06 10:20,21.6
12/27/06 10:25,21.5
12/27/06 10:30,21.6
12/27/06 10:35,21.7
12/27/06 10:40,21.8
12/27/06 10:45,22.0
12/27/06 10:50,22.2
12/27/06 10:55,22.3
12/27/06 11:00,22.6
12/27/06 11:05,22.8
12/27/06 11:10,23.1
12/27/06 11:15,23.1
12/27/06 11:20,23.0
12/27/06 11:25,23.0
12/27/06 11:30,23.1
12/27/06 11:35,23.3
12/27/06 11:40,23.3
12/27/06 11:45,23.3
12/27/06 11:50,23.4
12/27/06 11:55,23.5
12/27/06 12:00,23.3
12/27/06 12:05,23.1
12/27/06 12:10,23.1
12/27/06 12:15,23.0
12/27/06 12:20,22.9
12/27/06 12:25,22.8
12/27/06 12:30,22.6
12/27/06 12:35,22.4
12/27/06 12:40,22.2
12/27/06 12:45,22.0
12/27/06 12:50,21.9
12/27/06 12:55,21.7
12/27/06 13:00,21.6
12/27/06 13:05,21.6
12/27/06 13:10,21.6
12/27/06 13:15,21.6
12/27/06 13:20,21.3
12/27/06 13:25,21.0
12/27/06 13:30,20.9
12/27/06 13:35,20.7
12/27/06 13:40,20.4
12/27/06 13:45,20.0
12/27/06 13:50,19.7
12/27/06 13:55,19.3
12/27/06 14:00,18.7
12/27/06 14:05,18.1
12/27/06 14:10,17.5
12/27/06 14:15,17.2
12/27/06 14:20,17.1
12/27/06 14:25,16.9
12/27/06 14:30,16.5
12/27/06 14:35,16.0
12/27/06 14:40,15.6
12/27/06 14:45,15.1
12/27/06 14:50,14.6
12/27/06 14:55,14.2
12/27/06 15:00,13.7
12/27/06 15:05,13.1
12/27/06 15:10,12.4
12/27/06 15:15,11.7
12/27/06 15:20,11.0
12/27/06 15:25,10.3
12/27/06 15:30,9.6
12/27/06 15:35,8.8
12/27/06 15:40,8.1
12/27/06 15:45,7.4
12/27/06 15:50,6.7
12/27/06 15:55,6.0
12/27/06 16:00,5.3
12/27/06 16:05,4.7
12/27/06 16:10,4.0
12/27/06 16:15,2.7
12/27/06 16:20,1.1
12/27/06 16:25,0.3
12/27/06 16:30,0.0
12/27/06 16:35,0.0
12/27/06 16:40,0.0
12/27/06 16:45,0.0
12/27/06 16:50,0.0
12/27/06 16:55,0.0
12/27/06 17:00,0.0
12/27/06 17:05,0.0
12/27/06 17:10,0.0
12/27/06 17:15,0.0
12/27/06 17:20,0.0
12/27/06 17:25,0.0
12/27/06 17:30,0.0
12/27/06 17:35,0.0
12/27/06 17:40,0.0
12/27/06 17:45,0.0
12/27/06 17:50,0.0
12/27/06 17:55,0.0
12/27/06 18:00,0.0
12/27/06 18:05,0.0
12/27/06 18:10,0.0
12/27/06 18:15,0.0
12/27/06 18:20,0.0
12/27/06 18:25,0.0
12/27/06 18:30,0.0
12/27/06 18:35,0.0
12/27/06 18:40,0.0
12/27/06 18:45,0.0
12/27/06 18:50,0.0
12/27/06 18:55,0.0
12/27/06 19:00,0.0
12/27/06 19:05,0.0
12/27/06 19:10,0.0
12/27/06 19:15,0.0
12/27/06 19:20,0.0
12/27/06 19:25,0.0
12/27/06 19:30,0.0
12/27/06 19:35,0.0
12/27/06 19:40,0.0
12/27/06 19:45,0.0
12/27/06 19:50,0.0
12/27/06 19:55,0.0
12/27/06 20:00,0.0
12/27/06 20:05,0.0
12/27/06 20:10,0.0
12/27/06 20:15,0.0
12/27/06 20:20,0.0
12/27/06 20:25,0.0
12/27/06 20:30,0.0
12/27/06 20:35,0.0
12/27/06 20:40,0.0
12/27/06 20:45,0.0
12/27/06 20:50,0.0
12/27/06 20:55,0.0
12/27/06 21:00,0.0
12/27/06 21:05,0.0
12/27/06 21:10,0.0
12/27/06 21:15,0.0
12/27/06 21:20,0.0
12/27/06 21:25,0.0
12/27/06 21:30,0.0
12/27/06 21:35,0.0
12/27/06 21:40,0.0
12/27/06 21:45,0.0
12/27/06 21:50,0.0
12/27/06 21:55,0.0
12/27/06 22:00,0.0
12/27/06 22:05,0.0
12/27/06 22:10,0.0
12/27/06 22:15,0.0
12/27/06 22:20,0.0
12/27/06 22:25,0.0
12/27/06 22:30,0.0
12/27/06 22:35,0.0
12/27/06 22:40,0.0
12/27/06 22:45,0.0
12/27/06 22:50,0.0
12/27/06 22:55,0.0
12/27/06 23:00,0.0
12/27/06 23:05,0.0
12/27/06 23:10,0.0
12/27/06 23:15,0.0
12/27/06 23:20,0.0
12/27/06 23:25,0.0
12/27/06 23:30,0.0
12/27/06 23:35,0.0
12/27/06 23:40,0.0
12/27/06 23:45,0.0
12/27/06 23:50,0.0
12/27/06 23:55,0.0
12/28/06 00:00,0.0
12/28/06 00:05,0.0
12/28/06 00:10,0.0
12/28/06 00:15,0.0
12/28/06 00:20,0.0
12/28/06 00:25,0.0
12/28/06 00:30,0.0
12/28/06 00:35,0.0
12/28/06 00:40,0.0
12/28/06 00:45,0.0
12/28/06 00:50,0.0
12/28/06 00:55,0.0
12/28/06 01:00,0.0
12/28/06 01:05,0.0
12/28/06 01:10,0.0
12/28/06 01:15,0.0
12/28/06 01:20,0.0
12/28/06 01:25,0.0
12/28/06 01:30,0.0
12/28/06 01:35,0.0
12/28/06 01:40,0.0
12/28/06 01:45,0.0
12/28/06 01:50,0.0
12/28/06 01:55,0.0
12/28/06 02:00,0.0
12/28/06 02:05,0.0
12/28/06 02:10,0.0
12/28/06 02:15,0.0
12/28/06 02:20,0.0
12/28/06 02:25,0.0
12/28/06 02:30,0.0
12/28/06 02:35,0.0
12/28/06 02:40,0.0
12/28/06 02:45,0.0
12/28/06 02:50,0.0
12/28/06 02:55,0.0
12/28/06 03:00,0.0
12/28/06 03:05,0.0
12/28/06 03:10,0.0
12/28/06 03:15,0.0
12/28/06 03:20,0.0
12/28/06 03:25,0.0
12/28/06 03:30,0.0
12/28/06 03:35,0.0
12/28/06 03:40,0.0
12/28/06 03:45,0.0
12/28/06 03:50,0.0
12/28/06 03:55,0.0
12/28/06 04:00,0.0
12/28/06 04:05,0.0
12/28/06 04:10,0.0
12/28/06 04:15,0.0
12/28/06 04:20,0.0
12/28/06 04:25,0.0
12/28/06 04:30,0.0
12/28/06 04:35,0.0
12/28/06 04:40,0.0
12/28/06 04:45,0.0
12/28/06 04:50,0.0
12/28/06 04:55,0.0
12/28/06 05:00,0.0
12/28/06 05:05,0.0
12/28/06 05:10,0.0
12/28/06 05:15,0.0
12/28/06 05:20,0.0
12/28/06 05:25,0.0
12/28/06 05:30,0.0
12/28/06 05:35,0.0
12/28/06 05:40,0.0
12/28/06 05:45,0.0
12/28/06 05:50,0.0
12/28/06 05:55,0.0
12/28/06 06:00,0.0
12/28/06 06:05,0.0
12/28/06 06:10,0.0
12/28/06 06:15,0.0
12/28/06 06:20,0.0
12/28/06 06:25,0.0
12/28/06 06:30,0.0
12/28/06 06:35,0.0
12/28/06 06:40,0.0
12/28/06 06:45,0.0
12/28/06 06:50,0.0
12/28/06 06:55,0.0
12/28/06 07:00,0.0
12/28/06 07:05,0.0
12/28/06 07:10,0.0
12/28/06 07:15,0.0
12/28/06 07:20,0.0
12/28/06 07:25,0.1
12/28/06 07:30,0.4
12/28/06 07:35,1.4
12/28/06 07:40,3.2
12/28/06 07:45,4.0
12/28/06 07:50,4.6
12/28/06 07:55,5.0
12/28/06 08:00,5.1
12/28/06 08:05,4.7
12/28/06 08:10,4.5
12/28/06 08:15,5.4
12/28/06 08:20,6.4
12/28/06 08:25,6.5
12/28/06 08:30,6.7
12/28/06 08:35,7.7
12/28/06 08:40,8.1
12/28/06 08:45,6.3
12/28/06 08:50,4.1
12/28/06 08:55,3.9
12/28/06 09:00,2.0
12/28/06 09:05,4.5
12/28/06 09:10,7.1
12/28/06 09:15,8.2
12/28/06 09:20,9.8
12/28/06 09:25,10.2
12/28/06 09:30,11.4
12/28/06 09:35,14.1
12/28/06 09:40,15.7
12/28/06 09:45,14.9
12/28/06 09:50,14.3
12/28/06 09:55,14.5
12/28/06 10:00,14.7
12/28/06 10:05,15.9
12/28/06 10:10,17.2
12/28/06 10:15,16.1
12/28/06 10:20,16.8
12/28/06 10:25,15.8
12/28/06 10:30,15.7
12/28/06 10:35,13.8
12/28/06 10:40,13.6
12/28/06 10:45,14.7
12/28/06 10:50,17.5
12/28/06 10:55,19.1
12/28/06 11:00,19.2
12/28/06 11:05,18.6
12/28/06 11:10,18.6
12/28/06 11:15,16.5
12/28/06 11:20,11.7
12/28/06 11:25,7.9
12/28/06 11:30,6.1
12/28/06 11:35,6.3
12/28/06 11:40,11.3
12/28/06 11:45,10.1
12/28/06 11:50,8.6
12/28/06 11:55,7.6
12/28/06 12:00,7.8
12/28/06 12:05,8.1
12/28/06 12:10,8.4
12/28/06 12:15,10.3
12/28/06 12:20,12.5
12/28/06 12:25,13.2
12/28/06 12:30,13.1
12/28/06 12:35,12.3
12/28/06 12:40,11.9
12/28/06 12:45,11.4
12/28/06 12:50,10.9
12/28/06 12:55,9.2
12/28/06 13:00,8.2
12/28/06 13:05,8.3
12/28/06 13:10,8.3
12/28/06 13:15,7.3
12/28/06 13:20,6.7
12/28/06 13:25,6.3
12/28/06 13:30,6.2
12/28/06 13:35,5.6
12/28/06 13:40,5.6
12/28/06 13:45,7.9
12/28/06 13:50,7.1
12/28/06 13:55,4.6
12/28/06 14:00,2.5
12/28/06 14:05,0.8
12/28/06 14:10,0.6
12/28/06 14:15,4.5
12/28/06 14:20,7.5
12/28/06 14:25,8.7
12/28/06 14:30,9.0
12/28/06 14:35,8.9
12/28/06 14:40,9.1
12/28/06 14:45,8.6
12/28/06 14:50,8.6
12/28/06 14:55,9.5
12/28/06 15:00,10.2
12/28/06 15:05,11.2
12/28/06 15:10,11.5
12/28/06 15:15,10.0
12/28/06 15:20,8.7
12/28/06 15:25,7.3
12/28/06 15:30,6.0
12/28/06 15:35,4.7
12/28/06 15:40,1.9
12/28/06 15:45,0.5
12/28/06 15:50,0.2
12/28/06 15:55,0.1
12/28/06 16:00,0.1
12/28/06 16:05,0.0
12/28/06 16:10,0.0
12/28/06 16:15,0.0
12/28/06 16:20,0.0
12/28/06 16:25,0.0
12/28/06 16:30,0.0
12/28/06 16:35,0.0
12/28/06 16:40,0.0
12/28/06 16:45,0.0
12/28/06 16:50,0.0
12/28/06 16:55,0.0
12/28/06 17:00,0.0
12/28/06 17:05,0.0
12/28/06 17:10,0.0
12/28/06 17:15,0.0
12/28/06 17:20,0.0
12/28/06 17:25,0.0
12/28/06 17:30,0.0
12/28/06 17:35,0.0
12/28/06 17:40,0.0
12/28/06 17:45,0.0
12/28/06 17:50,0.0
12/28/06 17:55,0.0
12/28/06 18:00,0.0
12/28/06 18:05,0.0
12/28/06 18:10,0.0
12/28/06 18:15,0.0
12/28/06 18:20,0.0
12/28/06 18:25,0.0
12/28/06 18:30,0.0
12/28/06 18:35,0.0
12/28/06 18:40,0.0
12/28/06 18:45,0.0
12/28/06 18:50,0.0
12/28/06 18:55,0.0
12/28/06 19:00,0.0
12/28/06 19:05,0.0
12/28/06 19:10,0.0
12/28/06 19:15,0.0
12/28/06 19:20,0.0
12/28/06 19:25,0.0
12/28/06 19:30,0.0
12/28/06 19:35,0.0
12/28/06 19:40,0.0
12/28/06 19:45,0.0
12/28/06 19:50,0.0
12/28/06 19:55,0.0
12/28/06 20:00,0.0
12/28/06 20:05,0.0
12/28/06 20:10,0.0
12/28/06 20:15,0.0
12/28/06 20:20,0.0
12/28/06 20:25,0.0
12/28/06 20:30,0.0
12/28/06 20:35,0.0
12/28/06 20:40,0.0
12/28/06 20:45,0.0
12/28/06 20:50,0.0
12/28/06 20:55,0.0
12/28/06 21:00,0.0
12/28/06 21:05,0.0
12/28/06 21:10,0.0
12/28/06 21:15,0.0
12/28/06 21:20,0.0
12/28/06 21:25,0.0
12/28/06 21:30,0.0
12/28/06 21:35,0.0
12/28/06 21:40,0.0
12/28/06 21:45,0.0
12/28/06 21:50,0.0
12/28/06 21:55,0.0
12/28/06 22:00,0.0
12/28/06 22:05,0.0
12/28/06 22:10,0.0
12/28/06 22:15,0.0
12/28/06 22:20,0.0
12/28/06 22:25,0.0
12/28/06 22:30,0.0
12/28/06 22:35,0.0
12/28/06 22:40,0.0
12/28/06 22:45,0.0
12/28/06 22:50,0.0
12/28/06 22:55,0.0
12/28/06 23:00,0.0
12/28/06 23:05,0.0
12/28/06 23:10,0.0
12/28/06 23:15,0.0
12/28/06 23:20,0.0
12/28/06 23:25,0.0
12/28/06 23:30,0.0
12/28/06 23:35,0.0
12/28/06 23:40,0.0
12/28/06 23:45,0.0
12/28/06 23:50,0.0
12/28/06 23:55,0.0
12/29/06 00:00,0.0
12/29/06 00:05,0.0
12/29/06 00:10,0.0
12/29/06 00:15,0.0
12/29/06 00:20,0.0
12/29/06 00:25,0.0
12/29/06 00:30,0.0
12/29/06 00:35,0.0
12/29/06 00:40,0.0
12/29/06 00:45,0.0
12/29/06 00:50,0.0
12/29/06 00:55,0.0
12/29/06 01:00,0.0
12/29/06 01:05,0.0
12/29/06 01:10,0.0
12/29/06 01:15,0.0
12/29/06 01:20,0.0
12/29/06 01:25,0.0
12/29/06 01:30,0.0
12/29/06 01:35,0.0
12/29/06 01:40,0.0
12/29/06 01:45,0.0
12/29/06 01:50,0.0
12/29/06 01:55,0.0
12/29/06 02:00,0.0
12/29/06 02:05,0.0
12/29/06 02:10,0.0
12/29/06 02:15,0.0
12/29/06 02:20,0.0
12/29/06 02:25,0.0
12/29/06 02:30,0.0
12/29/06 02:35,0.0
12/29/06 02:40,0.0
12/29/06 02:45,0.0
12/29/06 02:50,0.0
12/29/06 02:55,0.0
12/29/06 03:00,0.0
12/29/06 03:05,0.0
12/29/06 03:10,0.0
12/29/06 03:15,0.0
12/29/06 03:20,0.0
12/29/06 03:25,0.0
12/29/06 03:30,0.0
12/29/06 03:35,0.0
12/29/06 03:40,0.0
12/29/06 03:45,0.0
12/29/06 03:50,0.0
12/29/06 03:55,0.0
12/29/06 04:00,0.0
12/29/06 04:05,0.0
12/29/06 04:10,0.0
12/29/06 04:15,0.0
12/29/06 04:20,0.0
12/29/06 04:25,0.0
12/29/06 04:30,0.0
12/29/06 04:35,0.0
12/29/06 04:40,0.0
12/29/06 04:45,0.0
12/29/06 04:50,0.0
12/29/06 04:55,0.0
12/29/06 05:00,0.0
12/29/06 05:05,0.0
12/29/06 05:10,0.0
12/29/06 05:15,0.0
12/29/06 05:20,0.0
12/29/06 05:25,0.0
12/29/06 05:30,0.0
12/29/06 05:35,0.0
12/29/06 05:40,0.0
12/29/06 05:45,0.0
12/29/06 05:50,0.0
12/29/06 05:55,0.0
12/29/06 06:00,0.0
12/29/06 06:05,0.0
12/29/06 06:10,0.0
12/29/06 06:15,0.0
12/29/06 06:20,0.0
12/29/06 06:25,0.0
12/29/06 06:30,0.0
12/29/06 06:35,0.0
12/29/06 06:40,0.0
12/29/06 06:45,0.0
12/29/06 06:50,0.0
12/29/06 06:55,0.0
12/29/06 07:00,0.0
12/29/06 07:05,0.0
12/29/06 07:10,0.0
12/29/06 07:15,0.0
12/29/06 07:20,0.0
12/29/06 07:25,0.1
12/29/06 07:30,0.2
12/29/06 07:35,1.0
12/29/06 07:40,2.8
12/29/06 07:45,4.3
12/29/06 07:50,5.1
12/29/06 07:55,5.7
12/29/06 08:00,6.1
12/29/06 08:05,6.7
12/29/06 08:10,7.5
12/29/06 08:15,7.6
12/29/06 08:20,7.2
12/29/06 08:25,7.8
12/29/06 08:30,8.1
12/29/06 08:35,8.4
12/29/06 08:40,8.5
12/29/06 08:45,8.9
12/29/06 08:50,9.2
12/29/06 08:55,9.7
12/29/06 09:00,9.8
12/29/06 09:05,10.2
12/29/06 09:10,10.4
12/29/06 09:15,12.1
12/29/06 09:20,14.0
12/29/06 09:25,15.2
12/29/06 09:30,16.1
12/29/06 09:35,16.8
12/29/06 09:40,17.4
12/29/06 09:45,17.9
12/29/06 09:50,18.2
12/29/06 09:55,18.4
12/29/06 10:00,18.7
12/29/06 10:05,19.1
12/29/06 10:10,19.5
12/29/06 10:15,19.8
12/29/06 10:20,20.5
12/29/06 10:25,20.8
12/29/06 10:30,20.8
12/29/06 10:35,21.2
12/29/06 10:40,21.4
12/29/06 10:45,21.7
12/29/06 10:50,22.0
12/29/06 10:55,22.1
12/29/06 11:00,22.1
12/29/06 11:05,22.2
12/29/06 11:10,22.2
12/29/06 11:15,22.4
12/29/06 11:20,22.6
12/29/06 11:25,22.6
12/29/06 11:30,22.6
12/29/06 11:35,22.5
12/29/06 11:40,22.3
12/29/06 11:45,22.1
12/29/06 11:50,22.0
12/29/06 11:55,22.0
12/29/06 12:00,21.9
12/29/06 12:05,21.8
12/29/06 12:10,21.7
12/29/06 12:15,21.9
12/29/06 12:20,22.1
12/29/06 12:25,22.2
12/29/06 12:30,22.1
12/29/06 12:35,22.0
12/29/06 12:40,21.9
12/29/06 12:45,22.0
12/29/06 12:50,22.0
12/29/06 12:55,21.9
12/29/06 13:00,21.8
12/29/06 13:05,21.7
12/29/06 13:10,21.7
12/29/06 13:15,21.5
12/29/06 13:20,21.4
12/29/06 13:25,21.3
12/29/06 13:30,21.2
12/29/06 13:35,21.2
12/29/06 13:40,21.2
12/29/06 13:45,21.1
12/29/06 13:50,20.7
12/29/06 13:55,20.3
12/29/06 14:00,19.9
12/29/06 14:05,19.4
12/29/06 14:10,19.0
12/29/06 14:15,18.5
12/29/06 14:20,17.7
12/29/06 14:25,17.0
12/29/06 14:30,16.4
12/29/06 14:35,15.9
12/29/06 14:40,15.0
12/29/06 14:45,14.4
12/29/06 14:50,13.9
12/29/06 14:55,13.5
12/29/06 15:00,12.9
12/29/06 15:05,12.5
12/29/06 15:10,12.0
12/29/06 15:15,11.4
12/29/06 15:20,10.6
12/29/06 15:25,9.9
12/29/06 15:30,9.1
12/29/06 15:35,8.4
12/29/06 15:40,7.7
12/29/06 15:45,7.0
12/29/06 15:50,6.3
12/29/06 15:55,5.6
12/29/06 16:00,5.0
12/29/06 16:05,4.5
12/29/06 16:10,4.0
12/29/06 16:15,2.9
12/29/06 16:20,1.2
12/29/06 16:25,0.4
12/29/06 16:30,0.1
12/29/06 16:35,0.0
12/29/06 16:40,0.0
12/29/06 16:45,0.0
12/29/06 16:50,0.0
12/29/06 16:55,0.0
12/29/06 17:00,0.0
12/29/06 17:05,0.0
12/29/06 17:10,0.0
12/29/06 17:15,0.0
12/29/06 17:20,0.0
12/29/06 17:25,0.0
12/29/06 17:30,0.0
12/29/06 17:35,0.0
12/29/06 17:40,0.0
12/29/06 17:45,0.0
12/29/06 17:50,0.0
12/29/06 17:55,0.0
12/29/06 18:00,0.0
12/29/06 18:05,0.0
12/29/06 18:10,0.0
12/29/06 18:15,0.0
12/29/06 18:20,0.0
12/29/06 18:25,0.0
12/29/06 18:30,0.0
12/29/06 18:35,0.0
12/29/06 18:40,0.0
12/29/06 18:45,0.0
12/29/06 18:50,0.0
12/29/06 18:55,0.0
12/29/06 19:00,0.0
12/29/06 19:05,0.0
12/29/06 19:10,0.0
12/29/06 19:15,0.0
12/29/06 19:20,0.0
12/29/06 19:25,0.0
12/29/06 19:30,0.0
12/29/06 19:35,0.0
12/29/06 19:40,0.0
12/29/06 19:45,0.0
12/29/06 19:50,0.0
12/29/06 19:55,0.0
12/29/06 20:00,0.0
12/29/06 20:05,0.0
12/29/06 20:10,0.0
12/29/06 20:15,0.0
12/29/06 20:20,0.0
12/29/06 20:25,0.0
12/29/06 20:30,0.0
12/29/06 20:35,0.0
12/29/06 20:40,0.0
12/29/06 20:45,0.0
12/29/06 20:50,0.0
12/29/06 20:55,0.0
12/29/06 21:00,0.0
12/29/06 21:05,0.0
12/29/06 21:10,0.0
12/29/06 21:15,0.0
12/29/06 21:20,0.0
12/29/06 21:25,0.0
12/29/06 21:30,0.0
12/29/06 21:35,0.0
12/29/06 21:40,0.0
12/29/06 21:45,0.0
12/29/06 21:50,0.0
12/29/06 21:55,0.0
12/29/06 22:00,0.0
12/29/06 22:05,0.0
12/29/06 22:10,0.0
12/29/06 22:15,0.0
12/29/06 22:20,0.0
12/29/06 22:25,0.0
12/29/06 22:30,0.0
12/29/06 22:35,0.0
12/29/06 22:40,0.0
12/29/06 22:45,0.0
12/29/06 22:50,0.0
12/29/06 22:55,0.0
12/29/06 23:00,0.0
12/29/06 23:05,0.0
12/29/06 23:10,0.0
12/29/06 23:15,0.0
12/29/06 23:20,0.0
12/29/06 23:25,0.0
12/29/06 23:30,0.0
12/29/06 23:35,0.0
12/29/06 23:40,0.0
12/29/06 23:45,0.0
12/29/06 23:50,0.0
12/29/06 23:55,0.0
12/30/06 00:00,0.0
12/30/06 00:05,0.0
12/30/06 00:10,0.0
12/30/06 00:15,0.0
12/30/06 00:20,0.0
12/30/06 00:25,0.0
12/30/06 00:30,0.0
12/30/06 00:35,0.0
12/30/06 00:40,0.0
12/30/06 00:45,0.0
12/30/06 00:50,0.0
12/30/06 00:55,0.0
12/30/06 01:00,0.0
12/30/06 01:05,0.0
12/30/06 01:10,0.0
12/30/06 01:15,0.0
12/30/06 01:20,0.0
12/30/06 01:25,0.0
12/30/06 01:30,0.0
12/30/06 01:35,0.0
12/30/06 01:40,0.0
12/30/06 01:45,0.0
12/30/06 01:50,0.0
12/30/06 01:55,0.0
12/30/06 02:00,0.0
12/30/06 02:05,0.0
12/30/06 02:10,0.0
12/30/06 02:15,0.0
12/30/06 02:20,0.0
12/30/06 02:25,0.0
12/30/06 02:30,0.0
12/30/06 02:35,0.0
12/30/06 02:40,0.0
12/30/06 02:45,0.0
12/30/06 02:50,0.0
12/30/06 02:55,0.0
12/30/06 03:00,0.0
12/30/06 03:05,0.0
12/30/06 03:10,0.0
12/30/06 03:15,0.0
12/30/06 03:20,0.0
12/30/06 03:25,0.0
12/30/06 03:30,0.0
12/30/06 03:35,0.0
12/30/06 03:40,0.0
12/30/06 03:45,0.0
12/30/06 03:50,0.0
12/30/06 03:55,0.0
12/30/06 04:00,0.0
12/30/06 04:05,0.0
12/30/06 04:10,0.0
12/30/06 04:15,0.0
12/30/06 04:20,0.0
12/30/06 04:25,0.0
12/30/06 04:30,0.0
12/30/06 04:35,0.0
12/30/06 04:40,0.0
12/30/06 04:45,0.0
12/30/06 04:50,0.0
12/30/06 04:55,0.0
12/30/06 05:00,0.0
12/30/06 05:05,0.0
12/30/06 05:10,0.0
12/30/06 05:15,0.0
12/30/06 05:20,0.0
12/30/06 05:25,0.0
12/30/06 05:30,0.0
12/30/06 05:35,0.0
12/30/06 05:40,0.0
12/30/06 05:45,0.0
12/30/06 05:50,0.0
12/30/06 05:55,0.0
12/30/06 06:00,0.0
12/30/06 06:05,0.0
12/30/06 06:10,0.0
12/30/06 06:15,0.0
12/30/06 06:20,0.0
12/30/06 06:25,0.0
12/30/06 06:30,0.0
12/30/06 06:35,0.0
12/30/06 06:40,0.0
12/30/06 06:45,0.0
12/30/06 06:50,0.0
12/30/06 06:55,0.0
12/30/06 07:00,0.0
12/30/06 07:05,0.0
12/30/06 07:10,0.0
12/30/06 07:15,0.0
12/30/06 07:20,0.0
12/30/06 07:25,0.1
12/30/06 07:30,0.5
12/30/06 07:35,1.1
12/30/06 07:40,2.1
12/30/06 07:45,3.4
12/30/06 07:50,3.9
12/30/06 07:55,4.3
12/30/06 08:00,4.7
12/30/06 08:05,5.1
12/30/06 08:10,5.4
12/30/06 08:15,5.5
12/30/06 08:20,5.5
12/30/06 08:25,5.6
12/30/06 08:30,5.6
12/30/06 08:35,5.6
12/30/06 08:40,5.2
12/30/06 08:45,4.9
12/30/06 08:50,4.3
12/30/06 08:55,3.8
12/30/06 09:00,3.6
12/30/06 09:05,2.0
12/30/06 09:10,1.7
12/30/06 09:15,1.5
12/30/06 09:20,1.6
12/30/06 09:25,1.8
12/30/06 09:30,2.1
12/30/06 09:35,2.5
12/30/06 09:40,2.9
12/30/06 09:45,3.5
12/30/06 09:50,3.7
12/30/06 09:55,3.9
12/30/06 10:00,4.1
12/30/06 10:05,4.3
12/30/06 10:10,4.4
12/30/06 10:15,4.6
12/30/06 10:20,4.8
12/30/06 10:25,4.9
12/30/06 10:30,4.9
12/30/06 10:35,4.9
12/30/06 10:40,5.2
12/30/06 10:45,6.0
12/30/06 10:50,6.7
12/30/06 10:55,7.5
12/30/06 11:00,8.1
12/30/06 11:05,8.6
12/30/06 11:10,8.5
12/30/06 11:15,8.8
12/30/06 11:20,9.1
12/30/06 11:25,9.2
12/30/06 11:30,9.1
12/30/06 11:35,8.9
12/30/06 11:40,8.7
12/30/06 11:45,8.3
12/30/06 11:50,8.0
12/30/06 11:55,7.5
12/30/06 12:00,7.0
12/30/06 12:05,6.2
12/30/06 12:10,5.5
12/30/06 12:15,4.9
12/30/06 12:20,4.7
12/30/06 12:25,4.3
12/30/06 12:30,4.5
12/30/06 12:35,4.7
12/30/06 12:40,4.8
12/30/06 12:45,5.0
12/30/06 12:50,5.1
12/30/06 12:55,5.4
12/30/06 13:00,5.6
12/30/06 13:05,5.8
12/30/06 13:10,5.8
12/30/06 13:15,5.2
12/30/06 13:20,4.4
12/30/06 13:25,4.0
12/30/06 13:30,3.8
12/30/06 13:35,3.4
12/30/06 13:40,2.1
12/30/06 13:45,1.6
12/30/06 13:50,1.2
12/30/06 13:55,1.1
12/30/06 14:00,1.1
12/30/06 14:05,1.1
12/30/06 14:10,0.9
12/30/06 14:15,0.7
12/30/06 14:20,0.6
12/30/06 14:25,0.6
12/30/06 14:30,0.6
12/30/06 14:35,0.5
12/30/06 14:40,0.4
12/30/06 14:45,0.3
12/30/06 14:50,0.2
12/30/06 14:55,0.1
12/30/06 15:00,0.1
12/30/06 15:05,0.0
12/30/06 15:10,0.0
12/30/06 15:15,0.0
12/30/06 15:20,0.1
12/30/06 15:25,0.3
12/30/06 15:30,0.6
12/30/06 15:35,0.9
12/30/06 15:40,0.8
12/30/06 15:45,0.4
12/30/06 15:50,0.5
12/30/06 15:55,0.4
12/30/06 16:00,0.1
12/30/06 16:05,0.0
12/30/06 16:10,0.0
12/30/06 16:15,0.0
12/30/06 16:20,0.0
12/30/06 16:25,0.0
12/30/06 16:30,0.0
12/30/06 16:35,0.0
12/30/06 16:40,0.0
12/30/06 16:45,0.0
12/30/06 16:50,0.0
12/30/06 16:55,0.0
12/30/06 17:00,0.0
12/30/06 17:05,0.0
12/30/06 17:10,0.0
12/30/06 17:15,0.0
12/30/06 17:20,0.0
12/30/06 17:25,0.0
12/30/06 17:30,0.0
12/30/06 17:35,0.0
12/30/06 17:40,0.0
12/30/06 17:45,0.0
12/30/06 17:50,0.0
12/30/06 17:55,0.0
12/30/06 18:00,0.0
12/30/06 18:05,0.0
12/30/06 18:10,0.0
12/30/06 18:15,0.0
12/30/06 18:20,0.0
12/30/06 18:25,0.0
12/30/06 18:30,0.0
12/30/06 18:35,0.0
12/30/06 18:40,0.0
12/30/06 18:45,0.0
12/30/06 18:50,0.0
12/30/06 18:55,0.0
12/30/06 19:00,0.0
12/30/06 19:05,0.0
12/30/06 19:10,0.0
12/30/06 19:15,0.0
12/30/06 19:20,0.0
12/30/06 19:25,0.0
12/30/06 19:30,0.0
12/30/06 19:35,0.0
12/30/06 19:40,0.0
12/30/06 19:45,0.0
12/30/06 19:50,0.0
12/30/06 19:55,0.0
12/30/06 20:00,0.0
12/30/06 20:05,0.0
12/30/06 20:10,0.0
12/30/06 20:15,0.0
12/30/06 20:20,0.0
12/30/06 20:25,0.0
12/30/06 20:30,0.0
12/30/06 20:35,0.0
12/30/06 20:40,0.0
12/30/06 20:45,0.0
12/30/06 20:50,0.0
12/30/06 20:55,0.0
12/30/06 21:00,0.0
12/30/06 21:05,0.0
12/30/06 21:10,0.0
12/30/06 21:15,0.0
12/30/06 21:20,0.0
12/30/06 21:25,0.0
12/30/06 21:30,0.0
12/30/06 21:35,0.0
12/30/06 21:40,0.0
12/30/06 21:45,0.0
12/30/06 21:50,0.0
12/30/06 21:55,0.0
12/30/06 22:00,0.0
12/30/06 22:05,0.0
12/30/06 22:10,0.0
12/30/06 22:15,0.0
12/30/06 22:20,0.0
12/30/06 22:25,0.0
12/30/06 22:30,0.0
12/30/06 22:35,0.0
12/30/06 22:40,0.0
12/30/06 22:45,0.0
12/30/06 22:50,0.0
12/30/06 22:55,0.0
12/30/06 23:00,0.0
12/30/06 23:05,0.0
12/30/06 23:10,0.0
12/30/06 23:15,0.0
12/30/06 23:20,0.0
12/30/06 23:25,0.0
12/30/06 23:30,0.0
12/30/06 23:35,0.0
12/30/06 23:40,0.0
12/30/06 23:45,0.0
12/30/06 23:50,0.0
12/30/06 23:55,0.0
12/31/06 00:00,0.0
12/31/06 00:05,0.0
12/31/06 00:10,0.0
12/31/06 00:15,0.0
12/31/06 00:20,0.0
12/31/06 00:25,0.0
12/31/06 00:30,0.0
12/31/06 00:35,0.0
12/31/06 00:40,0.0
12/31/06 00:45,0.0
12/31/06 00:50,0.0
12/31/06 00:55,0.0
12/31/06 01:00,0.0
12/31/06 01:05,0.0
12/31/06 01:10,0.0
12/31/06 01:15,0.0
12/31/06 01:20,0.0
12/31/06 01:25,0.0
12/31/06 01:30,0.0
12/31/06 01:35,0.0
12/31/06 01:40,0.0
12/31/06 01:45,0.0
12/31/06 01:50,0.0
12/31/06 01:55,0.0
12/31/06 02:00,0.0
12/31/06 02:05,0.0
12/31/06 02:10,0.0
12/31/06 02:15,0.0
12/31/06 02:20,0.0
12/31/06 02:25,0.0
12/31/06 02:30,0.0
12/31/06 02:35,0.0
12/31/06 02:40,0.0
12/31/06 02:45,0.0
12/31/06 02:50,0.0
12/31/06 02:55,0.0
12/31/06 03:00,0.0
12/31/06 03:05,0.0
12/31/06 03:10,0.0
12/31/06 03:15,0.0
12/31/06 03:20,0.0
12/31/06 03:25,0.0
12/31/06 03:30,0.0
12/31/06 03:35,0.0
12/31/06 03:40,0.0
12/31/06 03:45,0.0
12/31/06 03:50,0.0
12/31/06 03:55,0.0
12/31/06 04:00,0.0
12/31/06 04:05,0.0
12/31/06 04:10,0.0
12/31/06 04:15,0.0
12/31/06 04:20,0.0
12/31/06 04:25,0.0
12/31/06 04:30,0.0
12/31/06 04:35,0.0
12/31/06 04:40,0.0
12/31/06 04:45,0.0
12/31/06 04:50,0.0
12/31/06 04:55,0.0
12/31/06 05:00,0.0
12/31/06 05:05,0.0
12/31/06 05:10,0.0
12/31/06 05:15,0.0
12/31/06 05:20,0.0
12/31/06 05:25,0.0
12/31/06 05:30,0.0
12/31/06 05:35,0.0
12/31/06 05:40,0.0
12/31/06 05:45,0.0
12/31/06 05:50,0.0
12/31/06 05:55,0.0
12/31/06 06:00,0.0
12/31/06 06:05,0.0
12/31/06 06:10,0.0
12/31/06 06:15,0.0
12/31/06 06:20,0.0
12/31/06 06:25,0.0
12/31/06 06:30,0.0
12/31/06 06:35,0.0
12/31/06 06:40,0.0
12/31/06 06:45,0.0
12/31/06 06:50,0.0
12/31/06 06:55,0.0
12/31/06 07:00,0.0
12/31/06 07:05,0.0
12/31/06 07:10,0.0
12/31/06 07:15,0.0
12/31/06 07:20,0.0
12/31/06 07:25,0.0
12/31/06 07:30,0.0
12/31/06 07:35,0.2
12/31/06 07:40,0.8
12/31/06 07:45,2.1
12/31/06 07:50,3.8
12/31/06 07:55,4.4
12/31/06 08:00,5.1
12/31/06 08:05,5.6
12/31/06 08:10,5.3
12/31/06 08:15,4.5
12/31/06 08:20,3.5
12/31/06 08:25,1.8
12/31/06 08:30,1.4
12/31/06 08:35,1.0
12/31/06 08:40,0.8
12/31/06 08:45,0.6
12/31/06 08:50,0.4
12/31/06 08:55,0.4
12/31/06 09:00,0.3
12/31/06 09:05,0.2
12/31/06 09:10,0.1
12/31/06 09:15,0.3
12/31/06 09:20,1.0
12/31/06 09:25,1.9
12/31/06 09:30,2.1
12/31/06 09:35,2.0
12/31/06 09:40,2.1
12/31/06 09:45,2.1
12/31/06 09:50,2.0
12/31/06 09:55,2.0
12/31/06 10:00,2.1
12/31/06 10:05,2.2
12/31/06 10:10,2.2
12/31/06 10:15,2.3
12/31/06 10:20,2.5
12/31/06 10:25,2.7
12/31/06 10:30,3.3
12/31/06 10:35,3.8
12/31/06 10:40,4.0
12/31/06 10:45,4.3
12/31/06 10:50,4.5
12/31/06 10:55,4.7
12/31/06 11:00,5.0
12/31/06 11:05,5.3
12/31/06 11:10,5.4
12/31/06 11:15,5.3
12/31/06 11:20,5.3
12/31/06 11:25,5.2
12/31/06 11:30,5.6
12/31/06 11:35,6.3
12/31/06 11:40,6.4
12/31/06 11:45,6.2
12/31/06 11:50,5.6
12/31/06 11:55,4.8
12/31/06 12:00,4.5
12/31/06 12:05,4.4
12/31/06 12:10,4.3
12/31/06 12:15,4.6
12/31/06 12:20,5.4
12/31/06 12:25,6.1
12/31/06 12:30,6.8
12/31/06 12:35,7.2
12/31/06 12:40,7.6
12/31/06 12:45,7.8
12/31/06 12:50,7.9
12/31/06 12:55,7.9
12/31/06 13:00,8.8
12/31/06 13:05,9.1
12/31/06 13:10,8.3
12/31/06 13:15,7.7
12/31/06 13:20,7.4
12/31/06 13:25,7.2
12/31/06 13:30,7.5
12/31/06 13:35,7.8
12/31/06 13:40,8.0
12/31/06 13:45,8.0
12/31/06 13:50,7.9
12/31/06 13:55,8.0
12/31/06 14:00,8.3
12/31/06 14:05,8.8
12/31/06 14:10,9.1
12/31/06 14:15,9.2
12/31/06 14:20,10.1
12/31/06 14:25,11.1
12/31/06 14:30,11.5
12/31/06 14:35,9.6
12/31/06 14:40,8.6
12/31/06 14:45,8.9
12/31/06 14:50,8.0
12/31/06 14:55,7.7
12/31/06 15:00,6.9
12/31/06 15:05,7.5
12/31/06 15:10,5.8
12/31/06 15:15,4.2
12/31/06 15:20,4.0
12/31/06 15:25,4.4
12/31/06 15:30,4.9
12/31/06 15:35,4.7
12/31/06 15:40,4.4
12/31/06 15:45,4.3
12/31/06 15:50,3.7
12/31/06 15:55,2.0
12/31/06 16:00,1.6
12/31/06 16:05,0.9
12/31/06 16:10,0.5
12/31/06 16:15,0.3
12/31/06 16:20,0.1
12/31/06 16:25,0.0
12/31/06 16:30,0.0
12/31/06 16:35,0.0
12/31/06 16:40,0.0
12/31/06 16:45,0.0
12/31/06 16:50,0.0
12/31/06 16:55,0.0
12/31/06 17:00,0.0
12/31/06 17:05,0.0
12/31/06 17:10,0.0
12/31/06 17:15,0.0
12/31/06 17:20,0.0
12/31/06 17:25,0.0
12/31/06 17:30,0.0
12/31/06 17:35,0.0
12/31/06 17:40,0.0
12/31/06 17:45,0.0
12/31/06 17:50,0.0
12/31/06 17:55,0.0
12/31/06 18:00,0.0
12/31/06 18:05,0.0
12/31/06 18:10,0.0
12/31/06 18:15,0.0
12/31/06 18:20,0.0
12/31/06 18:25,0.0
12/31/06 18:30,0.0
12/31/06 18:35,0.0
12/31/06 18:40,0.0
12/31/06 18:45,0.0
12/31/06 18:50,0.0
12/31/06 18:55,0.0
12/31/06 19:00,0.0
12/31/06 19:05,0.0
12/31/06 19:10,0.0
12/31/06 19:15,0.0
12/31/06 19:20,0.0
12/31/06 19:25,0.0
12/31/06 19:30,0.0
12/31/06 19:35,0.0
12/31/06 19:40,0.0
12/31/06 19:45,0.0
12/31/06 19:50,0.0
12/31/06 19:55,0.0
12/31/06 20:00,0.0
12/31/06 20:05,0.0
12/31/06 20:10,0.0
12/31/06 20:15,0.0
12/31/06 20:20,0.0
12/31/06 20:25,0.0
12/31/06 20:30,0.0
12/31/06 20:35,0.0
12/31/06 20:40,0.0
12/31/06 20:45,0.0
12/31/06 20:50,0.0
12/31/06 20:55,0.0
12/31/06 21:00,0.0
12/31/06 21:05,0.0
12/31/06 21:10,0.0
12/31/06 21:15,0.0
12/31/06 21:20,0.0
12/31/06 21:25,0.0
12/31/06 21:30,0.0
12/31/06 21:35,0.0
12/31/06 21:40,0.0
12/31/06 21:45,0.0
12/31/06 21:50,0.0
12/31/06 21:55,0.0
12/31/06 22:00,0.0
12/31/06 22:05,0.0
12/31/06 22:10,0.0
12/31/06 22:15,0.0
12/31/06 22:20,0.0
12/31/06 22:25,0.0
12/31/06 22:30,0.0
12/31/06 22:35,0.0
12/31/06 22:40,0.0
12/31/06 22:45,0.0
12/31/06 22:50,0.0
12/31/06 22:55,0.0
12/31/06 23:00,0.0
12/31/06 23:05,0.0
12/31/06 23:10,0.0
12/31/06 23:15,0.0
12/31/06 23:20,0.0
12/31/06 23:25,0.0
12/31/06 23:30,0.0
12/31/06 23:35,0.0
12/31/06 23:40,0.0
12/31/06 23:45,0.0
12/31/06 23:50,0.0
12/31/06 23:55,0.0
